=== ShellTabs logging started for C:\Windows\Explorer.exe ===
[2025-11-27T20:39:33.140Z][pid 30692][tid 33260] INFO DllMain PROCESS_ATTACH for C:\Windows\Explorer.exe
[2025-11-27T20:39:33.346Z][pid 30692][tid 33260] INFO CompositionIntercept: hooks initialized
[2025-11-27T20:39:33.949Z][pid 30692][tid 33260] INFO ThemeHooks: installed theme detours (including line drawing hooks)
[2025-11-27T20:39:33.949Z][pid 30692][tid 33260] INFO Custom ribbon tab disabled pending regression fix
[2025-11-27T20:39:33.949Z][pid 30692][tid 33260] INFO InitCommonControlsEx succeeded
[2025-11-27T20:39:33.949Z][pid 30692][tid 33260] INFO TabBand constructed (this=000000001BE14AF0)
[2025-11-27T20:39:33.950Z][pid 30692][tid 33260] INFO TabBand::SetSite begin (this=000000001BE14AF0, site=000000001BE4BAC8)
[2025-11-27T20:39:33.950Z][pid 30692][tid 33260] INFO TabBand::DisconnectSite (this=000000001BE14AF0)
[2025-11-27T20:39:33.950Z][pid 30692][tid 33260] INFO TabBand::EnsureSessionStore resolving storage (this=000000001BE14AF0)
[2025-11-27T20:39:33.950Z][pid 30692][tid 33260] INFO TabBand::EnsureSessionStore window token unavailable; deferring initialization
[2025-11-27T20:39:33.950Z][pid 30692][tid 33260] INFO TabBand::SetSite resolved browser interfaces
[2025-11-27T20:39:33.950Z][pid 30692][tid 33260] INFO TabBand::SetSite EnsureWindow
[2025-11-27T20:39:33.950Z][pid 30692][tid 33260] INFO TabBand::EnsureWindow creating band window (this=000000001BE14AF0)
[2025-11-27T20:39:33.951Z][pid 30692][tid 33260] INFO TabBand::EnsureSessionStore resolving storage (this=000000001BE14AF0)
[2025-11-27T20:39:33.952Z][pid 30692][tid 33260] INFO TabBand::ResolveWindowToken adopted crashed session token 15DF2DC3-7A4C-41CB-BE09-CC3B211E1266
[2025-11-27T20:39:33.952Z][pid 30692][tid 33260] INFO TabBand::EnsureSessionStore window token 15DF2DC3-7A4C-41CB-BE09-CC3B211E1266
[2025-11-27T20:39:33.952Z][pid 30692][tid 33260] INFO TabBand::EnsureSessionStore using storage path C:\Users\ben\AppData\Roaming\ShellTabs\session-15DF2DC3-7A4C-41CB-BE09-CC3B211E1266.db
[2025-11-27T20:39:33.952Z][pid 30692][tid 33260] INFO TabBand session crash marker created (post-init)
[2025-11-27T20:39:33.954Z][pid 30692][tid 33260] INFO TabBand::EnsureWindow created window hwnd=00000000002B2D48
[2025-11-27T20:39:33.954Z][pid 30692][tid 33260] INFO TabBand::SetSite EnsureSessionStore
[2025-11-27T20:39:33.954Z][pid 30692][tid 33260] INFO TabBand::SetSite BrowserEvents connected
[2025-11-27T20:39:33.954Z][pid 30692][tid 33260] INFO TabBand::SetSite InitializeTabs
[2025-11-27T20:39:33.954Z][pid 30692][tid 33260] INFO TabBand::InitializeTabs - begin
[2025-11-27T20:39:33.954Z][pid 30692][tid 33260] INFO TabBand::InitializeTabs - end
[2025-11-27T20:39:33.955Z][pid 30692][tid 33260] INFO TabBand::SetSite UpdateTabsUI (initial)
[2025-11-27T20:39:33.955Z][pid 30692][tid 33260] INFO TabBand::UpdateTabsUI applying 1 items
[2025-11-27T20:39:33.955Z][pid 30692][tid 36612] INFO TabBand::RunBackgroundInitialization begin (this=000000001BE14AF0, seq=1)
[2025-11-27T20:39:33.955Z][pid 30692][tid 33260] INFO TabBand::SetSite completed successfully
[2025-11-27T20:39:33.955Z][pid 30692][tid 36612] INFO TabBand session crash marker created
[2025-11-27T20:39:33.955Z][pid 30692][tid 36612] INFO SessionStore restored snapshot from C:\Users\ben\AppData\Roaming\ShellTabs\session-15DF2DC3-7A4C-41CB-BE09-CC3B211E1266.db (primary)
[2025-11-27T20:39:33.983Z][pid 30692][tid 33260] INFO CExplorerBHO::SetSite attaching to site=000000000C1CE588
[2025-11-27T20:39:33.983Z][pid 30692][tid 33260] INFO Cleared Open In New Tab pending state
[2025-11-27T20:39:33.983Z][pid 30692][tid 33260] INFO EnsureBandVisible: invoking ShowBrowserBar for host=000000000066242C (attempt 1)
[2025-11-27T20:39:33.988Z][pid 30692][tid 33260] INFO EnsureBandVisible: ShowBrowserBar succeeded for host=000000000066242C on attempt 1
[2025-11-27T20:39:33.988Z][pid 30692][tid 33260] INFO Installed progress gradient subclass on hwnd=00000000019E2CB0
[2025-11-27T20:39:33.989Z][pid 30692][tid 33260] INFO Installed travel band subclass (band=00000000008E25E8 toolbar=0000000003A5095A)
[2025-11-27T20:39:33.989Z][pid 30692][tid 33260] INFO Breadcrumb CBT hook installed for thread 33260
[2025-11-27T20:39:33.989Z][pid 30692][tid 33260] INFO Breadcrumb gradients enabled; locating toolbar (installed=0 background=0 text=1)
[2025-11-27T20:39:33.989Z][pid 30692][tid 33260] INFO Breadcrumb QueryService(IShellBrowser) failed: 0x80004001
[2025-11-27T20:39:33.989Z][pid 30692][tid 33260] INFO Breadcrumb ribbon frame discovered via IShellBrowser (hwnd=000000000046001C)
[2025-11-27T20:39:33.989Z][pid 30692][tid 33260] INFO Breadcrumb toolbar located via deep enumeration (hwnd=0000000001DD3672)
[2025-11-27T20:39:33.989Z][pid 30692][tid 33260] INFO Installed breadcrumb gradient subclass on hwnd=0000000001DD3672
[2025-11-27T20:39:33.989Z][pid 30692][tid 33260] INFO Installed progress gradient subclass on hwnd=00000000019E2CB0
[2025-11-27T20:39:33.990Z][pid 30692][tid 33260] INFO Breadcrumb gradients enabled; locating toolbar (installed=1 background=0 text=1)
[2025-11-27T20:39:33.990Z][pid 30692][tid 33260] INFO Breadcrumb QueryService(IShellBrowser) failed: 0x80004001
[2025-11-27T20:39:33.990Z][pid 30692][tid 33260] INFO Breadcrumb ribbon frame discovered via IShellBrowser (hwnd=000000000046001C)
[2025-11-27T20:39:33.990Z][pid 30692][tid 33260] INFO Breadcrumb toolbar located via deep enumeration (hwnd=0000000001DD3672)
[2025-11-27T20:39:33.991Z][pid 30692][tid 33260] INFO Cleared Open In New Tab pending state
[2025-11-27T20:39:34.158Z][pid 30692][tid 33260] INFO TabBand::HandleInitializationResult applying sequence 1
[2025-11-27T20:39:34.158Z][pid 30692][tid 33260] INFO TabBand::RestoreSession loaded 1 groups
[2025-11-27T20:39:34.197Z][pid 30692][tid 33260] INFO TabBand::UpdateTabsUI applying 2 items
[2025-11-27T20:39:34.198Z][pid 30692][tid 33260] INFO Breadcrumb QueryService(IShellBrowser) failed: 0x80004001
[2025-11-27T20:39:34.199Z][pid 30692][tid 33260] INFO Breadcrumb ribbon frame discovered via IShellBrowser (hwnd=000000000046001C)
[2025-11-27T20:39:34.199Z][pid 30692][tid 33260] INFO Breadcrumb ribbon frame discovered via IWebBrowser2 (hwnd=000000000046001C)
[2025-11-27T20:39:34.199Z][pid 30692][tid 33260] INFO Breadcrumb toolbar located via window enumeration (hwnd=000000000166204E)
[2025-11-27T20:39:34.199Z][pid 30692][tid 33260] INFO Installed breadcrumb gradient subclass on hwnd=000000000166204E
[2025-11-27T20:39:34.199Z][pid 30692][tid 33260] INFO Installed progress gradient subclass on hwnd=00000000019E2CB0
[2025-11-27T20:39:34.199Z][pid 30692][tid 33260] INFO Cleared Open In New Tab pending state
[2025-11-27T20:39:34.430Z][pid 30692][tid 33260] INFO TabBand::UpdateTabsUI applying 2 items
[2025-11-27T20:39:34.456Z][pid 30692][tid 33260] INFO Breadcrumb gradients enabled; locating toolbar (installed=1 background=0 text=1)
[2025-11-27T20:39:34.456Z][pid 30692][tid 33260] INFO Breadcrumb QueryService(IShellBrowser) failed: 0x80004001
[2025-11-27T20:39:34.456Z][pid 30692][tid 33260] INFO Breadcrumb ribbon frame discovered via IShellBrowser (hwnd=000000000046001C)
[2025-11-27T20:39:34.456Z][pid 30692][tid 33260] INFO Breadcrumb ribbon frame discovered via IWebBrowser2 (hwnd=000000000046001C)
[2025-11-27T20:39:34.457Z][pid 30692][tid 33260] INFO Breadcrumb toolbar located via window enumeration (hwnd=000000000166204E)
[2025-11-27T20:39:34.457Z][pid 30692][tid 33260] INFO Cleared Open In New Tab pending state
[2025-11-27T20:39:34.457Z][pid 30692][tid 33260] INFO Installed shell view window subclass (view=0000000001CF2DDE)
[2025-11-27T20:39:34.457Z][pid 30692][tid 33260] INFO Installed explorer frame subclass (frame=000000000066242C)
[2025-11-27T20:39:34.457Z][pid 30692][tid 33260] INFO Cleared Open In New Tab pending state
[2025-11-27T20:39:34.457Z][pid 30692][tid 33260] INFO Explorer view base subclass ready (view=0000000001CF2DDE frame=000000000066242C)
[2025-11-27T20:39:34.457Z][pid 30692][tid 33260] VERBOSE DirectUI IUIElement unavailable (hr=0x80004001)
[2025-11-27T20:39:34.457Z][pid 30692][tid 33260] INFO Installed explorer DirectUI host subclass (direct=0000000000362DA6)
[2025-11-27T20:39:34.458Z][pid 30692][tid 33260] INFO Installed explorer tree view subclass (tree=00000000009F2E98)
[2025-11-27T20:39:34.458Z][pid 30692][tid 33260] INFO Explorer pane creation watch armed (view=0000000001CF2DDE list=1 tree=0)
[2025-11-27T20:39:34.458Z][pid 30692][tid 33260] INFO Explorer pane fallback timer armed (view=0000000001CF2DDE delay=500)
[2025-11-27T20:39:34.458Z][pid 30692][tid 33260] INFO Explorer panes not ready: list view missing (view=0000000001CF2DDE)
[2025-11-27T20:39:34.458Z][pid 30692][tid 33260] INFO Explorer pane retry timer armed (view=0000000001CF2DDE delay=500 attempts=1)
[2025-11-27T20:39:34.458Z][pid 30692][tid 33260] INFO TabBand::UpdateTabsUI applying 2 items
[2025-11-27T20:39:34.459Z][pid 30692][tid 33260] INFO Breadcrumb QueryService(IShellBrowser) failed: 0x80004001
[2025-11-27T20:39:34.459Z][pid 30692][tid 33260] INFO Breadcrumb ribbon frame discovered via IShellBrowser (hwnd=000000000046001C)
[2025-11-27T20:39:34.459Z][pid 30692][tid 33260] INFO Breadcrumb ribbon frame discovered via IWebBrowser2 (hwnd=000000000046001C)
[2025-11-27T20:39:34.459Z][pid 30692][tid 33260] INFO Breadcrumb toolbar located via window enumeration (hwnd=000000000166204E)
[2025-11-27T20:39:34.459Z][pid 30692][tid 33260] INFO Explorer pane creation watch cleared (view=0000000001CF2DDE)
[2025-11-27T20:39:34.459Z][pid 30692][tid 33260] INFO Cleared Open In New Tab pending state
[2025-11-27T20:39:34.460Z][pid 30692][tid 33260] INFO Installed shell view window subclass (view=0000000001CF2DDE)
[2025-11-27T20:39:34.460Z][pid 30692][tid 33260] INFO Installed explorer frame subclass (frame=000000000066242C)
[2025-11-27T20:39:34.460Z][pid 30692][tid 33260] INFO Cleared Open In New Tab pending state
[2025-11-27T20:39:34.460Z][pid 30692][tid 33260] INFO Explorer view base subclass ready (view=0000000001CF2DDE frame=000000000066242C)
[2025-11-27T20:39:34.460Z][pid 30692][tid 33260] VERBOSE DirectUI IUIElement unavailable (hr=0x80004001)
[2025-11-27T20:39:34.460Z][pid 30692][tid 33260] INFO Installed explorer DirectUI host subclass (direct=0000000000362DA6)
[2025-11-27T20:39:34.460Z][pid 30692][tid 33260] INFO Installed explorer tree view subclass (tree=00000000009F2E98)
[2025-11-27T20:39:34.460Z][pid 30692][tid 33260] INFO Explorer pane creation watch armed (view=0000000001CF2DDE list=1 tree=0)
[2025-11-27T20:39:34.461Z][pid 30692][tid 33260] INFO Explorer pane fallback timer armed (view=0000000001CF2DDE delay=500)
[2025-11-27T20:39:34.461Z][pid 30692][tid 33260] INFO Explorer panes not ready: list view missing (view=0000000001CF2DDE)
[2025-11-27T20:39:34.461Z][pid 30692][tid 33260] INFO Explorer pane retry timer armed (view=0000000001CF2DDE delay=500 attempts=1)
[2025-11-27T20:39:34.490Z][pid 30692][tid 33260] INFO TabBand::UpdateTabsUI applying 2 items
[2025-11-27T20:39:34.497Z][pid 30692][tid 33260] INFO TabBand::UpdateTabsUI applying 2 items
[2025-11-27T20:39:34.497Z][pid 30692][tid 33260] INFO Breadcrumb QueryService(IShellBrowser) failed: 0x80004001
[2025-11-27T20:39:34.497Z][pid 30692][tid 33260] INFO Breadcrumb ribbon frame discovered via IShellBrowser (hwnd=000000000046001C)
[2025-11-27T20:39:34.497Z][pid 30692][tid 33260] INFO Breadcrumb ribbon frame discovered via IWebBrowser2 (hwnd=000000000046001C)
[2025-11-27T20:39:34.498Z][pid 30692][tid 33260] INFO Breadcrumb toolbar located via window enumeration (hwnd=000000000166204E)
[2025-11-27T20:39:34.498Z][pid 30692][tid 33260] INFO Explorer pane creation watch cleared (view=0000000001CF2DDE)
[2025-11-27T20:39:34.498Z][pid 30692][tid 33260] INFO Cleared Open In New Tab pending state
[2025-11-27T20:39:34.498Z][pid 30692][tid 33260] INFO Installed shell view window subclass (view=0000000001CF2DDE)
[2025-11-27T20:39:34.498Z][pid 30692][tid 33260] INFO Installed explorer frame subclass (frame=000000000066242C)
[2025-11-27T20:39:34.498Z][pid 30692][tid 33260] INFO Cleared Open In New Tab pending state
[2025-11-27T20:39:34.498Z][pid 30692][tid 33260] INFO Explorer view base subclass ready (view=0000000001CF2DDE frame=000000000066242C)
[2025-11-27T20:39:34.498Z][pid 30692][tid 33260] VERBOSE DirectUI IUIElement unavailable (hr=0x80004001)
[2025-11-27T20:39:34.499Z][pid 30692][tid 33260] INFO Installed explorer DirectUI host subclass (direct=0000000000362DA6)
[2025-11-27T20:39:34.499Z][pid 30692][tid 33260] INFO Installed explorer tree view subclass (tree=00000000009F2E98)
[2025-11-27T20:39:34.499Z][pid 30692][tid 33260] INFO Explorer pane creation watch armed (view=0000000001CF2DDE list=1 tree=0)
[2025-11-27T20:39:34.499Z][pid 30692][tid 33260] INFO Explorer pane fallback timer armed (view=0000000001CF2DDE delay=500)
[2025-11-27T20:39:34.499Z][pid 30692][tid 33260] INFO Explorer panes not ready: list view missing (view=0000000001CF2DDE)
[2025-11-27T20:39:34.499Z][pid 30692][tid 33260] INFO Explorer pane retry timer armed (view=0000000001CF2DDE delay=500 attempts=1)
[2025-11-27T20:39:34.507Z][pid 30692][tid 33260] INFO Installed explorer list host subclass (host=000000000066242C)
[2025-11-27T20:39:34.507Z][pid 30692][tid 33260] INFO Installed explorer list host subclass (host=0000000002612868)
[2025-11-27T20:39:34.508Z][pid 30692][tid 33260] INFO Installed explorer list host subclass (host=0000000000C82666)
[2025-11-27T20:39:34.508Z][pid 30692][tid 33260] INFO Installed explorer list host subclass (host=000000000046001C)
[2025-11-27T20:39:34.508Z][pid 30692][tid 33260] INFO Installed explorer list host subclass (host=00000000066F2D1E)
[2025-11-27T20:39:34.519Z][pid 30692][tid 33260] INFO Explorer pane creation watch armed (view=0000000001CF2DDE list=1 tree=1)
[2025-11-27T20:39:34.519Z][pid 30692][tid 33260] INFO Explorer panes not ready: tree view missing (view=0000000001CF2DDE)
[2025-11-27T20:39:34.520Z][pid 30692][tid 33260] INFO Cleared Open In New Tab pending state
[2025-11-27T20:39:34.520Z][pid 30692][tid 33260] INFO CExplorerBHO::SetSite detaching from site
[2025-11-27T20:39:34.520Z][pid 30692][tid 33260] INFO Breadcrumb CBT hook removed for thread 33260
[2025-11-27T20:39:34.521Z][pid 30692][tid 33260] INFO Explorer pane creation watch cleared (view=0000000000000000)
[2025-11-27T20:39:34.521Z][pid 30692][tid 33260] INFO Cleared Open In New Tab pending state
[2025-11-27T20:39:34.521Z][pid 30692][tid 33260] INFO Cleared Open In New Tab pending state
[2025-11-27T20:39:34.523Z][pid 30692][tid 33260] INFO TabBand::DisconnectSite (this=000000001BE14AF0)
[2025-11-27T20:39:34.540Z][pid 30692][tid 33260] INFO TabBand::SetSite begin (this=000000001BE14AF0, site=0000000000000000)
[2025-11-27T20:39:34.540Z][pid 30692][tid 33260] INFO TabBand::SetSite site unchanged
[2025-11-27T20:39:34.541Z][pid 30692][tid 33260] INFO TabBand destroyed (this=000000001BE14AF0)
[2025-11-27T20:39:34.541Z][pid 30692][tid 33260] INFO TabBand::DisconnectSite (this=000000001BE14AF0)
[2025-11-27T20:39:34.541Z][pid 30692][tid 33260] INFO TabBand::EnsureSessionStore resolving storage (this=000000001BE14AF0)
[2025-11-27T20:39:34.541Z][pid 30692][tid 33260] INFO TabBand::EnsureSessionStore window token unavailable; deferring initialization
[2025-11-27T20:39:48.616Z][pid 30692][tid 33260] INFO TabBand constructed (this=000000001C3800E0)
[2025-11-27T20:39:48.616Z][pid 30692][tid 33260] INFO TabBand::SetSite begin (this=000000001C3800E0, site=000000001BE4BAC8)
[2025-11-27T20:39:48.616Z][pid 30692][tid 33260] INFO TabBand::DisconnectSite (this=000000001C3800E0)
[2025-11-27T20:39:48.616Z][pid 30692][tid 33260] INFO TabBand::EnsureSessionStore resolving storage (this=000000001C3800E0)
[2025-11-27T20:39:48.616Z][pid 30692][tid 33260] INFO TabBand::EnsureSessionStore window token unavailable; deferring initialization
[2025-11-27T20:39:48.616Z][pid 30692][tid 33260] INFO TabBand::SetSite resolved browser interfaces
[2025-11-27T20:39:48.616Z][pid 30692][tid 33260] INFO TabBand::SetSite EnsureWindow
[2025-11-27T20:39:48.616Z][pid 30692][tid 33260] INFO TabBand::EnsureWindow creating band window (this=000000001C3800E0)
[2025-11-27T20:39:48.617Z][pid 30692][tid 33260] INFO TabBand::EnsureSessionStore resolving storage (this=000000001C3800E0)
[2025-11-27T20:39:48.617Z][pid 30692][tid 33260] INFO TabBand::ResolveWindowToken adopted crashed session token F814A5CA-2577-4F65-9CAB-0DB1A7103E60
[2025-11-27T20:39:48.617Z][pid 30692][tid 33260] INFO TabBand::EnsureSessionStore window token F814A5CA-2577-4F65-9CAB-0DB1A7103E60
[2025-11-27T20:39:48.618Z][pid 30692][tid 33260] INFO TabBand::EnsureSessionStore using storage path C:\Users\ben\AppData\Roaming\ShellTabs\session-F814A5CA-2577-4F65-9CAB-0DB1A7103E60.db
[2025-11-27T20:39:48.618Z][pid 30692][tid 33260] INFO TabBand session crash marker created (post-init)
[2025-11-27T20:39:48.619Z][pid 30692][tid 33260] INFO TabBand::EnsureWindow created window hwnd=00000000013632B8
[2025-11-27T20:39:48.619Z][pid 30692][tid 33260] INFO TabBand::SetSite EnsureSessionStore
[2025-11-27T20:39:48.619Z][pid 30692][tid 33260] INFO TabBand::SetSite BrowserEvents connected
[2025-11-27T20:39:48.619Z][pid 30692][tid 33260] INFO TabBand::SetSite InitializeTabs
[2025-11-27T20:39:48.619Z][pid 30692][tid 33260] INFO TabBand::InitializeTabs - begin
[2025-11-27T20:39:48.620Z][pid 30692][tid 33260] INFO TabBand::InitializeTabs - end
[2025-11-27T20:39:48.620Z][pid 30692][tid 33260] INFO TabBand::SetSite UpdateTabsUI (initial)
[2025-11-27T20:39:48.620Z][pid 30692][tid 33260] INFO TabBand::UpdateTabsUI applying 1 items
[2025-11-27T20:39:48.620Z][pid 30692][tid 33260] INFO TabBand::SetSite completed successfully
[2025-11-27T20:39:48.620Z][pid 30692][tid 17704] INFO TabBand::RunBackgroundInitialization begin (this=000000001C3800E0, seq=1)
[2025-11-27T20:39:48.620Z][pid 30692][tid 17704] INFO TabBand session crash marker created
[2025-11-27T20:39:48.620Z][pid 30692][tid 17704] INFO SessionStore restored snapshot from C:\Users\ben\AppData\Roaming\ShellTabs\session-F814A5CA-2577-4F65-9CAB-0DB1A7103E60.db (primary)
[2025-11-27T20:39:48.649Z][pid 30692][tid 33260] INFO CExplorerBHO::SetSite attaching to site=000000001C579998
[2025-11-27T20:39:48.650Z][pid 30692][tid 33260] INFO Cleared Open In New Tab pending state
[2025-11-27T20:39:48.650Z][pid 30692][tid 33260] INFO EnsureBandVisible: invoking ShowBrowserBar for host=0000000000C2095C (attempt 1)
[2025-11-27T20:39:48.652Z][pid 30692][tid 33260] INFO EnsureBandVisible: ShowBrowserBar succeeded for host=0000000000C2095C on attempt 1
[2025-11-27T20:39:48.652Z][pid 30692][tid 33260] INFO Installed progress gradient subclass on hwnd=00000000008F25E8
[2025-11-27T20:39:48.653Z][pid 30692][tid 33260] INFO Installed travel band subclass (band=00000000055C2CA6 toolbar=0000000000AA086A)
[2025-11-27T20:39:48.653Z][pid 30692][tid 33260] INFO Breadcrumb CBT hook installed for thread 33260
[2025-11-27T20:39:48.653Z][pid 30692][tid 33260] INFO Breadcrumb gradients enabled; locating toolbar (installed=0 background=0 text=1)
[2025-11-27T20:39:48.653Z][pid 30692][tid 33260] INFO Breadcrumb QueryService(IShellBrowser) failed: 0x80004001
[2025-11-27T20:39:48.653Z][pid 30692][tid 33260] INFO Breadcrumb ribbon frame discovered via IShellBrowser (hwnd=00000000011A0240)
[2025-11-27T20:39:48.654Z][pid 30692][tid 33260] INFO Breadcrumb toolbar located via deep enumeration (hwnd=0000000006702D1E)
[2025-11-27T20:39:48.654Z][pid 30692][tid 33260] INFO Installed breadcrumb gradient subclass on hwnd=0000000006702D1E
[2025-11-27T20:39:48.654Z][pid 30692][tid 33260] INFO Installed progress gradient subclass on hwnd=00000000008F25E8
[2025-11-27T20:39:48.654Z][pid 30692][tid 33260] INFO Breadcrumb gradients enabled; locating toolbar (installed=1 background=0 text=1)
[2025-11-27T20:39:48.654Z][pid 30692][tid 33260] INFO Breadcrumb QueryService(IShellBrowser) failed: 0x80004001
[2025-11-27T20:39:48.654Z][pid 30692][tid 33260] INFO Breadcrumb ribbon frame discovered via IShellBrowser (hwnd=00000000011A0240)
[2025-11-27T20:39:48.655Z][pid 30692][tid 33260] INFO Breadcrumb toolbar located via deep enumeration (hwnd=0000000006702D1E)
[2025-11-27T20:39:48.655Z][pid 30692][tid 33260] INFO Cleared Open In New Tab pending state
[2025-11-27T20:39:48.762Z][pid 30692][tid 33260] INFO TabBand::HandleInitializationResult applying sequence 1
[2025-11-27T20:39:48.763Z][pid 30692][tid 33260] INFO TabBand::RestoreSession loaded 1 groups
[2025-11-27T20:39:48.763Z][pid 30692][tid 33260] INFO TabBand::UpdateTabsUI applying 1 items
[2025-11-27T20:39:48.764Z][pid 30692][tid 33260] INFO Breadcrumb QueryService(IShellBrowser) failed: 0x80004001
[2025-11-27T20:39:48.764Z][pid 30692][tid 33260] INFO Breadcrumb ribbon frame discovered via IShellBrowser (hwnd=00000000011A0240)
[2025-11-27T20:39:48.765Z][pid 30692][tid 33260] INFO Breadcrumb ribbon frame discovered via IWebBrowser2 (hwnd=00000000011A0240)
[2025-11-27T20:39:48.765Z][pid 30692][tid 33260] INFO Breadcrumb toolbar located via window enumeration (hwnd=000000000323283A)
[2025-11-27T20:39:48.765Z][pid 30692][tid 33260] INFO Installed breadcrumb gradient subclass on hwnd=000000000323283A
[2025-11-27T20:39:48.765Z][pid 30692][tid 33260] INFO Installed progress gradient subclass on hwnd=00000000008F25E8
[2025-11-27T20:39:48.765Z][pid 30692][tid 33260] INFO Cleared Open In New Tab pending state
[2025-11-27T20:39:48.824Z][pid 30692][tid 33260] INFO TabBand::UpdateTabsUI applying 1 items
[2025-11-27T20:39:48.824Z][pid 30692][tid 33260] INFO Breadcrumb gradients enabled; locating toolbar (installed=1 background=0 text=1)
[2025-11-27T20:39:48.824Z][pid 30692][tid 33260] INFO Breadcrumb QueryService(IShellBrowser) failed: 0x80004001
[2025-11-27T20:39:48.825Z][pid 30692][tid 33260] INFO Breadcrumb ribbon frame discovered via IShellBrowser (hwnd=00000000011A0240)
[2025-11-27T20:39:48.825Z][pid 30692][tid 33260] INFO Breadcrumb ribbon frame discovered via IWebBrowser2 (hwnd=00000000011A0240)
[2025-11-27T20:39:48.825Z][pid 30692][tid 33260] INFO Breadcrumb toolbar located via window enumeration (hwnd=000000000323283A)
[2025-11-27T20:39:48.825Z][pid 30692][tid 33260] INFO Cleared Open In New Tab pending state
[2025-11-27T20:39:48.825Z][pid 30692][tid 33260] INFO Installed shell view window subclass (view=00000000000C33A8)
[2025-11-27T20:39:48.825Z][pid 30692][tid 33260] INFO Installed explorer frame subclass (frame=0000000000C2095C)
[2025-11-27T20:39:48.825Z][pid 30692][tid 33260] INFO Cleared Open In New Tab pending state
[2025-11-27T20:39:48.825Z][pid 30692][tid 33260] INFO Explorer view base subclass ready (view=00000000000C33A8 frame=0000000000C2095C)
[2025-11-27T20:39:48.825Z][pid 30692][tid 33260] VERBOSE DirectUI IUIElement unavailable (hr=0x80004001)
[2025-11-27T20:39:48.826Z][pid 30692][tid 33260] INFO Installed explorer DirectUI host subclass (direct=00000000016932B2)
[2025-11-27T20:39:48.826Z][pid 30692][tid 33260] INFO Installed explorer tree view subclass (tree=00000000045807C0)
[2025-11-27T20:39:48.826Z][pid 30692][tid 33260] INFO Explorer pane creation watch armed (view=00000000000C33A8 list=1 tree=0)
[2025-11-27T20:39:48.826Z][pid 30692][tid 33260] INFO Explorer pane fallback timer armed (view=00000000000C33A8 delay=500)
[2025-11-27T20:39:48.826Z][pid 30692][tid 33260] INFO Explorer panes not ready: list view missing (view=00000000000C33A8)
[2025-11-27T20:39:48.826Z][pid 30692][tid 33260] INFO Explorer pane retry timer armed (view=00000000000C33A8 delay=500 attempts=1)
[2025-11-27T20:39:48.827Z][pid 30692][tid 33260] INFO TabBand::UpdateTabsUI applying 1 items
[2025-11-27T20:39:48.827Z][pid 30692][tid 33260] INFO Breadcrumb QueryService(IShellBrowser) failed: 0x80004001
[2025-11-27T20:39:48.827Z][pid 30692][tid 33260] INFO Breadcrumb ribbon frame discovered via IShellBrowser (hwnd=00000000011A0240)
[2025-11-27T20:39:48.827Z][pid 30692][tid 33260] INFO Breadcrumb ribbon frame discovered via IWebBrowser2 (hwnd=00000000011A0240)
[2025-11-27T20:39:48.827Z][pid 30692][tid 33260] INFO Breadcrumb toolbar located via window enumeration (hwnd=000000000323283A)
[2025-11-27T20:39:48.827Z][pid 30692][tid 33260] INFO Explorer pane creation watch cleared (view=00000000000C33A8)
[2025-11-27T20:39:48.827Z][pid 30692][tid 33260] INFO Cleared Open In New Tab pending state
[2025-11-27T20:39:48.828Z][pid 30692][tid 33260] INFO Installed shell view window subclass (view=00000000000C33A8)
[2025-11-27T20:39:48.828Z][pid 30692][tid 33260] INFO Installed explorer frame subclass (frame=0000000000C2095C)
[2025-11-27T20:39:48.828Z][pid 30692][tid 33260] INFO Cleared Open In New Tab pending state
[2025-11-27T20:39:48.828Z][pid 30692][tid 33260] INFO Explorer view base subclass ready (view=00000000000C33A8 frame=0000000000C2095C)
[2025-11-27T20:39:48.828Z][pid 30692][tid 33260] VERBOSE DirectUI IUIElement unavailable (hr=0x80004001)
[2025-11-27T20:39:48.828Z][pid 30692][tid 33260] INFO Installed explorer DirectUI host subclass (direct=00000000016932B2)
[2025-11-27T20:39:48.828Z][pid 30692][tid 33260] INFO Installed explorer tree view subclass (tree=00000000045807C0)
[2025-11-27T20:39:48.828Z][pid 30692][tid 33260] INFO Explorer pane creation watch armed (view=00000000000C33A8 list=1 tree=0)
[2025-11-27T20:39:48.829Z][pid 30692][tid 33260] INFO Explorer pane fallback timer armed (view=00000000000C33A8 delay=500)
[2025-11-27T20:39:48.829Z][pid 30692][tid 33260] INFO Explorer panes not ready: list view missing (view=00000000000C33A8)
[2025-11-27T20:39:48.829Z][pid 30692][tid 33260] INFO Explorer pane retry timer armed (view=00000000000C33A8 delay=500 attempts=1)
[2025-11-27T20:39:48.840Z][pid 30692][tid 33260] INFO TabBand::UpdateTabsUI applying 1 items
[2025-11-27T20:39:48.844Z][pid 30692][tid 33260] INFO TabBand::UpdateTabsUI applying 1 items
[2025-11-27T20:39:48.844Z][pid 30692][tid 33260] INFO Breadcrumb QueryService(IShellBrowser) failed: 0x80004001
[2025-11-27T20:39:48.844Z][pid 30692][tid 33260] INFO Breadcrumb ribbon frame discovered via IShellBrowser (hwnd=00000000011A0240)
[2025-11-27T20:39:48.845Z][pid 30692][tid 33260] INFO Breadcrumb ribbon frame discovered via IWebBrowser2 (hwnd=00000000011A0240)
[2025-11-27T20:39:48.845Z][pid 30692][tid 33260] INFO Breadcrumb toolbar located via window enumeration (hwnd=000000000323283A)
[2025-11-27T20:39:48.845Z][pid 30692][tid 33260] INFO Explorer pane creation watch cleared (view=00000000000C33A8)
[2025-11-27T20:39:48.845Z][pid 30692][tid 33260] INFO Cleared Open In New Tab pending state
[2025-11-27T20:39:48.845Z][pid 30692][tid 33260] INFO Installed shell view window subclass (view=00000000000C33A8)
[2025-11-27T20:39:48.845Z][pid 30692][tid 33260] INFO Installed explorer frame subclass (frame=0000000000C2095C)
[2025-11-27T20:39:48.845Z][pid 30692][tid 33260] INFO Cleared Open In New Tab pending state
[2025-11-27T20:39:48.845Z][pid 30692][tid 33260] INFO Explorer view base subclass ready (view=00000000000C33A8 frame=0000000000C2095C)
[2025-11-27T20:39:48.846Z][pid 30692][tid 33260] VERBOSE DirectUI IUIElement unavailable (hr=0x80004001)
[2025-11-27T20:39:48.846Z][pid 30692][tid 33260] INFO Installed explorer DirectUI host subclass (direct=00000000016932B2)
[2025-11-27T20:39:48.846Z][pid 30692][tid 33260] INFO Installed explorer tree view subclass (tree=00000000045807C0)
[2025-11-27T20:39:48.846Z][pid 30692][tid 33260] INFO Explorer pane creation watch armed (view=00000000000C33A8 list=1 tree=0)
[2025-11-27T20:39:48.846Z][pid 30692][tid 33260] INFO Explorer pane fallback timer armed (view=00000000000C33A8 delay=500)
[2025-11-27T20:39:48.846Z][pid 30692][tid 33260] INFO Explorer panes not ready: list view missing (view=00000000000C33A8)
[2025-11-27T20:39:48.846Z][pid 30692][tid 33260] INFO Explorer pane retry timer armed (view=00000000000C33A8 delay=500 attempts=1)
[2025-11-27T20:39:48.850Z][pid 30692][tid 33260] INFO Installed explorer list host subclass (host=0000000000C2095C)
[2025-11-27T20:39:48.850Z][pid 30692][tid 33260] INFO Installed explorer list host subclass (host=0000000000060472)
[2025-11-27T20:39:48.850Z][pid 30692][tid 33260] INFO Installed explorer list host subclass (host=00000000008426DE)
[2025-11-27T20:39:48.850Z][pid 30692][tid 33260] INFO Installed explorer list host subclass (host=00000000011A0240)
[2025-11-27T20:39:48.850Z][pid 30692][tid 33260] INFO Installed explorer list host subclass (host=0000000000E32CFE)
[2025-11-27T20:39:48.859Z][pid 30692][tid 33260] INFO Explorer pane creation watch armed (view=00000000000C33A8 list=1 tree=1)
[2025-11-27T20:39:48.859Z][pid 30692][tid 33260] INFO Explorer panes not ready: tree view missing (view=00000000000C33A8)
[2025-11-27T20:39:48.861Z][pid 30692][tid 33260] INFO Cleared Open In New Tab pending state
[2025-11-27T20:39:48.861Z][pid 30692][tid 33260] INFO CExplorerBHO::SetSite detaching from site
[2025-11-27T20:39:48.861Z][pid 30692][tid 33260] INFO Breadcrumb CBT hook removed for thread 33260
[2025-11-27T20:39:48.861Z][pid 30692][tid 33260] INFO Explorer pane creation watch cleared (view=0000000000000000)
[2025-11-27T20:39:48.861Z][pid 30692][tid 33260] INFO Cleared Open In New Tab pending state
[2025-11-27T20:39:48.862Z][pid 30692][tid 33260] INFO Cleared Open In New Tab pending state
[2025-11-27T20:39:48.863Z][pid 30692][tid 33260] INFO TabBand::DisconnectSite (this=000000001C3800E0)
[2025-11-27T20:39:48.865Z][pid 30692][tid 33260] INFO TabBand::SetSite begin (this=000000001C3800E0, site=0000000000000000)
[2025-11-27T20:39:48.865Z][pid 30692][tid 33260] INFO TabBand::SetSite site unchanged
[2025-11-27T20:39:48.865Z][pid 30692][tid 33260] INFO TabBand destroyed (this=000000001C3800E0)
[2025-11-27T20:39:48.865Z][pid 30692][tid 33260] INFO TabBand::DisconnectSite (this=000000001C3800E0)
[2025-11-27T20:39:48.865Z][pid 30692][tid 33260] INFO TabBand::EnsureSessionStore resolving storage (this=000000001C3800E0)
[2025-11-27T20:39:48.865Z][pid 30692][tid 33260] INFO TabBand::EnsureSessionStore window token unavailable; deferring initialization
[2025-11-27T20:39:52.922Z][pid 30692][tid 33260] INFO TabBand constructed (this=000000001C291D90)
[2025-11-27T20:39:52.922Z][pid 30692][tid 33260] INFO TabBand::SetSite begin (this=000000001C291D90, site=000000001C93DC78)
[2025-11-27T20:39:52.922Z][pid 30692][tid 33260] INFO TabBand::DisconnectSite (this=000000001C291D90)
[2025-11-27T20:39:52.923Z][pid 30692][tid 33260] INFO TabBand::EnsureSessionStore resolving storage (this=000000001C291D90)
[2025-11-27T20:39:52.923Z][pid 30692][tid 33260] INFO TabBand::EnsureSessionStore window token unavailable; deferring initialization
[2025-11-27T20:39:52.923Z][pid 30692][tid 33260] INFO TabBand::SetSite resolved browser interfaces
[2025-11-27T20:39:52.923Z][pid 30692][tid 33260] INFO TabBand::SetSite EnsureWindow
[2025-11-27T20:39:52.923Z][pid 30692][tid 33260] INFO TabBand::EnsureWindow creating band window (this=000000001C291D90)
[2025-11-27T20:39:52.924Z][pid 30692][tid 33260] INFO TabBand::EnsureSessionStore resolving storage (this=000000001C291D90)
[2025-11-27T20:39:52.925Z][pid 30692][tid 33260] INFO TabBand::ResolveWindowToken adopted crashed session token CEF1BDA9-97B1-4071-8519-3D67099B015D
[2025-11-27T20:39:52.925Z][pid 30692][tid 33260] INFO TabBand::EnsureSessionStore window token CEF1BDA9-97B1-4071-8519-3D67099B015D
[2025-11-27T20:39:52.925Z][pid 30692][tid 33260] INFO TabBand::EnsureSessionStore using storage path C:\Users\ben\AppData\Roaming\ShellTabs\session-CEF1BDA9-97B1-4071-8519-3D67099B015D.db
[2025-11-27T20:39:52.925Z][pid 30692][tid 33260] INFO TabBand session crash marker created (post-init)
[2025-11-27T20:39:52.927Z][pid 30692][tid 33260] INFO TabBand::EnsureWindow created window hwnd=0000000001A02CB0
[2025-11-27T20:39:52.927Z][pid 30692][tid 33260] INFO TabBand::SetSite EnsureSessionStore
[2025-11-27T20:39:52.927Z][pid 30692][tid 33260] INFO TabBand::SetSite BrowserEvents connected
[2025-11-27T20:39:52.927Z][pid 30692][tid 33260] INFO TabBand::SetSite InitializeTabs
[2025-11-27T20:39:52.927Z][pid 30692][tid 33260] INFO TabBand::InitializeTabs - begin
[2025-11-27T20:39:52.927Z][pid 30692][tid 33260] INFO TabBand::InitializeTabs - end
[2025-11-27T20:39:52.927Z][pid 30692][tid 33260] INFO TabBand::SetSite UpdateTabsUI (initial)
[2025-11-27T20:39:52.927Z][pid 30692][tid 33260] INFO TabBand::UpdateTabsUI applying 1 items
[2025-11-27T20:39:52.927Z][pid 30692][tid 27564] INFO TabBand::RunBackgroundInitialization begin (this=000000001C291D90, seq=1)
[2025-11-27T20:39:52.927Z][pid 30692][tid 33260] INFO TabBand::SetSite completed successfully
[2025-11-27T20:39:52.928Z][pid 30692][tid 27564] INFO TabBand session crash marker created
[2025-11-27T20:39:52.928Z][pid 30692][tid 27564] INFO SessionStore restored snapshot from C:\Users\ben\AppData\Roaming\ShellTabs\session-CEF1BDA9-97B1-4071-8519-3D67099B015D.db (primary)
[2025-11-27T20:39:52.957Z][pid 30692][tid 33260] INFO CExplorerBHO::SetSite attaching to site=000000000C1CE048
[2025-11-27T20:39:52.957Z][pid 30692][tid 33260] INFO Cleared Open In New Tab pending state
[2025-11-27T20:39:52.957Z][pid 30692][tid 33260] INFO EnsureBandVisible: invoking ShowBrowserBar for host=0000000004723426 (attempt 1)
[2025-11-27T20:39:52.959Z][pid 30692][tid 33260] INFO EnsureBandVisible: ShowBrowserBar succeeded for host=0000000004723426 on attempt 1
[2025-11-27T20:39:52.959Z][pid 30692][tid 33260] INFO Installed progress gradient subclass on hwnd=0000000001D12DDE
[2025-11-27T20:39:52.959Z][pid 30692][tid 33260] INFO Installed travel band subclass (band=00000000002D2D48 toolbar=0000000000382DA6)
[2025-11-27T20:39:52.960Z][pid 30692][tid 33260] INFO Breadcrumb CBT hook installed for thread 33260
[2025-11-27T20:39:52.960Z][pid 30692][tid 33260] INFO Breadcrumb gradients enabled; locating toolbar (installed=0 background=0 text=1)
[2025-11-27T20:39:52.960Z][pid 30692][tid 33260] INFO Breadcrumb QueryService(IShellBrowser) failed: 0x80004001
[2025-11-27T20:39:52.960Z][pid 30692][tid 33260] INFO Breadcrumb ribbon frame discovered via IShellBrowser (hwnd=0000000002CA275C)
[2025-11-27T20:39:52.960Z][pid 30692][tid 33260] INFO Breadcrumb toolbar located via deep enumeration (hwnd=0000000004B32C72)
[2025-11-27T20:39:52.960Z][pid 30692][tid 33260] INFO Installed breadcrumb gradient subclass on hwnd=0000000004B32C72
[2025-11-27T20:39:52.960Z][pid 30692][tid 33260] INFO Installed progress gradient subclass on hwnd=0000000001D12DDE
[2025-11-27T20:39:52.961Z][pid 30692][tid 33260] INFO Breadcrumb gradients enabled; locating toolbar (installed=1 background=0 text=1)
[2025-11-27T20:39:52.961Z][pid 30692][tid 33260] INFO Breadcrumb QueryService(IShellBrowser) failed: 0x80004001
[2025-11-27T20:39:52.961Z][pid 30692][tid 33260] INFO Breadcrumb ribbon frame discovered via IShellBrowser (hwnd=0000000002CA275C)
[2025-11-27T20:39:52.961Z][pid 30692][tid 33260] INFO Breadcrumb toolbar located via deep enumeration (hwnd=0000000004B32C72)
[2025-11-27T20:39:52.961Z][pid 30692][tid 33260] INFO Cleared Open In New Tab pending state
[2025-11-27T20:39:53.053Z][pid 30692][tid 33260] INFO TabBand::HandleInitializationResult applying sequence 1
[2025-11-27T20:39:53.054Z][pid 30692][tid 33260] INFO TabBand::RestoreSession loaded 1 groups
[2025-11-27T20:39:53.055Z][pid 30692][tid 33260] INFO TabBand::UpdateTabsUI applying 1 items
[2025-11-27T20:39:53.056Z][pid 30692][tid 33260] INFO Breadcrumb QueryService(IShellBrowser) failed: 0x80004001
[2025-11-27T20:39:53.056Z][pid 30692][tid 33260] INFO Breadcrumb ribbon frame discovered via IShellBrowser (hwnd=0000000002CA275C)
[2025-11-27T20:39:53.057Z][pid 30692][tid 33260] INFO Breadcrumb ribbon frame discovered via IWebBrowser2 (hwnd=0000000002CA275C)
[2025-11-27T20:39:53.057Z][pid 30692][tid 33260] INFO Breadcrumb toolbar located via window enumeration (hwnd=0000000000AB086A)
[2025-11-27T20:39:53.057Z][pid 30692][tid 33260] INFO Installed breadcrumb gradient subclass on hwnd=0000000000AB086A
[2025-11-27T20:39:53.058Z][pid 30692][tid 33260] INFO Installed progress gradient subclass on hwnd=0000000001D12DDE
[2025-11-27T20:39:53.058Z][pid 30692][tid 33260] INFO Cleared Open In New Tab pending state
[2025-11-27T20:39:53.104Z][pid 30692][tid 33260] INFO TabBand::UpdateTabsUI applying 1 items
[2025-11-27T20:39:53.105Z][pid 30692][tid 33260] INFO Breadcrumb gradients enabled; locating toolbar (installed=1 background=0 text=1)
[2025-11-27T20:39:53.105Z][pid 30692][tid 33260] INFO Breadcrumb QueryService(IShellBrowser) failed: 0x80004001
[2025-11-27T20:39:53.105Z][pid 30692][tid 33260] INFO Breadcrumb ribbon frame discovered via IShellBrowser (hwnd=0000000002CA275C)
[2025-11-27T20:39:53.106Z][pid 30692][tid 33260] INFO Breadcrumb ribbon frame discovered via IWebBrowser2 (hwnd=0000000002CA275C)
[2025-11-27T20:39:53.106Z][pid 30692][tid 33260] INFO Breadcrumb toolbar located via window enumeration (hwnd=0000000000AB086A)
[2025-11-27T20:39:53.106Z][pid 30692][tid 33260] INFO Cleared Open In New Tab pending state
[2025-11-27T20:39:53.106Z][pid 30692][tid 33260] INFO Installed shell view window subclass (view=0000000000A227A4)
[2025-11-27T20:39:53.106Z][pid 30692][tid 33260] INFO Installed explorer frame subclass (frame=0000000004723426)
[2025-11-27T20:39:53.106Z][pid 30692][tid 33260] INFO Cleared Open In New Tab pending state
[2025-11-27T20:39:53.106Z][pid 30692][tid 33260] INFO Explorer view base subclass ready (view=0000000000A227A4 frame=0000000004723426)
[2025-11-27T20:39:53.106Z][pid 30692][tid 33260] VERBOSE DirectUI IUIElement unavailable (hr=0x80004001)
[2025-11-27T20:39:53.106Z][pid 30692][tid 33260] INFO Installed explorer DirectUI host subclass (direct=0000000000522474)
[2025-11-27T20:39:53.107Z][pid 30692][tid 33260] INFO Installed explorer tree view subclass (tree=000000000112271E)
[2025-11-27T20:39:53.107Z][pid 30692][tid 33260] INFO Explorer pane creation watch armed (view=0000000000A227A4 list=1 tree=0)
[2025-11-27T20:39:53.107Z][pid 30692][tid 33260] INFO Explorer pane fallback timer armed (view=0000000000A227A4 delay=500)
[2025-11-27T20:39:53.107Z][pid 30692][tid 33260] INFO Explorer panes not ready: list view missing (view=0000000000A227A4)
[2025-11-27T20:39:53.107Z][pid 30692][tid 33260] INFO Explorer pane retry timer armed (view=0000000000A227A4 delay=500 attempts=1)
[2025-11-27T20:39:53.107Z][pid 30692][tid 33260] INFO TabBand::UpdateTabsUI applying 1 items
[2025-11-27T20:39:53.108Z][pid 30692][tid 33260] INFO Breadcrumb QueryService(IShellBrowser) failed: 0x80004001
[2025-11-27T20:39:53.108Z][pid 30692][tid 33260] INFO Breadcrumb ribbon frame discovered via IShellBrowser (hwnd=0000000002CA275C)
[2025-11-27T20:39:53.108Z][pid 30692][tid 33260] INFO Breadcrumb ribbon frame discovered via IWebBrowser2 (hwnd=0000000002CA275C)
[2025-11-27T20:39:53.108Z][pid 30692][tid 33260] INFO Breadcrumb toolbar located via window enumeration (hwnd=0000000000AB086A)
[2025-11-27T20:39:53.108Z][pid 30692][tid 33260] INFO Explorer pane creation watch cleared (view=0000000000A227A4)
[2025-11-27T20:39:53.108Z][pid 30692][tid 33260] INFO Cleared Open In New Tab pending state
[2025-11-27T20:39:53.108Z][pid 30692][tid 33260] INFO Installed shell view window subclass (view=0000000000A227A4)
[2025-11-27T20:39:53.108Z][pid 30692][tid 33260] INFO Installed explorer frame subclass (frame=0000000004723426)
[2025-11-27T20:39:53.109Z][pid 30692][tid 33260] INFO Cleared Open In New Tab pending state
[2025-11-27T20:39:53.109Z][pid 30692][tid 33260] INFO Explorer view base subclass ready (view=0000000000A227A4 frame=0000000004723426)
[2025-11-27T20:39:53.109Z][pid 30692][tid 33260] VERBOSE DirectUI IUIElement unavailable (hr=0x80004001)
[2025-11-27T20:39:53.109Z][pid 30692][tid 33260] INFO Installed explorer DirectUI host subclass (direct=0000000000522474)
[2025-11-27T20:39:53.109Z][pid 30692][tid 33260] INFO Installed explorer tree view subclass (tree=000000000112271E)
[2025-11-27T20:39:53.109Z][pid 30692][tid 33260] INFO Explorer pane creation watch armed (view=0000000000A227A4 list=1 tree=0)
[2025-11-27T20:39:53.109Z][pid 30692][tid 33260] INFO Explorer pane fallback timer armed (view=0000000000A227A4 delay=500)
[2025-11-27T20:39:53.109Z][pid 30692][tid 33260] INFO Explorer panes not ready: list view missing (view=0000000000A227A4)
[2025-11-27T20:39:53.109Z][pid 30692][tid 33260] INFO Explorer pane retry timer armed (view=0000000000A227A4 delay=500 attempts=1)
[2025-11-27T20:39:53.117Z][pid 30692][tid 33260] INFO TabBand::UpdateTabsUI applying 1 items
[2025-11-27T20:39:53.121Z][pid 30692][tid 33260] INFO TabBand::UpdateTabsUI applying 1 items
[2025-11-27T20:39:53.121Z][pid 30692][tid 33260] INFO Breadcrumb QueryService(IShellBrowser) failed: 0x80004001
[2025-11-27T20:39:53.121Z][pid 30692][tid 33260] INFO Breadcrumb ribbon frame discovered via IShellBrowser (hwnd=0000000002CA275C)
[2025-11-27T20:39:53.122Z][pid 30692][tid 33260] INFO Breadcrumb ribbon frame discovered via IWebBrowser2 (hwnd=0000000002CA275C)
[2025-11-27T20:39:53.122Z][pid 30692][tid 33260] INFO Breadcrumb toolbar located via window enumeration (hwnd=0000000000AB086A)
[2025-11-27T20:39:53.122Z][pid 30692][tid 33260] INFO Explorer pane creation watch cleared (view=0000000000A227A4)
[2025-11-27T20:39:53.122Z][pid 30692][tid 33260] INFO Cleared Open In New Tab pending state
[2025-11-27T20:39:53.122Z][pid 30692][tid 33260] INFO Installed shell view window subclass (view=0000000000A227A4)
[2025-11-27T20:39:53.122Z][pid 30692][tid 33260] INFO Installed explorer frame subclass (frame=0000000004723426)
[2025-11-27T20:39:53.122Z][pid 30692][tid 33260] INFO Cleared Open In New Tab pending state
[2025-11-27T20:39:53.122Z][pid 30692][tid 33260] INFO Explorer view base subclass ready (view=0000000000A227A4 frame=0000000004723426)
[2025-11-27T20:39:53.123Z][pid 30692][tid 33260] VERBOSE DirectUI IUIElement unavailable (hr=0x80004001)
[2025-11-27T20:39:53.123Z][pid 30692][tid 33260] INFO Installed explorer DirectUI host subclass (direct=0000000000522474)
[2025-11-27T20:39:53.123Z][pid 30692][tid 33260] INFO Installed explorer tree view subclass (tree=000000000112271E)
[2025-11-27T20:39:53.123Z][pid 30692][tid 33260] INFO Explorer pane creation watch armed (view=0000000000A227A4 list=1 tree=0)
[2025-11-27T20:39:53.123Z][pid 30692][tid 33260] INFO Explorer pane fallback timer armed (view=0000000000A227A4 delay=500)
[2025-11-27T20:39:53.123Z][pid 30692][tid 33260] INFO Explorer panes not ready: list view missing (view=0000000000A227A4)
[2025-11-27T20:39:53.123Z][pid 30692][tid 33260] INFO Explorer pane retry timer armed (view=0000000000A227A4 delay=500 attempts=1)
[2025-11-27T20:39:53.127Z][pid 30692][tid 33260] INFO Installed explorer list host subclass (host=0000000004723426)
[2025-11-27T20:39:53.127Z][pid 30692][tid 33260] INFO Installed explorer list host subclass (host=0000000000A22E98)
[2025-11-27T20:39:53.127Z][pid 30692][tid 33260] INFO Installed explorer list host subclass (host=00000000006B04A0)
[2025-11-27T20:39:53.127Z][pid 30692][tid 33260] INFO Installed explorer list host subclass (host=0000000002CA275C)
[2025-11-27T20:39:53.127Z][pid 30692][tid 33260] INFO Installed explorer list host subclass (host=0000000001910E04)
[2025-11-27T20:39:53.136Z][pid 30692][tid 33260] INFO Explorer pane creation watch armed (view=0000000000A227A4 list=1 tree=1)
[2025-11-27T20:39:53.136Z][pid 30692][tid 33260] INFO Explorer panes not ready: tree view missing (view=0000000000A227A4)
[2025-11-27T20:39:53.137Z][pid 30692][tid 33260] INFO Cleared Open In New Tab pending state
[2025-11-27T20:39:53.138Z][pid 30692][tid 33260] INFO CExplorerBHO::SetSite detaching from site
[2025-11-27T20:39:53.138Z][pid 30692][tid 33260] INFO Breadcrumb CBT hook removed for thread 33260
[2025-11-27T20:39:53.138Z][pid 30692][tid 33260] INFO Explorer pane creation watch cleared (view=0000000000000000)
[2025-11-27T20:39:53.138Z][pid 30692][tid 33260] INFO Cleared Open In New Tab pending state
[2025-11-27T20:39:53.138Z][pid 30692][tid 33260] INFO Cleared Open In New Tab pending state
[2025-11-27T20:39:53.140Z][pid 30692][tid 33260] INFO TabBand::DisconnectSite (this=000000001C291D90)
[2025-11-27T20:39:53.141Z][pid 30692][tid 33260] INFO TabBand::SetSite begin (this=000000001C291D90, site=0000000000000000)
[2025-11-27T20:39:53.141Z][pid 30692][tid 33260] INFO TabBand::SetSite site unchanged
[2025-11-27T20:39:53.141Z][pid 30692][tid 33260] INFO TabBand destroyed (this=000000001C291D90)
[2025-11-27T20:39:53.141Z][pid 30692][tid 33260] INFO TabBand::DisconnectSite (this=000000001C291D90)
[2025-11-27T20:39:53.141Z][pid 30692][tid 33260] INFO TabBand::EnsureSessionStore resolving storage (this=000000001C291D90)
[2025-11-27T20:39:53.141Z][pid 30692][tid 33260] INFO TabBand::EnsureSessionStore window token unavailable; deferring initialization
[2025-11-27T20:39:55.271Z][pid 30692][tid 33260] INFO TabBand constructed (this=000000001C291D90)
[2025-11-27T20:39:55.271Z][pid 30692][tid 33260] INFO TabBand::SetSite begin (this=000000001C291D90, site=000000001C93C138)
[2025-11-27T20:39:55.271Z][pid 30692][tid 33260] INFO TabBand::DisconnectSite (this=000000001C291D90)
[2025-11-27T20:39:55.271Z][pid 30692][tid 33260] INFO TabBand::EnsureSessionStore resolving storage (this=000000001C291D90)
[2025-11-27T20:39:55.271Z][pid 30692][tid 33260] INFO TabBand::EnsureSessionStore window token unavailable; deferring initialization
[2025-11-27T20:39:55.271Z][pid 30692][tid 33260] INFO TabBand::SetSite resolved browser interfaces
[2025-11-27T20:39:55.271Z][pid 30692][tid 33260] INFO TabBand::SetSite EnsureWindow
[2025-11-27T20:39:55.271Z][pid 30692][tid 33260] INFO TabBand::EnsureWindow creating band window (this=000000001C291D90)
[2025-11-27T20:39:55.273Z][pid 30692][tid 33260] INFO TabBand::EnsureSessionStore resolving storage (this=000000001C291D90)
[2025-11-27T20:39:55.273Z][pid 30692][tid 33260] INFO TabBand::ResolveWindowToken adopted crashed session token 617EBA74-812B-4ECB-9538-573BB4981ED1
[2025-11-27T20:39:55.273Z][pid 30692][tid 33260] INFO TabBand::EnsureSessionStore window token 617EBA74-812B-4ECB-9538-573BB4981ED1
[2025-11-27T20:39:55.273Z][pid 30692][tid 33260] INFO TabBand::EnsureSessionStore using storage path C:\Users\ben\AppData\Roaming\ShellTabs\session-617EBA74-812B-4ECB-9538-573BB4981ED1.db
[2025-11-27T20:39:55.274Z][pid 30692][tid 33260] INFO TabBand session crash marker created (post-init)
[2025-11-27T20:39:55.276Z][pid 30692][tid 33260] INFO TabBand::EnsureWindow created window hwnd=0000000002712E64
[2025-11-27T20:39:55.276Z][pid 30692][tid 33260] INFO TabBand::SetSite EnsureSessionStore
[2025-11-27T20:39:55.276Z][pid 30692][tid 33260] INFO TabBand::SetSite BrowserEvents connected
[2025-11-27T20:39:55.276Z][pid 30692][tid 33260] INFO TabBand::SetSite InitializeTabs
[2025-11-27T20:39:55.276Z][pid 30692][tid 33260] INFO TabBand::InitializeTabs - begin
[2025-11-27T20:39:55.276Z][pid 30692][tid 33260] INFO TabBand::InitializeTabs - end
[2025-11-27T20:39:55.276Z][pid 30692][tid 33260] INFO TabBand::SetSite UpdateTabsUI (initial)
[2025-11-27T20:39:55.277Z][pid 30692][tid 33260] INFO TabBand::UpdateTabsUI applying 1 items
[2025-11-27T20:39:55.277Z][pid 30692][tid 33260] INFO TabBand::SetSite completed successfully
[2025-11-27T20:39:55.277Z][pid 30692][tid 6736] INFO TabBand::RunBackgroundInitialization begin (this=000000001C291D90, seq=1)
[2025-11-27T20:39:55.277Z][pid 30692][tid 6736] INFO TabBand session crash marker created
[2025-11-27T20:39:55.277Z][pid 30692][tid 6736] INFO SessionStore restored snapshot from C:\Users\ben\AppData\Roaming\ShellTabs\session-617EBA74-812B-4ECB-9538-573BB4981ED1.db (primary)
[2025-11-27T20:39:55.301Z][pid 30692][tid 33260] INFO CExplorerBHO::SetSite attaching to site=000000001C579458
[2025-11-27T20:39:55.301Z][pid 30692][tid 33260] INFO Cleared Open In New Tab pending state
[2025-11-27T20:39:55.301Z][pid 30692][tid 33260] INFO EnsureBandVisible: invoking ShowBrowserBar for host=00000000016B1814 (attempt 1)
[2025-11-27T20:39:55.304Z][pid 30692][tid 33260] INFO EnsureBandVisible: ShowBrowserBar succeeded for host=00000000016B1814 on attempt 1
[2025-11-27T20:39:55.304Z][pid 30692][tid 33260] INFO Installed progress gradient subclass on hwnd=0000000006722D1E
[2025-11-27T20:39:55.305Z][pid 30692][tid 33260] INFO Installed travel band subclass (band=00000000005509C6 toolbar=00000000013832B8)
[2025-11-27T20:39:55.305Z][pid 30692][tid 33260] INFO Breadcrumb CBT hook installed for thread 33260
[2025-11-27T20:39:55.305Z][pid 30692][tid 33260] INFO Breadcrumb gradients enabled; locating toolbar (installed=0 background=0 text=1)
[2025-11-27T20:39:55.305Z][pid 30692][tid 33260] INFO Breadcrumb QueryService(IShellBrowser) failed: 0x80004001
[2025-11-27T20:39:55.305Z][pid 30692][tid 33260] INFO Breadcrumb ribbon frame discovered via IShellBrowser (hwnd=00000000055E2CA6)
[2025-11-27T20:39:55.305Z][pid 30692][tid 33260] INFO Breadcrumb toolbar located via deep enumeration (hwnd=0000000001030A7A)
[2025-11-27T20:39:55.305Z][pid 30692][tid 33260] INFO Installed breadcrumb gradient subclass on hwnd=0000000001030A7A
[2025-11-27T20:39:55.305Z][pid 30692][tid 33260] INFO Installed progress gradient subclass on hwnd=0000000006722D1E
[2025-11-27T20:39:55.306Z][pid 30692][tid 33260] INFO Breadcrumb gradients enabled; locating toolbar (installed=1 background=0 text=1)
[2025-11-27T20:39:55.306Z][pid 30692][tid 33260] INFO Breadcrumb QueryService(IShellBrowser) failed: 0x80004001
[2025-11-27T20:39:55.306Z][pid 30692][tid 33260] INFO Breadcrumb ribbon frame discovered via IShellBrowser (hwnd=00000000055E2CA6)
[2025-11-27T20:39:55.306Z][pid 30692][tid 33260] INFO Breadcrumb toolbar located via deep enumeration (hwnd=0000000001030A7A)
[2025-11-27T20:39:55.306Z][pid 30692][tid 33260] INFO Cleared Open In New Tab pending state
[2025-11-27T20:39:55.372Z][pid 30692][tid 33260] INFO TabBand::HandleInitializationResult applying sequence 1
[2025-11-27T20:39:55.373Z][pid 30692][tid 33260] INFO TabBand::RestoreSession loaded 1 groups
[2025-11-27T20:39:55.373Z][pid 30692][tid 33260] INFO TabBand::UpdateTabsUI applying 1 items
[2025-11-27T20:39:55.374Z][pid 30692][tid 33260] INFO Breadcrumb QueryService(IShellBrowser) failed: 0x80004001
[2025-11-27T20:39:55.374Z][pid 30692][tid 33260] INFO Breadcrumb ribbon frame discovered via IShellBrowser (hwnd=00000000055E2CA6)
[2025-11-27T20:39:55.374Z][pid 30692][tid 33260] INFO Breadcrumb ribbon frame discovered via IWebBrowser2 (hwnd=00000000055E2CA6)
[2025-11-27T20:39:55.374Z][pid 30692][tid 33260] INFO Breadcrumb toolbar located via window enumeration (hwnd=0000000000392DA6)
[2025-11-27T20:39:55.375Z][pid 30692][tid 33260] INFO Installed breadcrumb gradient subclass on hwnd=0000000000392DA6
[2025-11-27T20:39:55.375Z][pid 30692][tid 33260] INFO Installed progress gradient subclass on hwnd=0000000006722D1E
[2025-11-27T20:39:55.375Z][pid 30692][tid 33260] INFO Cleared Open In New Tab pending state
[2025-11-27T20:39:55.421Z][pid 30692][tid 33260] INFO TabBand::UpdateTabsUI applying 1 items
[2025-11-27T20:39:55.422Z][pid 30692][tid 33260] INFO Breadcrumb gradients enabled; locating toolbar (installed=1 background=0 text=1)
[2025-11-27T20:39:55.422Z][pid 30692][tid 33260] INFO Breadcrumb QueryService(IShellBrowser) failed: 0x80004001
[2025-11-27T20:39:55.422Z][pid 30692][tid 33260] INFO Breadcrumb ribbon frame discovered via IShellBrowser (hwnd=00000000055E2CA6)
[2025-11-27T20:39:55.422Z][pid 30692][tid 33260] INFO Breadcrumb ribbon frame discovered via IWebBrowser2 (hwnd=00000000055E2CA6)
[2025-11-27T20:39:55.422Z][pid 30692][tid 33260] INFO Breadcrumb toolbar located via window enumeration (hwnd=0000000000392DA6)
[2025-11-27T20:39:55.422Z][pid 30692][tid 33260] INFO Cleared Open In New Tab pending state
[2025-11-27T20:39:55.422Z][pid 30692][tid 33260] INFO Installed shell view window subclass (view=0000000000E72584)
[2025-11-27T20:39:55.423Z][pid 30692][tid 33260] INFO Installed explorer frame subclass (frame=00000000016B1814)
[2025-11-27T20:39:55.423Z][pid 30692][tid 33260] INFO Cleared Open In New Tab pending state
[2025-11-27T20:39:55.423Z][pid 30692][tid 33260] INFO Explorer view base subclass ready (view=0000000000E72584 frame=00000000016B1814)
[2025-11-27T20:39:55.423Z][pid 30692][tid 33260] VERBOSE DirectUI IUIElement unavailable (hr=0x80004001)
[2025-11-27T20:39:55.423Z][pid 30692][tid 33260] INFO Installed explorer DirectUI host subclass (direct=00000000014727B8)
[2025-11-27T20:39:55.423Z][pid 30692][tid 33260] INFO Installed explorer tree view subclass (tree=00000000015C2774)
[2025-11-27T20:39:55.423Z][pid 30692][tid 33260] INFO Explorer pane creation watch armed (view=0000000000E72584 list=1 tree=0)
[2025-11-27T20:39:55.423Z][pid 30692][tid 33260] INFO Explorer pane fallback timer armed (view=0000000000E72584 delay=500)
[2025-11-27T20:39:55.423Z][pid 30692][tid 33260] INFO Explorer panes not ready: list view missing (view=0000000000E72584)
[2025-11-27T20:39:55.424Z][pid 30692][tid 33260] INFO Explorer pane retry timer armed (view=0000000000E72584 delay=500 attempts=1)
[2025-11-27T20:39:55.424Z][pid 30692][tid 33260] INFO TabBand::UpdateTabsUI applying 1 items
[2025-11-27T20:39:55.424Z][pid 30692][tid 33260] INFO Breadcrumb QueryService(IShellBrowser) failed: 0x80004001
[2025-11-27T20:39:55.424Z][pid 30692][tid 33260] INFO Breadcrumb ribbon frame discovered via IShellBrowser (hwnd=00000000055E2CA6)
[2025-11-27T20:39:55.424Z][pid 30692][tid 33260] INFO Breadcrumb ribbon frame discovered via IWebBrowser2 (hwnd=00000000055E2CA6)
[2025-11-27T20:39:55.425Z][pid 30692][tid 33260] INFO Breadcrumb toolbar located via window enumeration (hwnd=0000000000392DA6)
[2025-11-27T20:39:55.425Z][pid 30692][tid 33260] INFO Explorer pane creation watch cleared (view=0000000000E72584)
[2025-11-27T20:39:55.425Z][pid 30692][tid 33260] INFO Cleared Open In New Tab pending state
[2025-11-27T20:39:55.425Z][pid 30692][tid 33260] INFO Installed shell view window subclass (view=0000000000E72584)
[2025-11-27T20:39:55.425Z][pid 30692][tid 33260] INFO Installed explorer frame subclass (frame=00000000016B1814)
[2025-11-27T20:39:55.425Z][pid 30692][tid 33260] INFO Cleared Open In New Tab pending state
[2025-11-27T20:39:55.425Z][pid 30692][tid 33260] INFO Explorer view base subclass ready (view=0000000000E72584 frame=00000000016B1814)
[2025-11-27T20:39:55.425Z][pid 30692][tid 33260] VERBOSE DirectUI IUIElement unavailable (hr=0x80004001)
[2025-11-27T20:39:55.425Z][pid 30692][tid 33260] INFO Installed explorer DirectUI host subclass (direct=00000000014727B8)
[2025-11-27T20:39:55.425Z][pid 30692][tid 33260] INFO Installed explorer tree view subclass (tree=00000000015C2774)
[2025-11-27T20:39:55.426Z][pid 30692][tid 33260] INFO Explorer pane creation watch armed (view=0000000000E72584 list=1 tree=0)
[2025-11-27T20:39:55.426Z][pid 30692][tid 33260] INFO Explorer pane fallback timer armed (view=0000000000E72584 delay=500)
[2025-11-27T20:39:55.426Z][pid 30692][tid 33260] INFO Explorer panes not ready: list view missing (view=0000000000E72584)
[2025-11-27T20:39:55.426Z][pid 30692][tid 33260] INFO Explorer pane retry timer armed (view=0000000000E72584 delay=500 attempts=1)
[2025-11-27T20:39:55.443Z][pid 30692][tid 33260] INFO TabBand::UpdateTabsUI applying 1 items
[2025-11-27T20:39:55.447Z][pid 30692][tid 33260] INFO TabBand::UpdateTabsUI applying 1 items
[2025-11-27T20:39:55.447Z][pid 30692][tid 33260] INFO Breadcrumb QueryService(IShellBrowser) failed: 0x80004001
[2025-11-27T20:39:55.448Z][pid 30692][tid 33260] INFO Breadcrumb ribbon frame discovered via IShellBrowser (hwnd=00000000055E2CA6)
[2025-11-27T20:39:55.448Z][pid 30692][tid 33260] INFO Breadcrumb ribbon frame discovered via IWebBrowser2 (hwnd=00000000055E2CA6)
[2025-11-27T20:39:55.448Z][pid 30692][tid 33260] INFO Breadcrumb toolbar located via window enumeration (hwnd=0000000000392DA6)
[2025-11-27T20:39:55.448Z][pid 30692][tid 33260] INFO Explorer pane creation watch cleared (view=0000000000E72584)
[2025-11-27T20:39:55.448Z][pid 30692][tid 33260] INFO Cleared Open In New Tab pending state
[2025-11-27T20:39:55.448Z][pid 30692][tid 33260] INFO Installed shell view window subclass (view=0000000000E72584)
[2025-11-27T20:39:55.448Z][pid 30692][tid 33260] INFO Installed explorer frame subclass (frame=00000000016B1814)
[2025-11-27T20:39:55.448Z][pid 30692][tid 33260] INFO Cleared Open In New Tab pending state
[2025-11-27T20:39:55.448Z][pid 30692][tid 33260] INFO Explorer view base subclass ready (view=0000000000E72584 frame=00000000016B1814)
[2025-11-27T20:39:55.449Z][pid 30692][tid 33260] VERBOSE DirectUI IUIElement unavailable (hr=0x80004001)
[2025-11-27T20:39:55.449Z][pid 30692][tid 33260] INFO Installed explorer DirectUI host subclass (direct=00000000014727B8)
[2025-11-27T20:39:55.449Z][pid 30692][tid 33260] INFO Installed explorer tree view subclass (tree=00000000015C2774)
[2025-11-27T20:39:55.449Z][pid 30692][tid 33260] INFO Explorer pane creation watch armed (view=0000000000E72584 list=1 tree=0)
[2025-11-27T20:39:55.449Z][pid 30692][tid 33260] INFO Explorer pane fallback timer armed (view=0000000000E72584 delay=500)
[2025-11-27T20:39:55.449Z][pid 30692][tid 33260] INFO Explorer panes not ready: list view missing (view=0000000000E72584)
[2025-11-27T20:39:55.449Z][pid 30692][tid 33260] INFO Explorer pane retry timer armed (view=0000000000E72584 delay=500 attempts=1)
[2025-11-27T20:39:55.453Z][pid 30692][tid 33260] INFO Installed explorer list host subclass (host=00000000016B1814)
[2025-11-27T20:39:55.453Z][pid 30692][tid 33260] INFO Installed explorer list host subclass (host=00000000045A07C0)
[2025-11-27T20:39:55.454Z][pid 30692][tid 33260] INFO Installed explorer list host subclass (host=0000000001D0333A)
[2025-11-27T20:39:55.454Z][pid 30692][tid 33260] INFO Installed explorer list host subclass (host=00000000055E2CA6)
[2025-11-27T20:39:55.454Z][pid 30692][tid 33260] INFO Installed explorer list host subclass (host=0000000000820026)
[2025-11-27T20:39:55.462Z][pid 30692][tid 33260] INFO Explorer pane creation watch armed (view=0000000000E72584 list=1 tree=1)
[2025-11-27T20:39:55.462Z][pid 30692][tid 33260] INFO Explorer panes not ready: tree view missing (view=0000000000E72584)
[2025-11-27T20:39:55.463Z][pid 30692][tid 33260] INFO Cleared Open In New Tab pending state
[2025-11-27T20:39:55.464Z][pid 30692][tid 33260] INFO CExplorerBHO::SetSite detaching from site
[2025-11-27T20:39:55.464Z][pid 30692][tid 33260] INFO Breadcrumb CBT hook removed for thread 33260
[2025-11-27T20:39:55.464Z][pid 30692][tid 33260] INFO Explorer pane creation watch cleared (view=0000000000000000)
[2025-11-27T20:39:55.464Z][pid 30692][tid 33260] INFO Cleared Open In New Tab pending state
[2025-11-27T20:39:55.464Z][pid 30692][tid 33260] INFO Cleared Open In New Tab pending state
[2025-11-27T20:39:55.466Z][pid 30692][tid 33260] INFO TabBand::DisconnectSite (this=000000001C291D90)
[2025-11-27T20:39:55.467Z][pid 30692][tid 33260] INFO TabBand::SetSite begin (this=000000001C291D90, site=0000000000000000)
[2025-11-27T20:39:55.467Z][pid 30692][tid 33260] INFO TabBand::SetSite site unchanged
[2025-11-27T20:39:55.467Z][pid 30692][tid 33260] INFO TabBand destroyed (this=000000001C291D90)
[2025-11-27T20:39:55.467Z][pid 30692][tid 33260] INFO TabBand::DisconnectSite (this=000000001C291D90)
[2025-11-27T20:39:55.467Z][pid 30692][tid 33260] INFO TabBand::EnsureSessionStore resolving storage (this=000000001C291D90)
[2025-11-27T20:39:55.467Z][pid 30692][tid 33260] INFO TabBand::EnsureSessionStore window token unavailable; deferring initialization
[2025-11-27T20:39:55.661Z][pid 30692][tid 33260] INFO TabBand constructed (this=000000001C291D90)
[2025-11-27T20:39:55.662Z][pid 30692][tid 33260] INFO TabBand::SetSite begin (this=000000001C291D90, site=000000001C9EB5C8)
[2025-11-27T20:39:55.662Z][pid 30692][tid 33260] INFO TabBand::DisconnectSite (this=000000001C291D90)
[2025-11-27T20:39:55.662Z][pid 30692][tid 33260] INFO TabBand::EnsureSessionStore resolving storage (this=000000001C291D90)
[2025-11-27T20:39:55.662Z][pid 30692][tid 33260] INFO TabBand::EnsureSessionStore window token unavailable; deferring initialization
[2025-11-27T20:39:55.662Z][pid 30692][tid 33260] INFO TabBand::SetSite resolved browser interfaces
[2025-11-27T20:39:55.662Z][pid 30692][tid 33260] INFO TabBand::SetSite EnsureWindow
[2025-11-27T20:39:55.662Z][pid 30692][tid 33260] INFO TabBand::EnsureWindow creating band window (this=000000001C291D90)
[2025-11-27T20:39:55.664Z][pid 30692][tid 33260] INFO TabBand::EnsureSessionStore resolving storage (this=000000001C291D90)
[2025-11-27T20:39:55.665Z][pid 30692][tid 33260] INFO TabBand::ResolveWindowToken adopted crashed session token CB3144E6-731B-4CB3-B69B-AFB9B206AED8
[2025-11-27T20:39:55.665Z][pid 30692][tid 33260] INFO TabBand::EnsureSessionStore window token CB3144E6-731B-4CB3-B69B-AFB9B206AED8
[2025-11-27T20:39:55.665Z][pid 30692][tid 33260] INFO TabBand::EnsureSessionStore using storage path C:\Users\ben\AppData\Roaming\ShellTabs\session-CB3144E6-731B-4CB3-B69B-AFB9B206AED8.db
[2025-11-27T20:39:55.665Z][pid 30692][tid 33260] INFO TabBand session crash marker created (post-init)
[2025-11-27T20:39:55.666Z][pid 30692][tid 33260] INFO TabBand::EnsureWindow created window hwnd=00000000008A2E46
[2025-11-27T20:39:55.666Z][pid 30692][tid 33260] INFO TabBand::SetSite EnsureSessionStore
[2025-11-27T20:39:55.667Z][pid 30692][tid 33260] INFO TabBand::SetSite BrowserEvents connected
[2025-11-27T20:39:55.667Z][pid 30692][tid 33260] INFO TabBand::SetSite InitializeTabs
[2025-11-27T20:39:55.667Z][pid 30692][tid 33260] INFO TabBand::InitializeTabs - begin
[2025-11-27T20:39:55.667Z][pid 30692][tid 33260] INFO TabBand::InitializeTabs - end
[2025-11-27T20:39:55.667Z][pid 30692][tid 33260] INFO TabBand::SetSite UpdateTabsUI (initial)
[2025-11-27T20:39:55.667Z][pid 30692][tid 33260] INFO TabBand::UpdateTabsUI applying 1 items
[2025-11-27T20:39:55.667Z][pid 30692][tid 19028] INFO TabBand::RunBackgroundInitialization begin (this=000000001C291D90, seq=1)
[2025-11-27T20:39:55.667Z][pid 30692][tid 33260] INFO TabBand::SetSite completed successfully
[2025-11-27T20:39:55.667Z][pid 30692][tid 19028] INFO TabBand session crash marker created
[2025-11-27T20:39:55.668Z][pid 30692][tid 19028] INFO SessionStore restored snapshot from C:\Users\ben\AppData\Roaming\ShellTabs\session-CB3144E6-731B-4CB3-B69B-AFB9B206AED8.db (primary)
[2025-11-27T20:39:55.694Z][pid 30692][tid 33260] INFO CExplorerBHO::SetSite attaching to site=000000001C6A6098
[2025-11-27T20:39:55.694Z][pid 30692][tid 33260] INFO Cleared Open In New Tab pending state
[2025-11-27T20:39:55.694Z][pid 30692][tid 33260] INFO EnsureBandVisible: invoking ShowBrowserBar for host=0000000000BB018E (attempt 1)
[2025-11-27T20:39:55.696Z][pid 30692][tid 33260] INFO EnsureBandVisible: ShowBrowserBar succeeded for host=0000000000BB018E on attempt 1
[2025-11-27T20:39:55.697Z][pid 30692][tid 33260] INFO Installed progress gradient subclass on hwnd=000000000116284E
[2025-11-27T20:39:55.697Z][pid 30692][tid 33260] INFO Installed travel band subclass (band=0000000000542474 toolbar=0000000000E62CFE)
[2025-11-27T20:39:55.697Z][pid 30692][tid 33260] INFO Breadcrumb CBT hook installed for thread 33260
[2025-11-27T20:39:55.697Z][pid 30692][tid 33260] INFO Breadcrumb gradients enabled; locating toolbar (installed=0 background=0 text=1)
[2025-11-27T20:39:55.697Z][pid 30692][tid 33260] INFO Breadcrumb QueryService(IShellBrowser) failed: 0x80004001
[2025-11-27T20:39:55.697Z][pid 30692][tid 33260] INFO Breadcrumb ribbon frame discovered via IShellBrowser (hwnd=0000000006732D1E)
[2025-11-27T20:39:55.697Z][pid 30692][tid 33260] INFO Breadcrumb toolbar located via deep enumeration (hwnd=0000000002952D60)
[2025-11-27T20:39:55.697Z][pid 30692][tid 33260] INFO Installed breadcrumb gradient subclass on hwnd=0000000002952D60
[2025-11-27T20:39:55.698Z][pid 30692][tid 33260] INFO Installed progress gradient subclass on hwnd=000000000116284E
[2025-11-27T20:39:55.698Z][pid 30692][tid 33260] INFO Breadcrumb gradients enabled; locating toolbar (installed=1 background=0 text=1)
[2025-11-27T20:39:55.698Z][pid 30692][tid 33260] INFO Breadcrumb QueryService(IShellBrowser) failed: 0x80004001
[2025-11-27T20:39:55.698Z][pid 30692][tid 33260] INFO Breadcrumb ribbon frame discovered via IShellBrowser (hwnd=0000000006732D1E)
[2025-11-27T20:39:55.698Z][pid 30692][tid 33260] INFO Breadcrumb toolbar located via deep enumeration (hwnd=0000000002952D60)
[2025-11-27T20:39:55.698Z][pid 30692][tid 33260] INFO Cleared Open In New Tab pending state
[2025-11-27T20:39:55.764Z][pid 30692][tid 33260] INFO TabBand::HandleInitializationResult applying sequence 1
[2025-11-27T20:39:55.764Z][pid 30692][tid 33260] INFO TabBand::RestoreSession loaded 2 groups
[2025-11-27T20:39:55.768Z][pid 30692][tid 33260] INFO TabBand::UpdateTabsUI applying 7 items
[2025-11-27T20:39:55.769Z][pid 30692][tid 33260] INFO Breadcrumb QueryService(IShellBrowser) failed: 0x80004001
[2025-11-27T20:39:55.769Z][pid 30692][tid 33260] INFO Breadcrumb ribbon frame discovered via IShellBrowser (hwnd=0000000006732D1E)
[2025-11-27T20:39:55.769Z][pid 30692][tid 33260] INFO Breadcrumb ribbon frame discovered via IWebBrowser2 (hwnd=0000000006732D1E)
[2025-11-27T20:39:55.769Z][pid 30692][tid 33260] INFO Breadcrumb toolbar located via window enumeration (hwnd=00000000004A001C)
[2025-11-27T20:39:55.770Z][pid 30692][tid 33260] INFO Installed breadcrumb gradient subclass on hwnd=00000000004A001C
[2025-11-27T20:39:55.770Z][pid 30692][tid 33260] INFO Installed progress gradient subclass on hwnd=000000000116284E
[2025-11-27T20:39:55.770Z][pid 30692][tid 33260] INFO Cleared Open In New Tab pending state
[2025-11-27T20:39:55.820Z][pid 30692][tid 33260] INFO TabBand::UpdateTabsUI applying 7 items
[2025-11-27T20:39:55.821Z][pid 30692][tid 33260] INFO Breadcrumb gradients enabled; locating toolbar (installed=1 background=0 text=1)
[2025-11-27T20:39:55.821Z][pid 30692][tid 33260] INFO Breadcrumb QueryService(IShellBrowser) failed: 0x80004001
[2025-11-27T20:39:55.821Z][pid 30692][tid 33260] INFO Breadcrumb ribbon frame discovered via IShellBrowser (hwnd=0000000006732D1E)
[2025-11-27T20:39:55.821Z][pid 30692][tid 33260] INFO Breadcrumb ribbon frame discovered via IWebBrowser2 (hwnd=0000000006732D1E)
[2025-11-27T20:39:55.821Z][pid 30692][tid 33260] INFO Breadcrumb toolbar located via window enumeration (hwnd=00000000004A001C)
[2025-11-27T20:39:55.821Z][pid 30692][tid 33260] INFO Cleared Open In New Tab pending state
[2025-11-27T20:39:55.821Z][pid 30692][tid 33260] INFO Installed shell view window subclass (view=0000000001D1333A)
[2025-11-27T20:39:55.821Z][pid 30692][tid 33260] INFO Installed explorer frame subclass (frame=0000000000BB018E)
[2025-11-27T20:39:55.822Z][pid 30692][tid 33260] INFO Cleared Open In New Tab pending state
[2025-11-27T20:39:55.822Z][pid 30692][tid 33260] INFO Explorer view base subclass ready (view=0000000001D1333A frame=0000000000BB018E)
[2025-11-27T20:39:55.822Z][pid 30692][tid 33260] VERBOSE DirectUI IUIElement unavailable (hr=0x80004001)
[2025-11-27T20:39:55.822Z][pid 30692][tid 33260] INFO Installed explorer DirectUI host subclass (direct=00000000045B07C0)
[2025-11-27T20:39:55.822Z][pid 30692][tid 33260] INFO Installed explorer tree view subclass (tree=00000000015D2774)
[2025-11-27T20:39:55.822Z][pid 30692][tid 33260] INFO Explorer pane creation watch armed (view=0000000001D1333A list=1 tree=0)
[2025-11-27T20:39:55.822Z][pid 30692][tid 33260] INFO Explorer pane fallback timer armed (view=0000000001D1333A delay=500)
[2025-11-27T20:39:55.822Z][pid 30692][tid 33260] INFO Explorer panes not ready: list view missing (view=0000000001D1333A)
[2025-11-27T20:39:55.823Z][pid 30692][tid 33260] INFO Explorer pane retry timer armed (view=0000000001D1333A delay=500 attempts=1)
[2025-11-27T20:39:55.823Z][pid 30692][tid 33260] INFO TabBand::UpdateTabsUI applying 7 items
[2025-11-27T20:39:55.823Z][pid 30692][tid 33260] INFO Breadcrumb QueryService(IShellBrowser) failed: 0x80004001
[2025-11-27T20:39:55.823Z][pid 30692][tid 33260] INFO Breadcrumb ribbon frame discovered via IShellBrowser (hwnd=0000000006732D1E)
[2025-11-27T20:39:55.823Z][pid 30692][tid 33260] INFO Breadcrumb ribbon frame discovered via IWebBrowser2 (hwnd=0000000006732D1E)
[2025-11-27T20:39:55.823Z][pid 30692][tid 33260] INFO Breadcrumb toolbar located via window enumeration (hwnd=00000000004A001C)
[2025-11-27T20:39:55.824Z][pid 30692][tid 33260] INFO Explorer pane creation watch cleared (view=0000000001D1333A)
[2025-11-27T20:39:55.824Z][pid 30692][tid 33260] INFO Cleared Open In New Tab pending state
[2025-11-27T20:39:55.824Z][pid 30692][tid 33260] INFO Installed shell view window subclass (view=0000000001D1333A)
[2025-11-27T20:39:55.824Z][pid 30692][tid 33260] INFO Installed explorer frame subclass (frame=0000000000BB018E)
[2025-11-27T20:39:55.824Z][pid 30692][tid 33260] INFO Cleared Open In New Tab pending state
[2025-11-27T20:39:55.824Z][pid 30692][tid 33260] INFO Explorer view base subclass ready (view=0000000001D1333A frame=0000000000BB018E)
[2025-11-27T20:39:55.824Z][pid 30692][tid 33260] VERBOSE DirectUI IUIElement unavailable (hr=0x80004001)
[2025-11-27T20:39:55.824Z][pid 30692][tid 33260] INFO Installed explorer DirectUI host subclass (direct=00000000045B07C0)
[2025-11-27T20:39:55.824Z][pid 30692][tid 33260] INFO Installed explorer tree view subclass (tree=00000000015D2774)
[2025-11-27T20:39:55.825Z][pid 30692][tid 33260] INFO Explorer pane creation watch armed (view=0000000001D1333A list=1 tree=0)
[2025-11-27T20:39:55.825Z][pid 30692][tid 33260] INFO Explorer pane fallback timer armed (view=0000000001D1333A delay=500)
[2025-11-27T20:39:55.825Z][pid 30692][tid 33260] INFO Explorer panes not ready: list view missing (view=0000000001D1333A)
[2025-11-27T20:39:55.825Z][pid 30692][tid 33260] INFO Explorer pane retry timer armed (view=0000000001D1333A delay=500 attempts=1)
[2025-11-27T20:39:55.853Z][pid 30692][tid 33260] INFO TabBand::UpdateTabsUI applying 7 items
[2025-11-27T20:39:55.856Z][pid 30692][tid 33260] INFO TabBand::UpdateTabsUI applying 7 items
[2025-11-27T20:39:55.857Z][pid 30692][tid 33260] INFO Breadcrumb QueryService(IShellBrowser) failed: 0x80004001
[2025-11-27T20:39:55.857Z][pid 30692][tid 33260] INFO Breadcrumb ribbon frame discovered via IShellBrowser (hwnd=0000000006732D1E)
[2025-11-27T20:39:55.857Z][pid 30692][tid 33260] INFO Breadcrumb ribbon frame discovered via IWebBrowser2 (hwnd=0000000006732D1E)
[2025-11-27T20:39:55.857Z][pid 30692][tid 33260] INFO Breadcrumb toolbar located via window enumeration (hwnd=00000000004A001C)
[2025-11-27T20:39:55.857Z][pid 30692][tid 33260] INFO Explorer pane creation watch cleared (view=0000000001D1333A)
[2025-11-27T20:39:55.857Z][pid 30692][tid 33260] INFO Cleared Open In New Tab pending state
[2025-11-27T20:39:55.858Z][pid 30692][tid 33260] INFO Installed shell view window subclass (view=0000000001D1333A)
[2025-11-27T20:39:55.858Z][pid 30692][tid 33260] INFO Installed explorer frame subclass (frame=0000000000BB018E)
[2025-11-27T20:39:55.858Z][pid 30692][tid 33260] INFO Cleared Open In New Tab pending state
[2025-11-27T20:39:55.858Z][pid 30692][tid 33260] INFO Explorer view base subclass ready (view=0000000001D1333A frame=0000000000BB018E)
[2025-11-27T20:39:55.858Z][pid 30692][tid 33260] VERBOSE DirectUI IUIElement unavailable (hr=0x80004001)
[2025-11-27T20:39:55.858Z][pid 30692][tid 33260] INFO Installed explorer DirectUI host subclass (direct=00000000045B07C0)
[2025-11-27T20:39:55.858Z][pid 30692][tid 33260] INFO Installed explorer tree view subclass (tree=00000000015D2774)
[2025-11-27T20:39:55.858Z][pid 30692][tid 33260] INFO Explorer pane creation watch armed (view=0000000001D1333A list=1 tree=0)
[2025-11-27T20:39:55.858Z][pid 30692][tid 33260] INFO Explorer pane fallback timer armed (view=0000000001D1333A delay=500)
[2025-11-27T20:39:55.859Z][pid 30692][tid 33260] INFO Explorer panes not ready: list view missing (view=0000000001D1333A)
[2025-11-27T20:39:55.859Z][pid 30692][tid 33260] INFO Explorer pane retry timer armed (view=0000000001D1333A delay=500 attempts=1)
[2025-11-27T20:39:55.863Z][pid 30692][tid 33260] INFO Installed explorer list host subclass (host=0000000000BB018E)
[2025-11-27T20:39:55.863Z][pid 30692][tid 33260] INFO Installed explorer list host subclass (host=00000000000F33A8)
[2025-11-27T20:39:55.863Z][pid 30692][tid 33260] INFO Installed explorer list host subclass (host=0000000003961810)
[2025-11-27T20:39:55.863Z][pid 30692][tid 33260] INFO Installed explorer list host subclass (host=0000000006732D1E)
[2025-11-27T20:39:55.864Z][pid 30692][tid 33260] INFO Installed explorer list host subclass (host=0000000004461A8C)
[2025-11-27T20:39:55.871Z][pid 30692][tid 33260] INFO Explorer pane creation watch armed (view=0000000001D1333A list=1 tree=1)
[2025-11-27T20:39:55.871Z][pid 30692][tid 33260] INFO Explorer panes not ready: tree view missing (view=0000000001D1333A)
[2025-11-27T20:39:55.873Z][pid 30692][tid 33260] INFO Cleared Open In New Tab pending state
[2025-11-27T20:39:55.873Z][pid 30692][tid 33260] INFO CExplorerBHO::SetSite detaching from site
[2025-11-27T20:39:55.873Z][pid 30692][tid 33260] INFO Breadcrumb CBT hook removed for thread 33260
[2025-11-27T20:39:55.873Z][pid 30692][tid 33260] INFO Explorer pane creation watch cleared (view=0000000000000000)
[2025-11-27T20:39:55.873Z][pid 30692][tid 33260] INFO Cleared Open In New Tab pending state
[2025-11-27T20:39:55.874Z][pid 30692][tid 33260] INFO Cleared Open In New Tab pending state
[2025-11-27T20:39:55.877Z][pid 30692][tid 33260] INFO TabBand::DisconnectSite (this=000000001C291D90)
[2025-11-27T20:39:55.878Z][pid 30692][tid 33260] INFO TabBand::SetSite begin (this=000000001C291D90, site=0000000000000000)
[2025-11-27T20:39:55.878Z][pid 30692][tid 33260] INFO TabBand::SetSite site unchanged
[2025-11-27T20:39:55.878Z][pid 30692][tid 33260] INFO TabBand destroyed (this=000000001C291D90)
[2025-11-27T20:39:55.879Z][pid 30692][tid 33260] INFO TabBand::DisconnectSite (this=000000001C291D90)
[2025-11-27T20:39:55.879Z][pid 30692][tid 33260] INFO TabBand::EnsureSessionStore resolving storage (this=000000001C291D90)
[2025-11-27T20:39:55.879Z][pid 30692][tid 33260] INFO TabBand::EnsureSessionStore window token unavailable; deferring initialization
[2025-11-27T20:39:55.980Z][pid 30692][tid 33260] INFO TabBand constructed (this=000000001C291D90)
[2025-11-27T20:39:55.981Z][pid 30692][tid 33260] INFO TabBand::SetSite begin (this=000000001C291D90, site=000000001C9EC368)
[2025-11-27T20:39:55.981Z][pid 30692][tid 33260] INFO TabBand::DisconnectSite (this=000000001C291D90)
[2025-11-27T20:39:55.981Z][pid 30692][tid 33260] INFO TabBand::EnsureSessionStore resolving storage (this=000000001C291D90)
[2025-11-27T20:39:55.981Z][pid 30692][tid 33260] INFO TabBand::EnsureSessionStore window token unavailable; deferring initialization
[2025-11-27T20:39:55.981Z][pid 30692][tid 33260] INFO TabBand::SetSite resolved browser interfaces
[2025-11-27T20:39:55.981Z][pid 30692][tid 33260] INFO TabBand::SetSite EnsureWindow
[2025-11-27T20:39:55.981Z][pid 30692][tid 33260] INFO TabBand::EnsureWindow creating band window (this=000000001C291D90)
[2025-11-27T20:39:55.982Z][pid 30692][tid 33260] INFO TabBand::EnsureSessionStore resolving storage (this=000000001C291D90)
[2025-11-27T20:39:55.982Z][pid 30692][tid 33260] INFO TabBand::ResolveWindowToken adopted crashed session token F37898CD-63A1-4376-8584-D686941CDD4D
[2025-11-27T20:39:55.982Z][pid 30692][tid 33260] INFO TabBand::EnsureSessionStore window token F37898CD-63A1-4376-8584-D686941CDD4D
[2025-11-27T20:39:55.983Z][pid 30692][tid 33260] INFO TabBand::EnsureSessionStore using storage path C:\Users\ben\AppData\Roaming\ShellTabs\session-F37898CD-63A1-4376-8584-D686941CDD4D.db
[2025-11-27T20:39:55.983Z][pid 30692][tid 33260] INFO TabBand session crash marker created (post-init)
[2025-11-27T20:39:55.985Z][pid 30692][tid 33260] INFO TabBand::EnsureWindow created window hwnd=00000000005709C6
[2025-11-27T20:39:55.985Z][pid 30692][tid 33260] INFO TabBand::SetSite EnsureSessionStore
[2025-11-27T20:39:55.985Z][pid 30692][tid 33260] INFO TabBand::SetSite BrowserEvents connected
[2025-11-27T20:39:55.985Z][pid 30692][tid 33260] INFO TabBand::SetSite InitializeTabs
[2025-11-27T20:39:55.985Z][pid 30692][tid 33260] INFO TabBand::InitializeTabs - begin
[2025-11-27T20:39:55.986Z][pid 30692][tid 33260] INFO TabBand::InitializeTabs - end
[2025-11-27T20:39:55.986Z][pid 30692][tid 33260] INFO TabBand::SetSite UpdateTabsUI (initial)
[2025-11-27T20:39:55.986Z][pid 30692][tid 41880] INFO TabBand::RunBackgroundInitialization begin (this=000000001C291D90, seq=1)
[2025-11-27T20:39:55.986Z][pid 30692][tid 33260] INFO TabBand::UpdateTabsUI applying 1 items
[2025-11-27T20:39:55.986Z][pid 30692][tid 33260] INFO TabBand::SetSite completed successfully
[2025-11-27T20:39:55.986Z][pid 30692][tid 41880] INFO TabBand session crash marker created
[2025-11-27T20:39:55.987Z][pid 30692][tid 41880] INFO SessionStore restored snapshot from C:\Users\ben\AppData\Roaming\ShellTabs\session-F37898CD-63A1-4376-8584-D686941CDD4D.db (primary)
[2025-11-27T20:39:56.012Z][pid 30692][tid 33260] INFO CExplorerBHO::SetSite attaching to site=000000001C924EE8
[2025-11-27T20:39:56.012Z][pid 30692][tid 33260] INFO Cleared Open In New Tab pending state
[2025-11-27T20:39:56.012Z][pid 30692][tid 33260] INFO EnsureBandVisible: invoking ShowBrowserBar for host=00000000000F04F8 (attempt 1)
[2025-11-27T20:39:56.015Z][pid 30692][tid 33260] INFO EnsureBandVisible: ShowBrowserBar succeeded for host=00000000000F04F8 on attempt 1
[2025-11-27T20:39:56.016Z][pid 30692][tid 33260] INFO Installed progress gradient subclass on hwnd=0000000001940E04
[2025-11-27T20:39:56.016Z][pid 30692][tid 33260] INFO Installed travel band subclass (band=000000000126333E toolbar=0000000005602CA6)
[2025-11-27T20:39:56.016Z][pid 30692][tid 33260] INFO Breadcrumb CBT hook installed for thread 33260
[2025-11-27T20:39:56.016Z][pid 30692][tid 33260] INFO Breadcrumb gradients enabled; locating toolbar (installed=0 background=0 text=1)
[2025-11-27T20:39:56.017Z][pid 30692][tid 33260] INFO Breadcrumb QueryService(IShellBrowser) failed: 0x80004001
[2025-11-27T20:39:56.017Z][pid 30692][tid 33260] INFO Breadcrumb ribbon frame discovered via IShellBrowser (hwnd=000000000117284E)
[2025-11-27T20:39:56.017Z][pid 30692][tid 33260] INFO Breadcrumb toolbar located via deep enumeration (hwnd=0000000004B62C72)
[2025-11-27T20:39:56.017Z][pid 30692][tid 33260] INFO Installed breadcrumb gradient subclass on hwnd=0000000004B62C72
[2025-11-27T20:39:56.017Z][pid 30692][tid 33260] INFO Installed progress gradient subclass on hwnd=0000000001940E04
[2025-11-27T20:39:56.018Z][pid 30692][tid 33260] INFO Breadcrumb gradients enabled; locating toolbar (installed=1 background=0 text=1)
[2025-11-27T20:39:56.018Z][pid 30692][tid 33260] INFO Breadcrumb QueryService(IShellBrowser) failed: 0x80004001
[2025-11-27T20:39:56.018Z][pid 30692][tid 33260] INFO Breadcrumb ribbon frame discovered via IShellBrowser (hwnd=000000000117284E)
[2025-11-27T20:39:56.018Z][pid 30692][tid 33260] INFO Breadcrumb toolbar located via deep enumeration (hwnd=0000000004B62C72)
[2025-11-27T20:39:56.019Z][pid 30692][tid 33260] INFO Cleared Open In New Tab pending state
[2025-11-27T20:39:56.128Z][pid 30692][tid 33260] INFO TabBand::HandleInitializationResult applying sequence 1
[2025-11-27T20:39:56.128Z][pid 30692][tid 33260] INFO TabBand::RestoreSession loaded 1 groups
[2025-11-27T20:39:56.129Z][pid 30692][tid 33260] INFO TabBand::UpdateTabsUI applying 1 items
[2025-11-27T20:39:56.130Z][pid 30692][tid 33260] INFO Breadcrumb QueryService(IShellBrowser) failed: 0x80004001
[2025-11-27T20:39:56.130Z][pid 30692][tid 33260] INFO Breadcrumb ribbon frame discovered via IShellBrowser (hwnd=000000000117284E)
[2025-11-27T20:39:56.131Z][pid 30692][tid 33260] INFO Breadcrumb ribbon frame discovered via IWebBrowser2 (hwnd=000000000117284E)
[2025-11-27T20:39:56.131Z][pid 30692][tid 33260] INFO Breadcrumb toolbar located via window enumeration (hwnd=00000000016D1814)
[2025-11-27T20:39:56.131Z][pid 30692][tid 33260] INFO Installed breadcrumb gradient subclass on hwnd=00000000016D1814
[2025-11-27T20:39:56.131Z][pid 30692][tid 33260] INFO Installed progress gradient subclass on hwnd=0000000001940E04
[2025-11-27T20:39:56.131Z][pid 30692][tid 33260] INFO Cleared Open In New Tab pending state
[2025-11-27T20:39:56.192Z][pid 30692][tid 33260] INFO TabBand::UpdateTabsUI applying 1 items
[2025-11-27T20:39:56.192Z][pid 30692][tid 33260] INFO Breadcrumb gradients enabled; locating toolbar (installed=1 background=0 text=1)
[2025-11-27T20:39:56.193Z][pid 30692][tid 33260] INFO Breadcrumb QueryService(IShellBrowser) failed: 0x80004001
[2025-11-27T20:39:56.193Z][pid 30692][tid 33260] INFO Breadcrumb ribbon frame discovered via IShellBrowser (hwnd=000000000117284E)
[2025-11-27T20:39:56.193Z][pid 30692][tid 33260] INFO Breadcrumb ribbon frame discovered via IWebBrowser2 (hwnd=000000000117284E)
[2025-11-27T20:39:56.193Z][pid 30692][tid 33260] INFO Breadcrumb toolbar located via window enumeration (hwnd=00000000016D1814)
[2025-11-27T20:39:56.193Z][pid 30692][tid 33260] INFO Cleared Open In New Tab pending state
[2025-11-27T20:39:56.193Z][pid 30692][tid 33260] INFO Installed shell view window subclass (view=0000000003971810)
[2025-11-27T20:39:56.193Z][pid 30692][tid 33260] INFO Installed explorer frame subclass (frame=00000000000F04F8)
[2025-11-27T20:39:56.193Z][pid 30692][tid 33260] INFO Cleared Open In New Tab pending state
[2025-11-27T20:39:56.193Z][pid 30692][tid 33260] INFO Explorer view base subclass ready (view=0000000003971810 frame=00000000000F04F8)
[2025-11-27T20:39:56.194Z][pid 30692][tid 33260] VERBOSE DirectUI IUIElement unavailable (hr=0x80004001)
[2025-11-27T20:39:56.194Z][pid 30692][tid 33260] INFO Installed explorer DirectUI host subclass (direct=00000000001033A8)
[2025-11-27T20:39:56.194Z][pid 30692][tid 33260] INFO Installed explorer tree view subclass (tree=00000000041402D0)
[2025-11-27T20:39:56.194Z][pid 30692][tid 33260] INFO Explorer pane creation watch armed (view=0000000003971810 list=1 tree=0)
[2025-11-27T20:39:56.194Z][pid 30692][tid 33260] INFO Explorer pane fallback timer armed (view=0000000003971810 delay=500)
[2025-11-27T20:39:56.194Z][pid 30692][tid 33260] INFO Explorer panes not ready: list view missing (view=0000000003971810)
[2025-11-27T20:39:56.194Z][pid 30692][tid 33260] INFO Explorer pane retry timer armed (view=0000000003971810 delay=500 attempts=1)
[2025-11-27T20:39:56.195Z][pid 30692][tid 33260] INFO TabBand::UpdateTabsUI applying 1 items
[2025-11-27T20:39:56.195Z][pid 30692][tid 33260] INFO Breadcrumb QueryService(IShellBrowser) failed: 0x80004001
[2025-11-27T20:39:56.195Z][pid 30692][tid 33260] INFO Breadcrumb ribbon frame discovered via IShellBrowser (hwnd=000000000117284E)
[2025-11-27T20:39:56.195Z][pid 30692][tid 33260] INFO Breadcrumb ribbon frame discovered via IWebBrowser2 (hwnd=000000000117284E)
[2025-11-27T20:39:56.195Z][pid 30692][tid 33260] INFO Breadcrumb toolbar located via window enumeration (hwnd=00000000016D1814)
[2025-11-27T20:39:56.196Z][pid 30692][tid 33260] INFO Explorer pane creation watch cleared (view=0000000003971810)
[2025-11-27T20:39:56.196Z][pid 30692][tid 33260] INFO Cleared Open In New Tab pending state
[2025-11-27T20:39:56.196Z][pid 30692][tid 33260] INFO Installed shell view window subclass (view=0000000003971810)
[2025-11-27T20:39:56.196Z][pid 30692][tid 33260] INFO Installed explorer frame subclass (frame=00000000000F04F8)
[2025-11-27T20:39:56.196Z][pid 30692][tid 33260] INFO Cleared Open In New Tab pending state
[2025-11-27T20:39:56.196Z][pid 30692][tid 33260] INFO Explorer view base subclass ready (view=0000000003971810 frame=00000000000F04F8)
[2025-11-27T20:39:56.196Z][pid 30692][tid 33260] VERBOSE DirectUI IUIElement unavailable (hr=0x80004001)
[2025-11-27T20:39:56.197Z][pid 30692][tid 33260] INFO Installed explorer DirectUI host subclass (direct=00000000001033A8)
[2025-11-27T20:39:56.197Z][pid 30692][tid 33260] INFO Installed explorer tree view subclass (tree=00000000041402D0)
[2025-11-27T20:39:56.197Z][pid 30692][tid 33260] INFO Explorer pane creation watch armed (view=0000000003971810 list=1 tree=0)
[2025-11-27T20:39:56.197Z][pid 30692][tid 33260] INFO Explorer pane fallback timer armed (view=0000000003971810 delay=500)
[2025-11-27T20:39:56.197Z][pid 30692][tid 33260] INFO Explorer panes not ready: list view missing (view=0000000003971810)
[2025-11-27T20:39:56.197Z][pid 30692][tid 33260] INFO Explorer pane retry timer armed (view=0000000003971810 delay=500 attempts=1)
[2025-11-27T20:39:56.206Z][pid 30692][tid 33260] INFO TabBand::UpdateTabsUI applying 1 items
[2025-11-27T20:39:56.209Z][pid 30692][tid 33260] INFO TabBand::UpdateTabsUI applying 1 items
[2025-11-27T20:39:56.210Z][pid 30692][tid 33260] INFO Breadcrumb QueryService(IShellBrowser) failed: 0x80004001
[2025-11-27T20:39:56.210Z][pid 30692][tid 33260] INFO Breadcrumb ribbon frame discovered via IShellBrowser (hwnd=000000000117284E)
[2025-11-27T20:39:56.210Z][pid 30692][tid 33260] INFO Breadcrumb ribbon frame discovered via IWebBrowser2 (hwnd=000000000117284E)
[2025-11-27T20:39:56.210Z][pid 30692][tid 33260] INFO Breadcrumb toolbar located via window enumeration (hwnd=00000000016D1814)
[2025-11-27T20:39:56.211Z][pid 30692][tid 33260] INFO Explorer pane creation watch cleared (view=0000000003971810)
[2025-11-27T20:39:56.211Z][pid 30692][tid 33260] INFO Cleared Open In New Tab pending state
[2025-11-27T20:39:56.211Z][pid 30692][tid 33260] INFO Installed shell view window subclass (view=0000000003971810)
[2025-11-27T20:39:56.211Z][pid 30692][tid 33260] INFO Installed explorer frame subclass (frame=00000000000F04F8)
[2025-11-27T20:39:56.211Z][pid 30692][tid 33260] INFO Cleared Open In New Tab pending state
[2025-11-27T20:39:56.211Z][pid 30692][tid 33260] INFO Explorer view base subclass ready (view=0000000003971810 frame=00000000000F04F8)
[2025-11-27T20:39:56.211Z][pid 30692][tid 33260] VERBOSE DirectUI IUIElement unavailable (hr=0x80004001)
[2025-11-27T20:39:56.211Z][pid 30692][tid 33260] INFO Installed explorer DirectUI host subclass (direct=00000000001033A8)
[2025-11-27T20:39:56.211Z][pid 30692][tid 33260] INFO Installed explorer tree view subclass (tree=00000000041402D0)
[2025-11-27T20:39:56.212Z][pid 30692][tid 33260] INFO Explorer pane creation watch armed (view=0000000003971810 list=1 tree=0)
[2025-11-27T20:39:56.212Z][pid 30692][tid 33260] INFO Explorer pane fallback timer armed (view=0000000003971810 delay=500)
[2025-11-27T20:39:56.212Z][pid 30692][tid 33260] INFO Explorer panes not ready: list view missing (view=0000000003971810)
[2025-11-27T20:39:56.212Z][pid 30692][tid 33260] INFO Explorer pane retry timer armed (view=0000000003971810 delay=500 attempts=1)
[2025-11-27T20:39:56.215Z][pid 30692][tid 33260] INFO Installed explorer list host subclass (host=00000000000F04F8)
[2025-11-27T20:39:56.216Z][pid 30692][tid 33260] INFO Installed explorer list host subclass (host=00000000008006FA)
[2025-11-27T20:39:56.216Z][pid 30692][tid 33260] INFO Installed explorer list host subclass (host=00000000026A30A0)
[2025-11-27T20:39:56.216Z][pid 30692][tid 33260] INFO Installed explorer list host subclass (host=000000000117284E)
[2025-11-27T20:39:56.216Z][pid 30692][tid 33260] INFO Installed explorer list host subclass (host=00000000011E0240)
[2025-11-27T20:39:56.226Z][pid 30692][tid 33260] INFO Explorer pane creation watch armed (view=0000000003971810 list=1 tree=1)
[2025-11-27T20:39:56.226Z][pid 30692][tid 33260] INFO Explorer panes not ready: tree view missing (view=0000000003971810)
[2025-11-27T20:39:56.227Z][pid 30692][tid 33260] INFO Cleared Open In New Tab pending state
[2025-11-27T20:39:56.228Z][pid 30692][tid 33260] INFO CExplorerBHO::SetSite detaching from site
[2025-11-27T20:39:56.228Z][pid 30692][tid 33260] INFO Breadcrumb CBT hook removed for thread 33260
[2025-11-27T20:39:56.228Z][pid 30692][tid 33260] INFO Explorer pane creation watch cleared (view=0000000000000000)
[2025-11-27T20:39:56.228Z][pid 30692][tid 33260] INFO Cleared Open In New Tab pending state
[2025-11-27T20:39:56.228Z][pid 30692][tid 33260] INFO Cleared Open In New Tab pending state
[2025-11-27T20:39:56.230Z][pid 30692][tid 33260] INFO TabBand::DisconnectSite (this=000000001C291D90)
[2025-11-27T20:39:56.231Z][pid 30692][tid 33260] INFO TabBand::SetSite begin (this=000000001C291D90, site=0000000000000000)
[2025-11-27T20:39:56.231Z][pid 30692][tid 33260] INFO TabBand::SetSite site unchanged
[2025-11-27T20:39:56.231Z][pid 30692][tid 33260] INFO TabBand destroyed (this=000000001C291D90)
[2025-11-27T20:39:56.231Z][pid 30692][tid 33260] INFO TabBand::DisconnectSite (this=000000001C291D90)
[2025-11-27T20:39:56.231Z][pid 30692][tid 33260] INFO TabBand::EnsureSessionStore resolving storage (this=000000001C291D90)
[2025-11-27T20:39:56.231Z][pid 30692][tid 33260] INFO TabBand::EnsureSessionStore window token unavailable; deferring initialization
[2025-11-27T20:40:00.039Z][pid 30692][tid 33260] INFO TabBand constructed (this=000000001C8DBDB0)
[2025-11-27T20:40:00.039Z][pid 30692][tid 33260] INFO TabBand::SetSite begin (this=000000001C8DBDB0, site=000000001C971028)
[2025-11-27T20:40:00.039Z][pid 30692][tid 33260] INFO TabBand::DisconnectSite (this=000000001C8DBDB0)
[2025-11-27T20:40:00.039Z][pid 30692][tid 33260] INFO TabBand::EnsureSessionStore resolving storage (this=000000001C8DBDB0)
[2025-11-27T20:40:00.039Z][pid 30692][tid 33260] INFO TabBand::EnsureSessionStore window token unavailable; deferring initialization
[2025-11-27T20:40:00.040Z][pid 30692][tid 33260] INFO TabBand::SetSite resolved browser interfaces
[2025-11-27T20:40:00.040Z][pid 30692][tid 33260] INFO TabBand::SetSite EnsureWindow
[2025-11-27T20:40:00.040Z][pid 30692][tid 33260] INFO TabBand::EnsureWindow creating band window (this=000000001C8DBDB0)
[2025-11-27T20:40:00.041Z][pid 30692][tid 33260] INFO TabBand::EnsureSessionStore resolving storage (this=000000001C8DBDB0)
[2025-11-27T20:40:00.041Z][pid 30692][tid 33260] INFO TabBand::ResolveWindowToken adopted crashed session token FEEBE0E5-5590-490A-8372-38FF65FAB5AD
[2025-11-27T20:40:00.041Z][pid 30692][tid 33260] INFO TabBand::EnsureSessionStore window token FEEBE0E5-5590-490A-8372-38FF65FAB5AD
[2025-11-27T20:40:00.041Z][pid 30692][tid 33260] INFO TabBand::EnsureSessionStore using storage path C:\Users\ben\AppData\Roaming\ShellTabs\session-FEEBE0E5-5590-490A-8372-38FF65FAB5AD.db
[2025-11-27T20:40:00.042Z][pid 30692][tid 33260] INFO TabBand session crash marker created (post-init)
[2025-11-27T20:40:00.043Z][pid 30692][tid 33260] INFO TabBand::EnsureWindow created window hwnd=000000000328283A
[2025-11-27T20:40:00.043Z][pid 30692][tid 33260] INFO TabBand::SetSite EnsureSessionStore
[2025-11-27T20:40:00.043Z][pid 30692][tid 33260] INFO TabBand::SetSite BrowserEvents connected
[2025-11-27T20:40:00.043Z][pid 30692][tid 33260] INFO TabBand::SetSite InitializeTabs
[2025-11-27T20:40:00.043Z][pid 30692][tid 33260] INFO TabBand::InitializeTabs - begin
[2025-11-27T20:40:00.043Z][pid 30692][tid 33260] INFO TabBand::InitializeTabs - end
[2025-11-27T20:40:00.043Z][pid 30692][tid 33260] INFO TabBand::SetSite UpdateTabsUI (initial)
[2025-11-27T20:40:00.043Z][pid 30692][tid 33260] INFO TabBand::UpdateTabsUI applying 1 items
[2025-11-27T20:40:00.043Z][pid 30692][tid 33260] INFO TabBand::SetSite completed successfully
[2025-11-27T20:40:00.043Z][pid 30692][tid 6432] INFO TabBand::RunBackgroundInitialization begin (this=000000001C8DBDB0, seq=1)
[2025-11-27T20:40:00.044Z][pid 30692][tid 6432] INFO TabBand session crash marker created
[2025-11-27T20:40:00.044Z][pid 30692][tid 6432] INFO SessionStore restored snapshot from C:\Users\ben\AppData\Roaming\ShellTabs\session-FEEBE0E5-5590-490A-8372-38FF65FAB5AD.db (primary)
[2025-11-27T20:40:00.072Z][pid 30692][tid 33260] INFO CExplorerBHO::SetSite attaching to site=000000001C69D5A8
[2025-11-27T20:40:00.072Z][pid 30692][tid 33260] INFO Cleared Open In New Tab pending state
[2025-11-27T20:40:00.072Z][pid 30692][tid 33260] INFO EnsureBandVisible: invoking ShowBrowserBar for host=00000000008D2E46 (attempt 1)
[2025-11-27T20:40:00.075Z][pid 30692][tid 33260] INFO EnsureBandVisible: ShowBrowserBar succeeded for host=00000000008D2E46 on attempt 1
[2025-11-27T20:40:00.076Z][pid 30692][tid 33260] INFO Installed progress gradient subclass on hwnd=0000000003AC095A
[2025-11-27T20:40:00.076Z][pid 30692][tid 33260] INFO Installed travel band subclass (band=00000000003C2DA6 toolbar=0000000000852E50)
[2025-11-27T20:40:00.076Z][pid 30692][tid 33260] INFO Breadcrumb CBT hook installed for thread 33260
[2025-11-27T20:40:00.076Z][pid 30692][tid 33260] INFO Breadcrumb gradients enabled; locating toolbar (installed=0 background=0 text=1)
[2025-11-27T20:40:00.076Z][pid 30692][tid 33260] INFO Breadcrumb QueryService(IShellBrowser) failed: 0x80004001
[2025-11-27T20:40:00.076Z][pid 30692][tid 33260] INFO Breadcrumb ribbon frame discovered via IShellBrowser (hwnd=00000000044A1A8C)
[2025-11-27T20:40:00.076Z][pid 30692][tid 33260] INFO Breadcrumb toolbar located via deep enumeration (hwnd=0000000000E82CFE)
[2025-11-27T20:40:00.077Z][pid 30692][tid 33260] INFO Installed breadcrumb gradient subclass on hwnd=0000000000E82CFE
[2025-11-27T20:40:00.077Z][pid 30692][tid 33260] INFO Installed progress gradient subclass on hwnd=0000000003AC095A
[2025-11-27T20:40:00.077Z][pid 30692][tid 33260] INFO Breadcrumb gradients enabled; locating toolbar (installed=1 background=0 text=1)
[2025-11-27T20:40:00.077Z][pid 30692][tid 33260] INFO Breadcrumb QueryService(IShellBrowser) failed: 0x80004001
[2025-11-27T20:40:00.077Z][pid 30692][tid 33260] INFO Breadcrumb ribbon frame discovered via IShellBrowser (hwnd=00000000044A1A8C)
[2025-11-27T20:40:00.077Z][pid 30692][tid 33260] INFO Breadcrumb toolbar located via deep enumeration (hwnd=0000000000E82CFE)
[2025-11-27T20:40:00.078Z][pid 30692][tid 33260] INFO Cleared Open In New Tab pending state
[2025-11-27T20:40:00.174Z][pid 30692][tid 33260] INFO TabBand::HandleInitializationResult applying sequence 1
[2025-11-27T20:40:00.174Z][pid 30692][tid 33260] INFO TabBand::RestoreSession loaded 1 groups
[2025-11-27T20:40:00.175Z][pid 30692][tid 33260] INFO TabBand::UpdateTabsUI applying 1 items
[2025-11-27T20:40:00.175Z][pid 30692][tid 33260] INFO Breadcrumb QueryService(IShellBrowser) failed: 0x80004001
[2025-11-27T20:40:00.176Z][pid 30692][tid 33260] INFO Breadcrumb ribbon frame discovered via IShellBrowser (hwnd=00000000044A1A8C)
[2025-11-27T20:40:00.176Z][pid 30692][tid 33260] INFO Breadcrumb ribbon frame discovered via IWebBrowser2 (hwnd=00000000044A1A8C)
[2025-11-27T20:40:00.176Z][pid 30692][tid 33260] INFO Breadcrumb toolbar located via window enumeration (hwnd=0000000002742E64)
[2025-11-27T20:40:00.176Z][pid 30692][tid 33260] INFO Installed breadcrumb gradient subclass on hwnd=0000000002742E64
[2025-11-27T20:40:00.176Z][pid 30692][tid 33260] INFO Installed progress gradient subclass on hwnd=0000000003AC095A
[2025-11-27T20:40:00.176Z][pid 30692][tid 33260] INFO Cleared Open In New Tab pending state
[2025-11-27T20:40:00.234Z][pid 30692][tid 33260] INFO TabBand::UpdateTabsUI applying 1 items
[2025-11-27T20:40:00.235Z][pid 30692][tid 33260] INFO Breadcrumb gradients enabled; locating toolbar (installed=1 background=0 text=1)
[2025-11-27T20:40:00.235Z][pid 30692][tid 33260] INFO Breadcrumb QueryService(IShellBrowser) failed: 0x80004001
[2025-11-27T20:40:00.235Z][pid 30692][tid 33260] INFO Breadcrumb ribbon frame discovered via IShellBrowser (hwnd=00000000044A1A8C)
[2025-11-27T20:40:00.236Z][pid 30692][tid 33260] INFO Breadcrumb ribbon frame discovered via IWebBrowser2 (hwnd=00000000044A1A8C)
[2025-11-27T20:40:00.236Z][pid 30692][tid 33260] INFO Breadcrumb toolbar located via window enumeration (hwnd=0000000002742E64)
[2025-11-27T20:40:00.236Z][pid 30692][tid 33260] INFO Cleared Open In New Tab pending state
[2025-11-27T20:40:00.236Z][pid 30692][tid 33260] INFO Installed shell view window subclass (view=00000000008106FA)
[2025-11-27T20:40:00.236Z][pid 30692][tid 33260] INFO Installed explorer frame subclass (frame=00000000008D2E46)
[2025-11-27T20:40:00.236Z][pid 30692][tid 33260] INFO Cleared Open In New Tab pending state
[2025-11-27T20:40:00.236Z][pid 30692][tid 33260] INFO Explorer view base subclass ready (view=00000000008106FA frame=00000000008D2E46)
[2025-11-27T20:40:00.236Z][pid 30692][tid 33260] VERBOSE DirectUI IUIElement unavailable (hr=0x80004001)
[2025-11-27T20:40:00.236Z][pid 30692][tid 33260] INFO Installed explorer DirectUI host subclass (direct=00000000000C0460)
[2025-11-27T20:40:00.237Z][pid 30692][tid 33260] INFO Installed explorer tree view subclass (tree=00000000015F2774)
[2025-11-27T20:40:00.237Z][pid 30692][tid 33260] INFO Explorer pane creation watch armed (view=00000000008106FA list=1 tree=0)
[2025-11-27T20:40:00.237Z][pid 30692][tid 33260] INFO Explorer pane fallback timer armed (view=00000000008106FA delay=500)
[2025-11-27T20:40:00.237Z][pid 30692][tid 33260] INFO Explorer panes not ready: list view missing (view=00000000008106FA)
[2025-11-27T20:40:00.237Z][pid 30692][tid 33260] INFO Explorer pane retry timer armed (view=00000000008106FA delay=500 attempts=1)
[2025-11-27T20:40:00.237Z][pid 30692][tid 33260] INFO TabBand::UpdateTabsUI applying 1 items
[2025-11-27T20:40:00.238Z][pid 30692][tid 33260] INFO Breadcrumb QueryService(IShellBrowser) failed: 0x80004001
[2025-11-27T20:40:00.238Z][pid 30692][tid 33260] INFO Breadcrumb ribbon frame discovered via IShellBrowser (hwnd=00000000044A1A8C)
[2025-11-27T20:40:00.238Z][pid 30692][tid 33260] INFO Breadcrumb ribbon frame discovered via IWebBrowser2 (hwnd=00000000044A1A8C)
[2025-11-27T20:40:00.238Z][pid 30692][tid 33260] INFO Breadcrumb toolbar located via window enumeration (hwnd=0000000002742E64)
[2025-11-27T20:40:00.238Z][pid 30692][tid 33260] INFO Explorer pane creation watch cleared (view=00000000008106FA)
[2025-11-27T20:40:00.238Z][pid 30692][tid 33260] INFO Cleared Open In New Tab pending state
[2025-11-27T20:40:00.238Z][pid 30692][tid 33260] INFO Installed shell view window subclass (view=00000000008106FA)
[2025-11-27T20:40:00.238Z][pid 30692][tid 33260] INFO Installed explorer frame subclass (frame=00000000008D2E46)
[2025-11-27T20:40:00.238Z][pid 30692][tid 33260] INFO Cleared Open In New Tab pending state
[2025-11-27T20:40:00.239Z][pid 30692][tid 33260] INFO Explorer view base subclass ready (view=00000000008106FA frame=00000000008D2E46)
[2025-11-27T20:40:00.239Z][pid 30692][tid 33260] VERBOSE DirectUI IUIElement unavailable (hr=0x80004001)
[2025-11-27T20:40:00.239Z][pid 30692][tid 33260] INFO Installed explorer DirectUI host subclass (direct=00000000000C0460)
[2025-11-27T20:40:00.239Z][pid 30692][tid 33260] INFO Installed explorer tree view subclass (tree=00000000015F2774)
[2025-11-27T20:40:00.240Z][pid 30692][tid 33260] INFO Explorer pane creation watch armed (view=00000000008106FA list=1 tree=0)
[2025-11-27T20:40:00.240Z][pid 30692][tid 33260] INFO Explorer pane fallback timer armed (view=00000000008106FA delay=500)
[2025-11-27T20:40:00.240Z][pid 30692][tid 33260] INFO Explorer panes not ready: list view missing (view=00000000008106FA)
[2025-11-27T20:40:00.240Z][pid 30692][tid 33260] INFO Explorer pane retry timer armed (view=00000000008106FA delay=500 attempts=1)
[2025-11-27T20:40:00.274Z][pid 30692][tid 33260] INFO TabBand::UpdateTabsUI applying 1 items
[2025-11-27T20:40:00.283Z][pid 30692][tid 33260] INFO TabBand::UpdateTabsUI applying 1 items
[2025-11-27T20:40:00.284Z][pid 30692][tid 33260] INFO Breadcrumb QueryService(IShellBrowser) failed: 0x80004001
[2025-11-27T20:40:00.284Z][pid 30692][tid 33260] INFO Breadcrumb ribbon frame discovered via IShellBrowser (hwnd=00000000044A1A8C)
[2025-11-27T20:40:00.285Z][pid 30692][tid 33260] INFO Breadcrumb ribbon frame discovered via IWebBrowser2 (hwnd=00000000044A1A8C)
[2025-11-27T20:40:00.285Z][pid 30692][tid 33260] INFO Breadcrumb toolbar located via window enumeration (hwnd=0000000002742E64)
[2025-11-27T20:40:00.285Z][pid 30692][tid 33260] INFO Explorer pane creation watch cleared (view=00000000008106FA)
[2025-11-27T20:40:00.285Z][pid 30692][tid 33260] INFO Cleared Open In New Tab pending state
[2025-11-27T20:40:00.285Z][pid 30692][tid 33260] INFO Installed shell view window subclass (view=00000000008106FA)
[2025-11-27T20:40:00.285Z][pid 30692][tid 33260] INFO Installed explorer frame subclass (frame=00000000008D2E46)
[2025-11-27T20:40:00.285Z][pid 30692][tid 33260] INFO Cleared Open In New Tab pending state
[2025-11-27T20:40:00.285Z][pid 30692][tid 33260] INFO Explorer view base subclass ready (view=00000000008106FA frame=00000000008D2E46)
[2025-11-27T20:40:00.285Z][pid 30692][tid 33260] VERBOSE DirectUI IUIElement unavailable (hr=0x80004001)
[2025-11-27T20:40:00.286Z][pid 30692][tid 33260] INFO Installed explorer DirectUI host subclass (direct=00000000000C0460)
[2025-11-27T20:40:00.286Z][pid 30692][tid 33260] INFO Installed explorer tree view subclass (tree=00000000015F2774)
[2025-11-27T20:40:00.286Z][pid 30692][tid 33260] INFO Explorer pane creation watch armed (view=00000000008106FA list=1 tree=0)
[2025-11-27T20:40:00.286Z][pid 30692][tid 33260] INFO Explorer pane fallback timer armed (view=00000000008106FA delay=500)
[2025-11-27T20:40:00.286Z][pid 30692][tid 33260] INFO Explorer panes not ready: list view missing (view=00000000008106FA)
[2025-11-27T20:40:00.286Z][pid 30692][tid 33260] INFO Explorer pane retry timer armed (view=00000000008106FA delay=500 attempts=1)
[2025-11-27T20:40:00.297Z][pid 30692][tid 33260] INFO Installed explorer list host subclass (host=00000000008D2E46)
[2025-11-27T20:40:00.297Z][pid 30692][tid 33260] INFO Installed explorer list host subclass (host=00000000013A331C)
[2025-11-27T20:40:00.297Z][pid 30692][tid 33260] INFO Installed explorer list host subclass (host=00000000005D244C)
[2025-11-27T20:40:00.297Z][pid 30692][tid 33260] INFO Installed explorer list host subclass (host=00000000044A1A8C)
[2025-11-27T20:40:00.297Z][pid 30692][tid 33260] INFO Installed explorer list host subclass (host=0000000001950E04)
[2025-11-27T20:40:00.310Z][pid 30692][tid 33260] INFO Explorer pane creation watch armed (view=00000000008106FA list=1 tree=1)
[2025-11-27T20:40:00.310Z][pid 30692][tid 33260] INFO Explorer panes not ready: tree view missing (view=00000000008106FA)
[2025-11-27T20:40:00.313Z][pid 30692][tid 33260] INFO Cleared Open In New Tab pending state
[2025-11-27T20:40:00.314Z][pid 30692][tid 33260] INFO CExplorerBHO::SetSite detaching from site
[2025-11-27T20:40:00.315Z][pid 30692][tid 33260] INFO Breadcrumb CBT hook removed for thread 33260
[2025-11-27T20:40:00.318Z][pid 30692][tid 33260] INFO Explorer pane creation watch cleared (view=0000000000000000)
[2025-11-27T20:40:00.319Z][pid 30692][tid 33260] INFO Cleared Open In New Tab pending state
[2025-11-27T20:40:00.319Z][pid 30692][tid 33260] INFO Cleared Open In New Tab pending state
[2025-11-27T20:40:00.323Z][pid 30692][tid 33260] INFO TabBand::DisconnectSite (this=000000001C8DBDB0)
[2025-11-27T20:40:00.327Z][pid 30692][tid 33260] INFO TabBand::SetSite begin (this=000000001C8DBDB0, site=0000000000000000)
[2025-11-27T20:40:00.327Z][pid 30692][tid 33260] INFO TabBand::SetSite site unchanged
[2025-11-27T20:40:00.327Z][pid 30692][tid 33260] INFO TabBand destroyed (this=000000001C8DBDB0)
[2025-11-27T20:40:00.327Z][pid 30692][tid 33260] INFO TabBand::DisconnectSite (this=000000001C8DBDB0)
[2025-11-27T20:40:00.327Z][pid 30692][tid 33260] INFO TabBand::EnsureSessionStore resolving storage (this=000000001C8DBDB0)
[2025-11-27T20:40:00.328Z][pid 30692][tid 33260] INFO TabBand::EnsureSessionStore window token unavailable; deferring initialization
[2025-11-27T20:40:00.393Z][pid 30692][tid 9248] INFO TabBand constructed (this=000000001C8BB380)
[2025-11-27T20:40:00.393Z][pid 30692][tid 9248] INFO TabBand::SetSite begin (this=000000001C8BB380, site=0000000029D00528)
[2025-11-27T20:40:00.393Z][pid 30692][tid 9248] INFO TabBand::DisconnectSite (this=000000001C8BB380)
[2025-11-27T20:40:00.394Z][pid 30692][tid 9248] INFO TabBand::EnsureSessionStore resolving storage (this=000000001C8BB380)
[2025-11-27T20:40:00.394Z][pid 30692][tid 9248] INFO TabBand::EnsureSessionStore window token unavailable; deferring initialization
[2025-11-27T20:40:00.394Z][pid 30692][tid 9248] INFO TabBand::SetSite resolved browser interfaces
[2025-11-27T20:40:00.394Z][pid 30692][tid 9248] INFO TabBand::SetSite EnsureWindow
[2025-11-27T20:40:00.394Z][pid 30692][tid 9248] INFO TabBand::EnsureWindow creating band window (this=000000001C8BB380)
[2025-11-27T20:40:00.395Z][pid 30692][tid 9248] INFO TabBand::EnsureSessionStore resolving storage (this=000000001C8BB380)
[2025-11-27T20:40:00.395Z][pid 30692][tid 9248] INFO TabBand::ResolveWindowToken adopted crashed session token F6996F7F-299B-4347-A7B8-903E9FFFEB27
[2025-11-27T20:40:00.395Z][pid 30692][tid 9248] INFO TabBand::EnsureSessionStore window token F6996F7F-299B-4347-A7B8-903E9FFFEB27
[2025-11-27T20:40:00.395Z][pid 30692][tid 9248] INFO TabBand::EnsureSessionStore using storage path C:\Users\ben\AppData\Roaming\ShellTabs\session-F6996F7F-299B-4347-A7B8-903E9FFFEB27.db
[2025-11-27T20:40:00.396Z][pid 30692][tid 9248] INFO TabBand session crash marker created (post-init)
[2025-11-27T20:40:00.397Z][pid 30692][tid 9248] INFO TabBand::EnsureWindow created window hwnd=0000000000862E50
[2025-11-27T20:40:00.397Z][pid 30692][tid 9248] INFO TabBand::SetSite EnsureSessionStore
[2025-11-27T20:40:00.397Z][pid 30692][tid 9248] INFO TabBand::SetSite BrowserEvents connected
[2025-11-27T20:40:00.397Z][pid 30692][tid 9248] INFO TabBand::SetSite InitializeTabs
[2025-11-27T20:40:00.397Z][pid 30692][tid 9248] INFO TabBand::InitializeTabs - begin
[2025-11-27T20:40:00.397Z][pid 30692][tid 9248] INFO TabBand::InitializeTabs - end
[2025-11-27T20:40:00.397Z][pid 30692][tid 9248] INFO TabBand::SetSite UpdateTabsUI (initial)
[2025-11-27T20:40:00.397Z][pid 30692][tid 9248] INFO TabBand::UpdateTabsUI applying 1 items
[2025-11-27T20:40:00.398Z][pid 30692][tid 9248] INFO TabBand::SetSite completed successfully
[2025-11-27T20:40:00.398Z][pid 30692][tid 41640] INFO TabBand::RunBackgroundInitialization begin (this=000000001C8BB380, seq=1)
[2025-11-27T20:40:00.398Z][pid 30692][tid 41640] INFO TabBand session crash marker created
[2025-11-27T20:40:00.398Z][pid 30692][tid 41640] INFO SessionStore restored snapshot from C:\Users\ben\AppData\Roaming\ShellTabs\session-F6996F7F-299B-4347-A7B8-903E9FFFEB27.db (primary)
[2025-11-27T20:40:00.423Z][pid 30692][tid 9248] INFO CExplorerBHO::SetSite attaching to site=0000000011C0DEC8
[2025-11-27T20:40:00.424Z][pid 30692][tid 9248] INFO Cleared Open In New Tab pending state
[2025-11-27T20:40:00.424Z][pid 30692][tid 9248] INFO EnsureBandVisible: invoking ShowBrowserBar for host=0000000001A52CB0 (attempt 1)
[2025-11-27T20:40:00.427Z][pid 30692][tid 9248] INFO EnsureBandVisible: ShowBrowserBar succeeded for host=0000000001A52CB0 on attempt 1
[2025-11-27T20:40:00.428Z][pid 30692][tid 9248] INFO Installed progress gradient subclass on hwnd=000000000128333E
[2025-11-27T20:40:00.428Z][pid 30692][tid 9248] INFO Installed travel band subclass (band=00000000016F1814 toolbar=00000000008206FA)
[2025-11-27T20:40:00.428Z][pid 30692][tid 9248] INFO Breadcrumb CBT hook installed for thread 9248
[2025-11-27T20:40:00.428Z][pid 30692][tid 9248] INFO Breadcrumb gradients enabled; locating toolbar (installed=0 background=0 text=1)
[2025-11-27T20:40:00.428Z][pid 30692][tid 9248] INFO Breadcrumb QueryService(IShellBrowser) failed: 0x80004001
[2025-11-27T20:40:00.428Z][pid 30692][tid 9248] INFO Breadcrumb ribbon frame discovered via IShellBrowser (hwnd=00000000004D001C)
[2025-11-27T20:40:00.428Z][pid 30692][tid 9248] INFO Breadcrumb toolbar located via deep enumeration (hwnd=00000000001204F8)
[2025-11-27T20:40:00.428Z][pid 30692][tid 9248] INFO Installed breadcrumb gradient subclass on hwnd=00000000001204F8
[2025-11-27T20:40:00.429Z][pid 30692][tid 9248] INFO Installed progress gradient subclass on hwnd=000000000128333E
[2025-11-27T20:40:00.429Z][pid 30692][tid 9248] INFO Breadcrumb gradients enabled; locating toolbar (installed=1 background=0 text=1)
[2025-11-27T20:40:00.429Z][pid 30692][tid 9248] INFO Breadcrumb QueryService(IShellBrowser) failed: 0x80004001
[2025-11-27T20:40:00.429Z][pid 30692][tid 9248] INFO Breadcrumb ribbon frame discovered via IShellBrowser (hwnd=00000000004D001C)
[2025-11-27T20:40:00.429Z][pid 30692][tid 9248] INFO Breadcrumb toolbar located via deep enumeration (hwnd=00000000001204F8)
[2025-11-27T20:40:00.429Z][pid 30692][tid 9248] INFO Cleared Open In New Tab pending state
[2025-11-27T20:40:00.516Z][pid 30692][tid 9248] INFO TabBand::HandleInitializationResult applying sequence 1
[2025-11-27T20:40:00.517Z][pid 30692][tid 9248] INFO TabBand::RestoreSession loaded 1 groups
[2025-11-27T20:40:00.517Z][pid 30692][tid 9248] INFO TabBand::UpdateTabsUI applying 1 items
[2025-11-27T20:40:00.518Z][pid 30692][tid 9248] INFO Breadcrumb QueryService(IShellBrowser) failed: 0x80004001
[2025-11-27T20:40:00.518Z][pid 30692][tid 9248] INFO Breadcrumb ribbon frame discovered via IShellBrowser (hwnd=00000000004D001C)
[2025-11-27T20:40:00.518Z][pid 30692][tid 9248] INFO Breadcrumb ribbon frame discovered via IWebBrowser2 (hwnd=00000000004D001C)
[2025-11-27T20:40:00.518Z][pid 30692][tid 9248] INFO Breadcrumb toolbar located via window enumeration (hwnd=00000000003D2DA6)
[2025-11-27T20:40:00.519Z][pid 30692][tid 9248] INFO Installed breadcrumb gradient subclass on hwnd=00000000003D2DA6
[2025-11-27T20:40:00.519Z][pid 30692][tid 9248] INFO Installed progress gradient subclass on hwnd=000000000128333E
[2025-11-27T20:40:00.519Z][pid 30692][tid 9248] INFO Cleared Open In New Tab pending state
[2025-11-27T20:40:00.575Z][pid 30692][tid 9248] INFO TabBand::UpdateTabsUI applying 1 items
[2025-11-27T20:40:00.576Z][pid 30692][tid 9248] INFO Breadcrumb gradients enabled; locating toolbar (installed=1 background=0 text=1)
[2025-11-27T20:40:00.576Z][pid 30692][tid 9248] INFO Breadcrumb QueryService(IShellBrowser) failed: 0x80004001
[2025-11-27T20:40:00.576Z][pid 30692][tid 9248] INFO Breadcrumb ribbon frame discovered via IShellBrowser (hwnd=00000000004D001C)
[2025-11-27T20:40:00.576Z][pid 30692][tid 9248] INFO Breadcrumb ribbon frame discovered via IWebBrowser2 (hwnd=00000000004D001C)
[2025-11-27T20:40:00.576Z][pid 30692][tid 9248] INFO Breadcrumb toolbar located via window enumeration (hwnd=00000000003D2DA6)
[2025-11-27T20:40:00.576Z][pid 30692][tid 9248] INFO Cleared Open In New Tab pending state
[2025-11-27T20:40:00.576Z][pid 30692][tid 9248] INFO Installed shell view window subclass (view=0000000001D4333A)
[2025-11-27T20:40:00.577Z][pid 30692][tid 9248] INFO Installed explorer frame subclass (frame=0000000001A52CB0)
[2025-11-27T20:40:00.577Z][pid 30692][tid 9248] INFO Cleared Open In New Tab pending state
[2025-11-27T20:40:00.577Z][pid 30692][tid 9248] INFO Explorer view base subclass ready (view=0000000001D4333A frame=0000000001A52CB0)
[2025-11-27T20:40:00.577Z][pid 30692][tid 9248] VERBOSE DirectUI IUIElement unavailable (hr=0x80004001)
[2025-11-27T20:40:00.577Z][pid 30692][tid 9248] INFO Installed explorer DirectUI host subclass (direct=0000000001D62DDE)
[2025-11-27T20:40:00.577Z][pid 30692][tid 9248] INFO Installed explorer tree view subclass (tree=0000000001FC09D6)
[2025-11-27T20:40:00.577Z][pid 30692][tid 9248] INFO Explorer pane creation watch armed (view=0000000001D4333A list=1 tree=0)
[2025-11-27T20:40:00.577Z][pid 30692][tid 9248] INFO Explorer pane fallback timer armed (view=0000000001D4333A delay=500)
[2025-11-27T20:40:00.577Z][pid 30692][tid 9248] INFO Explorer panes not ready: list view missing (view=0000000001D4333A)
[2025-11-27T20:40:00.578Z][pid 30692][tid 9248] INFO Explorer pane retry timer armed (view=0000000001D4333A delay=500 attempts=1)
[2025-11-27T20:40:00.578Z][pid 30692][tid 9248] INFO TabBand::UpdateTabsUI applying 1 items
[2025-11-27T20:40:00.580Z][pid 30692][tid 9248] INFO Breadcrumb QueryService(IShellBrowser) failed: 0x80004001
[2025-11-27T20:40:00.580Z][pid 30692][tid 9248] INFO Breadcrumb ribbon frame discovered via IShellBrowser (hwnd=00000000004D001C)
[2025-11-27T20:40:00.580Z][pid 30692][tid 9248] INFO Breadcrumb ribbon frame discovered via IWebBrowser2 (hwnd=00000000004D001C)
[2025-11-27T20:40:00.580Z][pid 30692][tid 9248] INFO Breadcrumb toolbar located via window enumeration (hwnd=00000000003D2DA6)
[2025-11-27T20:40:00.580Z][pid 30692][tid 9248] INFO Explorer pane creation watch cleared (view=0000000001D4333A)
[2025-11-27T20:40:00.581Z][pid 30692][tid 9248] INFO Cleared Open In New Tab pending state
[2025-11-27T20:40:00.581Z][pid 30692][tid 9248] INFO Installed shell view window subclass (view=0000000001D4333A)
[2025-11-27T20:40:00.581Z][pid 30692][tid 9248] INFO Installed explorer frame subclass (frame=0000000001A52CB0)
[2025-11-27T20:40:00.581Z][pid 30692][tid 9248] INFO Cleared Open In New Tab pending state
[2025-11-27T20:40:00.581Z][pid 30692][tid 9248] INFO Explorer view base subclass ready (view=0000000001D4333A frame=0000000001A52CB0)
[2025-11-27T20:40:00.581Z][pid 30692][tid 9248] VERBOSE DirectUI IUIElement unavailable (hr=0x80004001)
[2025-11-27T20:40:00.581Z][pid 30692][tid 9248] INFO Installed explorer DirectUI host subclass (direct=0000000001D62DDE)
[2025-11-27T20:40:00.581Z][pid 30692][tid 9248] INFO Installed explorer tree view subclass (tree=0000000001FC09D6)
[2025-11-27T20:40:00.582Z][pid 30692][tid 9248] INFO Explorer pane creation watch armed (view=0000000001D4333A list=1 tree=0)
[2025-11-27T20:40:00.582Z][pid 30692][tid 9248] INFO Explorer pane fallback timer armed (view=0000000001D4333A delay=500)
[2025-11-27T20:40:00.582Z][pid 30692][tid 9248] INFO Explorer panes not ready: list view missing (view=0000000001D4333A)
[2025-11-27T20:40:00.582Z][pid 30692][tid 9248] INFO Explorer pane retry timer armed (view=0000000001D4333A delay=500 attempts=1)
[2025-11-27T20:40:00.616Z][pid 30692][tid 9248] INFO TabBand::UpdateTabsUI applying 1 items
[2025-11-27T20:40:00.624Z][pid 30692][tid 9248] INFO TabBand::UpdateTabsUI applying 1 items
[2025-11-27T20:40:00.625Z][pid 30692][tid 9248] INFO Breadcrumb QueryService(IShellBrowser) failed: 0x80004001
[2025-11-27T20:40:00.625Z][pid 30692][tid 9248] INFO Breadcrumb ribbon frame discovered via IShellBrowser (hwnd=00000000004D001C)
[2025-11-27T20:40:00.626Z][pid 30692][tid 9248] INFO Breadcrumb ribbon frame discovered via IWebBrowser2 (hwnd=00000000004D001C)
[2025-11-27T20:40:00.626Z][pid 30692][tid 9248] INFO Breadcrumb toolbar located via window enumeration (hwnd=00000000003D2DA6)
[2025-11-27T20:40:00.626Z][pid 30692][tid 9248] INFO Explorer pane creation watch cleared (view=0000000001D4333A)
[2025-11-27T20:40:00.626Z][pid 30692][tid 9248] INFO Cleared Open In New Tab pending state
[2025-11-27T20:40:00.626Z][pid 30692][tid 9248] INFO Installed shell view window subclass (view=0000000001D4333A)
[2025-11-27T20:40:00.626Z][pid 30692][tid 9248] INFO Installed explorer frame subclass (frame=0000000001A52CB0)
[2025-11-27T20:40:00.626Z][pid 30692][tid 9248] INFO Cleared Open In New Tab pending state
[2025-11-27T20:40:00.626Z][pid 30692][tid 9248] INFO Explorer view base subclass ready (view=0000000001D4333A frame=0000000001A52CB0)
[2025-11-27T20:40:00.627Z][pid 30692][tid 9248] VERBOSE DirectUI IUIElement unavailable (hr=0x80004001)
[2025-11-27T20:40:00.627Z][pid 30692][tid 9248] INFO Installed explorer DirectUI host subclass (direct=0000000001D62DDE)
[2025-11-27T20:40:00.627Z][pid 30692][tid 9248] INFO Installed explorer tree view subclass (tree=0000000001FC09D6)
[2025-11-27T20:40:00.627Z][pid 30692][tid 9248] INFO Explorer pane creation watch armed (view=0000000001D4333A list=1 tree=0)
[2025-11-27T20:40:00.627Z][pid 30692][tid 9248] INFO Explorer pane fallback timer armed (view=0000000001D4333A delay=500)
[2025-11-27T20:40:00.627Z][pid 30692][tid 9248] INFO Explorer panes not ready: list view missing (view=0000000001D4333A)
[2025-11-27T20:40:00.627Z][pid 30692][tid 9248] INFO Explorer pane retry timer armed (view=0000000001D4333A delay=500 attempts=1)
[2025-11-27T20:40:00.633Z][pid 30692][tid 9248] INFO Installed explorer list host subclass (host=0000000001A52CB0)
[2025-11-27T20:40:00.633Z][pid 30692][tid 9248] INFO Installed explorer list host subclass (host=00000000000D0472)
[2025-11-27T20:40:00.633Z][pid 30692][tid 9248] INFO Installed explorer list host subclass (host=0000000000C02D1C)
[2025-11-27T20:40:00.633Z][pid 30692][tid 9248] INFO Installed explorer list host subclass (host=00000000004D001C)
[2025-11-27T20:40:00.633Z][pid 30692][tid 9248] INFO Installed explorer list host subclass (host=00000000005909C6)
[2025-11-27T20:40:00.645Z][pid 30692][tid 9248] INFO Explorer pane creation watch armed (view=0000000001D4333A list=1 tree=1)
[2025-11-27T20:40:00.645Z][pid 30692][tid 9248] INFO Explorer panes not ready: tree view missing (view=0000000001D4333A)
[2025-11-27T20:40:00.647Z][pid 30692][tid 9248] INFO Cleared Open In New Tab pending state
[2025-11-27T20:40:00.647Z][pid 30692][tid 9248] INFO CExplorerBHO::SetSite detaching from site
[2025-11-27T20:40:00.647Z][pid 30692][tid 9248] INFO Breadcrumb CBT hook removed for thread 9248
[2025-11-27T20:40:00.648Z][pid 30692][tid 9248] INFO Explorer pane creation watch cleared (view=0000000000000000)
[2025-11-27T20:40:00.648Z][pid 30692][tid 9248] INFO Cleared Open In New Tab pending state
[2025-11-27T20:40:00.648Z][pid 30692][tid 9248] INFO Cleared Open In New Tab pending state
[2025-11-27T20:40:00.654Z][pid 30692][tid 9248] INFO TabBand::DisconnectSite (this=000000001C8BB380)
[2025-11-27T20:40:00.656Z][pid 30692][tid 9248] INFO TabBand::SetSite begin (this=000000001C8BB380, site=0000000000000000)
[2025-11-27T20:40:00.656Z][pid 30692][tid 9248] INFO TabBand::SetSite site unchanged
[2025-11-27T20:40:00.656Z][pid 30692][tid 9248] INFO TabBand destroyed (this=000000001C8BB380)
[2025-11-27T20:40:00.656Z][pid 30692][tid 9248] INFO TabBand::DisconnectSite (this=000000001C8BB380)
[2025-11-27T20:40:00.656Z][pid 30692][tid 9248] INFO TabBand::EnsureSessionStore resolving storage (this=000000001C8BB380)
[2025-11-27T20:40:00.656Z][pid 30692][tid 9248] INFO TabBand::EnsureSessionStore window token unavailable; deferring initialization
[2025-11-27T20:40:00.725Z][pid 30692][tid 33260] INFO TabBand constructed (this=000000001CAA3970)
[2025-11-27T20:40:00.725Z][pid 30692][tid 33260] INFO TabBand::SetSite begin (this=000000001CAA3970, site=0000000029D39968)
[2025-11-27T20:40:00.725Z][pid 30692][tid 33260] INFO TabBand::DisconnectSite (this=000000001CAA3970)
[2025-11-27T20:40:00.725Z][pid 30692][tid 33260] INFO TabBand::EnsureSessionStore resolving storage (this=000000001CAA3970)
[2025-11-27T20:40:00.725Z][pid 30692][tid 33260] INFO TabBand::EnsureSessionStore window token unavailable; deferring initialization
[2025-11-27T20:40:00.725Z][pid 30692][tid 33260] INFO TabBand::SetSite resolved browser interfaces
[2025-11-27T20:40:00.725Z][pid 30692][tid 33260] INFO TabBand::SetSite EnsureWindow
[2025-11-27T20:40:00.725Z][pid 30692][tid 33260] INFO TabBand::EnsureWindow creating band window (this=000000001CAA3970)
[2025-11-27T20:40:00.726Z][pid 30692][tid 33260] INFO TabBand::EnsureSessionStore resolving storage (this=000000001CAA3970)
[2025-11-27T20:40:00.727Z][pid 30692][tid 33260] INFO TabBand::ResolveWindowToken adopted crashed session token 7C3852FE-E1E9-4191-9D9D-17AC998186A1
[2025-11-27T20:40:00.727Z][pid 30692][tid 33260] INFO TabBand::EnsureSessionStore window token 7C3852FE-E1E9-4191-9D9D-17AC998186A1
[2025-11-27T20:40:00.727Z][pid 30692][tid 33260] INFO TabBand::EnsureSessionStore using storage path C:\Users\ben\AppData\Roaming\ShellTabs\session-7C3852FE-E1E9-4191-9D9D-17AC998186A1.db
[2025-11-27T20:40:00.727Z][pid 30692][tid 33260] INFO TabBand session crash marker created (post-init)
[2025-11-27T20:40:00.729Z][pid 30692][tid 33260] INFO TabBand::EnsureWindow created window hwnd=0000000000582474
[2025-11-27T20:40:00.729Z][pid 30692][tid 33260] INFO TabBand::SetSite EnsureSessionStore
[2025-11-27T20:40:00.729Z][pid 30692][tid 33260] INFO TabBand::SetSite BrowserEvents connected
[2025-11-27T20:40:00.729Z][pid 30692][tid 33260] INFO TabBand::SetSite InitializeTabs
[2025-11-27T20:40:00.729Z][pid 30692][tid 33260] INFO TabBand::InitializeTabs - begin
[2025-11-27T20:40:00.729Z][pid 30692][tid 33260] INFO TabBand::InitializeTabs - end
[2025-11-27T20:40:00.729Z][pid 30692][tid 33260] INFO TabBand::SetSite UpdateTabsUI (initial)
[2025-11-27T20:40:00.729Z][pid 30692][tid 33260] INFO TabBand::UpdateTabsUI applying 1 items
[2025-11-27T20:40:00.729Z][pid 30692][tid 33260] INFO TabBand::SetSite completed successfully
[2025-11-27T20:40:00.730Z][pid 30692][tid 29616] INFO TabBand::RunBackgroundInitialization begin (this=000000001CAA3970, seq=1)
[2025-11-27T20:40:00.730Z][pid 30692][tid 29616] INFO TabBand session crash marker created
[2025-11-27T20:40:00.730Z][pid 30692][tid 29616] INFO SessionStore restored snapshot from C:\Users\ben\AppData\Roaming\ShellTabs\session-7C3852FE-E1E9-4191-9D9D-17AC998186A1.db (primary)
[2025-11-27T20:40:00.753Z][pid 30692][tid 33260] INFO CExplorerBHO::SetSite attaching to site=000000001C870E28
[2025-11-27T20:40:00.753Z][pid 30692][tid 33260] INFO Cleared Open In New Tab pending state
[2025-11-27T20:40:00.753Z][pid 30692][tid 33260] INFO EnsureBandVisible: invoking ShowBrowserBar for host=00000000082F27AC (attempt 1)
[2025-11-27T20:40:00.757Z][pid 30692][tid 33260] INFO EnsureBandVisible: ShowBrowserBar succeeded for host=00000000082F27AC on attempt 1
[2025-11-27T20:40:00.758Z][pid 30692][tid 33260] INFO Installed progress gradient subclass on hwnd=00000000039A1810
[2025-11-27T20:40:00.759Z][pid 30692][tid 33260] INFO Installed travel band subclass (band=0000000000872E50 toolbar=0000000000FB09DC)
[2025-11-27T20:40:00.759Z][pid 30692][tid 33260] INFO Breadcrumb CBT hook installed for thread 33260
[2025-11-27T20:40:00.759Z][pid 30692][tid 33260] INFO Breadcrumb gradients enabled; locating toolbar (installed=0 background=0 text=1)
[2025-11-27T20:40:00.759Z][pid 30692][tid 33260] INFO Breadcrumb QueryService(IShellBrowser) failed: 0x80004001
[2025-11-27T20:40:00.759Z][pid 30692][tid 33260] INFO Breadcrumb ribbon frame discovered via IShellBrowser (hwnd=0000000001A62CB0)
[2025-11-27T20:40:00.759Z][pid 30692][tid 33260] INFO Breadcrumb toolbar located via deep enumeration (hwnd=0000000000312522)
[2025-11-27T20:40:00.759Z][pid 30692][tid 33260] INFO Installed breadcrumb gradient subclass on hwnd=0000000000312522
[2025-11-27T20:40:00.760Z][pid 30692][tid 33260] INFO Installed progress gradient subclass on hwnd=00000000039A1810
[2025-11-27T20:40:00.760Z][pid 30692][tid 33260] INFO Breadcrumb gradients enabled; locating toolbar (installed=1 background=0 text=1)
[2025-11-27T20:40:00.760Z][pid 30692][tid 33260] INFO Breadcrumb QueryService(IShellBrowser) failed: 0x80004001
[2025-11-27T20:40:00.760Z][pid 30692][tid 33260] INFO Breadcrumb ribbon frame discovered via IShellBrowser (hwnd=0000000001A62CB0)
[2025-11-27T20:40:00.760Z][pid 30692][tid 33260] INFO Breadcrumb toolbar located via deep enumeration (hwnd=0000000000312522)
[2025-11-27T20:40:00.760Z][pid 30692][tid 33260] INFO Cleared Open In New Tab pending state
[2025-11-27T20:40:00.832Z][pid 30692][tid 33260] INFO TabBand::HandleInitializationResult applying sequence 1
[2025-11-27T20:40:00.832Z][pid 30692][tid 33260] INFO TabBand::RestoreSession loaded 1 groups
[2025-11-27T20:40:00.832Z][pid 30692][tid 33260] INFO TabBand::UpdateTabsUI applying 2 items
[2025-11-27T20:40:00.833Z][pid 30692][tid 33260] INFO Breadcrumb QueryService(IShellBrowser) failed: 0x80004001
[2025-11-27T20:40:00.833Z][pid 30692][tid 33260] INFO Breadcrumb ribbon frame discovered via IShellBrowser (hwnd=0000000001A62CB0)
[2025-11-27T20:40:00.833Z][pid 30692][tid 33260] INFO Breadcrumb ribbon frame discovered via IWebBrowser2 (hwnd=0000000001A62CB0)
[2025-11-27T20:40:00.834Z][pid 30692][tid 33260] INFO Breadcrumb toolbar located via window enumeration (hwnd=00000000005A09C6)
[2025-11-27T20:40:00.834Z][pid 30692][tid 33260] INFO Installed breadcrumb gradient subclass on hwnd=00000000005A09C6
[2025-11-27T20:40:00.834Z][pid 30692][tid 33260] INFO Installed progress gradient subclass on hwnd=00000000039A1810
[2025-11-27T20:40:00.834Z][pid 30692][tid 33260] INFO Cleared Open In New Tab pending state
[2025-11-27T20:40:00.858Z][pid 30692][tid 33260] INFO TabBand::UpdateTabsUI applying 2 items
[2025-11-27T20:40:00.859Z][pid 30692][tid 33260] INFO Breadcrumb gradients enabled; locating toolbar (installed=1 background=0 text=1)
[2025-11-27T20:40:00.859Z][pid 30692][tid 33260] INFO Breadcrumb QueryService(IShellBrowser) failed: 0x80004001
[2025-11-27T20:40:00.859Z][pid 30692][tid 33260] INFO Breadcrumb ribbon frame discovered via IShellBrowser (hwnd=0000000001A62CB0)
[2025-11-27T20:40:00.859Z][pid 30692][tid 33260] INFO Breadcrumb ribbon frame discovered via IWebBrowser2 (hwnd=0000000001A62CB0)
[2025-11-27T20:40:00.859Z][pid 30692][tid 33260] INFO Breadcrumb toolbar located via window enumeration (hwnd=00000000005A09C6)
[2025-11-27T20:40:00.859Z][pid 30692][tid 33260] INFO Cleared Open In New Tab pending state
[2025-11-27T20:40:00.859Z][pid 30692][tid 33260] INFO Installed shell view window subclass (view=0000000000CB095C)
[2025-11-27T20:40:00.859Z][pid 30692][tid 33260] INFO Installed explorer frame subclass (frame=00000000082F27AC)
[2025-11-27T20:40:00.859Z][pid 30692][tid 33260] INFO Cleared Open In New Tab pending state
[2025-11-27T20:40:00.860Z][pid 30692][tid 33260] INFO Explorer view base subclass ready (view=0000000000CB095C frame=00000000082F27AC)
[2025-11-27T20:40:00.860Z][pid 30692][tid 33260] VERBOSE DirectUI IUIElement unavailable (hr=0x80004001)
[2025-11-27T20:40:00.860Z][pid 30692][tid 33260] INFO Installed explorer DirectUI host subclass (direct=00000000011D264C)
[2025-11-27T20:40:00.860Z][pid 30692][tid 33260] INFO Explorer pane creation watch armed (view=0000000000CB095C list=1 tree=1)
[2025-11-27T20:40:00.860Z][pid 30692][tid 33260] INFO Explorer pane fallback timer armed (view=0000000000CB095C delay=500)
[2025-11-27T20:40:00.860Z][pid 30692][tid 33260] INFO Explorer panes not ready: list view missing (view=0000000000CB095C)
[2025-11-27T20:40:00.860Z][pid 30692][tid 33260] INFO Explorer panes not ready: tree view missing (view=0000000000CB095C)
[2025-11-27T20:40:00.860Z][pid 30692][tid 33260] INFO Explorer pane retry timer armed (view=0000000000CB095C delay=500 attempts=1)
[2025-11-27T20:40:00.861Z][pid 30692][tid 33260] INFO TabBand::UpdateTabsUI applying 2 items
[2025-11-27T20:40:00.861Z][pid 30692][tid 33260] INFO Breadcrumb QueryService(IShellBrowser) failed: 0x80004001
[2025-11-27T20:40:00.861Z][pid 30692][tid 33260] INFO Breadcrumb ribbon frame discovered via IShellBrowser (hwnd=0000000001A62CB0)
[2025-11-27T20:40:00.861Z][pid 30692][tid 33260] INFO Breadcrumb ribbon frame discovered via IWebBrowser2 (hwnd=0000000001A62CB0)
[2025-11-27T20:40:00.861Z][pid 30692][tid 33260] INFO Breadcrumb toolbar located via window enumeration (hwnd=00000000005A09C6)
[2025-11-27T20:40:00.861Z][pid 30692][tid 33260] INFO Explorer pane creation watch cleared (view=0000000000CB095C)
[2025-11-27T20:40:00.863Z][pid 30692][tid 33260] INFO Cleared Open In New Tab pending state
[2025-11-27T20:40:00.863Z][pid 30692][tid 33260] INFO Installed shell view window subclass (view=0000000000CB095C)
[2025-11-27T20:40:00.864Z][pid 30692][tid 33260] INFO Installed explorer frame subclass (frame=00000000082F27AC)
[2025-11-27T20:40:00.864Z][pid 30692][tid 33260] INFO Cleared Open In New Tab pending state
[2025-11-27T20:40:00.864Z][pid 30692][tid 33260] INFO Explorer view base subclass ready (view=0000000000CB095C frame=00000000082F27AC)
[2025-11-27T20:40:00.864Z][pid 30692][tid 33260] VERBOSE DirectUI IUIElement unavailable (hr=0x80004001)
[2025-11-27T20:40:00.864Z][pid 30692][tid 33260] INFO Installed explorer DirectUI host subclass (direct=00000000011D264C)
[2025-11-27T20:40:00.864Z][pid 30692][tid 33260] INFO Explorer pane creation watch armed (view=0000000000CB095C list=1 tree=1)
[2025-11-27T20:40:00.864Z][pid 30692][tid 33260] INFO Explorer pane fallback timer armed (view=0000000000CB095C delay=500)
[2025-11-27T20:40:00.865Z][pid 30692][tid 33260] INFO Explorer panes not ready: list view missing (view=0000000000CB095C)
[2025-11-27T20:40:00.865Z][pid 30692][tid 33260] INFO Explorer panes not ready: tree view missing (view=0000000000CB095C)
[2025-11-27T20:40:00.865Z][pid 30692][tid 33260] INFO Explorer pane retry timer armed (view=0000000000CB095C delay=500 attempts=1)
[2025-11-27T20:40:00.905Z][pid 30692][tid 33260] INFO TabBand::UpdateTabsUI applying 2 items
[2025-11-27T20:40:00.910Z][pid 30692][tid 33260] INFO TabBand::UpdateTabsUI applying 2 items
[2025-11-27T20:40:00.911Z][pid 30692][tid 33260] INFO Breadcrumb QueryService(IShellBrowser) failed: 0x80004001
[2025-11-27T20:40:00.911Z][pid 30692][tid 33260] INFO Breadcrumb ribbon frame discovered via IShellBrowser (hwnd=0000000001A62CB0)
[2025-11-27T20:40:00.911Z][pid 30692][tid 33260] INFO Breadcrumb ribbon frame discovered via IWebBrowser2 (hwnd=0000000001A62CB0)
[2025-11-27T20:40:00.911Z][pid 30692][tid 33260] INFO Breadcrumb toolbar located via window enumeration (hwnd=00000000005A09C6)
[2025-11-27T20:40:00.912Z][pid 30692][tid 33260] INFO Explorer pane creation watch cleared (view=0000000000CB095C)
[2025-11-27T20:40:00.912Z][pid 30692][tid 33260] INFO Cleared Open In New Tab pending state
[2025-11-27T20:40:00.912Z][pid 30692][tid 33260] INFO Installed shell view window subclass (view=0000000000CB095C)
[2025-11-27T20:40:00.912Z][pid 30692][tid 33260] INFO Installed explorer frame subclass (frame=00000000082F27AC)
[2025-11-27T20:40:00.912Z][pid 30692][tid 33260] INFO Cleared Open In New Tab pending state
[2025-11-27T20:40:00.912Z][pid 30692][tid 33260] INFO Explorer view base subclass ready (view=0000000000CB095C frame=00000000082F27AC)
[2025-11-27T20:40:00.912Z][pid 30692][tid 33260] VERBOSE DirectUI IUIElement unavailable (hr=0x80004001)
[2025-11-27T20:40:00.912Z][pid 30692][tid 33260] INFO Installed explorer DirectUI host subclass (direct=00000000011D264C)
[2025-11-27T20:40:00.913Z][pid 30692][tid 33260] INFO Explorer pane creation watch armed (view=0000000000CB095C list=1 tree=1)
[2025-11-27T20:40:00.913Z][pid 30692][tid 33260] INFO Explorer pane fallback timer armed (view=0000000000CB095C delay=500)
[2025-11-27T20:40:00.913Z][pid 30692][tid 33260] INFO Explorer panes not ready: list view missing (view=0000000000CB095C)
[2025-11-27T20:40:00.913Z][pid 30692][tid 33260] INFO Explorer panes not ready: tree view missing (view=0000000000CB095C)
[2025-11-27T20:40:00.913Z][pid 30692][tid 33260] INFO Explorer pane retry timer armed (view=0000000000CB095C delay=500 attempts=1)
[2025-11-27T20:40:00.932Z][pid 30692][tid 33260] INFO Installed explorer list host subclass (host=00000000082F27AC)
[2025-11-27T20:40:00.932Z][pid 30692][tid 33260] INFO Installed explorer list host subclass (host=00000000028B2800)
[2025-11-27T20:40:00.932Z][pid 30692][tid 33260] INFO Installed explorer list host subclass (host=0000000000AA09A6)
[2025-11-27T20:40:00.932Z][pid 30692][tid 33260] INFO Installed explorer list host subclass (host=0000000001A62CB0)
[2025-11-27T20:40:00.932Z][pid 30692][tid 33260] INFO Installed explorer list host subclass (host=00000000001304F8)
[2025-11-27T20:40:00.952Z][pid 30692][tid 33260] INFO Cleared Open In New Tab pending state
[2025-11-27T20:40:00.952Z][pid 30692][tid 33260] INFO CExplorerBHO::SetSite detaching from site
[2025-11-27T20:40:00.952Z][pid 30692][tid 33260] INFO Breadcrumb CBT hook removed for thread 33260
[2025-11-27T20:40:00.952Z][pid 30692][tid 33260] INFO Explorer pane creation watch cleared (view=0000000000000000)
[2025-11-27T20:40:00.953Z][pid 30692][tid 33260] INFO Cleared Open In New Tab pending state
[2025-11-27T20:40:00.953Z][pid 30692][tid 33260] INFO Cleared Open In New Tab pending state
[2025-11-27T20:40:00.954Z][pid 30692][tid 33260] INFO TabBand::DisconnectSite (this=000000001CAA3970)
[2025-11-27T20:40:00.955Z][pid 30692][tid 33260] INFO TabBand::SetSite begin (this=000000001CAA3970, site=0000000000000000)
[2025-11-27T20:40:00.955Z][pid 30692][tid 33260] INFO TabBand::SetSite site unchanged
[2025-11-27T20:40:00.955Z][pid 30692][tid 33260] INFO TabBand destroyed (this=000000001CAA3970)
[2025-11-27T20:40:00.956Z][pid 30692][tid 33260] INFO TabBand::DisconnectSite (this=000000001CAA3970)
[2025-11-27T20:40:00.956Z][pid 30692][tid 33260] INFO TabBand::EnsureSessionStore resolving storage (this=000000001CAA3970)
[2025-11-27T20:40:00.956Z][pid 30692][tid 33260] INFO TabBand::EnsureSessionStore window token unavailable; deferring initialization
[2025-11-27T20:40:01.079Z][pid 30692][tid 9248] INFO TabBand constructed (this=0000000029D3E150)
[2025-11-27T20:40:01.079Z][pid 30692][tid 9248] INFO TabBand::SetSite begin (this=0000000029D3E150, site=000000001CB25878)
[2025-11-27T20:40:01.079Z][pid 30692][tid 9248] INFO TabBand::DisconnectSite (this=0000000029D3E150)
[2025-11-27T20:40:01.079Z][pid 30692][tid 9248] INFO TabBand::EnsureSessionStore resolving storage (this=0000000029D3E150)
[2025-11-27T20:40:01.079Z][pid 30692][tid 9248] INFO TabBand::EnsureSessionStore window token unavailable; deferring initialization
[2025-11-27T20:40:01.079Z][pid 30692][tid 9248] INFO TabBand::SetSite resolved browser interfaces
[2025-11-27T20:40:01.079Z][pid 30692][tid 9248] INFO TabBand::SetSite EnsureWindow
[2025-11-27T20:40:01.079Z][pid 30692][tid 9248] INFO TabBand::EnsureWindow creating band window (this=0000000029D3E150)
[2025-11-27T20:40:01.081Z][pid 30692][tid 9248] INFO TabBand::EnsureSessionStore resolving storage (this=0000000029D3E150)
[2025-11-27T20:40:01.081Z][pid 30692][tid 9248] INFO TabBand::ResolveWindowToken adopted crashed session token 9CE27DEF-10FA-429B-BB5C-84C59CA98E8B
[2025-11-27T20:40:01.081Z][pid 30692][tid 9248] INFO TabBand::EnsureSessionStore window token 9CE27DEF-10FA-429B-BB5C-84C59CA98E8B
[2025-11-27T20:40:01.081Z][pid 30692][tid 9248] INFO TabBand::EnsureSessionStore using storage path C:\Users\ben\AppData\Roaming\ShellTabs\session-9CE27DEF-10FA-429B-BB5C-84C59CA98E8B.db
[2025-11-27T20:40:01.081Z][pid 30692][tid 9248] INFO TabBand session crash marker created (post-init)
[2025-11-27T20:40:01.083Z][pid 30692][tid 9248] INFO TabBand::EnsureWindow created window hwnd=00000000027F3432
[2025-11-27T20:40:01.083Z][pid 30692][tid 9248] INFO TabBand::SetSite EnsureSessionStore
[2025-11-27T20:40:01.083Z][pid 30692][tid 9248] INFO TabBand::SetSite BrowserEvents connected
[2025-11-27T20:40:01.083Z][pid 30692][tid 9248] INFO TabBand::SetSite InitializeTabs
[2025-11-27T20:40:01.083Z][pid 30692][tid 9248] INFO TabBand::InitializeTabs - begin
[2025-11-27T20:40:01.083Z][pid 30692][tid 9248] INFO TabBand::InitializeTabs - end
[2025-11-27T20:40:01.083Z][pid 30692][tid 9248] INFO TabBand::SetSite UpdateTabsUI (initial)
[2025-11-27T20:40:01.083Z][pid 30692][tid 9248] INFO TabBand::UpdateTabsUI applying 1 items
[2025-11-27T20:40:01.083Z][pid 30692][tid 9248] INFO TabBand::SetSite completed successfully
[2025-11-27T20:40:01.083Z][pid 30692][tid 10348] INFO TabBand::RunBackgroundInitialization begin (this=0000000029D3E150, seq=1)
[2025-11-27T20:40:01.084Z][pid 30692][tid 10348] INFO TabBand session crash marker created
[2025-11-27T20:40:01.084Z][pid 30692][tid 10348] INFO SessionStore restored snapshot from C:\Users\ben\AppData\Roaming\ShellTabs\session-9CE27DEF-10FA-429B-BB5C-84C59CA98E8B.db (primary)
[2025-11-27T20:40:01.108Z][pid 30692][tid 9248] INFO CExplorerBHO::SetSite attaching to site=000000001C953368
[2025-11-27T20:40:01.108Z][pid 30692][tid 9248] INFO Cleared Open In New Tab pending state
[2025-11-27T20:40:01.108Z][pid 30692][tid 9248] INFO EnsureBandVisible: invoking ShowBrowserBar for host=00000000041902D0 (attempt 1)
[2025-11-27T20:40:01.112Z][pid 30692][tid 9248] INFO EnsureBandVisible: ShowBrowserBar succeeded for host=00000000041902D0 on attempt 1
[2025-11-27T20:40:01.113Z][pid 30692][tid 9248] INFO Installed progress gradient subclass on hwnd=00000000032B283A
[2025-11-27T20:40:01.113Z][pid 30692][tid 9248] INFO Installed travel band subclass (band=00000000083027AC toolbar=00000000012A333E)
[2025-11-27T20:40:01.113Z][pid 30692][tid 9248] INFO Breadcrumb CBT hook installed for thread 9248
[2025-11-27T20:40:01.113Z][pid 30692][tid 9248] INFO Breadcrumb gradients enabled; locating toolbar (installed=0 background=0 text=1)
[2025-11-27T20:40:01.113Z][pid 30692][tid 9248] INFO Breadcrumb QueryService(IShellBrowser) failed: 0x80004001
[2025-11-27T20:40:01.113Z][pid 30692][tid 9248] INFO Breadcrumb ribbon frame discovered via IShellBrowser (hwnd=0000000000902E46)
[2025-11-27T20:40:01.113Z][pid 30692][tid 9248] INFO Breadcrumb toolbar located via deep enumeration (hwnd=00000000005B09C6)
[2025-11-27T20:40:01.114Z][pid 30692][tid 9248] INFO Installed breadcrumb gradient subclass on hwnd=00000000005B09C6
[2025-11-27T20:40:01.114Z][pid 30692][tid 9248] INFO Installed progress gradient subclass on hwnd=00000000032B283A
[2025-11-27T20:40:01.114Z][pid 30692][tid 9248] INFO Breadcrumb gradients enabled; locating toolbar (installed=1 background=0 text=1)
[2025-11-27T20:40:01.114Z][pid 30692][tid 9248] INFO Breadcrumb QueryService(IShellBrowser) failed: 0x80004001
[2025-11-27T20:40:01.114Z][pid 30692][tid 9248] INFO Breadcrumb ribbon frame discovered via IShellBrowser (hwnd=0000000000902E46)
[2025-11-27T20:40:01.114Z][pid 30692][tid 9248] INFO Breadcrumb toolbar located via deep enumeration (hwnd=00000000005B09C6)
[2025-11-27T20:40:01.114Z][pid 30692][tid 9248] INFO Cleared Open In New Tab pending state
[2025-11-27T20:40:01.192Z][pid 30692][tid 9248] INFO TabBand::HandleInitializationResult applying sequence 1
[2025-11-27T20:40:01.192Z][pid 30692][tid 9248] INFO TabBand::RestoreSession loaded 1 groups
[2025-11-27T20:40:01.193Z][pid 30692][tid 9248] INFO TabBand::UpdateTabsUI applying 1 items
[2025-11-27T20:40:01.194Z][pid 30692][tid 9248] INFO Breadcrumb QueryService(IShellBrowser) failed: 0x80004001
[2025-11-27T20:40:01.194Z][pid 30692][tid 9248] INFO Breadcrumb ribbon frame discovered via IShellBrowser (hwnd=0000000000902E46)
[2025-11-27T20:40:01.194Z][pid 30692][tid 9248] INFO Breadcrumb ribbon frame discovered via IWebBrowser2 (hwnd=0000000000902E46)
[2025-11-27T20:40:01.195Z][pid 30692][tid 9248] INFO Breadcrumb toolbar located via window enumeration (hwnd=00000000013E32B8)
[2025-11-27T20:40:01.195Z][pid 30692][tid 9248] INFO Installed breadcrumb gradient subclass on hwnd=00000000013E32B8
[2025-11-27T20:40:01.195Z][pid 30692][tid 9248] INFO Installed progress gradient subclass on hwnd=00000000032B283A
[2025-11-27T20:40:01.195Z][pid 30692][tid 9248] INFO Cleared Open In New Tab pending state
[2025-11-27T20:40:01.276Z][pid 30692][tid 9248] INFO TabBand::UpdateTabsUI applying 1 items
[2025-11-27T20:40:01.277Z][pid 30692][tid 9248] INFO Breadcrumb gradients enabled; locating toolbar (installed=1 background=0 text=1)
[2025-11-27T20:40:01.277Z][pid 30692][tid 9248] INFO Breadcrumb QueryService(IShellBrowser) failed: 0x80004001
[2025-11-27T20:40:01.277Z][pid 30692][tid 9248] INFO Breadcrumb ribbon frame discovered via IShellBrowser (hwnd=0000000000902E46)
[2025-11-27T20:40:01.277Z][pid 30692][tid 9248] INFO Breadcrumb ribbon frame discovered via IWebBrowser2 (hwnd=0000000000902E46)
[2025-11-27T20:40:01.277Z][pid 30692][tid 9248] INFO Breadcrumb toolbar located via window enumeration (hwnd=00000000013E32B8)
[2025-11-27T20:40:01.277Z][pid 30692][tid 9248] INFO Cleared Open In New Tab pending state
[2025-11-27T20:40:01.277Z][pid 30692][tid 9248] INFO Installed shell view window subclass (view=0000000001FE09D6)
[2025-11-27T20:40:01.277Z][pid 30692][tid 9248] INFO Installed explorer frame subclass (frame=00000000041902D0)
[2025-11-27T20:40:01.277Z][pid 30692][tid 9248] INFO Cleared Open In New Tab pending state
[2025-11-27T20:40:01.278Z][pid 30692][tid 9248] INFO Explorer view base subclass ready (view=0000000001FE09D6 frame=00000000041902D0)
[2025-11-27T20:40:01.278Z][pid 30692][tid 9248] VERBOSE DirectUI IUIElement unavailable (hr=0x80004001)
[2025-11-27T20:40:01.278Z][pid 30692][tid 9248] INFO Installed explorer DirectUI host subclass (direct=00000000007204A0)
[2025-11-27T20:40:01.278Z][pid 30692][tid 9248] INFO Installed explorer tree view subclass (tree=00000000025924AE)
[2025-11-27T20:40:01.278Z][pid 30692][tid 9248] INFO Explorer pane creation watch armed (view=0000000001FE09D6 list=1 tree=0)
[2025-11-27T20:40:01.278Z][pid 30692][tid 9248] INFO Explorer pane fallback timer armed (view=0000000001FE09D6 delay=500)
[2025-11-27T20:40:01.278Z][pid 30692][tid 9248] INFO Explorer panes not ready: list view missing (view=0000000001FE09D6)
[2025-11-27T20:40:01.278Z][pid 30692][tid 9248] INFO Explorer pane retry timer armed (view=0000000001FE09D6 delay=500 attempts=1)
[2025-11-27T20:40:01.279Z][pid 30692][tid 9248] INFO TabBand::UpdateTabsUI applying 1 items
[2025-11-27T20:40:01.279Z][pid 30692][tid 9248] INFO Breadcrumb QueryService(IShellBrowser) failed: 0x80004001
[2025-11-27T20:40:01.279Z][pid 30692][tid 9248] INFO Breadcrumb ribbon frame discovered via IShellBrowser (hwnd=0000000000902E46)
[2025-11-27T20:40:01.279Z][pid 30692][tid 9248] INFO Breadcrumb ribbon frame discovered via IWebBrowser2 (hwnd=0000000000902E46)
[2025-11-27T20:40:01.279Z][pid 30692][tid 9248] INFO Breadcrumb toolbar located via window enumeration (hwnd=00000000013E32B8)
[2025-11-27T20:40:01.279Z][pid 30692][tid 9248] INFO Explorer pane creation watch cleared (view=0000000001FE09D6)
[2025-11-27T20:40:01.279Z][pid 30692][tid 9248] INFO Cleared Open In New Tab pending state
[2025-11-27T20:40:01.280Z][pid 30692][tid 9248] INFO Installed shell view window subclass (view=0000000001FE09D6)
[2025-11-27T20:40:01.280Z][pid 30692][tid 9248] INFO Installed explorer frame subclass (frame=00000000041902D0)
[2025-11-27T20:40:01.280Z][pid 30692][tid 9248] INFO Cleared Open In New Tab pending state
[2025-11-27T20:40:01.280Z][pid 30692][tid 9248] INFO Explorer view base subclass ready (view=0000000001FE09D6 frame=00000000041902D0)
[2025-11-27T20:40:01.280Z][pid 30692][tid 9248] VERBOSE DirectUI IUIElement unavailable (hr=0x80004001)
[2025-11-27T20:40:01.280Z][pid 30692][tid 9248] INFO Installed explorer DirectUI host subclass (direct=00000000007204A0)
[2025-11-27T20:40:01.280Z][pid 30692][tid 9248] INFO Installed explorer tree view subclass (tree=00000000025924AE)
[2025-11-27T20:40:01.280Z][pid 30692][tid 9248] INFO Explorer pane creation watch armed (view=0000000001FE09D6 list=1 tree=0)
[2025-11-27T20:40:01.281Z][pid 30692][tid 9248] INFO Explorer pane fallback timer armed (view=0000000001FE09D6 delay=500)
[2025-11-27T20:40:01.281Z][pid 30692][tid 9248] INFO Explorer panes not ready: list view missing (view=0000000001FE09D6)
[2025-11-27T20:40:01.281Z][pid 30692][tid 9248] INFO Explorer pane retry timer armed (view=0000000001FE09D6 delay=500 attempts=1)
[2025-11-27T20:40:01.298Z][pid 30692][tid 9248] INFO TabBand::UpdateTabsUI applying 1 items
[2025-11-27T20:40:01.303Z][pid 30692][tid 9248] INFO TabBand::UpdateTabsUI applying 1 items
[2025-11-27T20:40:01.304Z][pid 30692][tid 9248] INFO Breadcrumb QueryService(IShellBrowser) failed: 0x80004001
[2025-11-27T20:40:01.304Z][pid 30692][tid 9248] INFO Breadcrumb ribbon frame discovered via IShellBrowser (hwnd=0000000000902E46)
[2025-11-27T20:40:01.304Z][pid 30692][tid 9248] INFO Breadcrumb ribbon frame discovered via IWebBrowser2 (hwnd=0000000000902E46)
[2025-11-27T20:40:01.304Z][pid 30692][tid 9248] INFO Breadcrumb toolbar located via window enumeration (hwnd=00000000013E32B8)
[2025-11-27T20:40:01.304Z][pid 30692][tid 9248] INFO Explorer pane creation watch cleared (view=0000000001FE09D6)
[2025-11-27T20:40:01.304Z][pid 30692][tid 9248] INFO Cleared Open In New Tab pending state
[2025-11-27T20:40:01.304Z][pid 30692][tid 9248] INFO Installed shell view window subclass (view=0000000001FE09D6)
[2025-11-27T20:40:01.305Z][pid 30692][tid 9248] INFO Installed explorer frame subclass (frame=00000000041902D0)
[2025-11-27T20:40:01.305Z][pid 30692][tid 9248] INFO Cleared Open In New Tab pending state
[2025-11-27T20:40:01.305Z][pid 30692][tid 9248] INFO Explorer view base subclass ready (view=0000000001FE09D6 frame=00000000041902D0)
[2025-11-27T20:40:01.305Z][pid 30692][tid 9248] VERBOSE DirectUI IUIElement unavailable (hr=0x80004001)
[2025-11-27T20:40:01.305Z][pid 30692][tid 9248] INFO Installed explorer DirectUI host subclass (direct=00000000007204A0)
[2025-11-27T20:40:01.307Z][pid 30692][tid 9248] INFO Installed explorer tree view subclass (tree=00000000025924AE)
[2025-11-27T20:40:01.308Z][pid 30692][tid 9248] INFO Explorer pane creation watch armed (view=0000000001FE09D6 list=1 tree=0)
[2025-11-27T20:40:01.308Z][pid 30692][tid 9248] INFO Explorer pane fallback timer armed (view=0000000001FE09D6 delay=500)
[2025-11-27T20:40:01.308Z][pid 30692][tid 9248] INFO Explorer panes not ready: list view missing (view=0000000001FE09D6)
[2025-11-27T20:40:01.308Z][pid 30692][tid 9248] INFO Explorer pane retry timer armed (view=0000000001FE09D6 delay=500 attempts=1)
[2025-11-27T20:40:01.315Z][pid 30692][tid 9248] INFO Installed explorer list host subclass (host=00000000041902D0)
[2025-11-27T20:40:01.315Z][pid 30692][tid 9248] INFO Installed explorer list host subclass (host=0000000000352D48)
[2025-11-27T20:40:01.315Z][pid 30692][tid 9248] INFO Installed explorer list host subclass (host=00000000050F363E)
[2025-11-27T20:40:01.315Z][pid 30692][tid 9248] INFO Installed explorer list host subclass (host=0000000000902E46)
[2025-11-27T20:40:01.315Z][pid 30692][tid 9248] INFO Installed explorer list host subclass (host=0000000004BA2C72)
[2025-11-27T20:40:01.324Z][pid 30692][tid 9248] INFO Explorer pane creation watch armed (view=0000000001FE09D6 list=1 tree=1)
[2025-11-27T20:40:01.324Z][pid 30692][tid 9248] INFO Explorer panes not ready: tree view missing (view=0000000001FE09D6)
[2025-11-27T20:40:01.325Z][pid 30692][tid 9248] INFO Cleared Open In New Tab pending state
[2025-11-27T20:40:01.326Z][pid 30692][tid 9248] INFO CExplorerBHO::SetSite detaching from site
[2025-11-27T20:40:01.326Z][pid 30692][tid 9248] INFO Breadcrumb CBT hook removed for thread 9248
[2025-11-27T20:40:01.327Z][pid 30692][tid 9248] INFO Explorer pane creation watch cleared (view=0000000000000000)
[2025-11-27T20:40:01.327Z][pid 30692][tid 9248] INFO Cleared Open In New Tab pending state
[2025-11-27T20:40:01.327Z][pid 30692][tid 9248] INFO Cleared Open In New Tab pending state
[2025-11-27T20:40:01.329Z][pid 30692][tid 9248] INFO TabBand::DisconnectSite (this=0000000029D3E150)
[2025-11-27T20:40:01.330Z][pid 30692][tid 9248] INFO TabBand::SetSite begin (this=0000000029D3E150, site=0000000000000000)
[2025-11-27T20:40:01.330Z][pid 30692][tid 9248] INFO TabBand::SetSite site unchanged
[2025-11-27T20:40:01.331Z][pid 30692][tid 9248] INFO TabBand destroyed (this=0000000029D3E150)
[2025-11-27T20:40:01.331Z][pid 30692][tid 9248] INFO TabBand::DisconnectSite (this=0000000029D3E150)
[2025-11-27T20:40:01.331Z][pid 30692][tid 9248] INFO TabBand::EnsureSessionStore resolving storage (this=0000000029D3E150)
[2025-11-27T20:40:01.331Z][pid 30692][tid 9248] INFO TabBand::EnsureSessionStore window token unavailable; deferring initialization
[2025-11-27T20:40:01.446Z][pid 30692][tid 33260] INFO TabBand constructed (this=0000000029E36020)
[2025-11-27T20:40:01.446Z][pid 30692][tid 33260] INFO TabBand::SetSite begin (this=0000000029E36020, site=0000000029C32A08)
[2025-11-27T20:40:01.446Z][pid 30692][tid 33260] INFO TabBand::DisconnectSite (this=0000000029E36020)
[2025-11-27T20:40:01.446Z][pid 30692][tid 33260] INFO TabBand::EnsureSessionStore resolving storage (this=0000000029E36020)
[2025-11-27T20:40:01.446Z][pid 30692][tid 33260] INFO TabBand::EnsureSessionStore window token unavailable; deferring initialization
[2025-11-27T20:40:01.446Z][pid 30692][tid 33260] INFO TabBand::SetSite resolved browser interfaces
[2025-11-27T20:40:01.446Z][pid 30692][tid 33260] INFO TabBand::SetSite EnsureWindow
[2025-11-27T20:40:01.447Z][pid 30692][tid 33260] INFO TabBand::EnsureWindow creating band window (this=0000000029E36020)
[2025-11-27T20:40:01.448Z][pid 30692][tid 33260] INFO TabBand::EnsureSessionStore resolving storage (this=0000000029E36020)
[2025-11-27T20:40:01.448Z][pid 30692][tid 33260] INFO TabBand::ResolveWindowToken adopted crashed session token 7DAF6705-F036-4F50-AA1B-1ACBA6FD79AB
[2025-11-27T20:40:01.448Z][pid 30692][tid 33260] INFO TabBand::EnsureSessionStore window token 7DAF6705-F036-4F50-AA1B-1ACBA6FD79AB
[2025-11-27T20:40:01.448Z][pid 30692][tid 33260] INFO TabBand::EnsureSessionStore using storage path C:\Users\ben\AppData\Roaming\ShellTabs\session-7DAF6705-F036-4F50-AA1B-1ACBA6FD79AB.db
[2025-11-27T20:40:01.448Z][pid 30692][tid 33260] INFO TabBand session crash marker created (post-init)
[2025-11-27T20:40:01.449Z][pid 30692][tid 33260] INFO TabBand::EnsureWindow created window hwnd=0000000000EC2CFE
[2025-11-27T20:40:01.449Z][pid 30692][tid 33260] INFO TabBand::SetSite EnsureSessionStore
[2025-11-27T20:40:01.450Z][pid 30692][tid 33260] INFO TabBand::SetSite BrowserEvents connected
[2025-11-27T20:40:01.450Z][pid 30692][tid 33260] INFO TabBand::SetSite InitializeTabs
[2025-11-27T20:40:01.450Z][pid 30692][tid 33260] INFO TabBand::InitializeTabs - begin
[2025-11-27T20:40:01.450Z][pid 30692][tid 33260] INFO TabBand::InitializeTabs - end
[2025-11-27T20:40:01.450Z][pid 30692][tid 33260] INFO TabBand::SetSite UpdateTabsUI (initial)
[2025-11-27T20:40:01.450Z][pid 30692][tid 33260] INFO TabBand::UpdateTabsUI applying 1 items
[2025-11-27T20:40:01.450Z][pid 30692][tid 33260] INFO TabBand::SetSite completed successfully
[2025-11-27T20:40:01.450Z][pid 30692][tid 4912] INFO TabBand::RunBackgroundInitialization begin (this=0000000029E36020, seq=1)
[2025-11-27T20:40:01.450Z][pid 30692][tid 4912] INFO TabBand session crash marker created
[2025-11-27T20:40:01.451Z][pid 30692][tid 4912] WARN SessionStore invalid snapshot C:\Users\ben\AppData\Roaming\ShellTabs\session-7DAF6705-F036-4F50-AA1B-1ACBA6FD79AB.db (primary) status=1
[2025-11-27T20:40:01.451Z][pid 30692][tid 4912] WARN TabBand::RunBackgroundInitialization failed to load session data
[2025-11-27T20:40:01.477Z][pid 30692][tid 33260] INFO CExplorerBHO::SetSite attaching to site=000000001C872868
[2025-11-27T20:40:01.477Z][pid 30692][tid 33260] INFO Cleared Open In New Tab pending state
[2025-11-27T20:40:01.477Z][pid 30692][tid 33260] INFO EnsureBandVisible: invoking ShowBrowserBar for host=00000000009B25E8 (attempt 1)
[2025-11-27T20:40:01.480Z][pid 30692][tid 33260] INFO EnsureBandVisible: ShowBrowserBar succeeded for host=00000000009B25E8 on attempt 1
[2025-11-27T20:40:01.480Z][pid 30692][tid 33260] INFO Installed progress gradient subclass on hwnd=0000000001A82CB0
[2025-11-27T20:40:01.480Z][pid 30692][tid 33260] INFO Installed travel band subclass (band=00000000041A02D0 toolbar=0000000000C32D1C)
[2025-11-27T20:40:01.480Z][pid 30692][tid 33260] INFO Breadcrumb CBT hook installed for thread 33260
[2025-11-27T20:40:01.480Z][pid 30692][tid 33260] INFO Breadcrumb gradients enabled; locating toolbar (installed=0 background=0 text=1)
[2025-11-27T20:40:01.480Z][pid 30692][tid 33260] INFO Breadcrumb QueryService(IShellBrowser) failed: 0x80004001
[2025-11-27T20:40:01.480Z][pid 30692][tid 33260] INFO Breadcrumb ribbon frame discovered via IShellBrowser (hwnd=00000000014F0A54)
[2025-11-27T20:40:01.480Z][pid 30692][tid 33260] INFO Breadcrumb toolbar located via deep enumeration (hwnd=00000000013F32B8)
[2025-11-27T20:40:01.481Z][pid 30692][tid 33260] INFO Installed breadcrumb gradient subclass on hwnd=00000000013F32B8
[2025-11-27T20:40:01.481Z][pid 30692][tid 33260] INFO Installed progress gradient subclass on hwnd=0000000001A82CB0
[2025-11-27T20:40:01.481Z][pid 30692][tid 33260] INFO Breadcrumb gradients enabled; locating toolbar (installed=1 background=0 text=1)
[2025-11-27T20:40:01.481Z][pid 30692][tid 33260] INFO Breadcrumb QueryService(IShellBrowser) failed: 0x80004001
[2025-11-27T20:40:01.481Z][pid 30692][tid 33260] INFO Breadcrumb ribbon frame discovered via IShellBrowser (hwnd=00000000014F0A54)
[2025-11-27T20:40:01.481Z][pid 30692][tid 33260] INFO Breadcrumb toolbar located via deep enumeration (hwnd=00000000013F32B8)
[2025-11-27T20:40:01.481Z][pid 30692][tid 33260] INFO Cleared Open In New Tab pending state
[2025-11-27T20:40:01.558Z][pid 30692][tid 33260] INFO TabBand::HandleInitializationResult applying sequence 1
[2025-11-27T20:40:01.558Z][pid 30692][tid 33260] INFO TabBand::UpdateTabsUI applying 1 items
[2025-11-27T20:40:01.572Z][pid 30692][tid 33260] INFO TabBand::UpdateTabsUI applying 1 items
[2025-11-27T20:40:01.575Z][pid 30692][tid 33260] INFO Breadcrumb QueryService(IShellBrowser) failed: 0x80004001
[2025-11-27T20:40:01.576Z][pid 30692][tid 33260] INFO Breadcrumb ribbon frame discovered via IShellBrowser (hwnd=00000000014F0A54)
[2025-11-27T20:40:01.576Z][pid 30692][tid 33260] INFO Breadcrumb ribbon frame discovered via IWebBrowser2 (hwnd=00000000014F0A54)
[2025-11-27T20:40:01.576Z][pid 30692][tid 33260] INFO Breadcrumb toolbar located via window enumeration (hwnd=0000000000110472)
[2025-11-27T20:40:01.576Z][pid 30692][tid 33260] INFO Installed breadcrumb gradient subclass on hwnd=0000000000110472
[2025-11-27T20:40:01.576Z][pid 30692][tid 33260] INFO Installed progress gradient subclass on hwnd=0000000001A82CB0
[2025-11-27T20:40:01.576Z][pid 30692][tid 33260] INFO Cleared Open In New Tab pending state
[2025-11-27T20:40:01.576Z][pid 30692][tid 33260] INFO Installed shell view window subclass (view=00000000067A2D1E)
[2025-11-27T20:40:01.576Z][pid 30692][tid 33260] INFO Installed explorer frame subclass (frame=00000000009B25E8)
[2025-11-27T20:40:01.577Z][pid 30692][tid 33260] INFO Cleared Open In New Tab pending state
[2025-11-27T20:40:01.577Z][pid 30692][tid 33260] INFO Explorer view base subclass ready (view=00000000067A2D1E frame=00000000009B25E8)
[2025-11-27T20:40:01.577Z][pid 30692][tid 33260] VERBOSE DirectUI IUIElement unavailable (hr=0x80004001)
[2025-11-27T20:40:01.577Z][pid 30692][tid 33260] INFO Installed explorer DirectUI host subclass (direct=00000000039C1810)
[2025-11-27T20:40:01.577Z][pid 30692][tid 33260] INFO Explorer pane creation watch armed (view=00000000067A2D1E list=1 tree=1)
[2025-11-27T20:40:01.577Z][pid 30692][tid 33260] INFO Explorer pane fallback timer armed (view=00000000067A2D1E delay=500)
[2025-11-27T20:40:01.577Z][pid 30692][tid 33260] INFO Explorer panes not ready: list view missing (view=00000000067A2D1E)
[2025-11-27T20:40:01.577Z][pid 30692][tid 33260] INFO Explorer panes not ready: tree view missing (view=00000000067A2D1E)
[2025-11-27T20:40:01.577Z][pid 30692][tid 33260] INFO Explorer pane retry timer armed (view=00000000067A2D1E delay=500 attempts=1)
[2025-11-27T20:40:01.578Z][pid 30692][tid 33260] INFO TabBand::UpdateTabsUI applying 1 items
[2025-11-27T20:40:01.578Z][pid 30692][tid 33260] INFO Breadcrumb gradients enabled; locating toolbar (installed=1 background=0 text=1)
[2025-11-27T20:40:01.578Z][pid 30692][tid 33260] INFO Breadcrumb QueryService(IShellBrowser) failed: 0x80004001
[2025-11-27T20:40:01.578Z][pid 30692][tid 33260] INFO Breadcrumb ribbon frame discovered via IShellBrowser (hwnd=00000000014F0A54)
[2025-11-27T20:40:01.578Z][pid 30692][tid 33260] INFO Breadcrumb ribbon frame discovered via IWebBrowser2 (hwnd=00000000014F0A54)
[2025-11-27T20:40:01.579Z][pid 30692][tid 33260] INFO Breadcrumb toolbar located via window enumeration (hwnd=0000000000110472)
[2025-11-27T20:40:01.579Z][pid 30692][tid 33260] INFO Explorer pane creation watch cleared (view=00000000067A2D1E)
[2025-11-27T20:40:01.579Z][pid 30692][tid 33260] INFO Cleared Open In New Tab pending state
[2025-11-27T20:40:01.579Z][pid 30692][tid 33260] INFO Installed shell view window subclass (view=00000000067A2D1E)
[2025-11-27T20:40:01.579Z][pid 30692][tid 33260] INFO Installed explorer frame subclass (frame=00000000009B25E8)
[2025-11-27T20:40:01.579Z][pid 30692][tid 33260] INFO Cleared Open In New Tab pending state
[2025-11-27T20:40:01.579Z][pid 30692][tid 33260] INFO Explorer view base subclass ready (view=00000000067A2D1E frame=00000000009B25E8)
[2025-11-27T20:40:01.579Z][pid 30692][tid 33260] VERBOSE DirectUI IUIElement unavailable (hr=0x80004001)
[2025-11-27T20:40:01.579Z][pid 30692][tid 33260] INFO Installed explorer DirectUI host subclass (direct=00000000039C1810)
[2025-11-27T20:40:01.580Z][pid 30692][tid 33260] INFO Explorer pane creation watch armed (view=00000000067A2D1E list=1 tree=1)
[2025-11-27T20:40:01.580Z][pid 30692][tid 33260] INFO Explorer pane fallback timer armed (view=00000000067A2D1E delay=500)
[2025-11-27T20:40:01.580Z][pid 30692][tid 33260] INFO Explorer panes not ready: list view missing (view=00000000067A2D1E)
[2025-11-27T20:40:01.580Z][pid 30692][tid 33260] INFO Explorer panes not ready: tree view missing (view=00000000067A2D1E)
[2025-11-27T20:40:01.580Z][pid 30692][tid 33260] INFO Explorer pane retry timer armed (view=00000000067A2D1E delay=500 attempts=1)
[2025-11-27T20:40:01.650Z][pid 30692][tid 33260] INFO Installed explorer list host subclass (host=00000000009B25E8)
[2025-11-27T20:40:01.650Z][pid 30692][tid 33260] INFO Installed explorer list host subclass (host=0000000000362D48)
[2025-11-27T20:40:01.650Z][pid 30692][tid 33260] INFO Installed explorer list host subclass (host=000000000510363E)
[2025-11-27T20:40:01.650Z][pid 30692][tid 33260] INFO Installed explorer list host subclass (host=00000000014F0A54)
[2025-11-27T20:40:01.651Z][pid 30692][tid 33260] INFO Installed explorer list host subclass (host=00000000047C3426)
[2025-11-27T20:40:01.812Z][pid 30692][tid 9248] INFO TabBand constructed (this=0000000029CF7FC0)
[2025-11-27T20:40:01.812Z][pid 30692][tid 9248] INFO TabBand::SetSite begin (this=0000000029CF7FC0, site=0000000029C32338)
[2025-11-27T20:40:01.812Z][pid 30692][tid 9248] INFO TabBand::DisconnectSite (this=0000000029CF7FC0)
[2025-11-27T20:40:01.812Z][pid 30692][tid 9248] INFO TabBand::EnsureSessionStore resolving storage (this=0000000029CF7FC0)
[2025-11-27T20:40:01.812Z][pid 30692][tid 9248] INFO TabBand::EnsureSessionStore window token unavailable; deferring initialization
[2025-11-27T20:40:01.813Z][pid 30692][tid 9248] INFO TabBand::SetSite resolved browser interfaces
[2025-11-27T20:40:01.813Z][pid 30692][tid 9248] INFO TabBand::SetSite EnsureWindow
[2025-11-27T20:40:01.813Z][pid 30692][tid 9248] INFO TabBand::EnsureWindow creating band window (this=0000000029CF7FC0)
[2025-11-27T20:40:01.816Z][pid 30692][tid 9248] INFO TabBand::EnsureSessionStore resolving storage (this=0000000029CF7FC0)
[2025-11-27T20:40:01.816Z][pid 30692][tid 9248] INFO TabBand::ResolveWindowToken adopted crashed session token 50218E18-8090-4F81-BA49-1DD1EB445B0E
[2025-11-27T20:40:01.816Z][pid 30692][tid 9248] INFO TabBand::EnsureSessionStore window token 50218E18-8090-4F81-BA49-1DD1EB445B0E
[2025-11-27T20:40:01.816Z][pid 30692][tid 9248] INFO TabBand::EnsureSessionStore using storage path C:\Users\ben\AppData\Roaming\ShellTabs\session-50218E18-8090-4F81-BA49-1DD1EB445B0E.db
[2025-11-27T20:40:01.816Z][pid 30692][tid 9248] INFO TabBand session crash marker created (post-init)
[2025-11-27T20:40:01.818Z][pid 30692][tid 9248] INFO TabBand::EnsureWindow created window hwnd=00000000038F2C7E
[2025-11-27T20:40:01.818Z][pid 30692][tid 9248] INFO TabBand::SetSite EnsureSessionStore
[2025-11-27T20:40:01.818Z][pid 30692][tid 9248] INFO TabBand::SetSite BrowserEvents connected
[2025-11-27T20:40:01.819Z][pid 30692][tid 9248] INFO TabBand::SetSite InitializeTabs
[2025-11-27T20:40:01.819Z][pid 30692][tid 9248] INFO TabBand::InitializeTabs - begin
[2025-11-27T20:40:01.819Z][pid 30692][tid 9248] INFO TabBand::InitializeTabs - end
[2025-11-27T20:40:01.819Z][pid 30692][tid 9248] INFO TabBand::SetSite UpdateTabsUI (initial)
[2025-11-27T20:40:01.819Z][pid 30692][tid 9248] INFO TabBand::UpdateTabsUI applying 1 items
[2025-11-27T20:40:01.819Z][pid 30692][tid 9248] INFO TabBand::SetSite completed successfully
[2025-11-27T20:40:01.819Z][pid 30692][tid 25404] INFO TabBand::RunBackgroundInitialization begin (this=0000000029CF7FC0, seq=1)
[2025-11-27T20:40:01.819Z][pid 30692][tid 25404] INFO TabBand session crash marker created
[2025-11-27T20:40:01.820Z][pid 30692][tid 25404] INFO SessionStore restored snapshot from C:\Users\ben\AppData\Roaming\ShellTabs\session-50218E18-8090-4F81-BA49-1DD1EB445B0E.db (primary)
[2025-11-27T20:40:01.826Z][pid 30692][tid 9248] INFO CExplorerBHO::SetSite attaching to site=000000001C952A38
[2025-11-27T20:40:01.826Z][pid 30692][tid 9248] INFO Cleared Open In New Tab pending state
[2025-11-27T20:40:01.826Z][pid 30692][tid 9248] INFO EnsureBandVisible: invoking ShowBrowserBar for host=0000000001AD06B4 (attempt 1)
[2025-11-27T20:40:01.827Z][pid 30692][tid 9248] INFO EnsureBandVisible: ShowBrowserBar succeeded for host=0000000001AD06B4 on attempt 1
[2025-11-27T20:40:01.827Z][pid 30692][tid 9248] INFO Installed progress gradient subclass on hwnd=0000000003042E4A
[2025-11-27T20:40:01.827Z][pid 30692][tid 9248] INFO Installed travel band subclass (band=0000000000840742 toolbar=00000000016200C2)
[2025-11-27T20:40:01.827Z][pid 30692][tid 9248] INFO Breadcrumb CBT hook installed for thread 9248
[2025-11-27T20:40:01.827Z][pid 30692][tid 9248] INFO Breadcrumb gradients enabled; locating toolbar (installed=0 background=0 text=1)
[2025-11-27T20:40:01.827Z][pid 30692][tid 9248] INFO Breadcrumb QueryService(IShellBrowser) failed: 0x80004001
[2025-11-27T20:40:01.827Z][pid 30692][tid 9248] INFO Breadcrumb ribbon frame discovered via IShellBrowser (hwnd=00000000017401C4)
[2025-11-27T20:40:01.828Z][pid 30692][tid 9248] INFO Breadcrumb toolbar located via deep enumeration (hwnd=0000000000512658)
[2025-11-27T20:40:01.828Z][pid 30692][tid 9248] INFO Installed breadcrumb gradient subclass on hwnd=0000000000512658
[2025-11-27T20:40:01.829Z][pid 30692][tid 9248] INFO Installed progress gradient subclass on hwnd=0000000003042E4A
[2025-11-27T20:40:01.831Z][pid 30692][tid 9248] INFO Breadcrumb gradients enabled; locating toolbar (installed=1 background=0 text=1)
[2025-11-27T20:40:01.831Z][pid 30692][tid 9248] INFO Breadcrumb QueryService(IShellBrowser) failed: 0x80004001
[2025-11-27T20:40:01.831Z][pid 30692][tid 9248] INFO Breadcrumb ribbon frame discovered via IShellBrowser (hwnd=00000000017401C4)
[2025-11-27T20:40:01.831Z][pid 30692][tid 9248] INFO Breadcrumb toolbar located via deep enumeration (hwnd=0000000000512658)
[2025-11-27T20:40:01.831Z][pid 30692][tid 9248] INFO Cleared Open In New Tab pending state
[2025-11-27T20:40:01.850Z][pid 30692][tid 33260] INFO Explorer status bar discovered (hwnd=0000000000FD09DC)
[2025-11-27T20:40:01.851Z][pid 30692][tid 33260] WARN Status bar subclass skipped: cross-thread window (hwnd=0000000000FD09DC thread=30692)
[2025-11-27T20:40:01.851Z][pid 30692][tid 33260] WARN Status bar theme update skipped: cross-thread window (hwnd=0000000000FD09DC ownerThread=30692)
[2025-11-27T20:40:01.861Z][pid 30692][tid 33260] WARN Status bar subclass skipped: cross-thread window (hwnd=0000000000FD09DC thread=30692)
[2025-11-27T20:40:01.861Z][pid 30692][tid 33260] WARN Status bar theme update skipped: cross-thread window (hwnd=0000000000FD09DC ownerThread=30692)
[2025-11-27T20:40:01.863Z][pid 30692][tid 33260] WARN Status bar subclass skipped: cross-thread window (hwnd=0000000000FD09DC thread=30692)
[2025-11-27T20:40:01.864Z][pid 30692][tid 33260] WARN Status bar theme update skipped: cross-thread window (hwnd=0000000000FD09DC ownerThread=30692)
[2025-11-27T20:40:01.866Z][pid 30692][tid 33260] WARN Status bar subclass skipped: cross-thread window (hwnd=0000000000FD09DC thread=30692)
[2025-11-27T20:40:01.866Z][pid 30692][tid 33260] WARN Status bar theme update skipped: cross-thread window (hwnd=0000000000FD09DC ownerThread=30692)
[2025-11-27T20:40:01.880Z][pid 30692][tid 33260] WARN Status bar subclass skipped: cross-thread window (hwnd=0000000000FD09DC thread=30692)
[2025-11-27T20:40:01.881Z][pid 30692][tid 33260] WARN Status bar theme update skipped: cross-thread window (hwnd=0000000000FD09DC ownerThread=30692)
[2025-11-27T20:40:01.881Z][pid 30692][tid 33260] WARN Status bar subclass skipped: cross-thread window (hwnd=0000000000FD09DC thread=30692)
[2025-11-27T20:40:01.882Z][pid 30692][tid 33260] WARN Status bar theme update skipped: cross-thread window (hwnd=0000000000FD09DC ownerThread=30692)
[2025-11-27T20:40:01.882Z][pid 30692][tid 33260] WARN Status bar subclass skipped: cross-thread window (hwnd=0000000000FD09DC thread=30692)
[2025-11-27T20:40:01.883Z][pid 30692][tid 33260] WARN Status bar theme update skipped: cross-thread window (hwnd=0000000000FD09DC ownerThread=30692)
[2025-11-27T20:40:01.890Z][pid 30692][tid 33260] WARN Status bar subclass skipped: cross-thread window (hwnd=0000000000FD09DC thread=30692)
[2025-11-27T20:40:01.890Z][pid 30692][tid 33260] WARN Status bar theme update skipped: cross-thread window (hwnd=0000000000FD09DC ownerThread=30692)
[2025-11-27T20:40:01.891Z][pid 30692][tid 33260] WARN Status bar subclass skipped: cross-thread window (hwnd=0000000000FD09DC thread=30692)
[2025-11-27T20:40:01.891Z][pid 30692][tid 33260] WARN Status bar theme update skipped: cross-thread window (hwnd=0000000000FD09DC ownerThread=30692)
[2025-11-27T20:40:01.955Z][pid 30692][tid 9248] INFO TabBand::HandleInitializationResult applying sequence 1
[2025-11-27T20:40:01.956Z][pid 30692][tid 9248] INFO TabBand::RestoreSession loaded 1 groups
[2025-11-27T20:40:01.956Z][pid 30692][tid 9248] INFO TabBand::UpdateTabsUI applying 1 items
[2025-11-27T20:40:01.957Z][pid 30692][tid 9248] INFO Breadcrumb QueryService(IShellBrowser) failed: 0x80004001
[2025-11-27T20:40:01.957Z][pid 30692][tid 9248] INFO Breadcrumb ribbon frame discovered via IShellBrowser (hwnd=00000000017401C4)
[2025-11-27T20:40:01.957Z][pid 30692][tid 9248] INFO Breadcrumb ribbon frame discovered via IWebBrowser2 (hwnd=00000000017401C4)
[2025-11-27T20:40:01.957Z][pid 30692][tid 9248] INFO Breadcrumb toolbar located via window enumeration (hwnd=000000000081059A)
[2025-11-27T20:40:01.957Z][pid 30692][tid 9248] INFO Installed breadcrumb gradient subclass on hwnd=000000000081059A
[2025-11-27T20:40:01.957Z][pid 30692][tid 9248] INFO Installed progress gradient subclass on hwnd=0000000003042E4A
[2025-11-27T20:40:01.958Z][pid 30692][tid 9248] INFO Cleared Open In New Tab pending state
[2025-11-27T20:40:01.992Z][pid 30692][tid 33260] WARN Status bar subclass skipped: cross-thread window (hwnd=0000000000FD09DC thread=30692)
[2025-11-27T20:40:01.993Z][pid 30692][tid 33260] WARN Status bar theme update skipped: cross-thread window (hwnd=0000000000FD09DC ownerThread=30692)
[2025-11-27T20:40:02.000Z][pid 30692][tid 33260] WARN Status bar subclass skipped: cross-thread window (hwnd=0000000000FD09DC thread=30692)
[2025-11-27T20:40:02.000Z][pid 30692][tid 33260] WARN Status bar theme update skipped: cross-thread window (hwnd=0000000000FD09DC ownerThread=30692)
[2025-11-27T20:40:02.010Z][pid 30692][tid 33260] WARN Status bar subclass skipped: cross-thread window (hwnd=0000000000FD09DC thread=30692)
[2025-11-27T20:40:02.012Z][pid 30692][tid 33260] WARN Status bar theme update skipped: cross-thread window (hwnd=0000000000FD09DC ownerThread=30692)
[2025-11-27T20:40:02.017Z][pid 30692][tid 33260] WARN Status bar subclass skipped: cross-thread window (hwnd=0000000000FD09DC thread=30692)
[2025-11-27T20:40:02.020Z][pid 30692][tid 33260] WARN Status bar theme update skipped: cross-thread window (hwnd=0000000000FD09DC ownerThread=30692)
[2025-11-27T20:40:02.032Z][pid 30692][tid 33260] WARN Status bar subclass skipped: cross-thread window (hwnd=0000000000FD09DC thread=30692)
[2025-11-27T20:40:02.034Z][pid 30692][tid 33260] WARN Status bar theme update skipped: cross-thread window (hwnd=0000000000FD09DC ownerThread=30692)
[2025-11-27T20:40:02.036Z][pid 30692][tid 33260] WARN Status bar subclass skipped: cross-thread window (hwnd=0000000000FD09DC thread=30692)
[2025-11-27T20:40:02.036Z][pid 30692][tid 33260] WARN Status bar theme update skipped: cross-thread window (hwnd=0000000000FD09DC ownerThread=30692)
[2025-11-27T20:40:02.039Z][pid 30692][tid 33260] INFO Explorer status bar released (hwnd=0000000000FD09DC)
[2025-11-27T20:40:02.039Z][pid 30692][tid 33260] WARN Status bar subclass removal skipped: cross-thread window (hwnd=0000000000FD09DC thread=30692)
[2025-11-27T20:40:02.039Z][pid 30692][tid 33260] WARN Status bar reset skipped: cross-thread access (hwnd=0000000000FD09DC ownerThread=30692)
[2025-11-27T20:40:02.048Z][pid 30692][tid 9248] INFO TabBand::UpdateTabsUI applying 1 items
[2025-11-27T20:40:02.049Z][pid 30692][tid 9248] INFO Breadcrumb gradients enabled; locating toolbar (installed=1 background=0 text=1)
[2025-11-27T20:40:02.049Z][pid 30692][tid 9248] INFO Breadcrumb QueryService(IShellBrowser) failed: 0x80004001
[2025-11-27T20:40:02.049Z][pid 30692][tid 9248] INFO Breadcrumb ribbon frame discovered via IShellBrowser (hwnd=00000000017401C4)
[2025-11-27T20:40:02.050Z][pid 30692][tid 9248] INFO Breadcrumb ribbon frame discovered via IWebBrowser2 (hwnd=00000000017401C4)
[2025-11-27T20:40:02.050Z][pid 30692][tid 9248] INFO Breadcrumb toolbar located via window enumeration (hwnd=000000000081059A)
[2025-11-27T20:40:02.051Z][pid 30692][tid 9248] INFO Cleared Open In New Tab pending state
[2025-11-27T20:40:02.051Z][pid 30692][tid 9248] INFO Installed shell view window subclass (view=0000000000CC2600)
[2025-11-27T20:40:02.051Z][pid 30692][tid 9248] INFO Installed explorer frame subclass (frame=0000000001AD06B4)
[2025-11-27T20:40:02.051Z][pid 30692][tid 9248] INFO Cleared Open In New Tab pending state
[2025-11-27T20:40:02.051Z][pid 30692][tid 9248] INFO Explorer view base subclass ready (view=0000000000CC2600 frame=0000000001AD06B4)
[2025-11-27T20:40:02.052Z][pid 30692][tid 9248] VERBOSE DirectUI IUIElement unavailable (hr=0x80004001)
[2025-11-27T20:40:02.052Z][pid 30692][tid 9248] INFO Installed explorer DirectUI host subclass (direct=00000000008B2614)
[2025-11-27T20:40:02.052Z][pid 30692][tid 9248] INFO Installed explorer tree view subclass (tree=0000000000DD27CA)
[2025-11-27T20:40:02.052Z][pid 30692][tid 9248] INFO Explorer pane creation watch armed (view=0000000000CC2600 list=1 tree=0)
[2025-11-27T20:40:02.053Z][pid 30692][tid 9248] INFO Explorer pane fallback timer armed (view=0000000000CC2600 delay=500)
[2025-11-27T20:40:02.053Z][pid 30692][tid 9248] INFO Explorer panes not ready: list view missing (view=0000000000CC2600)
[2025-11-27T20:40:02.053Z][pid 30692][tid 9248] INFO Explorer pane retry timer armed (view=0000000000CC2600 delay=500 attempts=1)
[2025-11-27T20:40:02.053Z][pid 30692][tid 9248] INFO TabBand::UpdateTabsUI applying 1 items
[2025-11-27T20:40:02.054Z][pid 30692][tid 9248] INFO Breadcrumb QueryService(IShellBrowser) failed: 0x80004001
[2025-11-27T20:40:02.054Z][pid 30692][tid 9248] INFO Breadcrumb ribbon frame discovered via IShellBrowser (hwnd=00000000017401C4)
[2025-11-27T20:40:02.054Z][pid 30692][tid 9248] INFO Breadcrumb ribbon frame discovered via IWebBrowser2 (hwnd=00000000017401C4)
[2025-11-27T20:40:02.056Z][pid 30692][tid 9248] INFO Breadcrumb toolbar located via window enumeration (hwnd=000000000081059A)
[2025-11-27T20:40:02.057Z][pid 30692][tid 9248] INFO Explorer pane creation watch cleared (view=0000000000CC2600)
[2025-11-27T20:40:02.058Z][pid 30692][tid 9248] INFO Cleared Open In New Tab pending state
[2025-11-27T20:40:02.058Z][pid 30692][tid 9248] INFO Installed shell view window subclass (view=0000000000CC2600)
[2025-11-27T20:40:02.058Z][pid 30692][tid 9248] INFO Installed explorer frame subclass (frame=0000000001AD06B4)
[2025-11-27T20:40:02.058Z][pid 30692][tid 9248] INFO Cleared Open In New Tab pending state
[2025-11-27T20:40:02.059Z][pid 30692][tid 9248] INFO Explorer view base subclass ready (view=0000000000CC2600 frame=0000000001AD06B4)
[2025-11-27T20:40:02.059Z][pid 30692][tid 9248] VERBOSE DirectUI IUIElement unavailable (hr=0x80004001)
[2025-11-27T20:40:02.059Z][pid 30692][tid 9248] INFO Installed explorer DirectUI host subclass (direct=00000000008B2614)
[2025-11-27T20:40:02.060Z][pid 30692][tid 9248] INFO Installed explorer tree view subclass (tree=0000000000DD27CA)
[2025-11-27T20:40:02.064Z][pid 30692][tid 9248] INFO Explorer pane creation watch armed (view=0000000000CC2600 list=1 tree=0)
[2025-11-27T20:40:02.064Z][pid 30692][tid 9248] INFO Explorer pane fallback timer armed (view=0000000000CC2600 delay=500)
[2025-11-27T20:40:02.064Z][pid 30692][tid 9248] INFO Explorer panes not ready: list view missing (view=0000000000CC2600)
[2025-11-27T20:40:02.065Z][pid 30692][tid 9248] INFO Explorer pane retry timer armed (view=0000000000CC2600 delay=500 attempts=1)
[2025-11-27T20:40:02.079Z][pid 30692][tid 9248] INFO TabBand::UpdateTabsUI applying 1 items
[2025-11-27T20:40:02.084Z][pid 30692][tid 9248] INFO TabBand::UpdateTabsUI applying 1 items
[2025-11-27T20:40:02.085Z][pid 30692][tid 9248] INFO Breadcrumb QueryService(IShellBrowser) failed: 0x80004001
[2025-11-27T20:40:02.085Z][pid 30692][tid 9248] INFO Breadcrumb ribbon frame discovered via IShellBrowser (hwnd=00000000017401C4)
[2025-11-27T20:40:02.085Z][pid 30692][tid 9248] INFO Breadcrumb ribbon frame discovered via IWebBrowser2 (hwnd=00000000017401C4)
[2025-11-27T20:40:02.086Z][pid 30692][tid 9248] INFO Breadcrumb toolbar located via window enumeration (hwnd=000000000081059A)
[2025-11-27T20:40:02.086Z][pid 30692][tid 33260] INFO TabBand::UpdateTabsUI applying 1 items
[2025-11-27T20:40:02.086Z][pid 30692][tid 9248] INFO Explorer pane creation watch cleared (view=0000000000CC2600)
[2025-11-27T20:40:02.086Z][pid 30692][tid 9248] INFO Cleared Open In New Tab pending state
[2025-11-27T20:40:02.086Z][pid 30692][tid 9248] INFO Installed shell view window subclass (view=0000000000CC2600)
[2025-11-27T20:40:02.086Z][pid 30692][tid 33260] INFO Breadcrumb QueryService(IShellBrowser) failed: 0x80004001
[2025-11-27T20:40:02.086Z][pid 30692][tid 9248] INFO Installed explorer frame subclass (frame=0000000001AD06B4)
[2025-11-27T20:40:02.086Z][pid 30692][tid 33260] INFO Breadcrumb ribbon frame discovered via IShellBrowser (hwnd=00000000014F0A54)
[2025-11-27T20:40:02.086Z][pid 30692][tid 9248] INFO Cleared Open In New Tab pending state
[2025-11-27T20:40:02.087Z][pid 30692][tid 9248] INFO Explorer view base subclass ready (view=0000000000CC2600 frame=0000000001AD06B4)
[2025-11-27T20:40:02.087Z][pid 30692][tid 33260] INFO Breadcrumb ribbon frame discovered via IWebBrowser2 (hwnd=00000000014F0A54)
[2025-11-27T20:40:02.087Z][pid 30692][tid 9248] VERBOSE DirectUI IUIElement unavailable (hr=0x80004001)
[2025-11-27T20:40:02.087Z][pid 30692][tid 33260] INFO Breadcrumb toolbar located via window enumeration (hwnd=0000000000110472)
[2025-11-27T20:40:02.087Z][pid 30692][tid 9248] INFO Installed explorer DirectUI host subclass (direct=00000000008B2614)
[2025-11-27T20:40:02.087Z][pid 30692][tid 33260] INFO Explorer pane creation watch cleared (view=00000000067A2D1E)
[2025-11-27T20:40:02.087Z][pid 30692][tid 9248] INFO Installed explorer tree view subclass (tree=0000000000DD27CA)
[2025-11-27T20:40:02.087Z][pid 30692][tid 33260] INFO Cleared Open In New Tab pending state
[2025-11-27T20:40:02.087Z][pid 30692][tid 33260] INFO Installed shell view window subclass (view=00000000067A2D1E)
[2025-11-27T20:40:02.087Z][pid 30692][tid 33260] INFO Installed explorer frame subclass (frame=00000000009B25E8)
[2025-11-27T20:40:02.088Z][pid 30692][tid 9248] INFO Explorer pane creation watch armed (view=0000000000CC2600 list=1 tree=0)
[2025-11-27T20:40:02.088Z][pid 30692][tid 33260] INFO Cleared Open In New Tab pending state
[2025-11-27T20:40:02.088Z][pid 30692][tid 9248] INFO Explorer pane fallback timer armed (view=0000000000CC2600 delay=500)
[2025-11-27T20:40:02.088Z][pid 30692][tid 33260] INFO Explorer view base subclass ready (view=00000000067A2D1E frame=00000000009B25E8)
[2025-11-27T20:40:02.088Z][pid 30692][tid 9248] INFO Explorer panes not ready: list view missing (view=0000000000CC2600)
[2025-11-27T20:40:02.088Z][pid 30692][tid 33260] VERBOSE DirectUI IUIElement unavailable (hr=0x80004001)
[2025-11-27T20:40:02.088Z][pid 30692][tid 9248] INFO Explorer pane retry timer armed (view=0000000000CC2600 delay=500 attempts=1)
[2025-11-27T20:40:02.088Z][pid 30692][tid 33260] INFO Installed explorer DirectUI host subclass (direct=00000000039C1810)
[2025-11-27T20:40:02.088Z][pid 30692][tid 33260] INFO Installed explorer tree view subclass (tree=00000000038B1610)
[2025-11-27T20:40:02.089Z][pid 30692][tid 33260] INFO Explorer pane creation watch armed (view=00000000067A2D1E list=1 tree=0)
[2025-11-27T20:40:02.089Z][pid 30692][tid 33260] INFO Explorer pane fallback timer armed (view=00000000067A2D1E delay=500)
[2025-11-27T20:40:02.089Z][pid 30692][tid 33260] INFO Explorer panes not ready: list view missing (view=00000000067A2D1E)
[2025-11-27T20:40:02.089Z][pid 30692][tid 33260] INFO Explorer pane retry timer armed (view=00000000067A2D1E delay=500 attempts=1)
[2025-11-27T20:40:02.094Z][pid 30692][tid 9248] INFO Installed explorer list host subclass (host=0000000001AD06B4)
[2025-11-27T20:40:02.094Z][pid 30692][tid 9248] INFO Installed explorer list host subclass (host=0000000000852602)
[2025-11-27T20:40:02.095Z][pid 30692][tid 9248] INFO Installed explorer list host subclass (host=0000000000762558)
[2025-11-27T20:40:02.095Z][pid 30692][tid 9248] INFO Installed explorer list host subclass (host=00000000017401C4)
[2025-11-27T20:40:02.095Z][pid 30692][tid 9248] INFO Installed explorer list host subclass (host=00000000046307C0)
[2025-11-27T20:40:02.106Z][pid 30692][tid 9248] INFO Explorer pane creation watch armed (view=0000000000CC2600 list=1 tree=1)
[2025-11-27T20:40:02.106Z][pid 30692][tid 9248] INFO Explorer panes not ready: tree view missing (view=0000000000CC2600)
[2025-11-27T20:40:02.109Z][pid 30692][tid 9248] INFO Cleared Open In New Tab pending state
[2025-11-27T20:40:02.109Z][pid 30692][tid 9248] INFO CExplorerBHO::SetSite detaching from site
[2025-11-27T20:40:02.109Z][pid 30692][tid 9248] INFO Breadcrumb CBT hook removed for thread 9248
[2025-11-27T20:40:02.110Z][pid 30692][tid 9248] INFO Explorer pane creation watch cleared (view=0000000000000000)
[2025-11-27T20:40:02.110Z][pid 30692][tid 9248] INFO Cleared Open In New Tab pending state
[2025-11-27T20:40:02.110Z][pid 30692][tid 9248] INFO Cleared Open In New Tab pending state
[2025-11-27T20:40:02.111Z][pid 30692][tid 9248] INFO TabBand::DisconnectSite (this=0000000029CF7FC0)
[2025-11-27T20:40:02.112Z][pid 30692][tid 9248] INFO TabBand::SetSite begin (this=0000000029CF7FC0, site=0000000000000000)
[2025-11-27T20:40:02.112Z][pid 30692][tid 9248] INFO TabBand::SetSite site unchanged
[2025-11-27T20:40:02.112Z][pid 30692][tid 9248] INFO TabBand destroyed (this=0000000029CF7FC0)
[2025-11-27T20:40:02.112Z][pid 30692][tid 9248] INFO TabBand::DisconnectSite (this=0000000029CF7FC0)
[2025-11-27T20:40:02.112Z][pid 30692][tid 9248] INFO TabBand::EnsureSessionStore resolving storage (this=0000000029CF7FC0)
[2025-11-27T20:40:02.112Z][pid 30692][tid 9248] INFO TabBand::EnsureSessionStore window token unavailable; deferring initialization
[2025-11-27T20:40:04.673Z][pid 30692][tid 33260] INFO Installed explorer list host subclass (host=00000000009B25E8)
[2025-11-27T20:40:04.673Z][pid 30692][tid 33260] INFO Installed explorer list host subclass (host=0000000000362D48)
[2025-11-27T20:40:04.674Z][pid 30692][tid 33260] INFO Installed explorer list host subclass (host=000000000510363E)
[2025-11-27T20:40:04.674Z][pid 30692][tid 33260] INFO Installed explorer list host subclass (host=00000000014F0A54)
[2025-11-27T20:40:04.674Z][pid 30692][tid 33260] INFO Installed explorer list host subclass (host=00000000047C3426)
[2025-11-27T20:40:04.674Z][pid 30692][tid 33260] INFO Explorer status bar discovered (hwnd=0000000000FD09DC)
[2025-11-27T20:40:04.674Z][pid 30692][tid 33260] WARN Status bar subclass skipped: cross-thread window (hwnd=0000000000FD09DC thread=30692)
[2025-11-27T20:40:04.674Z][pid 30692][tid 33260] WARN Status bar theme update skipped: cross-thread window (hwnd=0000000000FD09DC ownerThread=30692)
[2025-11-27T20:40:04.675Z][pid 30692][tid 33260] WARN Status bar subclass skipped: cross-thread window (hwnd=0000000000FD09DC thread=30692)
[2025-11-27T20:40:04.675Z][pid 30692][tid 33260] WARN Status bar theme update skipped: cross-thread window (hwnd=0000000000FD09DC ownerThread=30692)
[2025-11-27T20:40:04.676Z][pid 30692][tid 33260] WARN Status bar subclass skipped: cross-thread window (hwnd=0000000000FD09DC thread=30692)
[2025-11-27T20:40:04.676Z][pid 30692][tid 33260] WARN Status bar theme update skipped: cross-thread window (hwnd=0000000000FD09DC ownerThread=30692)
[2025-11-27T20:40:04.677Z][pid 30692][tid 33260] WARN Status bar subclass skipped: cross-thread window (hwnd=0000000000FD09DC thread=30692)
[2025-11-27T20:40:04.677Z][pid 30692][tid 33260] WARN Status bar theme update skipped: cross-thread window (hwnd=0000000000FD09DC ownerThread=30692)
[2025-11-27T20:40:04.731Z][pid 30692][tid 33260] WARN Status bar subclass skipped: cross-thread window (hwnd=0000000000FD09DC thread=30692)
[2025-11-27T20:40:04.732Z][pid 30692][tid 33260] WARN Status bar theme update skipped: cross-thread window (hwnd=0000000000FD09DC ownerThread=30692)
[2025-11-27T20:40:04.732Z][pid 30692][tid 33260] WARN Status bar subclass skipped: cross-thread window (hwnd=0000000000FD09DC thread=30692)
[2025-11-27T20:40:04.732Z][pid 30692][tid 33260] WARN Status bar theme update skipped: cross-thread window (hwnd=0000000000FD09DC ownerThread=30692)
[2025-11-27T20:40:04.755Z][pid 30692][tid 33260] WARN Status bar subclass skipped: cross-thread window (hwnd=0000000000FD09DC thread=30692)
[2025-11-27T20:40:04.755Z][pid 30692][tid 33260] WARN Status bar theme update skipped: cross-thread window (hwnd=0000000000FD09DC ownerThread=30692)
[2025-11-27T20:40:04.755Z][pid 30692][tid 33260] WARN Status bar subclass skipped: cross-thread window (hwnd=0000000000FD09DC thread=30692)
[2025-11-27T20:40:04.756Z][pid 30692][tid 33260] WARN Status bar theme update skipped: cross-thread window (hwnd=0000000000FD09DC ownerThread=30692)
[2025-11-27T20:40:04.772Z][pid 30692][tid 33260] WARN Status bar subclass skipped: cross-thread window (hwnd=0000000000FD09DC thread=30692)
[2025-11-27T20:40:04.773Z][pid 30692][tid 33260] WARN Status bar theme update skipped: cross-thread window (hwnd=0000000000FD09DC ownerThread=30692)
[2025-11-27T20:40:04.786Z][pid 30692][tid 33260] WARN Status bar subclass skipped: cross-thread window (hwnd=0000000000FD09DC thread=30692)
[2025-11-27T20:40:04.786Z][pid 30692][tid 33260] WARN Status bar theme update skipped: cross-thread window (hwnd=0000000000FD09DC ownerThread=30692)
[2025-11-27T20:40:04.789Z][pid 30692][tid 33260] WARN Status bar subclass skipped: cross-thread window (hwnd=0000000000FD09DC thread=30692)
[2025-11-27T20:40:04.789Z][pid 30692][tid 33260] WARN Status bar theme update skipped: cross-thread window (hwnd=0000000000FD09DC ownerThread=30692)
[2025-11-27T20:40:04.849Z][pid 30692][tid 33260] WARN Status bar subclass skipped: cross-thread window (hwnd=0000000000FD09DC thread=30692)
[2025-11-27T20:40:04.849Z][pid 30692][tid 33260] WARN Status bar theme update skipped: cross-thread window (hwnd=0000000000FD09DC ownerThread=30692)
[2025-11-27T20:40:04.892Z][pid 30692][tid 33260] WARN Status bar subclass skipped: cross-thread window (hwnd=0000000000FD09DC thread=30692)
[2025-11-27T20:40:04.892Z][pid 30692][tid 33260] WARN Status bar theme update skipped: cross-thread window (hwnd=0000000000FD09DC ownerThread=30692)
[2025-11-27T20:40:04.986Z][pid 30692][tid 33260] WARN Status bar subclass skipped: cross-thread window (hwnd=0000000000FD09DC thread=30692)
[2025-11-27T20:40:04.986Z][pid 30692][tid 33260] WARN Status bar theme update skipped: cross-thread window (hwnd=0000000000FD09DC ownerThread=30692)
[2025-11-27T20:40:05.180Z][pid 30692][tid 33260] WARN Status bar subclass skipped: cross-thread window (hwnd=0000000000FD09DC thread=30692)
[2025-11-27T20:40:05.181Z][pid 30692][tid 33260] WARN Status bar theme update skipped: cross-thread window (hwnd=0000000000FD09DC ownerThread=30692)
[2025-11-27T20:40:05.719Z][pid 30692][tid 33260] WARN Status bar subclass skipped: cross-thread window (hwnd=0000000000FD09DC thread=30692)
[2025-11-27T20:40:05.720Z][pid 30692][tid 33260] WARN Status bar theme update skipped: cross-thread window (hwnd=0000000000FD09DC ownerThread=30692)
[2025-11-27T20:40:05.748Z][pid 30692][tid 33260] WARN Status bar subclass skipped: cross-thread window (hwnd=0000000000FD09DC thread=30692)
[2025-11-27T20:40:05.748Z][pid 30692][tid 33260] WARN Status bar theme update skipped: cross-thread window (hwnd=0000000000FD09DC ownerThread=30692)
[2025-11-27T20:40:05.808Z][pid 30692][tid 33260] WARN Status bar subclass skipped: cross-thread window (hwnd=0000000000FD09DC thread=30692)
[2025-11-27T20:40:05.808Z][pid 30692][tid 33260] WARN Status bar theme update skipped: cross-thread window (hwnd=0000000000FD09DC ownerThread=30692)
[2025-11-27T20:40:05.823Z][pid 30692][tid 33260] WARN Status bar subclass skipped: cross-thread window (hwnd=0000000000FD09DC thread=30692)
[2025-11-27T20:40:05.823Z][pid 30692][tid 33260] WARN Status bar theme update skipped: cross-thread window (hwnd=0000000000FD09DC ownerThread=30692)
[2025-11-27T20:40:05.828Z][pid 30692][tid 33260] WARN Status bar subclass skipped: cross-thread window (hwnd=0000000000FD09DC thread=30692)
[2025-11-27T20:40:05.828Z][pid 30692][tid 33260] WARN Status bar theme update skipped: cross-thread window (hwnd=0000000000FD09DC ownerThread=30692)
[2025-11-27T20:40:05.834Z][pid 30692][tid 33260] WARN Status bar subclass skipped: cross-thread window (hwnd=0000000000FD09DC thread=30692)
[2025-11-27T20:40:05.834Z][pid 30692][tid 33260] WARN Status bar theme update skipped: cross-thread window (hwnd=0000000000FD09DC ownerThread=30692)
[2025-11-27T20:40:05.846Z][pid 30692][tid 33260] WARN Status bar subclass skipped: cross-thread window (hwnd=0000000000FD09DC thread=30692)
[2025-11-27T20:40:05.846Z][pid 30692][tid 33260] WARN Status bar theme update skipped: cross-thread window (hwnd=0000000000FD09DC ownerThread=30692)
[2025-11-27T20:40:05.850Z][pid 30692][tid 33260] WARN Status bar subclass skipped: cross-thread window (hwnd=0000000000FD09DC thread=30692)
[2025-11-27T20:40:05.850Z][pid 30692][tid 33260] WARN Status bar theme update skipped: cross-thread window (hwnd=0000000000FD09DC ownerThread=30692)
[2025-11-27T20:40:05.854Z][pid 30692][tid 33260] WARN Status bar subclass skipped: cross-thread window (hwnd=0000000000FD09DC thread=30692)
[2025-11-27T20:40:05.854Z][pid 30692][tid 33260] WARN Status bar theme update skipped: cross-thread window (hwnd=0000000000FD09DC ownerThread=30692)
[2025-11-27T20:40:05.857Z][pid 30692][tid 33260] WARN Status bar subclass skipped: cross-thread window (hwnd=0000000000FD09DC thread=30692)
[2025-11-27T20:40:05.857Z][pid 30692][tid 33260] WARN Status bar theme update skipped: cross-thread window (hwnd=0000000000FD09DC ownerThread=30692)
[2025-11-27T20:40:08.519Z][pid 30692][tid 33260] WARN Status bar subclass skipped: cross-thread window (hwnd=0000000000FD09DC thread=30692)
[2025-11-27T20:40:08.520Z][pid 30692][tid 33260] WARN Status bar theme update skipped: cross-thread window (hwnd=0000000000FD09DC ownerThread=30692)
[2025-11-27T20:40:08.520Z][pid 30692][tid 33260] WARN Status bar subclass skipped: cross-thread window (hwnd=0000000000FD09DC thread=30692)
[2025-11-27T20:40:08.520Z][pid 30692][tid 33260] WARN Status bar theme update skipped: cross-thread window (hwnd=0000000000FD09DC ownerThread=30692)
[2025-11-27T20:40:08.546Z][pid 30692][tid 33260] WARN Status bar subclass skipped: cross-thread window (hwnd=0000000000FD09DC thread=30692)
[2025-11-27T20:40:08.546Z][pid 30692][tid 33260] WARN Status bar theme update skipped: cross-thread window (hwnd=0000000000FD09DC ownerThread=30692)
[2025-11-27T20:40:08.546Z][pid 30692][tid 33260] WARN Status bar subclass skipped: cross-thread window (hwnd=0000000000FD09DC thread=30692)
[2025-11-27T20:40:08.546Z][pid 30692][tid 33260] WARN Status bar theme update skipped: cross-thread window (hwnd=0000000000FD09DC ownerThread=30692)
[2025-11-27T20:40:08.546Z][pid 30692][tid 33260] WARN Status bar subclass skipped: cross-thread window (hwnd=0000000000FD09DC thread=30692)
[2025-11-27T20:40:08.547Z][pid 30692][tid 33260] WARN Status bar theme update skipped: cross-thread window (hwnd=0000000000FD09DC ownerThread=30692)
[2025-11-27T20:40:08.549Z][pid 30692][tid 33260] WARN Status bar subclass skipped: cross-thread window (hwnd=0000000000FD09DC thread=30692)
[2025-11-27T20:40:08.549Z][pid 30692][tid 33260] WARN Status bar theme update skipped: cross-thread window (hwnd=0000000000FD09DC ownerThread=30692)
[2025-11-27T20:40:08.550Z][pid 30692][tid 33260] WARN Status bar subclass skipped: cross-thread window (hwnd=0000000000FD09DC thread=30692)
[2025-11-27T20:40:08.550Z][pid 30692][tid 33260] WARN Status bar theme update skipped: cross-thread window (hwnd=0000000000FD09DC ownerThread=30692)
[2025-11-27T20:40:08.551Z][pid 30692][tid 33260] INFO TabBand::UpdateTabsUI applying 1 items
[2025-11-27T20:40:08.553Z][pid 30692][tid 33260] INFO Tab diff: +1 -1 move=0 update=0 rows=1 incremental=false
[2025-11-27T20:40:08.557Z][pid 30692][tid 33260] INFO Breadcrumb QueryService(IShellBrowser) failed: 0x80004001
[2025-11-27T20:40:08.557Z][pid 30692][tid 33260] INFO Breadcrumb ribbon frame discovered via IShellBrowser (hwnd=00000000014F0A54)
[2025-11-27T20:40:08.558Z][pid 30692][tid 33260] INFO Breadcrumb ribbon frame discovered via IWebBrowser2 (hwnd=00000000014F0A54)
[2025-11-27T20:40:08.558Z][pid 30692][tid 33260] INFO Breadcrumb toolbar located via window enumeration (hwnd=0000000000110472)
[2025-11-27T20:40:08.558Z][pid 30692][tid 33260] INFO Explorer pane creation watch cleared (view=0000000000000000)
[2025-11-27T20:40:08.558Z][pid 30692][tid 33260] WARN Status bar subclass removal skipped: cross-thread window (hwnd=0000000000FD09DC thread=30692)
[2025-11-27T20:40:08.558Z][pid 30692][tid 33260] WARN Status bar reset skipped: cross-thread access (hwnd=0000000000FD09DC ownerThread=30692)
[2025-11-27T20:40:08.558Z][pid 30692][tid 33260] INFO Cleared Open In New Tab pending state
[2025-11-27T20:40:08.558Z][pid 30692][tid 33260] INFO Installed shell view window subclass (view=0000000000E024DE)
[2025-11-27T20:40:08.558Z][pid 30692][tid 33260] INFO Installed explorer frame subclass (frame=00000000009B25E8)
[2025-11-27T20:40:08.558Z][pid 30692][tid 33260] INFO Cleared Open In New Tab pending state
[2025-11-27T20:40:08.559Z][pid 30692][tid 33260] INFO Explorer view base subclass ready (view=0000000000E024DE frame=00000000009B25E8)
[2025-11-27T20:40:08.559Z][pid 30692][tid 33260] VERBOSE DirectUI IUIElement unavailable (hr=0x80004001)
[2025-11-27T20:40:08.559Z][pid 30692][tid 33260] INFO Installed explorer DirectUI host subclass (direct=0000000000BB262E)
[2025-11-27T20:40:08.559Z][pid 30692][tid 33260] INFO Installed explorer tree view subclass (tree=00000000038B1610)
[2025-11-27T20:40:08.559Z][pid 30692][tid 33260] INFO Explorer status bar discovered (hwnd=0000000000FD09DC)
[2025-11-27T20:40:08.559Z][pid 30692][tid 33260] WARN Status bar subclass skipped: cross-thread window (hwnd=0000000000FD09DC thread=30692)
[2025-11-27T20:40:08.559Z][pid 30692][tid 33260] WARN Status bar theme update skipped: cross-thread window (hwnd=0000000000FD09DC ownerThread=30692)
[2025-11-27T20:40:08.559Z][pid 30692][tid 33260] INFO Explorer pane creation watch armed (view=0000000000E024DE list=1 tree=0)
[2025-11-27T20:40:08.560Z][pid 30692][tid 33260] INFO Explorer pane fallback timer armed (view=0000000000E024DE delay=500)
[2025-11-27T20:40:08.560Z][pid 30692][tid 33260] INFO Explorer panes not ready: list view missing (view=0000000000E024DE)
[2025-11-27T20:40:08.560Z][pid 30692][tid 33260] INFO Explorer pane retry timer armed (view=0000000000E024DE delay=500 attempts=1)
[2025-11-27T20:40:08.560Z][pid 30692][tid 33260] INFO TabBand::UpdateTabsUI applying 1 items
[2025-11-27T20:40:08.561Z][pid 30692][tid 33260] INFO Breadcrumb QueryService(IShellBrowser) failed: 0x80004001
[2025-11-27T20:40:08.561Z][pid 30692][tid 33260] INFO Breadcrumb ribbon frame discovered via IShellBrowser (hwnd=00000000014F0A54)
[2025-11-27T20:40:08.561Z][pid 30692][tid 33260] INFO Breadcrumb ribbon frame discovered via IWebBrowser2 (hwnd=00000000014F0A54)
[2025-11-27T20:40:08.561Z][pid 30692][tid 33260] INFO Breadcrumb toolbar located via window enumeration (hwnd=0000000000110472)
[2025-11-27T20:40:08.561Z][pid 30692][tid 33260] INFO Explorer pane creation watch cleared (view=0000000000E024DE)
[2025-11-27T20:40:08.561Z][pid 30692][tid 33260] WARN Status bar subclass removal skipped: cross-thread window (hwnd=0000000000FD09DC thread=30692)
[2025-11-27T20:40:08.561Z][pid 30692][tid 33260] WARN Status bar reset skipped: cross-thread access (hwnd=0000000000FD09DC ownerThread=30692)
[2025-11-27T20:40:08.561Z][pid 30692][tid 33260] INFO Cleared Open In New Tab pending state
[2025-11-27T20:40:08.562Z][pid 30692][tid 33260] INFO Installed shell view window subclass (view=0000000000E024DE)
[2025-11-27T20:40:08.562Z][pid 30692][tid 33260] INFO Installed explorer frame subclass (frame=00000000009B25E8)
[2025-11-27T20:40:08.562Z][pid 30692][tid 33260] INFO Cleared Open In New Tab pending state
[2025-11-27T20:40:08.562Z][pid 30692][tid 33260] INFO Explorer view base subclass ready (view=0000000000E024DE frame=00000000009B25E8)
[2025-11-27T20:40:08.562Z][pid 30692][tid 33260] VERBOSE DirectUI IUIElement unavailable (hr=0x80004001)
[2025-11-27T20:40:08.562Z][pid 30692][tid 33260] INFO Installed explorer DirectUI host subclass (direct=0000000000BB262E)
[2025-11-27T20:40:08.562Z][pid 30692][tid 33260] INFO Installed explorer tree view subclass (tree=00000000038B1610)
[2025-11-27T20:40:08.562Z][pid 30692][tid 33260] INFO Explorer status bar discovered (hwnd=0000000000FD09DC)
[2025-11-27T20:40:08.562Z][pid 30692][tid 33260] WARN Status bar subclass skipped: cross-thread window (hwnd=0000000000FD09DC thread=30692)
[2025-11-27T20:40:08.563Z][pid 30692][tid 33260] WARN Status bar theme update skipped: cross-thread window (hwnd=0000000000FD09DC ownerThread=30692)
[2025-11-27T20:40:08.563Z][pid 30692][tid 33260] INFO Explorer pane creation watch armed (view=0000000000E024DE list=1 tree=0)
[2025-11-27T20:40:08.563Z][pid 30692][tid 33260] INFO Explorer pane fallback timer armed (view=0000000000E024DE delay=500)
[2025-11-27T20:40:08.563Z][pid 30692][tid 33260] INFO Explorer panes not ready: list view missing (view=0000000000E024DE)
[2025-11-27T20:40:08.563Z][pid 30692][tid 33260] INFO Explorer pane retry timer armed (view=0000000000E024DE delay=500 attempts=1)
[2025-11-27T20:40:08.595Z][pid 30692][tid 33260] INFO TabBand::UpdateTabsUI applying 1 items
[2025-11-27T20:40:08.597Z][pid 30692][tid 33260] INFO Breadcrumb QueryService(IShellBrowser) failed: 0x80004001
[2025-11-27T20:40:08.597Z][pid 30692][tid 33260] INFO Breadcrumb ribbon frame discovered via IShellBrowser (hwnd=00000000014F0A54)
[2025-11-27T20:40:08.597Z][pid 30692][tid 33260] INFO Breadcrumb ribbon frame discovered via IWebBrowser2 (hwnd=00000000014F0A54)
[2025-11-27T20:40:08.598Z][pid 30692][tid 33260] INFO Breadcrumb toolbar located via window enumeration (hwnd=0000000000110472)
[2025-11-27T20:40:08.598Z][pid 30692][tid 33260] INFO Explorer pane creation watch cleared (view=0000000000E024DE)
[2025-11-27T20:40:08.598Z][pid 30692][tid 33260] WARN Status bar subclass removal skipped: cross-thread window (hwnd=0000000000FD09DC thread=30692)
[2025-11-27T20:40:08.598Z][pid 30692][tid 33260] WARN Status bar reset skipped: cross-thread access (hwnd=0000000000FD09DC ownerThread=30692)
[2025-11-27T20:40:08.598Z][pid 30692][tid 33260] INFO Cleared Open In New Tab pending state
[2025-11-27T20:40:08.598Z][pid 30692][tid 33260] INFO Installed shell view window subclass (view=0000000000E024DE)
[2025-11-27T20:40:08.598Z][pid 30692][tid 33260] INFO Installed explorer frame subclass (frame=00000000009B25E8)
[2025-11-27T20:40:08.598Z][pid 30692][tid 33260] INFO Cleared Open In New Tab pending state
[2025-11-27T20:40:08.598Z][pid 30692][tid 33260] INFO Explorer view base subclass ready (view=0000000000E024DE frame=00000000009B25E8)
[2025-11-27T20:40:08.598Z][pid 30692][tid 33260] VERBOSE DirectUI IUIElement unavailable (hr=0x80004001)
[2025-11-27T20:40:08.598Z][pid 30692][tid 33260] INFO Installed explorer DirectUI host subclass (direct=0000000000BB262E)
[2025-11-27T20:40:08.599Z][pid 30692][tid 33260] INFO Installed explorer tree view subclass (tree=00000000038B1610)
[2025-11-27T20:40:08.599Z][pid 30692][tid 33260] INFO Explorer status bar discovered (hwnd=0000000000FD09DC)
[2025-11-27T20:40:08.599Z][pid 30692][tid 33260] WARN Status bar subclass skipped: cross-thread window (hwnd=0000000000FD09DC thread=30692)
[2025-11-27T20:40:08.599Z][pid 30692][tid 33260] WARN Status bar theme update skipped: cross-thread window (hwnd=0000000000FD09DC ownerThread=30692)
[2025-11-27T20:40:08.599Z][pid 30692][tid 33260] INFO Explorer pane creation watch armed (view=0000000000E024DE list=1 tree=0)
[2025-11-27T20:40:08.599Z][pid 30692][tid 33260] INFO Explorer pane fallback timer armed (view=0000000000E024DE delay=500)
[2025-11-27T20:40:08.599Z][pid 30692][tid 33260] INFO Explorer panes not ready: list view missing (view=0000000000E024DE)
[2025-11-27T20:40:08.599Z][pid 30692][tid 33260] INFO Explorer pane retry timer armed (view=0000000000E024DE delay=500 attempts=1)
[2025-11-27T20:40:08.625Z][pid 30692][tid 33260] INFO Installed explorer list host subclass (host=00000000009B25E8)
[2025-11-27T20:40:08.625Z][pid 30692][tid 33260] INFO Installed explorer list host subclass (host=0000000000362D48)
[2025-11-27T20:40:08.625Z][pid 30692][tid 33260] INFO Installed explorer list host subclass (host=000000000510363E)
[2025-11-27T20:40:08.625Z][pid 30692][tid 33260] INFO Installed explorer list host subclass (host=00000000014F0A54)
[2025-11-27T20:40:08.625Z][pid 30692][tid 33260] INFO Installed explorer list host subclass (host=00000000047C3426)
[2025-11-27T20:40:08.625Z][pid 30692][tid 33260] WARN Status bar subclass skipped: cross-thread window (hwnd=0000000000FD09DC thread=30692)
[2025-11-27T20:40:08.626Z][pid 30692][tid 33260] WARN Status bar theme update skipped: cross-thread window (hwnd=0000000000FD09DC ownerThread=30692)
[2025-11-27T20:40:08.626Z][pid 30692][tid 33260] WARN Status bar subclass skipped: cross-thread window (hwnd=0000000000FD09DC thread=30692)
[2025-11-27T20:40:08.626Z][pid 30692][tid 33260] WARN Status bar theme update skipped: cross-thread window (hwnd=0000000000FD09DC ownerThread=30692)
[2025-11-27T20:40:08.661Z][pid 30692][tid 33260] WARN Status bar subclass skipped: cross-thread window (hwnd=0000000000FD09DC thread=30692)
[2025-11-27T20:40:08.662Z][pid 30692][tid 33260] WARN Status bar theme update skipped: cross-thread window (hwnd=0000000000FD09DC ownerThread=30692)
[2025-11-27T20:40:09.013Z][pid 30692][tid 33260] WARN Status bar subclass skipped: cross-thread window (hwnd=0000000000FD09DC thread=30692)
[2025-11-27T20:40:09.014Z][pid 30692][tid 33260] WARN Status bar theme update skipped: cross-thread window (hwnd=0000000000FD09DC ownerThread=30692)
[2025-11-27T20:40:09.024Z][pid 30692][tid 33260] WARN Status bar subclass skipped: cross-thread window (hwnd=0000000000FD09DC thread=30692)
[2025-11-27T20:40:09.024Z][pid 30692][tid 33260] WARN Status bar theme update skipped: cross-thread window (hwnd=0000000000FD09DC ownerThread=30692)
[2025-11-27T20:40:09.110Z][pid 30692][tid 33260] WARN Status bar subclass skipped: cross-thread window (hwnd=0000000000FD09DC thread=30692)
[2025-11-27T20:40:09.111Z][pid 30692][tid 33260] WARN Status bar theme update skipped: cross-thread window (hwnd=0000000000FD09DC ownerThread=30692)
[2025-11-27T20:40:09.130Z][pid 30692][tid 33260] WARN Status bar subclass skipped: cross-thread window (hwnd=0000000000FD09DC thread=30692)
[2025-11-27T20:40:09.131Z][pid 30692][tid 33260] WARN Status bar theme update skipped: cross-thread window (hwnd=0000000000FD09DC ownerThread=30692)
[2025-11-27T20:40:09.239Z][pid 30692][tid 33260] WARN Status bar subclass skipped: cross-thread window (hwnd=0000000000FD09DC thread=30692)
[2025-11-27T20:40:09.240Z][pid 30692][tid 33260] WARN Status bar theme update skipped: cross-thread window (hwnd=0000000000FD09DC ownerThread=30692)
[2025-11-27T20:40:09.303Z][pid 30692][tid 33260] WARN Status bar subclass skipped: cross-thread window (hwnd=0000000000FD09DC thread=30692)
[2025-11-27T20:40:09.303Z][pid 30692][tid 33260] WARN Status bar theme update skipped: cross-thread window (hwnd=0000000000FD09DC ownerThread=30692)
[2025-11-27T20:40:09.581Z][pid 30692][tid 33260] WARN Status bar subclass skipped: cross-thread window (hwnd=0000000000FD09DC thread=30692)
[2025-11-27T20:40:09.581Z][pid 30692][tid 33260] WARN Status bar theme update skipped: cross-thread window (hwnd=0000000000FD09DC ownerThread=30692)
[2025-11-27T20:40:09.824Z][pid 30692][tid 33260] WARN Status bar subclass skipped: cross-thread window (hwnd=0000000000FD09DC thread=30692)
[2025-11-27T20:40:09.825Z][pid 30692][tid 33260] WARN Status bar theme update skipped: cross-thread window (hwnd=0000000000FD09DC ownerThread=30692)
[2025-11-27T20:40:09.943Z][pid 30692][tid 33260] WARN Status bar subclass skipped: cross-thread window (hwnd=0000000000FD09DC thread=30692)
[2025-11-27T20:40:09.943Z][pid 30692][tid 33260] WARN Status bar theme update skipped: cross-thread window (hwnd=0000000000FD09DC ownerThread=30692)
[2025-11-27T20:40:09.983Z][pid 30692][tid 33260] WARN Status bar subclass skipped: cross-thread window (hwnd=0000000000FD09DC thread=30692)
[2025-11-27T20:40:09.983Z][pid 30692][tid 33260] WARN Status bar theme update skipped: cross-thread window (hwnd=0000000000FD09DC ownerThread=30692)
[2025-11-27T20:40:10.274Z][pid 30692][tid 33260] WARN Status bar subclass skipped: cross-thread window (hwnd=0000000000FD09DC thread=30692)
[2025-11-27T20:40:10.274Z][pid 30692][tid 33260] WARN Status bar theme update skipped: cross-thread window (hwnd=0000000000FD09DC ownerThread=30692)
[2025-11-27T20:40:10.318Z][pid 30692][tid 33260] WARN Status bar subclass skipped: cross-thread window (hwnd=0000000000FD09DC thread=30692)
[2025-11-27T20:40:10.319Z][pid 30692][tid 33260] WARN Status bar theme update skipped: cross-thread window (hwnd=0000000000FD09DC ownerThread=30692)
[2025-11-27T20:40:10.327Z][pid 30692][tid 33260] WARN Status bar subclass skipped: cross-thread window (hwnd=0000000000FD09DC thread=30692)
[2025-11-27T20:40:10.327Z][pid 30692][tid 33260] WARN Status bar theme update skipped: cross-thread window (hwnd=0000000000FD09DC ownerThread=30692)
[2025-11-27T20:40:10.380Z][pid 30692][tid 33260] WARN Status bar subclass skipped: cross-thread window (hwnd=0000000000FD09DC thread=30692)
[2025-11-27T20:40:10.380Z][pid 30692][tid 33260] WARN Status bar theme update skipped: cross-thread window (hwnd=0000000000FD09DC ownerThread=30692)
[2025-11-27T20:40:10.380Z][pid 30692][tid 33260] WARN Status bar subclass skipped: cross-thread window (hwnd=0000000000FD09DC thread=30692)
[2025-11-27T20:40:10.380Z][pid 30692][tid 33260] WARN Status bar theme update skipped: cross-thread window (hwnd=0000000000FD09DC ownerThread=30692)
[2025-11-27T20:40:10.381Z][pid 30692][tid 33260] WARN Status bar subclass skipped: cross-thread window (hwnd=0000000000FD09DC thread=30692)
[2025-11-27T20:40:10.381Z][pid 30692][tid 33260] WARN Status bar theme update skipped: cross-thread window (hwnd=0000000000FD09DC ownerThread=30692)
[2025-11-27T20:40:10.382Z][pid 30692][tid 33260] WARN Status bar subclass skipped: cross-thread window (hwnd=0000000000FD09DC thread=30692)
[2025-11-27T20:40:10.382Z][pid 30692][tid 33260] WARN Status bar theme update skipped: cross-thread window (hwnd=0000000000FD09DC ownerThread=30692)
[2025-11-27T20:40:10.385Z][pid 30692][tid 33260] WARN Status bar subclass skipped: cross-thread window (hwnd=0000000000FD09DC thread=30692)
[2025-11-27T20:40:10.385Z][pid 30692][tid 33260] WARN Status bar theme update skipped: cross-thread window (hwnd=0000000000FD09DC ownerThread=30692)
[2025-11-27T20:40:10.386Z][pid 30692][tid 33260] WARN Status bar subclass skipped: cross-thread window (hwnd=0000000000FD09DC thread=30692)
[2025-11-27T20:40:10.386Z][pid 30692][tid 33260] WARN Status bar theme update skipped: cross-thread window (hwnd=0000000000FD09DC ownerThread=30692)
[2025-11-27T20:40:10.390Z][pid 30692][tid 33260] WARN Status bar subclass skipped: cross-thread window (hwnd=0000000000FD09DC thread=30692)
[2025-11-27T20:40:10.390Z][pid 30692][tid 33260] WARN Status bar theme update skipped: cross-thread window (hwnd=0000000000FD09DC ownerThread=30692)
[2025-11-27T20:40:10.398Z][pid 30692][tid 33260] INFO TabBand::UpdateTabsUI applying 1 items
[2025-11-27T20:40:10.402Z][pid 30692][tid 33260] INFO Tab diff: +1 -1 move=0 update=0 rows=1 incremental=false
[2025-11-27T20:40:10.406Z][pid 30692][tid 33260] INFO Breadcrumb QueryService(IShellBrowser) failed: 0x80004001
[2025-11-27T20:40:10.406Z][pid 30692][tid 33260] INFO Breadcrumb ribbon frame discovered via IShellBrowser (hwnd=00000000014F0A54)
[2025-11-27T20:40:10.406Z][pid 30692][tid 33260] INFO Breadcrumb ribbon frame discovered via IWebBrowser2 (hwnd=00000000014F0A54)
[2025-11-27T20:40:10.406Z][pid 30692][tid 33260] INFO Breadcrumb toolbar located via window enumeration (hwnd=0000000000110472)
[2025-11-27T20:40:10.406Z][pid 30692][tid 33260] INFO Explorer pane creation watch cleared (view=0000000000000000)
[2025-11-27T20:40:10.406Z][pid 30692][tid 33260] WARN Status bar subclass removal skipped: cross-thread window (hwnd=0000000000FD09DC thread=30692)
[2025-11-27T20:40:10.406Z][pid 30692][tid 33260] WARN Status bar reset skipped: cross-thread access (hwnd=0000000000FD09DC ownerThread=30692)
[2025-11-27T20:40:10.407Z][pid 30692][tid 33260] INFO Cleared Open In New Tab pending state
[2025-11-27T20:40:10.407Z][pid 30692][tid 33260] INFO Installed shell view window subclass (view=00000000020009D6)
[2025-11-27T20:40:10.407Z][pid 30692][tid 33260] INFO Installed explorer frame subclass (frame=00000000009B25E8)
[2025-11-27T20:40:10.407Z][pid 30692][tid 33260] INFO Cleared Open In New Tab pending state
[2025-11-27T20:40:10.407Z][pid 30692][tid 33260] INFO Explorer view base subclass ready (view=00000000020009D6 frame=00000000009B25E8)
[2025-11-27T20:40:10.407Z][pid 30692][tid 33260] VERBOSE DirectUI IUIElement unavailable (hr=0x80004001)
[2025-11-27T20:40:10.407Z][pid 30692][tid 33260] INFO Installed explorer DirectUI host subclass (direct=00000000007404A0)
[2025-11-27T20:40:10.407Z][pid 30692][tid 33260] INFO Installed explorer tree view subclass (tree=00000000038B1610)
[2025-11-27T20:40:10.407Z][pid 30692][tid 33260] INFO Explorer status bar discovered (hwnd=0000000000FD09DC)
[2025-11-27T20:40:10.407Z][pid 30692][tid 33260] WARN Status bar subclass skipped: cross-thread window (hwnd=0000000000FD09DC thread=30692)
[2025-11-27T20:40:10.408Z][pid 30692][tid 33260] WARN Status bar theme update skipped: cross-thread window (hwnd=0000000000FD09DC ownerThread=30692)
[2025-11-27T20:40:10.408Z][pid 30692][tid 33260] INFO Explorer pane creation watch armed (view=00000000020009D6 list=1 tree=0)
[2025-11-27T20:40:10.408Z][pid 30692][tid 33260] INFO Explorer pane fallback timer armed (view=00000000020009D6 delay=500)
[2025-11-27T20:40:10.408Z][pid 30692][tid 33260] INFO Explorer panes not ready: list view missing (view=00000000020009D6)
[2025-11-27T20:40:10.408Z][pid 30692][tid 33260] INFO Explorer pane retry timer armed (view=00000000020009D6 delay=500 attempts=1)
[2025-11-27T20:40:10.409Z][pid 30692][tid 33260] INFO TabBand::UpdateTabsUI applying 1 items
[2025-11-27T20:40:10.409Z][pid 30692][tid 33260] INFO Breadcrumb QueryService(IShellBrowser) failed: 0x80004001
[2025-11-27T20:40:10.409Z][pid 30692][tid 33260] INFO Breadcrumb ribbon frame discovered via IShellBrowser (hwnd=00000000014F0A54)
[2025-11-27T20:40:10.409Z][pid 30692][tid 33260] INFO Breadcrumb ribbon frame discovered via IWebBrowser2 (hwnd=00000000014F0A54)
[2025-11-27T20:40:10.410Z][pid 30692][tid 33260] INFO Breadcrumb toolbar located via window enumeration (hwnd=0000000000110472)
[2025-11-27T20:40:10.410Z][pid 30692][tid 33260] INFO Explorer pane creation watch cleared (view=00000000020009D6)
[2025-11-27T20:40:10.410Z][pid 30692][tid 33260] WARN Status bar subclass removal skipped: cross-thread window (hwnd=0000000000FD09DC thread=30692)
[2025-11-27T20:40:10.410Z][pid 30692][tid 33260] WARN Status bar reset skipped: cross-thread access (hwnd=0000000000FD09DC ownerThread=30692)
[2025-11-27T20:40:10.410Z][pid 30692][tid 33260] INFO Cleared Open In New Tab pending state
[2025-11-27T20:40:10.410Z][pid 30692][tid 33260] INFO Installed shell view window subclass (view=00000000020009D6)
[2025-11-27T20:40:10.410Z][pid 30692][tid 33260] INFO Installed explorer frame subclass (frame=00000000009B25E8)
[2025-11-27T20:40:10.410Z][pid 30692][tid 33260] INFO Cleared Open In New Tab pending state
[2025-11-27T20:40:10.410Z][pid 30692][tid 33260] INFO Explorer view base subclass ready (view=00000000020009D6 frame=00000000009B25E8)
[2025-11-27T20:40:10.410Z][pid 30692][tid 33260] VERBOSE DirectUI IUIElement unavailable (hr=0x80004001)
[2025-11-27T20:40:10.411Z][pid 30692][tid 33260] INFO Installed explorer DirectUI host subclass (direct=00000000007404A0)
[2025-11-27T20:40:10.411Z][pid 30692][tid 33260] INFO Installed explorer tree view subclass (tree=00000000038B1610)
[2025-11-27T20:40:10.411Z][pid 30692][tid 33260] INFO Explorer status bar discovered (hwnd=0000000000FD09DC)
[2025-11-27T20:40:10.411Z][pid 30692][tid 33260] WARN Status bar subclass skipped: cross-thread window (hwnd=0000000000FD09DC thread=30692)
[2025-11-27T20:40:10.411Z][pid 30692][tid 33260] WARN Status bar theme update skipped: cross-thread window (hwnd=0000000000FD09DC ownerThread=30692)
[2025-11-27T20:40:10.411Z][pid 30692][tid 33260] INFO Explorer pane creation watch armed (view=00000000020009D6 list=1 tree=0)
[2025-11-27T20:40:10.411Z][pid 30692][tid 33260] INFO Explorer pane fallback timer armed (view=00000000020009D6 delay=500)
[2025-11-27T20:40:10.411Z][pid 30692][tid 33260] INFO Explorer panes not ready: list view missing (view=00000000020009D6)
[2025-11-27T20:40:10.412Z][pid 30692][tid 33260] INFO Explorer pane retry timer armed (view=00000000020009D6 delay=500 attempts=1)
[2025-11-27T20:40:10.467Z][pid 30692][tid 33260] INFO TabBand::UpdateTabsUI applying 1 items
[2025-11-27T20:40:10.468Z][pid 30692][tid 33260] INFO Breadcrumb QueryService(IShellBrowser) failed: 0x80004001
[2025-11-27T20:40:10.469Z][pid 30692][tid 33260] INFO Breadcrumb ribbon frame discovered via IShellBrowser (hwnd=00000000014F0A54)
[2025-11-27T20:40:10.469Z][pid 30692][tid 33260] INFO Breadcrumb ribbon frame discovered via IWebBrowser2 (hwnd=00000000014F0A54)
[2025-11-27T20:40:10.469Z][pid 30692][tid 33260] INFO Breadcrumb toolbar located via window enumeration (hwnd=0000000000110472)
[2025-11-27T20:40:10.469Z][pid 30692][tid 33260] INFO Explorer pane creation watch cleared (view=00000000020009D6)
[2025-11-27T20:40:10.469Z][pid 30692][tid 33260] WARN Status bar subclass removal skipped: cross-thread window (hwnd=0000000000FD09DC thread=30692)
[2025-11-27T20:40:10.469Z][pid 30692][tid 33260] WARN Status bar reset skipped: cross-thread access (hwnd=0000000000FD09DC ownerThread=30692)
[2025-11-27T20:40:10.469Z][pid 30692][tid 33260] INFO Cleared Open In New Tab pending state
[2025-11-27T20:40:10.470Z][pid 30692][tid 33260] INFO Installed shell view window subclass (view=00000000020009D6)
[2025-11-27T20:40:10.470Z][pid 30692][tid 33260] INFO Installed explorer frame subclass (frame=00000000009B25E8)
[2025-11-27T20:40:10.470Z][pid 30692][tid 33260] INFO Cleared Open In New Tab pending state
[2025-11-27T20:40:10.470Z][pid 30692][tid 33260] INFO Explorer view base subclass ready (view=00000000020009D6 frame=00000000009B25E8)
[2025-11-27T20:40:10.470Z][pid 30692][tid 33260] VERBOSE DirectUI IUIElement unavailable (hr=0x80004001)
[2025-11-27T20:40:10.470Z][pid 30692][tid 33260] INFO Installed explorer DirectUI host subclass (direct=00000000007404A0)
[2025-11-27T20:40:10.470Z][pid 30692][tid 33260] INFO Installed explorer tree view subclass (tree=00000000038B1610)
[2025-11-27T20:40:10.470Z][pid 30692][tid 33260] INFO Explorer status bar discovered (hwnd=0000000000FD09DC)
[2025-11-27T20:40:10.470Z][pid 30692][tid 33260] WARN Status bar subclass skipped: cross-thread window (hwnd=0000000000FD09DC thread=30692)
[2025-11-27T20:40:10.471Z][pid 30692][tid 33260] WARN Status bar theme update skipped: cross-thread window (hwnd=0000000000FD09DC ownerThread=30692)
[2025-11-27T20:40:10.471Z][pid 30692][tid 33260] INFO Explorer pane creation watch armed (view=00000000020009D6 list=1 tree=0)
[2025-11-27T20:40:10.471Z][pid 30692][tid 33260] INFO Explorer pane fallback timer armed (view=00000000020009D6 delay=500)
[2025-11-27T20:40:10.471Z][pid 30692][tid 33260] INFO Explorer panes not ready: list view missing (view=00000000020009D6)
[2025-11-27T20:40:10.471Z][pid 30692][tid 33260] INFO Explorer pane retry timer armed (view=00000000020009D6 delay=500 attempts=1)
[2025-11-27T20:40:10.497Z][pid 30692][tid 33260] INFO Installed explorer list host subclass (host=00000000009B25E8)
[2025-11-27T20:40:10.497Z][pid 30692][tid 33260] INFO Installed explorer list host subclass (host=0000000000362D48)
[2025-11-27T20:40:10.497Z][pid 30692][tid 33260] INFO Installed explorer list host subclass (host=000000000510363E)
[2025-11-27T20:40:10.497Z][pid 30692][tid 33260] INFO Installed explorer list host subclass (host=00000000014F0A54)
[2025-11-27T20:40:10.497Z][pid 30692][tid 33260] INFO Installed explorer list host subclass (host=00000000047C3426)
[2025-11-27T20:40:10.497Z][pid 30692][tid 33260] WARN Status bar subclass skipped: cross-thread window (hwnd=0000000000FD09DC thread=30692)
[2025-11-27T20:40:10.498Z][pid 30692][tid 33260] WARN Status bar theme update skipped: cross-thread window (hwnd=0000000000FD09DC ownerThread=30692)
[2025-11-27T20:40:10.498Z][pid 30692][tid 33260] WARN Status bar subclass skipped: cross-thread window (hwnd=0000000000FD09DC thread=30692)
[2025-11-27T20:40:10.498Z][pid 30692][tid 33260] WARN Status bar theme update skipped: cross-thread window (hwnd=0000000000FD09DC ownerThread=30692)
[2025-11-27T20:40:10.546Z][pid 30692][tid 33260] WARN Status bar subclass skipped: cross-thread window (hwnd=0000000000FD09DC thread=30692)
[2025-11-27T20:40:10.547Z][pid 30692][tid 33260] WARN Status bar theme update skipped: cross-thread window (hwnd=0000000000FD09DC ownerThread=30692)
[2025-11-27T20:40:10.588Z][pid 30692][tid 33260] WARN Status bar subclass skipped: cross-thread window (hwnd=0000000000FD09DC thread=30692)
[2025-11-27T20:40:10.588Z][pid 30692][tid 33260] WARN Status bar theme update skipped: cross-thread window (hwnd=0000000000FD09DC ownerThread=30692)
[2025-11-27T20:40:10.590Z][pid 30692][tid 33260] WARN Status bar subclass skipped: cross-thread window (hwnd=0000000000FD09DC thread=30692)
[2025-11-27T20:40:10.590Z][pid 30692][tid 33260] WARN Status bar theme update skipped: cross-thread window (hwnd=0000000000FD09DC ownerThread=30692)
[2025-11-27T20:40:10.625Z][pid 30692][tid 33260] WARN Status bar subclass skipped: cross-thread window (hwnd=0000000000FD09DC thread=30692)
[2025-11-27T20:40:10.626Z][pid 30692][tid 33260] WARN Status bar theme update skipped: cross-thread window (hwnd=0000000000FD09DC ownerThread=30692)
[2025-11-27T20:40:10.812Z][pid 30692][tid 33260] WARN Status bar subclass skipped: cross-thread window (hwnd=0000000000FD09DC thread=30692)
[2025-11-27T20:40:10.812Z][pid 30692][tid 33260] WARN Status bar theme update skipped: cross-thread window (hwnd=0000000000FD09DC ownerThread=30692)
[2025-11-27T20:40:10.837Z][pid 30692][tid 33260] WARN Status bar subclass skipped: cross-thread window (hwnd=0000000000FD09DC thread=30692)
[2025-11-27T20:40:10.838Z][pid 30692][tid 33260] WARN Status bar theme update skipped: cross-thread window (hwnd=0000000000FD09DC ownerThread=30692)
[2025-11-27T20:40:10.840Z][pid 30692][tid 33260] WARN Status bar subclass skipped: cross-thread window (hwnd=0000000000FD09DC thread=30692)
[2025-11-27T20:40:10.841Z][pid 30692][tid 33260] WARN Status bar theme update skipped: cross-thread window (hwnd=0000000000FD09DC ownerThread=30692)
[2025-11-27T20:40:10.843Z][pid 30692][tid 33260] WARN Status bar subclass skipped: cross-thread window (hwnd=0000000000FD09DC thread=30692)
[2025-11-27T20:40:10.844Z][pid 30692][tid 33260] WARN Status bar theme update skipped: cross-thread window (hwnd=0000000000FD09DC ownerThread=30692)
[2025-11-27T20:40:10.856Z][pid 30692][tid 33260] WARN Status bar subclass skipped: cross-thread window (hwnd=0000000000FD09DC thread=30692)
[2025-11-27T20:40:10.856Z][pid 30692][tid 33260] WARN Status bar theme update skipped: cross-thread window (hwnd=0000000000FD09DC ownerThread=30692)
[2025-11-27T20:40:10.859Z][pid 30692][tid 33260] WARN Status bar subclass skipped: cross-thread window (hwnd=0000000000FD09DC thread=30692)
[2025-11-27T20:40:10.859Z][pid 30692][tid 33260] WARN Status bar theme update skipped: cross-thread window (hwnd=0000000000FD09DC ownerThread=30692)
[2025-11-27T20:40:10.862Z][pid 30692][tid 33260] WARN Status bar subclass skipped: cross-thread window (hwnd=0000000000FD09DC thread=30692)
[2025-11-27T20:40:10.863Z][pid 30692][tid 33260] WARN Status bar theme update skipped: cross-thread window (hwnd=0000000000FD09DC ownerThread=30692)
[2025-11-27T20:40:10.963Z][pid 30692][tid 33260] WARN Status bar subclass skipped: cross-thread window (hwnd=0000000000FD09DC thread=30692)
[2025-11-27T20:40:10.964Z][pid 30692][tid 33260] WARN Status bar theme update skipped: cross-thread window (hwnd=0000000000FD09DC ownerThread=30692)
[2025-11-27T20:40:10.971Z][pid 30692][tid 33260] WARN Status bar subclass skipped: cross-thread window (hwnd=0000000000FD09DC thread=30692)
[2025-11-27T20:40:10.971Z][pid 30692][tid 33260] WARN Status bar theme update skipped: cross-thread window (hwnd=0000000000FD09DC ownerThread=30692)
[2025-11-27T20:40:10.975Z][pid 30692][tid 33260] WARN Status bar subclass skipped: cross-thread window (hwnd=0000000000FD09DC thread=30692)
[2025-11-27T20:40:10.976Z][pid 30692][tid 33260] WARN Status bar theme update skipped: cross-thread window (hwnd=0000000000FD09DC ownerThread=30692)
[2025-11-27T20:40:10.983Z][pid 30692][tid 33260] WARN Status bar subclass skipped: cross-thread window (hwnd=0000000000FD09DC thread=30692)
[2025-11-27T20:40:10.984Z][pid 30692][tid 33260] WARN Status bar theme update skipped: cross-thread window (hwnd=0000000000FD09DC ownerThread=30692)
[2025-11-27T20:40:10.992Z][pid 30692][tid 33260] WARN Status bar subclass skipped: cross-thread window (hwnd=0000000000FD09DC thread=30692)
[2025-11-27T20:40:10.993Z][pid 30692][tid 33260] WARN Status bar theme update skipped: cross-thread window (hwnd=0000000000FD09DC ownerThread=30692)
[2025-11-27T20:40:11.001Z][pid 30692][tid 33260] WARN Status bar subclass skipped: cross-thread window (hwnd=0000000000FD09DC thread=30692)
[2025-11-27T20:40:11.002Z][pid 30692][tid 33260] WARN Status bar theme update skipped: cross-thread window (hwnd=0000000000FD09DC ownerThread=30692)
[2025-11-27T20:40:11.013Z][pid 30692][tid 33260] WARN Status bar subclass skipped: cross-thread window (hwnd=0000000000FD09DC thread=30692)
[2025-11-27T20:40:11.013Z][pid 30692][tid 33260] WARN Status bar theme update skipped: cross-thread window (hwnd=0000000000FD09DC ownerThread=30692)
[2025-11-27T20:40:11.051Z][pid 30692][tid 33260] WARN Status bar subclass skipped: cross-thread window (hwnd=0000000000FD09DC thread=30692)
[2025-11-27T20:40:11.052Z][pid 30692][tid 33260] WARN Status bar theme update skipped: cross-thread window (hwnd=0000000000FD09DC ownerThread=30692)
[2025-11-27T20:40:11.059Z][pid 30692][tid 33260] WARN Status bar subclass skipped: cross-thread window (hwnd=0000000000FD09DC thread=30692)
[2025-11-27T20:40:11.060Z][pid 30692][tid 33260] WARN Status bar theme update skipped: cross-thread window (hwnd=0000000000FD09DC ownerThread=30692)
[2025-11-27T20:40:11.071Z][pid 30692][tid 33260] WARN Status bar subclass skipped: cross-thread window (hwnd=0000000000FD09DC thread=30692)
[2025-11-27T20:40:11.072Z][pid 30692][tid 33260] WARN Status bar theme update skipped: cross-thread window (hwnd=0000000000FD09DC ownerThread=30692)
[2025-11-27T20:40:11.078Z][pid 30692][tid 33260] WARN Status bar subclass skipped: cross-thread window (hwnd=0000000000FD09DC thread=30692)
[2025-11-27T20:40:11.079Z][pid 30692][tid 33260] WARN Status bar theme update skipped: cross-thread window (hwnd=0000000000FD09DC ownerThread=30692)
[2025-11-27T20:40:11.085Z][pid 30692][tid 33260] WARN Status bar subclass skipped: cross-thread window (hwnd=0000000000FD09DC thread=30692)
[2025-11-27T20:40:11.086Z][pid 30692][tid 33260] WARN Status bar theme update skipped: cross-thread window (hwnd=0000000000FD09DC ownerThread=30692)
[2025-11-27T20:40:11.090Z][pid 30692][tid 33260] WARN Status bar subclass skipped: cross-thread window (hwnd=0000000000FD09DC thread=30692)
[2025-11-27T20:40:11.091Z][pid 30692][tid 33260] WARN Status bar theme update skipped: cross-thread window (hwnd=0000000000FD09DC ownerThread=30692)
[2025-11-27T20:40:11.094Z][pid 30692][tid 33260] WARN Status bar subclass skipped: cross-thread window (hwnd=0000000000FD09DC thread=30692)
[2025-11-27T20:40:11.094Z][pid 30692][tid 33260] WARN Status bar theme update skipped: cross-thread window (hwnd=0000000000FD09DC ownerThread=30692)
[2025-11-27T20:40:11.100Z][pid 30692][tid 33260] WARN Status bar subclass skipped: cross-thread window (hwnd=0000000000FD09DC thread=30692)
[2025-11-27T20:40:11.101Z][pid 30692][tid 33260] WARN Status bar theme update skipped: cross-thread window (hwnd=0000000000FD09DC ownerThread=30692)
[2025-11-27T20:40:11.108Z][pid 30692][tid 33260] WARN Status bar subclass skipped: cross-thread window (hwnd=0000000000FD09DC thread=30692)
[2025-11-27T20:40:11.109Z][pid 30692][tid 33260] WARN Status bar theme update skipped: cross-thread window (hwnd=0000000000FD09DC ownerThread=30692)
[2025-11-27T20:40:11.117Z][pid 30692][tid 33260] WARN Status bar subclass skipped: cross-thread window (hwnd=0000000000FD09DC thread=30692)
[2025-11-27T20:40:11.118Z][pid 30692][tid 33260] WARN Status bar theme update skipped: cross-thread window (hwnd=0000000000FD09DC ownerThread=30692)
[2025-11-27T20:40:11.128Z][pid 30692][tid 33260] WARN Status bar subclass skipped: cross-thread window (hwnd=0000000000FD09DC thread=30692)
[2025-11-27T20:40:11.128Z][pid 30692][tid 33260] WARN Status bar theme update skipped: cross-thread window (hwnd=0000000000FD09DC ownerThread=30692)
[2025-11-27T20:40:11.150Z][pid 30692][tid 33260] WARN Status bar subclass skipped: cross-thread window (hwnd=0000000000FD09DC thread=30692)
[2025-11-27T20:40:11.150Z][pid 30692][tid 33260] WARN Status bar theme update skipped: cross-thread window (hwnd=0000000000FD09DC ownerThread=30692)
[2025-11-27T20:40:11.223Z][pid 30692][tid 33260] WARN Status bar subclass skipped: cross-thread window (hwnd=0000000000FD09DC thread=30692)
[2025-11-27T20:40:11.224Z][pid 30692][tid 33260] WARN Status bar theme update skipped: cross-thread window (hwnd=0000000000FD09DC ownerThread=30692)
[2025-11-27T20:40:11.351Z][pid 30692][tid 33260] WARN Status bar subclass skipped: cross-thread window (hwnd=0000000000FD09DC thread=30692)
[2025-11-27T20:40:11.352Z][pid 30692][tid 33260] WARN Status bar theme update skipped: cross-thread window (hwnd=0000000000FD09DC ownerThread=30692)
[2025-11-27T20:40:11.394Z][pid 30692][tid 33260] WARN Status bar subclass skipped: cross-thread window (hwnd=0000000000FD09DC thread=30692)
[2025-11-27T20:40:11.394Z][pid 30692][tid 33260] WARN Status bar theme update skipped: cross-thread window (hwnd=0000000000FD09DC ownerThread=30692)
[2025-11-27T20:40:11.430Z][pid 30692][tid 33260] WARN Status bar subclass skipped: cross-thread window (hwnd=0000000000FD09DC thread=30692)
[2025-11-27T20:40:11.430Z][pid 30692][tid 33260] WARN Status bar theme update skipped: cross-thread window (hwnd=0000000000FD09DC ownerThread=30692)
[2025-11-27T20:40:11.470Z][pid 30692][tid 33260] WARN Status bar subclass skipped: cross-thread window (hwnd=0000000000FD09DC thread=30692)
[2025-11-27T20:40:11.470Z][pid 30692][tid 33260] WARN Status bar theme update skipped: cross-thread window (hwnd=0000000000FD09DC ownerThread=30692)
[2025-11-27T20:40:11.472Z][pid 30692][tid 33260] WARN Status bar subclass skipped: cross-thread window (hwnd=0000000000FD09DC thread=30692)
[2025-11-27T20:40:11.472Z][pid 30692][tid 33260] WARN Status bar theme update skipped: cross-thread window (hwnd=0000000000FD09DC ownerThread=30692)
[2025-11-27T20:40:11.509Z][pid 30692][tid 33260] WARN Status bar subclass skipped: cross-thread window (hwnd=0000000000FD09DC thread=30692)
[2025-11-27T20:40:11.510Z][pid 30692][tid 33260] WARN Status bar theme update skipped: cross-thread window (hwnd=0000000000FD09DC ownerThread=30692)
[2025-11-27T20:40:11.585Z][pid 30692][tid 33260] WARN Status bar subclass skipped: cross-thread window (hwnd=0000000000FD09DC thread=30692)
[2025-11-27T20:40:11.586Z][pid 30692][tid 33260] WARN Status bar theme update skipped: cross-thread window (hwnd=0000000000FD09DC ownerThread=30692)
[2025-11-27T20:40:11.625Z][pid 30692][tid 33260] WARN Status bar subclass skipped: cross-thread window (hwnd=0000000000FD09DC thread=30692)
[2025-11-27T20:40:11.625Z][pid 30692][tid 33260] WARN Status bar theme update skipped: cross-thread window (hwnd=0000000000FD09DC ownerThread=30692)
[2025-11-27T20:40:11.832Z][pid 30692][tid 33260] WARN Status bar subclass skipped: cross-thread window (hwnd=0000000000FD09DC thread=30692)
[2025-11-27T20:40:11.833Z][pid 30692][tid 33260] WARN Status bar theme update skipped: cross-thread window (hwnd=0000000000FD09DC ownerThread=30692)
[2025-11-27T20:40:11.846Z][pid 30692][tid 33260] WARN Status bar subclass skipped: cross-thread window (hwnd=0000000000FD09DC thread=30692)
[2025-11-27T20:40:11.847Z][pid 30692][tid 33260] WARN Status bar theme update skipped: cross-thread window (hwnd=0000000000FD09DC ownerThread=30692)
[2025-11-27T20:40:11.856Z][pid 30692][tid 33260] WARN Status bar subclass skipped: cross-thread window (hwnd=0000000000FD09DC thread=30692)
[2025-11-27T20:40:11.857Z][pid 30692][tid 33260] WARN Status bar theme update skipped: cross-thread window (hwnd=0000000000FD09DC ownerThread=30692)
[2025-11-27T20:40:11.867Z][pid 30692][tid 33260] WARN Status bar subclass skipped: cross-thread window (hwnd=0000000000FD09DC thread=30692)
[2025-11-27T20:40:11.867Z][pid 30692][tid 33260] WARN Status bar theme update skipped: cross-thread window (hwnd=0000000000FD09DC ownerThread=30692)
[2025-11-27T20:40:11.879Z][pid 30692][tid 33260] WARN Status bar subclass skipped: cross-thread window (hwnd=0000000000FD09DC thread=30692)
[2025-11-27T20:40:11.879Z][pid 30692][tid 33260] WARN Status bar theme update skipped: cross-thread window (hwnd=0000000000FD09DC ownerThread=30692)
[2025-11-27T20:40:12.284Z][pid 30692][tid 33260] WARN Status bar subclass skipped: cross-thread window (hwnd=0000000000FD09DC thread=30692)
[2025-11-27T20:40:12.285Z][pid 30692][tid 33260] WARN Status bar theme update skipped: cross-thread window (hwnd=0000000000FD09DC ownerThread=30692)
[2025-11-27T20:40:12.334Z][pid 30692][tid 33260] WARN Status bar subclass skipped: cross-thread window (hwnd=0000000000FD09DC thread=30692)
[2025-11-27T20:40:12.335Z][pid 30692][tid 33260] WARN Status bar theme update skipped: cross-thread window (hwnd=0000000000FD09DC ownerThread=30692)
[2025-11-27T20:40:12.364Z][pid 30692][tid 33260] WARN Status bar subclass skipped: cross-thread window (hwnd=0000000000FD09DC thread=30692)
[2025-11-27T20:40:12.364Z][pid 30692][tid 33260] WARN Status bar theme update skipped: cross-thread window (hwnd=0000000000FD09DC ownerThread=30692)
[2025-11-27T20:40:12.380Z][pid 30692][tid 33260] WARN Status bar subclass skipped: cross-thread window (hwnd=0000000000FD09DC thread=30692)
[2025-11-27T20:40:12.381Z][pid 30692][tid 33260] WARN Status bar theme update skipped: cross-thread window (hwnd=0000000000FD09DC ownerThread=30692)
[2025-11-27T20:40:12.503Z][pid 30692][tid 33260] WARN Status bar subclass skipped: cross-thread window (hwnd=0000000000FD09DC thread=30692)
[2025-11-27T20:40:12.503Z][pid 30692][tid 33260] WARN Status bar theme update skipped: cross-thread window (hwnd=0000000000FD09DC ownerThread=30692)
[2025-11-27T20:40:12.555Z][pid 30692][tid 33260] WARN Status bar subclass skipped: cross-thread window (hwnd=0000000000FD09DC thread=30692)
[2025-11-27T20:40:12.556Z][pid 30692][tid 33260] WARN Status bar theme update skipped: cross-thread window (hwnd=0000000000FD09DC ownerThread=30692)
[2025-11-27T20:40:13.121Z][pid 30692][tid 33260] WARN Status bar subclass skipped: cross-thread window (hwnd=0000000000FD09DC thread=30692)
[2025-11-27T20:40:13.122Z][pid 30692][tid 33260] WARN Status bar theme update skipped: cross-thread window (hwnd=0000000000FD09DC ownerThread=30692)
[2025-11-27T20:40:13.125Z][pid 30692][tid 33260] WARN Status bar subclass skipped: cross-thread window (hwnd=0000000000FD09DC thread=30692)
[2025-11-27T20:40:13.126Z][pid 30692][tid 33260] WARN Status bar theme update skipped: cross-thread window (hwnd=0000000000FD09DC ownerThread=30692)
[2025-11-27T20:40:13.149Z][pid 30692][tid 33260] WARN Status bar subclass skipped: cross-thread window (hwnd=0000000000FD09DC thread=30692)
[2025-11-27T20:40:13.150Z][pid 30692][tid 33260] WARN Status bar theme update skipped: cross-thread window (hwnd=0000000000FD09DC ownerThread=30692)
[2025-11-27T20:40:13.202Z][pid 30692][tid 33260] WARN Status bar subclass skipped: cross-thread window (hwnd=0000000000FD09DC thread=30692)
[2025-11-27T20:40:13.202Z][pid 30692][tid 33260] WARN Status bar theme update skipped: cross-thread window (hwnd=0000000000FD09DC ownerThread=30692)
[2025-11-27T20:40:13.224Z][pid 30692][tid 33260] WARN Status bar subclass skipped: cross-thread window (hwnd=0000000000FD09DC thread=30692)
[2025-11-27T20:40:13.225Z][pid 30692][tid 33260] WARN Status bar theme update skipped: cross-thread window (hwnd=0000000000FD09DC ownerThread=30692)
[2025-11-27T20:40:13.240Z][pid 30692][tid 33260] WARN Status bar subclass skipped: cross-thread window (hwnd=0000000000FD09DC thread=30692)
[2025-11-27T20:40:13.241Z][pid 30692][tid 33260] WARN Status bar theme update skipped: cross-thread window (hwnd=0000000000FD09DC ownerThread=30692)
[2025-11-27T20:40:13.250Z][pid 30692][tid 33260] WARN Status bar subclass skipped: cross-thread window (hwnd=0000000000FD09DC thread=30692)
[2025-11-27T20:40:13.251Z][pid 30692][tid 33260] WARN Status bar theme update skipped: cross-thread window (hwnd=0000000000FD09DC ownerThread=30692)
[2025-11-27T20:40:13.256Z][pid 30692][tid 33260] WARN Status bar subclass skipped: cross-thread window (hwnd=0000000000FD09DC thread=30692)
[2025-11-27T20:40:13.256Z][pid 30692][tid 33260] WARN Status bar theme update skipped: cross-thread window (hwnd=0000000000FD09DC ownerThread=30692)
[2025-11-27T20:40:13.261Z][pid 30692][tid 33260] WARN Status bar subclass skipped: cross-thread window (hwnd=0000000000FD09DC thread=30692)
[2025-11-27T20:40:13.262Z][pid 30692][tid 33260] WARN Status bar theme update skipped: cross-thread window (hwnd=0000000000FD09DC ownerThread=30692)
[2025-11-27T20:40:13.431Z][pid 30692][tid 33260] WARN Status bar subclass skipped: cross-thread window (hwnd=0000000000FD09DC thread=30692)
[2025-11-27T20:40:13.431Z][pid 30692][tid 33260] WARN Status bar theme update skipped: cross-thread window (hwnd=0000000000FD09DC ownerThread=30692)
[2025-11-27T20:40:13.450Z][pid 30692][tid 33260] WARN Status bar subclass skipped: cross-thread window (hwnd=0000000000FD09DC thread=30692)
[2025-11-27T20:40:13.451Z][pid 30692][tid 33260] WARN Status bar theme update skipped: cross-thread window (hwnd=0000000000FD09DC ownerThread=30692)
[2025-11-27T20:40:13.453Z][pid 30692][tid 33260] WARN Status bar subclass skipped: cross-thread window (hwnd=0000000000FD09DC thread=30692)
[2025-11-27T20:40:13.453Z][pid 30692][tid 33260] WARN Status bar theme update skipped: cross-thread window (hwnd=0000000000FD09DC ownerThread=30692)
[2025-11-27T20:40:13.506Z][pid 30692][tid 33260] WARN Status bar subclass skipped: cross-thread window (hwnd=0000000000FD09DC thread=30692)
[2025-11-27T20:40:13.506Z][pid 30692][tid 33260] WARN Status bar theme update skipped: cross-thread window (hwnd=0000000000FD09DC ownerThread=30692)
[2025-11-27T20:40:13.626Z][pid 30692][tid 33260] WARN Status bar subclass skipped: cross-thread window (hwnd=0000000000FD09DC thread=30692)
[2025-11-27T20:40:13.627Z][pid 30692][tid 33260] WARN Status bar theme update skipped: cross-thread window (hwnd=0000000000FD09DC ownerThread=30692)
[2025-11-27T20:40:13.643Z][pid 30692][tid 33260] WARN Status bar subclass skipped: cross-thread window (hwnd=0000000000FD09DC thread=30692)
[2025-11-27T20:40:13.643Z][pid 30692][tid 33260] WARN Status bar theme update skipped: cross-thread window (hwnd=0000000000FD09DC ownerThread=30692)
[2025-11-27T20:40:13.649Z][pid 30692][tid 33260] WARN Status bar subclass skipped: cross-thread window (hwnd=0000000000FD09DC thread=30692)
[2025-11-27T20:40:13.650Z][pid 30692][tid 33260] WARN Status bar theme update skipped: cross-thread window (hwnd=0000000000FD09DC ownerThread=30692)
[2025-11-27T20:40:13.656Z][pid 30692][tid 33260] WARN Status bar subclass skipped: cross-thread window (hwnd=0000000000FD09DC thread=30692)
[2025-11-27T20:40:13.657Z][pid 30692][tid 33260] WARN Status bar theme update skipped: cross-thread window (hwnd=0000000000FD09DC ownerThread=30692)
[2025-11-27T20:40:13.662Z][pid 30692][tid 33260] WARN Status bar subclass skipped: cross-thread window (hwnd=0000000000FD09DC thread=30692)
[2025-11-27T20:40:13.663Z][pid 30692][tid 33260] WARN Status bar theme update skipped: cross-thread window (hwnd=0000000000FD09DC ownerThread=30692)
[2025-11-27T20:40:13.669Z][pid 30692][tid 33260] WARN Status bar subclass skipped: cross-thread window (hwnd=0000000000FD09DC thread=30692)
[2025-11-27T20:40:13.669Z][pid 30692][tid 33260] WARN Status bar theme update skipped: cross-thread window (hwnd=0000000000FD09DC ownerThread=30692)
[2025-11-27T20:40:13.674Z][pid 30692][tid 33260] WARN Status bar subclass skipped: cross-thread window (hwnd=0000000000FD09DC thread=30692)
[2025-11-27T20:40:13.675Z][pid 30692][tid 33260] WARN Status bar theme update skipped: cross-thread window (hwnd=0000000000FD09DC ownerThread=30692)
[2025-11-27T20:40:13.679Z][pid 30692][tid 33260] WARN Status bar subclass skipped: cross-thread window (hwnd=0000000000FD09DC thread=30692)
[2025-11-27T20:40:13.680Z][pid 30692][tid 33260] WARN Status bar theme update skipped: cross-thread window (hwnd=0000000000FD09DC ownerThread=30692)
[2025-11-27T20:40:13.686Z][pid 30692][tid 33260] WARN Status bar subclass skipped: cross-thread window (hwnd=0000000000FD09DC thread=30692)
[2025-11-27T20:40:13.686Z][pid 30692][tid 33260] WARN Status bar theme update skipped: cross-thread window (hwnd=0000000000FD09DC ownerThread=30692)
[2025-11-27T20:40:13.690Z][pid 30692][tid 33260] WARN Status bar subclass skipped: cross-thread window (hwnd=0000000000FD09DC thread=30692)
[2025-11-27T20:40:13.691Z][pid 30692][tid 33260] WARN Status bar theme update skipped: cross-thread window (hwnd=0000000000FD09DC ownerThread=30692)
[2025-11-27T20:40:13.695Z][pid 30692][tid 33260] WARN Status bar subclass skipped: cross-thread window (hwnd=0000000000FD09DC thread=30692)
[2025-11-27T20:40:13.696Z][pid 30692][tid 33260] WARN Status bar theme update skipped: cross-thread window (hwnd=0000000000FD09DC ownerThread=30692)
[2025-11-27T20:40:13.702Z][pid 30692][tid 33260] WARN Status bar subclass skipped: cross-thread window (hwnd=0000000000FD09DC thread=30692)
[2025-11-27T20:40:13.702Z][pid 30692][tid 33260] WARN Status bar theme update skipped: cross-thread window (hwnd=0000000000FD09DC ownerThread=30692)
[2025-11-27T20:40:13.904Z][pid 30692][tid 33260] WARN Status bar subclass skipped: cross-thread window (hwnd=0000000000FD09DC thread=30692)
[2025-11-27T20:40:13.904Z][pid 30692][tid 33260] WARN Status bar theme update skipped: cross-thread window (hwnd=0000000000FD09DC ownerThread=30692)
[2025-11-27T20:40:13.907Z][pid 30692][tid 33260] WARN Status bar subclass skipped: cross-thread window (hwnd=0000000000FD09DC thread=30692)
[2025-11-27T20:40:13.908Z][pid 30692][tid 33260] WARN Status bar theme update skipped: cross-thread window (hwnd=0000000000FD09DC ownerThread=30692)
[2025-11-27T20:40:13.915Z][pid 30692][tid 33260] WARN Status bar subclass skipped: cross-thread window (hwnd=0000000000FD09DC thread=30692)
[2025-11-27T20:40:13.916Z][pid 30692][tid 33260] WARN Status bar theme update skipped: cross-thread window (hwnd=0000000000FD09DC ownerThread=30692)
[2025-11-27T20:40:13.920Z][pid 30692][tid 33260] WARN Status bar subclass skipped: cross-thread window (hwnd=0000000000FD09DC thread=30692)
[2025-11-27T20:40:13.920Z][pid 30692][tid 33260] WARN Status bar theme update skipped: cross-thread window (hwnd=0000000000FD09DC ownerThread=30692)
[2025-11-27T20:40:13.924Z][pid 30692][tid 33260] WARN Status bar subclass skipped: cross-thread window (hwnd=0000000000FD09DC thread=30692)
[2025-11-27T20:40:13.925Z][pid 30692][tid 33260] WARN Status bar theme update skipped: cross-thread window (hwnd=0000000000FD09DC ownerThread=30692)
[2025-11-27T20:40:13.929Z][pid 30692][tid 33260] WARN Status bar subclass skipped: cross-thread window (hwnd=0000000000FD09DC thread=30692)
[2025-11-27T20:40:13.930Z][pid 30692][tid 33260] WARN Status bar theme update skipped: cross-thread window (hwnd=0000000000FD09DC ownerThread=30692)
[2025-11-27T20:40:13.935Z][pid 30692][tid 33260] WARN Status bar subclass skipped: cross-thread window (hwnd=0000000000FD09DC thread=30692)
[2025-11-27T20:40:13.936Z][pid 30692][tid 33260] WARN Status bar theme update skipped: cross-thread window (hwnd=0000000000FD09DC ownerThread=30692)
[2025-11-27T20:40:13.942Z][pid 30692][tid 33260] WARN Status bar subclass skipped: cross-thread window (hwnd=0000000000FD09DC thread=30692)
[2025-11-27T20:40:13.942Z][pid 30692][tid 33260] WARN Status bar theme update skipped: cross-thread window (hwnd=0000000000FD09DC ownerThread=30692)
[2025-11-27T20:40:13.947Z][pid 30692][tid 33260] WARN Status bar subclass skipped: cross-thread window (hwnd=0000000000FD09DC thread=30692)
[2025-11-27T20:40:13.947Z][pid 30692][tid 33260] WARN Status bar theme update skipped: cross-thread window (hwnd=0000000000FD09DC ownerThread=30692)
[2025-11-27T20:40:13.955Z][pid 30692][tid 33260] WARN Status bar subclass skipped: cross-thread window (hwnd=0000000000FD09DC thread=30692)
[2025-11-27T20:40:13.955Z][pid 30692][tid 33260] WARN Status bar theme update skipped: cross-thread window (hwnd=0000000000FD09DC ownerThread=30692)
[2025-11-27T20:40:13.968Z][pid 30692][tid 33260] WARN Status bar subclass skipped: cross-thread window (hwnd=0000000000FD09DC thread=30692)
[2025-11-27T20:40:13.968Z][pid 30692][tid 33260] WARN Status bar theme update skipped: cross-thread window (hwnd=0000000000FD09DC ownerThread=30692)
[2025-11-27T20:40:13.978Z][pid 30692][tid 33260] WARN Status bar subclass skipped: cross-thread window (hwnd=0000000000FD09DC thread=30692)
[2025-11-27T20:40:13.978Z][pid 30692][tid 33260] WARN Status bar theme update skipped: cross-thread window (hwnd=0000000000FD09DC ownerThread=30692)
[2025-11-27T20:40:13.990Z][pid 30692][tid 33260] WARN Status bar subclass skipped: cross-thread window (hwnd=0000000000FD09DC thread=30692)
[2025-11-27T20:40:13.990Z][pid 30692][tid 33260] WARN Status bar theme update skipped: cross-thread window (hwnd=0000000000FD09DC ownerThread=30692)
[2025-11-27T20:40:14.012Z][pid 30692][tid 33260] WARN Status bar subclass skipped: cross-thread window (hwnd=0000000000FD09DC thread=30692)
[2025-11-27T20:40:14.013Z][pid 30692][tid 33260] WARN Status bar theme update skipped: cross-thread window (hwnd=0000000000FD09DC ownerThread=30692)
[2025-11-27T20:40:14.029Z][pid 30692][tid 33260] WARN Status bar subclass skipped: cross-thread window (hwnd=0000000000FD09DC thread=30692)
[2025-11-27T20:40:14.029Z][pid 30692][tid 33260] WARN Status bar theme update skipped: cross-thread window (hwnd=0000000000FD09DC ownerThread=30692)
[2025-11-27T20:40:14.045Z][pid 30692][tid 33260] WARN Status bar subclass skipped: cross-thread window (hwnd=0000000000FD09DC thread=30692)
[2025-11-27T20:40:14.046Z][pid 30692][tid 33260] WARN Status bar theme update skipped: cross-thread window (hwnd=0000000000FD09DC ownerThread=30692)
[2025-11-27T20:40:14.064Z][pid 30692][tid 33260] WARN Status bar subclass skipped: cross-thread window (hwnd=0000000000FD09DC thread=30692)
[2025-11-27T20:40:14.064Z][pid 30692][tid 33260] WARN Status bar theme update skipped: cross-thread window (hwnd=0000000000FD09DC ownerThread=30692)
[2025-11-27T20:40:14.077Z][pid 30692][tid 33260] WARN Status bar subclass skipped: cross-thread window (hwnd=0000000000FD09DC thread=30692)
[2025-11-27T20:40:14.078Z][pid 30692][tid 33260] WARN Status bar theme update skipped: cross-thread window (hwnd=0000000000FD09DC ownerThread=30692)
[2025-11-27T20:40:14.094Z][pid 30692][tid 33260] WARN Status bar subclass skipped: cross-thread window (hwnd=0000000000FD09DC thread=30692)
[2025-11-27T20:40:14.095Z][pid 30692][tid 33260] WARN Status bar theme update skipped: cross-thread window (hwnd=0000000000FD09DC ownerThread=30692)
[2025-11-27T20:40:14.139Z][pid 30692][tid 33260] WARN Status bar subclass skipped: cross-thread window (hwnd=0000000000FD09DC thread=30692)
[2025-11-27T20:40:14.139Z][pid 30692][tid 33260] WARN Status bar theme update skipped: cross-thread window (hwnd=0000000000FD09DC ownerThread=30692)
[2025-11-27T20:40:14.140Z][pid 30692][tid 33260] WARN Status bar subclass skipped: cross-thread window (hwnd=0000000000FD09DC thread=30692)
[2025-11-27T20:40:14.140Z][pid 30692][tid 33260] WARN Status bar theme update skipped: cross-thread window (hwnd=0000000000FD09DC ownerThread=30692)
[2025-11-27T20:40:14.183Z][pid 30692][tid 33260] WARN Status bar subclass skipped: cross-thread window (hwnd=0000000000FD09DC thread=30692)
[2025-11-27T20:40:14.183Z][pid 30692][tid 33260] WARN Status bar theme update skipped: cross-thread window (hwnd=0000000000FD09DC ownerThread=30692)
[2025-11-27T20:40:14.218Z][pid 30692][tid 33260] WARN Status bar subclass skipped: cross-thread window (hwnd=0000000000FD09DC thread=30692)
[2025-11-27T20:40:14.219Z][pid 30692][tid 33260] WARN Status bar theme update skipped: cross-thread window (hwnd=0000000000FD09DC ownerThread=30692)
[2025-11-27T20:40:14.255Z][pid 30692][tid 33260] WARN Status bar subclass skipped: cross-thread window (hwnd=0000000000FD09DC thread=30692)
[2025-11-27T20:40:14.255Z][pid 30692][tid 33260] WARN Status bar theme update skipped: cross-thread window (hwnd=0000000000FD09DC ownerThread=30692)
[2025-11-27T20:40:14.288Z][pid 30692][tid 33260] WARN Status bar subclass skipped: cross-thread window (hwnd=0000000000FD09DC thread=30692)
[2025-11-27T20:40:14.288Z][pid 30692][tid 33260] WARN Status bar theme update skipped: cross-thread window (hwnd=0000000000FD09DC ownerThread=30692)
[2025-11-27T20:40:14.299Z][pid 30692][tid 33260] WARN Status bar subclass skipped: cross-thread window (hwnd=0000000000FD09DC thread=30692)
[2025-11-27T20:40:14.299Z][pid 30692][tid 33260] WARN Status bar theme update skipped: cross-thread window (hwnd=0000000000FD09DC ownerThread=30692)
[2025-11-27T20:40:14.331Z][pid 30692][tid 33260] WARN Status bar subclass skipped: cross-thread window (hwnd=0000000000FD09DC thread=30692)
[2025-11-27T20:40:14.331Z][pid 30692][tid 33260] WARN Status bar theme update skipped: cross-thread window (hwnd=0000000000FD09DC ownerThread=30692)
[2025-11-27T20:40:14.388Z][pid 30692][tid 33260] WARN Status bar subclass skipped: cross-thread window (hwnd=0000000000FD09DC thread=30692)
[2025-11-27T20:40:14.389Z][pid 30692][tid 33260] WARN Status bar theme update skipped: cross-thread window (hwnd=0000000000FD09DC ownerThread=30692)
[2025-11-27T20:40:14.404Z][pid 30692][tid 33260] WARN Status bar subclass skipped: cross-thread window (hwnd=0000000000FD09DC thread=30692)
[2025-11-27T20:40:14.405Z][pid 30692][tid 33260] WARN Status bar theme update skipped: cross-thread window (hwnd=0000000000FD09DC ownerThread=30692)
[2025-11-27T20:40:14.418Z][pid 30692][tid 33260] WARN Status bar subclass skipped: cross-thread window (hwnd=0000000000FD09DC thread=30692)
[2025-11-27T20:40:14.419Z][pid 30692][tid 33260] WARN Status bar theme update skipped: cross-thread window (hwnd=0000000000FD09DC ownerThread=30692)
[2025-11-27T20:40:14.440Z][pid 30692][tid 33260] WARN Status bar subclass skipped: cross-thread window (hwnd=0000000000FD09DC thread=30692)
[2025-11-27T20:40:14.441Z][pid 30692][tid 33260] WARN Status bar theme update skipped: cross-thread window (hwnd=0000000000FD09DC ownerThread=30692)
[2025-11-27T20:40:14.524Z][pid 30692][tid 33260] WARN Status bar subclass skipped: cross-thread window (hwnd=0000000000FD09DC thread=30692)
[2025-11-27T20:40:14.524Z][pid 30692][tid 33260] WARN Status bar theme update skipped: cross-thread window (hwnd=0000000000FD09DC ownerThread=30692)
[2025-11-27T20:40:14.827Z][pid 30692][tid 33260] WARN Status bar subclass skipped: cross-thread window (hwnd=0000000000FD09DC thread=30692)
[2025-11-27T20:40:14.828Z][pid 30692][tid 33260] WARN Status bar theme update skipped: cross-thread window (hwnd=0000000000FD09DC ownerThread=30692)
[2025-11-27T20:40:14.929Z][pid 30692][tid 33260] WARN Status bar subclass skipped: cross-thread window (hwnd=0000000000FD09DC thread=30692)
[2025-11-27T20:40:14.929Z][pid 30692][tid 33260] WARN Status bar theme update skipped: cross-thread window (hwnd=0000000000FD09DC ownerThread=30692)
[2025-11-27T20:40:14.952Z][pid 30692][tid 33260] WARN Status bar subclass skipped: cross-thread window (hwnd=0000000000FD09DC thread=30692)
[2025-11-27T20:40:14.952Z][pid 30692][tid 33260] WARN Status bar theme update skipped: cross-thread window (hwnd=0000000000FD09DC ownerThread=30692)
[2025-11-27T20:40:14.979Z][pid 30692][tid 33260] WARN Status bar subclass skipped: cross-thread window (hwnd=0000000000FD09DC thread=30692)
[2025-11-27T20:40:14.980Z][pid 30692][tid 33260] WARN Status bar theme update skipped: cross-thread window (hwnd=0000000000FD09DC ownerThread=30692)
[2025-11-27T20:40:15.032Z][pid 30692][tid 33260] WARN Status bar subclass skipped: cross-thread window (hwnd=0000000000FD09DC thread=30692)
[2025-11-27T20:40:15.033Z][pid 30692][tid 33260] WARN Status bar theme update skipped: cross-thread window (hwnd=0000000000FD09DC ownerThread=30692)
[2025-11-27T20:40:15.053Z][pid 30692][tid 33260] WARN Status bar subclass skipped: cross-thread window (hwnd=0000000000FD09DC thread=30692)
[2025-11-27T20:40:15.053Z][pid 30692][tid 33260] WARN Status bar theme update skipped: cross-thread window (hwnd=0000000000FD09DC ownerThread=30692)
[2025-11-27T20:40:15.116Z][pid 30692][tid 33260] WARN Status bar subclass skipped: cross-thread window (hwnd=0000000000FD09DC thread=30692)
[2025-11-27T20:40:15.117Z][pid 30692][tid 33260] WARN Status bar theme update skipped: cross-thread window (hwnd=0000000000FD09DC ownerThread=30692)
[2025-11-27T20:40:15.152Z][pid 30692][tid 33260] WARN Status bar subclass skipped: cross-thread window (hwnd=0000000000FD09DC thread=30692)
[2025-11-27T20:40:15.153Z][pid 30692][tid 33260] WARN Status bar theme update skipped: cross-thread window (hwnd=0000000000FD09DC ownerThread=30692)
[2025-11-27T20:40:15.183Z][pid 30692][tid 33260] WARN Status bar subclass skipped: cross-thread window (hwnd=0000000000FD09DC thread=30692)
[2025-11-27T20:40:15.184Z][pid 30692][tid 33260] WARN Status bar theme update skipped: cross-thread window (hwnd=0000000000FD09DC ownerThread=30692)
[2025-11-27T20:40:15.204Z][pid 30692][tid 33260] WARN Status bar subclass skipped: cross-thread window (hwnd=0000000000FD09DC thread=30692)
[2025-11-27T20:40:15.204Z][pid 30692][tid 33260] WARN Status bar theme update skipped: cross-thread window (hwnd=0000000000FD09DC ownerThread=30692)
[2025-11-27T20:40:15.216Z][pid 30692][tid 33260] WARN Status bar subclass skipped: cross-thread window (hwnd=0000000000FD09DC thread=30692)
[2025-11-27T20:40:15.217Z][pid 30692][tid 33260] WARN Status bar theme update skipped: cross-thread window (hwnd=0000000000FD09DC ownerThread=30692)
[2025-11-27T20:40:15.228Z][pid 30692][tid 33260] WARN Status bar subclass skipped: cross-thread window (hwnd=0000000000FD09DC thread=30692)
[2025-11-27T20:40:15.229Z][pid 30692][tid 33260] WARN Status bar theme update skipped: cross-thread window (hwnd=0000000000FD09DC ownerThread=30692)
[2025-11-27T20:40:15.236Z][pid 30692][tid 33260] WARN Status bar subclass skipped: cross-thread window (hwnd=0000000000FD09DC thread=30692)
[2025-11-27T20:40:15.236Z][pid 30692][tid 33260] WARN Status bar theme update skipped: cross-thread window (hwnd=0000000000FD09DC ownerThread=30692)
[2025-11-27T20:40:15.238Z][pid 30692][tid 33260] WARN Status bar subclass skipped: cross-thread window (hwnd=0000000000FD09DC thread=30692)
[2025-11-27T20:40:15.238Z][pid 30692][tid 33260] WARN Status bar theme update skipped: cross-thread window (hwnd=0000000000FD09DC ownerThread=30692)
[2025-11-27T20:40:15.249Z][pid 30692][tid 33260] WARN Status bar subclass skipped: cross-thread window (hwnd=0000000000FD09DC thread=30692)
[2025-11-27T20:40:15.249Z][pid 30692][tid 33260] WARN Status bar theme update skipped: cross-thread window (hwnd=0000000000FD09DC ownerThread=30692)
[2025-11-27T20:40:15.280Z][pid 30692][tid 33260] WARN Status bar subclass skipped: cross-thread window (hwnd=0000000000FD09DC thread=30692)
[2025-11-27T20:40:15.281Z][pid 30692][tid 33260] WARN Status bar theme update skipped: cross-thread window (hwnd=0000000000FD09DC ownerThread=30692)
[2025-11-27T20:40:15.289Z][pid 30692][tid 33260] WARN Status bar subclass skipped: cross-thread window (hwnd=0000000000FD09DC thread=30692)
[2025-11-27T20:40:15.289Z][pid 30692][tid 33260] WARN Status bar theme update skipped: cross-thread window (hwnd=0000000000FD09DC ownerThread=30692)
[2025-11-27T20:40:15.333Z][pid 30692][tid 33260] WARN Status bar subclass skipped: cross-thread window (hwnd=0000000000FD09DC thread=30692)
[2025-11-27T20:40:15.334Z][pid 30692][tid 33260] WARN Status bar theme update skipped: cross-thread window (hwnd=0000000000FD09DC ownerThread=30692)
[2025-11-27T20:40:15.486Z][pid 30692][tid 33260] WARN Status bar subclass skipped: cross-thread window (hwnd=0000000000FD09DC thread=30692)
[2025-11-27T20:40:15.486Z][pid 30692][tid 33260] WARN Status bar theme update skipped: cross-thread window (hwnd=0000000000FD09DC ownerThread=30692)
[2025-11-27T20:40:15.516Z][pid 30692][tid 33260] WARN Status bar subclass skipped: cross-thread window (hwnd=0000000000FD09DC thread=30692)
[2025-11-27T20:40:15.516Z][pid 30692][tid 33260] WARN Status bar theme update skipped: cross-thread window (hwnd=0000000000FD09DC ownerThread=30692)
[2025-11-27T20:40:15.518Z][pid 30692][tid 33260] WARN Status bar subclass skipped: cross-thread window (hwnd=0000000000FD09DC thread=30692)
[2025-11-27T20:40:15.519Z][pid 30692][tid 33260] WARN Status bar theme update skipped: cross-thread window (hwnd=0000000000FD09DC ownerThread=30692)
[2025-11-27T20:40:15.555Z][pid 30692][tid 33260] WARN Status bar subclass skipped: cross-thread window (hwnd=0000000000FD09DC thread=30692)
[2025-11-27T20:40:15.556Z][pid 30692][tid 33260] WARN Status bar theme update skipped: cross-thread window (hwnd=0000000000FD09DC ownerThread=30692)
[2025-11-27T20:40:15.703Z][pid 30692][tid 33260] WARN Status bar subclass skipped: cross-thread window (hwnd=0000000000FD09DC thread=30692)
[2025-11-27T20:40:15.703Z][pid 30692][tid 33260] WARN Status bar theme update skipped: cross-thread window (hwnd=0000000000FD09DC ownerThread=30692)
[2025-11-27T20:40:15.982Z][pid 30692][tid 33260] WARN Status bar subclass skipped: cross-thread window (hwnd=0000000000FD09DC thread=30692)
[2025-11-27T20:40:15.983Z][pid 30692][tid 33260] WARN Status bar theme update skipped: cross-thread window (hwnd=0000000000FD09DC ownerThread=30692)
[2025-11-27T20:40:16.123Z][pid 30692][tid 33260] WARN Status bar subclass skipped: cross-thread window (hwnd=0000000000FD09DC thread=30692)
[2025-11-27T20:40:16.123Z][pid 30692][tid 33260] WARN Status bar theme update skipped: cross-thread window (hwnd=0000000000FD09DC ownerThread=30692)
[2025-11-27T20:40:16.152Z][pid 30692][tid 33260] WARN Status bar subclass skipped: cross-thread window (hwnd=0000000000FD09DC thread=30692)
[2025-11-27T20:40:16.152Z][pid 30692][tid 33260] WARN Status bar theme update skipped: cross-thread window (hwnd=0000000000FD09DC ownerThread=30692)
[2025-11-27T20:40:16.182Z][pid 30692][tid 33260] WARN Status bar subclass skipped: cross-thread window (hwnd=0000000000FD09DC thread=30692)
[2025-11-27T20:40:16.183Z][pid 30692][tid 33260] WARN Status bar theme update skipped: cross-thread window (hwnd=0000000000FD09DC ownerThread=30692)
[2025-11-27T20:40:16.192Z][pid 30692][tid 33260] WARN Status bar subclass skipped: cross-thread window (hwnd=0000000000FD09DC thread=30692)
[2025-11-27T20:40:16.193Z][pid 30692][tid 33260] WARN Status bar theme update skipped: cross-thread window (hwnd=0000000000FD09DC ownerThread=30692)
[2025-11-27T20:40:16.216Z][pid 30692][tid 33260] WARN Status bar subclass skipped: cross-thread window (hwnd=0000000000FD09DC thread=30692)
[2025-11-27T20:40:16.216Z][pid 30692][tid 33260] WARN Status bar theme update skipped: cross-thread window (hwnd=0000000000FD09DC ownerThread=30692)
[2025-11-27T20:40:16.240Z][pid 30692][tid 33260] WARN Status bar subclass skipped: cross-thread window (hwnd=0000000000FD09DC thread=30692)
[2025-11-27T20:40:16.241Z][pid 30692][tid 33260] WARN Status bar theme update skipped: cross-thread window (hwnd=0000000000FD09DC ownerThread=30692)
[2025-11-27T20:40:16.246Z][pid 30692][tid 33260] WARN Status bar subclass skipped: cross-thread window (hwnd=0000000000FD09DC thread=30692)
[2025-11-27T20:40:16.246Z][pid 30692][tid 33260] WARN Status bar theme update skipped: cross-thread window (hwnd=0000000000FD09DC ownerThread=30692)
[2025-11-27T20:40:16.354Z][pid 30692][tid 33260] WARN Status bar subclass skipped: cross-thread window (hwnd=0000000000FD09DC thread=30692)
[2025-11-27T20:40:16.354Z][pid 30692][tid 33260] WARN Status bar theme update skipped: cross-thread window (hwnd=0000000000FD09DC ownerThread=30692)
[2025-11-27T20:40:16.397Z][pid 30692][tid 33260] WARN Status bar subclass skipped: cross-thread window (hwnd=0000000000FD09DC thread=30692)
[2025-11-27T20:40:16.398Z][pid 30692][tid 33260] WARN Status bar theme update skipped: cross-thread window (hwnd=0000000000FD09DC ownerThread=30692)
[2025-11-27T20:40:16.423Z][pid 30692][tid 33260] WARN Status bar subclass skipped: cross-thread window (hwnd=0000000000FD09DC thread=30692)
[2025-11-27T20:40:16.424Z][pid 30692][tid 33260] WARN Status bar theme update skipped: cross-thread window (hwnd=0000000000FD09DC ownerThread=30692)
[2025-11-27T20:40:16.683Z][pid 30692][tid 33260] WARN Status bar subclass skipped: cross-thread window (hwnd=0000000000FD09DC thread=30692)
[2025-11-27T20:40:16.683Z][pid 30692][tid 33260] WARN Status bar theme update skipped: cross-thread window (hwnd=0000000000FD09DC ownerThread=30692)
[2025-11-27T20:40:17.000Z][pid 30692][tid 33260] WARN Status bar subclass skipped: cross-thread window (hwnd=0000000000FD09DC thread=30692)
[2025-11-27T20:40:17.000Z][pid 30692][tid 33260] WARN Status bar theme update skipped: cross-thread window (hwnd=0000000000FD09DC ownerThread=30692)
[2025-11-27T20:40:17.027Z][pid 30692][tid 33260] WARN Status bar subclass skipped: cross-thread window (hwnd=0000000000FD09DC thread=30692)
[2025-11-27T20:40:17.028Z][pid 30692][tid 33260] WARN Status bar theme update skipped: cross-thread window (hwnd=0000000000FD09DC ownerThread=30692)
[2025-11-27T20:40:17.052Z][pid 30692][tid 33260] WARN Status bar subclass skipped: cross-thread window (hwnd=0000000000FD09DC thread=30692)
[2025-11-27T20:40:17.053Z][pid 30692][tid 33260] WARN Status bar theme update skipped: cross-thread window (hwnd=0000000000FD09DC ownerThread=30692)
[2025-11-27T20:40:17.082Z][pid 30692][tid 33260] WARN Status bar subclass skipped: cross-thread window (hwnd=0000000000FD09DC thread=30692)
[2025-11-27T20:40:17.082Z][pid 30692][tid 33260] WARN Status bar theme update skipped: cross-thread window (hwnd=0000000000FD09DC ownerThread=30692)
[2025-11-27T20:40:17.151Z][pid 30692][tid 33260] WARN Status bar subclass skipped: cross-thread window (hwnd=0000000000FD09DC thread=30692)
[2025-11-27T20:40:17.151Z][pid 30692][tid 33260] WARN Status bar theme update skipped: cross-thread window (hwnd=0000000000FD09DC ownerThread=30692)
[2025-11-27T20:40:18.003Z][pid 30692][tid 33260] WARN Status bar subclass skipped: cross-thread window (hwnd=0000000000FD09DC thread=30692)
[2025-11-27T20:40:18.004Z][pid 30692][tid 33260] WARN Status bar theme update skipped: cross-thread window (hwnd=0000000000FD09DC ownerThread=30692)
[2025-11-27T20:40:18.038Z][pid 30692][tid 33260] WARN Status bar subclass skipped: cross-thread window (hwnd=0000000000FD09DC thread=30692)
[2025-11-27T20:40:18.038Z][pid 30692][tid 33260] WARN Status bar theme update skipped: cross-thread window (hwnd=0000000000FD09DC ownerThread=30692)
[2025-11-27T20:40:18.055Z][pid 30692][tid 33260] WARN Status bar subclass skipped: cross-thread window (hwnd=0000000000FD09DC thread=30692)
[2025-11-27T20:40:18.056Z][pid 30692][tid 33260] WARN Status bar theme update skipped: cross-thread window (hwnd=0000000000FD09DC ownerThread=30692)
[2025-11-27T20:40:18.094Z][pid 30692][tid 33260] WARN Status bar subclass skipped: cross-thread window (hwnd=0000000000FD09DC thread=30692)
[2025-11-27T20:40:18.095Z][pid 30692][tid 33260] WARN Status bar theme update skipped: cross-thread window (hwnd=0000000000FD09DC ownerThread=30692)
[2025-11-27T20:40:18.230Z][pid 30692][tid 33260] WARN Status bar subclass skipped: cross-thread window (hwnd=0000000000FD09DC thread=30692)
[2025-11-27T20:40:18.231Z][pid 30692][tid 33260] WARN Status bar theme update skipped: cross-thread window (hwnd=0000000000FD09DC ownerThread=30692)
[2025-11-27T20:40:18.316Z][pid 30692][tid 33260] WARN Status bar subclass skipped: cross-thread window (hwnd=0000000000FD09DC thread=30692)
[2025-11-27T20:40:18.317Z][pid 30692][tid 33260] WARN Status bar theme update skipped: cross-thread window (hwnd=0000000000FD09DC ownerThread=30692)
[2025-11-27T20:40:18.341Z][pid 30692][tid 33260] WARN Status bar subclass skipped: cross-thread window (hwnd=0000000000FD09DC thread=30692)
[2025-11-27T20:40:18.341Z][pid 30692][tid 33260] WARN Status bar theme update skipped: cross-thread window (hwnd=0000000000FD09DC ownerThread=30692)
[2025-11-27T20:40:18.356Z][pid 30692][tid 33260] WARN Status bar subclass skipped: cross-thread window (hwnd=0000000000FD09DC thread=30692)
[2025-11-27T20:40:18.357Z][pid 30692][tid 33260] WARN Status bar theme update skipped: cross-thread window (hwnd=0000000000FD09DC ownerThread=30692)
[2025-11-27T20:40:18.370Z][pid 30692][tid 33260] WARN Status bar subclass skipped: cross-thread window (hwnd=0000000000FD09DC thread=30692)
[2025-11-27T20:40:18.370Z][pid 30692][tid 33260] WARN Status bar theme update skipped: cross-thread window (hwnd=0000000000FD09DC ownerThread=30692)
[2025-11-27T20:40:18.378Z][pid 30692][tid 33260] WARN Status bar subclass skipped: cross-thread window (hwnd=0000000000FD09DC thread=30692)
[2025-11-27T20:40:18.378Z][pid 30692][tid 33260] WARN Status bar theme update skipped: cross-thread window (hwnd=0000000000FD09DC ownerThread=30692)
[2025-11-27T20:40:18.483Z][pid 30692][tid 33260] WARN Status bar subclass skipped: cross-thread window (hwnd=0000000000FD09DC thread=30692)
[2025-11-27T20:40:18.483Z][pid 30692][tid 33260] WARN Status bar theme update skipped: cross-thread window (hwnd=0000000000FD09DC ownerThread=30692)
[2025-11-27T20:40:18.523Z][pid 30692][tid 33260] WARN Status bar subclass skipped: cross-thread window (hwnd=0000000000FD09DC thread=30692)
[2025-11-27T20:40:18.523Z][pid 30692][tid 33260] WARN Status bar theme update skipped: cross-thread window (hwnd=0000000000FD09DC ownerThread=30692)
[2025-11-27T20:40:18.531Z][pid 30692][tid 33260] WARN Status bar subclass skipped: cross-thread window (hwnd=0000000000FD09DC thread=30692)
[2025-11-27T20:40:18.532Z][pid 30692][tid 33260] WARN Status bar theme update skipped: cross-thread window (hwnd=0000000000FD09DC ownerThread=30692)
[2025-11-27T20:40:18.846Z][pid 30692][tid 33260] WARN Status bar subclass skipped: cross-thread window (hwnd=0000000000FD09DC thread=30692)
[2025-11-27T20:40:18.846Z][pid 30692][tid 33260] WARN Status bar theme update skipped: cross-thread window (hwnd=0000000000FD09DC ownerThread=30692)
[2025-11-27T20:40:18.961Z][pid 30692][tid 33260] WARN Status bar subclass skipped: cross-thread window (hwnd=0000000000FD09DC thread=30692)
[2025-11-27T20:40:18.961Z][pid 30692][tid 33260] WARN Status bar theme update skipped: cross-thread window (hwnd=0000000000FD09DC ownerThread=30692)
[2025-11-27T20:40:19.016Z][pid 30692][tid 33260] WARN Status bar subclass skipped: cross-thread window (hwnd=0000000000FD09DC thread=30692)
[2025-11-27T20:40:19.016Z][pid 30692][tid 33260] WARN Status bar theme update skipped: cross-thread window (hwnd=0000000000FD09DC ownerThread=30692)
[2025-11-27T20:40:19.025Z][pid 30692][tid 33260] WARN Status bar subclass skipped: cross-thread window (hwnd=0000000000FD09DC thread=30692)
[2025-11-27T20:40:19.025Z][pid 30692][tid 33260] WARN Status bar theme update skipped: cross-thread window (hwnd=0000000000FD09DC ownerThread=30692)
[2025-11-27T20:40:19.068Z][pid 30692][tid 33260] WARN Status bar subclass skipped: cross-thread window (hwnd=0000000000FD09DC thread=30692)
[2025-11-27T20:40:19.068Z][pid 30692][tid 33260] WARN Status bar theme update skipped: cross-thread window (hwnd=0000000000FD09DC ownerThread=30692)
[2025-11-27T20:40:19.096Z][pid 30692][tid 33260] WARN Status bar subclass skipped: cross-thread window (hwnd=0000000000FD09DC thread=30692)
[2025-11-27T20:40:19.097Z][pid 30692][tid 33260] WARN Status bar theme update skipped: cross-thread window (hwnd=0000000000FD09DC ownerThread=30692)
[2025-11-27T20:40:19.158Z][pid 30692][tid 33260] WARN Status bar subclass skipped: cross-thread window (hwnd=0000000000FD09DC thread=30692)
[2025-11-27T20:40:19.159Z][pid 30692][tid 33260] WARN Status bar theme update skipped: cross-thread window (hwnd=0000000000FD09DC ownerThread=30692)
[2025-11-27T20:40:19.332Z][pid 30692][tid 33260] WARN Status bar subclass skipped: cross-thread window (hwnd=0000000000FD09DC thread=30692)
[2025-11-27T20:40:19.332Z][pid 30692][tid 33260] WARN Status bar theme update skipped: cross-thread window (hwnd=0000000000FD09DC ownerThread=30692)
[2025-11-27T20:40:19.380Z][pid 30692][tid 33260] WARN Status bar subclass skipped: cross-thread window (hwnd=0000000000FD09DC thread=30692)
[2025-11-27T20:40:19.380Z][pid 30692][tid 33260] WARN Status bar theme update skipped: cross-thread window (hwnd=0000000000FD09DC ownerThread=30692)
[2025-11-27T20:40:19.453Z][pid 30692][tid 33260] WARN Status bar subclass skipped: cross-thread window (hwnd=0000000000FD09DC thread=30692)
[2025-11-27T20:40:19.453Z][pid 30692][tid 33260] WARN Status bar theme update skipped: cross-thread window (hwnd=0000000000FD09DC ownerThread=30692)
[2025-11-27T20:40:19.493Z][pid 30692][tid 33260] WARN Status bar subclass skipped: cross-thread window (hwnd=0000000000FD09DC thread=30692)
[2025-11-27T20:40:19.494Z][pid 30692][tid 33260] WARN Status bar theme update skipped: cross-thread window (hwnd=0000000000FD09DC ownerThread=30692)
[2025-11-27T20:40:19.599Z][pid 30692][tid 33260] WARN Status bar subclass skipped: cross-thread window (hwnd=0000000000FD09DC thread=30692)
[2025-11-27T20:40:19.600Z][pid 30692][tid 33260] WARN Status bar theme update skipped: cross-thread window (hwnd=0000000000FD09DC ownerThread=30692)
[2025-11-27T20:40:19.639Z][pid 30692][tid 33260] WARN Status bar subclass skipped: cross-thread window (hwnd=0000000000FD09DC thread=30692)
[2025-11-27T20:40:19.640Z][pid 30692][tid 33260] WARN Status bar theme update skipped: cross-thread window (hwnd=0000000000FD09DC ownerThread=30692)
[2025-11-27T20:40:19.832Z][pid 30692][tid 33260] WARN Status bar subclass skipped: cross-thread window (hwnd=0000000000FD09DC thread=30692)
[2025-11-27T20:40:19.832Z][pid 30692][tid 33260] WARN Status bar theme update skipped: cross-thread window (hwnd=0000000000FD09DC ownerThread=30692)
[2025-11-27T20:40:19.896Z][pid 30692][tid 33260] WARN Status bar subclass skipped: cross-thread window (hwnd=0000000000FD09DC thread=30692)
[2025-11-27T20:40:19.896Z][pid 30692][tid 33260] WARN Status bar theme update skipped: cross-thread window (hwnd=0000000000FD09DC ownerThread=30692)
[2025-11-27T20:40:19.914Z][pid 30692][tid 33260] WARN Status bar subclass skipped: cross-thread window (hwnd=0000000000FD09DC thread=30692)
[2025-11-27T20:40:19.915Z][pid 30692][tid 33260] WARN Status bar theme update skipped: cross-thread window (hwnd=0000000000FD09DC ownerThread=30692)
[2025-11-27T20:40:19.924Z][pid 30692][tid 33260] WARN Status bar subclass skipped: cross-thread window (hwnd=0000000000FD09DC thread=30692)
[2025-11-27T20:40:19.925Z][pid 30692][tid 33260] WARN Status bar theme update skipped: cross-thread window (hwnd=0000000000FD09DC ownerThread=30692)
[2025-11-27T20:40:19.936Z][pid 30692][tid 33260] WARN Status bar subclass skipped: cross-thread window (hwnd=0000000000FD09DC thread=30692)
[2025-11-27T20:40:19.937Z][pid 30692][tid 33260] WARN Status bar theme update skipped: cross-thread window (hwnd=0000000000FD09DC ownerThread=30692)
[2025-11-27T20:40:19.940Z][pid 30692][tid 33260] WARN Status bar subclass skipped: cross-thread window (hwnd=0000000000FD09DC thread=30692)
[2025-11-27T20:40:19.940Z][pid 30692][tid 33260] WARN Status bar theme update skipped: cross-thread window (hwnd=0000000000FD09DC ownerThread=30692)
[2025-11-27T20:40:19.958Z][pid 30692][tid 33260] WARN Status bar subclass skipped: cross-thread window (hwnd=0000000000FD09DC thread=30692)
[2025-11-27T20:40:19.958Z][pid 30692][tid 33260] WARN Status bar theme update skipped: cross-thread window (hwnd=0000000000FD09DC ownerThread=30692)
[2025-11-27T20:40:20.039Z][pid 30692][tid 33260] WARN Status bar subclass skipped: cross-thread window (hwnd=0000000000FD09DC thread=30692)
[2025-11-27T20:40:20.040Z][pid 30692][tid 33260] WARN Status bar theme update skipped: cross-thread window (hwnd=0000000000FD09DC ownerThread=30692)
[2025-11-27T20:40:20.120Z][pid 30692][tid 33260] WARN Status bar subclass skipped: cross-thread window (hwnd=0000000000FD09DC thread=30692)
[2025-11-27T20:40:20.120Z][pid 30692][tid 33260] WARN Status bar theme update skipped: cross-thread window (hwnd=0000000000FD09DC ownerThread=30692)
[2025-11-27T20:40:20.182Z][pid 30692][tid 33260] WARN Status bar subclass skipped: cross-thread window (hwnd=0000000000FD09DC thread=30692)
[2025-11-27T20:40:20.182Z][pid 30692][tid 33260] WARN Status bar theme update skipped: cross-thread window (hwnd=0000000000FD09DC ownerThread=30692)
[2025-11-27T20:40:20.300Z][pid 30692][tid 33260] WARN Status bar subclass skipped: cross-thread window (hwnd=0000000000FD09DC thread=30692)
[2025-11-27T20:40:20.301Z][pid 30692][tid 33260] WARN Status bar theme update skipped: cross-thread window (hwnd=0000000000FD09DC ownerThread=30692)
[2025-11-27T20:40:20.309Z][pid 30692][tid 33260] WARN Status bar subclass skipped: cross-thread window (hwnd=0000000000FD09DC thread=30692)
[2025-11-27T20:40:20.310Z][pid 30692][tid 33260] WARN Status bar theme update skipped: cross-thread window (hwnd=0000000000FD09DC ownerThread=30692)
[2025-11-27T20:40:20.319Z][pid 30692][tid 33260] WARN Status bar subclass skipped: cross-thread window (hwnd=0000000000FD09DC thread=30692)
[2025-11-27T20:40:20.320Z][pid 30692][tid 33260] WARN Status bar theme update skipped: cross-thread window (hwnd=0000000000FD09DC ownerThread=30692)
[2025-11-27T20:40:20.325Z][pid 30692][tid 33260] WARN Status bar subclass skipped: cross-thread window (hwnd=0000000000FD09DC thread=30692)
[2025-11-27T20:40:20.325Z][pid 30692][tid 33260] WARN Status bar theme update skipped: cross-thread window (hwnd=0000000000FD09DC ownerThread=30692)
[2025-11-27T20:40:20.332Z][pid 30692][tid 33260] WARN Status bar subclass skipped: cross-thread window (hwnd=0000000000FD09DC thread=30692)
[2025-11-27T20:40:20.333Z][pid 30692][tid 33260] WARN Status bar theme update skipped: cross-thread window (hwnd=0000000000FD09DC ownerThread=30692)
[2025-11-27T20:40:20.344Z][pid 30692][tid 33260] WARN Status bar subclass skipped: cross-thread window (hwnd=0000000000FD09DC thread=30692)
[2025-11-27T20:40:20.344Z][pid 30692][tid 33260] WARN Status bar theme update skipped: cross-thread window (hwnd=0000000000FD09DC ownerThread=30692)
[2025-11-27T20:40:20.348Z][pid 30692][tid 33260] WARN Status bar subclass skipped: cross-thread window (hwnd=0000000000FD09DC thread=30692)
[2025-11-27T20:40:20.349Z][pid 30692][tid 33260] WARN Status bar theme update skipped: cross-thread window (hwnd=0000000000FD09DC ownerThread=30692)
[2025-11-27T20:40:20.554Z][pid 30692][tid 33260] WARN Status bar subclass skipped: cross-thread window (hwnd=0000000000FD09DC thread=30692)
[2025-11-27T20:40:20.555Z][pid 30692][tid 33260] WARN Status bar theme update skipped: cross-thread window (hwnd=0000000000FD09DC ownerThread=30692)
[2025-11-27T20:40:20.574Z][pid 30692][tid 33260] WARN Status bar subclass skipped: cross-thread window (hwnd=0000000000FD09DC thread=30692)
[2025-11-27T20:40:20.575Z][pid 30692][tid 33260] WARN Status bar theme update skipped: cross-thread window (hwnd=0000000000FD09DC ownerThread=30692)
[2025-11-27T20:40:20.599Z][pid 30692][tid 33260] WARN Status bar subclass skipped: cross-thread window (hwnd=0000000000FD09DC thread=30692)
[2025-11-27T20:40:20.600Z][pid 30692][tid 33260] WARN Status bar theme update skipped: cross-thread window (hwnd=0000000000FD09DC ownerThread=30692)
[2025-11-27T20:40:20.635Z][pid 30692][tid 33260] WARN Status bar subclass skipped: cross-thread window (hwnd=0000000000FD09DC thread=30692)
[2025-11-27T20:40:20.635Z][pid 30692][tid 33260] WARN Status bar theme update skipped: cross-thread window (hwnd=0000000000FD09DC ownerThread=30692)
[2025-11-27T20:40:20.733Z][pid 30692][tid 33260] WARN Status bar subclass skipped: cross-thread window (hwnd=0000000000FD09DC thread=30692)
[2025-11-27T20:40:20.733Z][pid 30692][tid 33260] WARN Status bar theme update skipped: cross-thread window (hwnd=0000000000FD09DC ownerThread=30692)
[2025-11-27T20:40:20.750Z][pid 30692][tid 33260] WARN Status bar subclass skipped: cross-thread window (hwnd=0000000000FD09DC thread=30692)
[2025-11-27T20:40:20.750Z][pid 30692][tid 33260] WARN Status bar theme update skipped: cross-thread window (hwnd=0000000000FD09DC ownerThread=30692)
[2025-11-27T20:40:20.768Z][pid 30692][tid 33260] WARN Status bar subclass skipped: cross-thread window (hwnd=0000000000FD09DC thread=30692)
[2025-11-27T20:40:20.768Z][pid 30692][tid 33260] WARN Status bar theme update skipped: cross-thread window (hwnd=0000000000FD09DC ownerThread=30692)
[2025-11-27T20:40:20.803Z][pid 30692][tid 33260] WARN Status bar subclass skipped: cross-thread window (hwnd=0000000000FD09DC thread=30692)
[2025-11-27T20:40:20.804Z][pid 30692][tid 33260] WARN Status bar theme update skipped: cross-thread window (hwnd=0000000000FD09DC ownerThread=30692)
[2025-11-27T20:40:20.835Z][pid 30692][tid 33260] WARN Status bar subclass skipped: cross-thread window (hwnd=0000000000FD09DC thread=30692)
[2025-11-27T20:40:20.836Z][pid 30692][tid 33260] WARN Status bar theme update skipped: cross-thread window (hwnd=0000000000FD09DC ownerThread=30692)
[2025-11-27T20:40:20.866Z][pid 30692][tid 33260] WARN Status bar subclass skipped: cross-thread window (hwnd=0000000000FD09DC thread=30692)
[2025-11-27T20:40:20.866Z][pid 30692][tid 33260] WARN Status bar theme update skipped: cross-thread window (hwnd=0000000000FD09DC ownerThread=30692)
[2025-11-27T20:40:20.877Z][pid 30692][tid 33260] WARN Status bar subclass skipped: cross-thread window (hwnd=0000000000FD09DC thread=30692)
[2025-11-27T20:40:20.878Z][pid 30692][tid 33260] WARN Status bar theme update skipped: cross-thread window (hwnd=0000000000FD09DC ownerThread=30692)
[2025-11-27T20:40:20.898Z][pid 30692][tid 33260] WARN Status bar subclass skipped: cross-thread window (hwnd=0000000000FD09DC thread=30692)
[2025-11-27T20:40:20.898Z][pid 30692][tid 33260] WARN Status bar theme update skipped: cross-thread window (hwnd=0000000000FD09DC ownerThread=30692)
[2025-11-27T20:40:20.922Z][pid 30692][tid 33260] WARN Status bar subclass skipped: cross-thread window (hwnd=0000000000FD09DC thread=30692)
[2025-11-27T20:40:20.923Z][pid 30692][tid 33260] WARN Status bar theme update skipped: cross-thread window (hwnd=0000000000FD09DC ownerThread=30692)
[2025-11-27T20:40:20.928Z][pid 30692][tid 33260] WARN Status bar subclass skipped: cross-thread window (hwnd=0000000000FD09DC thread=30692)
[2025-11-27T20:40:20.928Z][pid 30692][tid 33260] WARN Status bar theme update skipped: cross-thread window (hwnd=0000000000FD09DC ownerThread=30692)
[2025-11-27T20:40:21.025Z][pid 30692][tid 33260] WARN Status bar subclass skipped: cross-thread window (hwnd=0000000000FD09DC thread=30692)
[2025-11-27T20:40:21.026Z][pid 30692][tid 33260] WARN Status bar theme update skipped: cross-thread window (hwnd=0000000000FD09DC ownerThread=30692)
[2025-11-27T20:40:21.043Z][pid 30692][tid 33260] WARN Status bar subclass skipped: cross-thread window (hwnd=0000000000FD09DC thread=30692)
[2025-11-27T20:40:21.044Z][pid 30692][tid 33260] WARN Status bar theme update skipped: cross-thread window (hwnd=0000000000FD09DC ownerThread=30692)
[2025-11-27T20:40:21.070Z][pid 30692][tid 33260] WARN Status bar subclass skipped: cross-thread window (hwnd=0000000000FD09DC thread=30692)
[2025-11-27T20:40:21.071Z][pid 30692][tid 33260] WARN Status bar theme update skipped: cross-thread window (hwnd=0000000000FD09DC ownerThread=30692)
[2025-11-27T20:40:21.073Z][pid 30692][tid 33260] WARN Status bar subclass skipped: cross-thread window (hwnd=0000000000FD09DC thread=30692)
[2025-11-27T20:40:21.073Z][pid 30692][tid 33260] WARN Status bar theme update skipped: cross-thread window (hwnd=0000000000FD09DC ownerThread=30692)
[2025-11-27T20:40:21.103Z][pid 30692][tid 33260] WARN Status bar subclass skipped: cross-thread window (hwnd=0000000000FD09DC thread=30692)
[2025-11-27T20:40:21.104Z][pid 30692][tid 33260] WARN Status bar theme update skipped: cross-thread window (hwnd=0000000000FD09DC ownerThread=30692)
[2025-11-27T20:40:21.124Z][pid 30692][tid 33260] WARN Status bar subclass skipped: cross-thread window (hwnd=0000000000FD09DC thread=30692)
[2025-11-27T20:40:21.124Z][pid 30692][tid 33260] WARN Status bar theme update skipped: cross-thread window (hwnd=0000000000FD09DC ownerThread=30692)
[2025-11-27T20:40:21.157Z][pid 30692][tid 33260] WARN Status bar subclass skipped: cross-thread window (hwnd=0000000000FD09DC thread=30692)
[2025-11-27T20:40:21.157Z][pid 30692][tid 33260] WARN Status bar theme update skipped: cross-thread window (hwnd=0000000000FD09DC ownerThread=30692)
[2025-11-27T20:40:21.171Z][pid 30692][tid 33260] WARN Status bar subclass skipped: cross-thread window (hwnd=0000000000FD09DC thread=30692)
[2025-11-27T20:40:21.172Z][pid 30692][tid 33260] WARN Status bar theme update skipped: cross-thread window (hwnd=0000000000FD09DC ownerThread=30692)
[2025-11-27T20:40:21.184Z][pid 30692][tid 33260] WARN Status bar subclass skipped: cross-thread window (hwnd=0000000000FD09DC thread=30692)
[2025-11-27T20:40:21.185Z][pid 30692][tid 33260] WARN Status bar theme update skipped: cross-thread window (hwnd=0000000000FD09DC ownerThread=30692)
[2025-11-27T20:40:21.195Z][pid 30692][tid 33260] WARN Status bar subclass skipped: cross-thread window (hwnd=0000000000FD09DC thread=30692)
[2025-11-27T20:40:21.196Z][pid 30692][tid 33260] WARN Status bar theme update skipped: cross-thread window (hwnd=0000000000FD09DC ownerThread=30692)
[2025-11-27T20:40:21.206Z][pid 30692][tid 33260] WARN Status bar subclass skipped: cross-thread window (hwnd=0000000000FD09DC thread=30692)
[2025-11-27T20:40:21.207Z][pid 30692][tid 33260] WARN Status bar theme update skipped: cross-thread window (hwnd=0000000000FD09DC ownerThread=30692)
[2025-11-27T20:40:21.214Z][pid 30692][tid 33260] WARN Status bar subclass skipped: cross-thread window (hwnd=0000000000FD09DC thread=30692)
[2025-11-27T20:40:21.215Z][pid 30692][tid 33260] WARN Status bar theme update skipped: cross-thread window (hwnd=0000000000FD09DC ownerThread=30692)
[2025-11-27T20:40:21.222Z][pid 30692][tid 33260] WARN Status bar subclass skipped: cross-thread window (hwnd=0000000000FD09DC thread=30692)
[2025-11-27T20:40:21.222Z][pid 30692][tid 33260] WARN Status bar theme update skipped: cross-thread window (hwnd=0000000000FD09DC ownerThread=30692)
[2025-11-27T20:40:21.227Z][pid 30692][tid 33260] WARN Status bar subclass skipped: cross-thread window (hwnd=0000000000FD09DC thread=30692)
[2025-11-27T20:40:21.228Z][pid 30692][tid 33260] WARN Status bar theme update skipped: cross-thread window (hwnd=0000000000FD09DC ownerThread=30692)
[2025-11-27T20:40:21.237Z][pid 30692][tid 33260] WARN Status bar subclass skipped: cross-thread window (hwnd=0000000000FD09DC thread=30692)
[2025-11-27T20:40:21.237Z][pid 30692][tid 33260] WARN Status bar theme update skipped: cross-thread window (hwnd=0000000000FD09DC ownerThread=30692)
[2025-11-27T20:40:21.246Z][pid 30692][tid 33260] WARN Status bar subclass skipped: cross-thread window (hwnd=0000000000FD09DC thread=30692)
[2025-11-27T20:40:21.246Z][pid 30692][tid 33260] WARN Status bar theme update skipped: cross-thread window (hwnd=0000000000FD09DC ownerThread=30692)
[2025-11-27T20:40:21.258Z][pid 30692][tid 33260] WARN Status bar subclass skipped: cross-thread window (hwnd=0000000000FD09DC thread=30692)
[2025-11-27T20:40:21.258Z][pid 30692][tid 33260] WARN Status bar theme update skipped: cross-thread window (hwnd=0000000000FD09DC ownerThread=30692)
[2025-11-27T20:40:21.268Z][pid 30692][tid 33260] WARN Status bar subclass skipped: cross-thread window (hwnd=0000000000FD09DC thread=30692)
[2025-11-27T20:40:21.268Z][pid 30692][tid 33260] WARN Status bar theme update skipped: cross-thread window (hwnd=0000000000FD09DC ownerThread=30692)
[2025-11-27T20:40:21.276Z][pid 30692][tid 33260] WARN Status bar subclass skipped: cross-thread window (hwnd=0000000000FD09DC thread=30692)
[2025-11-27T20:40:21.276Z][pid 30692][tid 33260] WARN Status bar theme update skipped: cross-thread window (hwnd=0000000000FD09DC ownerThread=30692)
[2025-11-27T20:40:21.284Z][pid 30692][tid 33260] WARN Status bar subclass skipped: cross-thread window (hwnd=0000000000FD09DC thread=30692)
[2025-11-27T20:40:21.285Z][pid 30692][tid 33260] WARN Status bar theme update skipped: cross-thread window (hwnd=0000000000FD09DC ownerThread=30692)
[2025-11-27T20:40:21.287Z][pid 30692][tid 33260] WARN Status bar subclass skipped: cross-thread window (hwnd=0000000000FD09DC thread=30692)
[2025-11-27T20:40:21.287Z][pid 30692][tid 33260] WARN Status bar theme update skipped: cross-thread window (hwnd=0000000000FD09DC ownerThread=30692)
[2025-11-27T20:40:21.291Z][pid 30692][tid 33260] WARN Status bar subclass skipped: cross-thread window (hwnd=0000000000FD09DC thread=30692)
[2025-11-27T20:40:21.292Z][pid 30692][tid 33260] WARN Status bar theme update skipped: cross-thread window (hwnd=0000000000FD09DC ownerThread=30692)
[2025-11-27T20:40:21.300Z][pid 30692][tid 33260] WARN Status bar subclass skipped: cross-thread window (hwnd=0000000000FD09DC thread=30692)
[2025-11-27T20:40:21.300Z][pid 30692][tid 33260] WARN Status bar theme update skipped: cross-thread window (hwnd=0000000000FD09DC ownerThread=30692)
[2025-11-27T20:40:21.302Z][pid 30692][tid 33260] WARN Status bar subclass skipped: cross-thread window (hwnd=0000000000FD09DC thread=30692)
[2025-11-27T20:40:21.303Z][pid 30692][tid 33260] WARN Status bar theme update skipped: cross-thread window (hwnd=0000000000FD09DC ownerThread=30692)
[2025-11-27T20:40:21.306Z][pid 30692][tid 33260] WARN Status bar subclass skipped: cross-thread window (hwnd=0000000000FD09DC thread=30692)
[2025-11-27T20:40:21.306Z][pid 30692][tid 33260] WARN Status bar theme update skipped: cross-thread window (hwnd=0000000000FD09DC ownerThread=30692)
[2025-11-27T20:40:21.308Z][pid 30692][tid 33260] WARN Status bar subclass skipped: cross-thread window (hwnd=0000000000FD09DC thread=30692)
[2025-11-27T20:40:21.308Z][pid 30692][tid 33260] WARN Status bar theme update skipped: cross-thread window (hwnd=0000000000FD09DC ownerThread=30692)
[2025-11-27T20:40:21.318Z][pid 30692][tid 33260] WARN Status bar subclass skipped: cross-thread window (hwnd=0000000000FD09DC thread=30692)
[2025-11-27T20:40:21.318Z][pid 30692][tid 33260] WARN Status bar theme update skipped: cross-thread window (hwnd=0000000000FD09DC ownerThread=30692)
[2025-11-27T20:40:21.330Z][pid 30692][tid 33260] WARN Status bar subclass skipped: cross-thread window (hwnd=0000000000FD09DC thread=30692)
[2025-11-27T20:40:21.331Z][pid 30692][tid 33260] WARN Status bar theme update skipped: cross-thread window (hwnd=0000000000FD09DC ownerThread=30692)
[2025-11-27T20:40:21.344Z][pid 30692][tid 33260] WARN Status bar subclass skipped: cross-thread window (hwnd=0000000000FD09DC thread=30692)
[2025-11-27T20:40:21.345Z][pid 30692][tid 33260] WARN Status bar theme update skipped: cross-thread window (hwnd=0000000000FD09DC ownerThread=30692)
[2025-11-27T20:40:21.415Z][pid 30692][tid 33260] WARN Status bar subclass skipped: cross-thread window (hwnd=0000000000FD09DC thread=30692)
[2025-11-27T20:40:21.415Z][pid 30692][tid 33260] WARN Status bar theme update skipped: cross-thread window (hwnd=0000000000FD09DC ownerThread=30692)
[2025-11-27T20:40:21.441Z][pid 30692][tid 33260] WARN Status bar subclass skipped: cross-thread window (hwnd=0000000000FD09DC thread=30692)
[2025-11-27T20:40:21.442Z][pid 30692][tid 33260] WARN Status bar theme update skipped: cross-thread window (hwnd=0000000000FD09DC ownerThread=30692)
[2025-11-27T20:40:21.458Z][pid 30692][tid 33260] WARN Status bar subclass skipped: cross-thread window (hwnd=0000000000FD09DC thread=30692)
[2025-11-27T20:40:21.459Z][pid 30692][tid 33260] WARN Status bar theme update skipped: cross-thread window (hwnd=0000000000FD09DC ownerThread=30692)
[2025-11-27T20:40:21.465Z][pid 30692][tid 33260] WARN Status bar subclass skipped: cross-thread window (hwnd=0000000000FD09DC thread=30692)
[2025-11-27T20:40:21.465Z][pid 30692][tid 33260] WARN Status bar theme update skipped: cross-thread window (hwnd=0000000000FD09DC ownerThread=30692)
[2025-11-27T20:40:21.750Z][pid 30692][tid 33260] WARN Status bar subclass skipped: cross-thread window (hwnd=0000000000FD09DC thread=30692)
[2025-11-27T20:40:21.750Z][pid 30692][tid 33260] WARN Status bar theme update skipped: cross-thread window (hwnd=0000000000FD09DC ownerThread=30692)
[2025-11-27T20:40:21.781Z][pid 30692][tid 33260] WARN Status bar subclass skipped: cross-thread window (hwnd=0000000000FD09DC thread=30692)
[2025-11-27T20:40:21.781Z][pid 30692][tid 33260] WARN Status bar theme update skipped: cross-thread window (hwnd=0000000000FD09DC ownerThread=30692)
[2025-11-27T20:40:21.800Z][pid 30692][tid 33260] WARN Status bar subclass skipped: cross-thread window (hwnd=0000000000FD09DC thread=30692)
[2025-11-27T20:40:21.801Z][pid 30692][tid 33260] WARN Status bar theme update skipped: cross-thread window (hwnd=0000000000FD09DC ownerThread=30692)
[2025-11-27T20:40:21.816Z][pid 30692][tid 33260] WARN Status bar subclass skipped: cross-thread window (hwnd=0000000000FD09DC thread=30692)
[2025-11-27T20:40:21.817Z][pid 30692][tid 33260] WARN Status bar theme update skipped: cross-thread window (hwnd=0000000000FD09DC ownerThread=30692)
[2025-11-27T20:40:21.826Z][pid 30692][tid 33260] WARN Status bar subclass skipped: cross-thread window (hwnd=0000000000FD09DC thread=30692)
[2025-11-27T20:40:21.826Z][pid 30692][tid 33260] WARN Status bar theme update skipped: cross-thread window (hwnd=0000000000FD09DC ownerThread=30692)
[2025-11-27T20:40:21.845Z][pid 30692][tid 33260] WARN Status bar subclass skipped: cross-thread window (hwnd=0000000000FD09DC thread=30692)
[2025-11-27T20:40:21.845Z][pid 30692][tid 33260] WARN Status bar theme update skipped: cross-thread window (hwnd=0000000000FD09DC ownerThread=30692)
[2025-11-27T20:40:21.847Z][pid 30692][tid 33260] WARN Status bar subclass skipped: cross-thread window (hwnd=0000000000FD09DC thread=30692)
[2025-11-27T20:40:21.847Z][pid 30692][tid 33260] WARN Status bar theme update skipped: cross-thread window (hwnd=0000000000FD09DC ownerThread=30692)
[2025-11-27T20:40:21.890Z][pid 30692][tid 33260] WARN Status bar subclass skipped: cross-thread window (hwnd=0000000000FD09DC thread=30692)
[2025-11-27T20:40:21.891Z][pid 30692][tid 33260] WARN Status bar theme update skipped: cross-thread window (hwnd=0000000000FD09DC ownerThread=30692)
[2025-11-27T20:40:22.182Z][pid 30692][tid 33260] WARN Status bar subclass skipped: cross-thread window (hwnd=0000000000FD09DC thread=30692)
[2025-11-27T20:40:22.183Z][pid 30692][tid 33260] WARN Status bar theme update skipped: cross-thread window (hwnd=0000000000FD09DC ownerThread=30692)
[2025-11-27T20:40:22.201Z][pid 30692][tid 33260] WARN Status bar subclass skipped: cross-thread window (hwnd=0000000000FD09DC thread=30692)
[2025-11-27T20:40:22.201Z][pid 30692][tid 33260] WARN Status bar theme update skipped: cross-thread window (hwnd=0000000000FD09DC ownerThread=30692)
[2025-11-27T20:40:22.220Z][pid 30692][tid 33260] WARN Status bar subclass skipped: cross-thread window (hwnd=0000000000FD09DC thread=30692)
[2025-11-27T20:40:22.221Z][pid 30692][tid 33260] WARN Status bar theme update skipped: cross-thread window (hwnd=0000000000FD09DC ownerThread=30692)
[2025-11-27T20:40:22.223Z][pid 30692][tid 33260] WARN Status bar subclass skipped: cross-thread window (hwnd=0000000000FD09DC thread=30692)
[2025-11-27T20:40:22.224Z][pid 30692][tid 33260] WARN Status bar theme update skipped: cross-thread window (hwnd=0000000000FD09DC ownerThread=30692)
[2025-11-27T20:40:22.347Z][pid 30692][tid 33260] WARN Status bar subclass skipped: cross-thread window (hwnd=0000000000FD09DC thread=30692)
[2025-11-27T20:40:22.348Z][pid 30692][tid 33260] WARN Status bar theme update skipped: cross-thread window (hwnd=0000000000FD09DC ownerThread=30692)
[2025-11-27T20:40:22.509Z][pid 30692][tid 33260] WARN Status bar subclass skipped: cross-thread window (hwnd=0000000000FD09DC thread=30692)
[2025-11-27T20:40:22.509Z][pid 30692][tid 33260] WARN Status bar theme update skipped: cross-thread window (hwnd=0000000000FD09DC ownerThread=30692)
[2025-11-27T20:40:22.523Z][pid 30692][tid 33260] WARN Status bar subclass skipped: cross-thread window (hwnd=0000000000FD09DC thread=30692)
[2025-11-27T20:40:22.523Z][pid 30692][tid 33260] WARN Status bar theme update skipped: cross-thread window (hwnd=0000000000FD09DC ownerThread=30692)
[2025-11-27T20:40:22.541Z][pid 30692][tid 33260] WARN Status bar subclass skipped: cross-thread window (hwnd=0000000000FD09DC thread=30692)
[2025-11-27T20:40:22.541Z][pid 30692][tid 33260] WARN Status bar theme update skipped: cross-thread window (hwnd=0000000000FD09DC ownerThread=30692)
[2025-11-27T20:40:22.557Z][pid 30692][tid 33260] WARN Status bar subclass skipped: cross-thread window (hwnd=0000000000FD09DC thread=30692)
[2025-11-27T20:40:22.558Z][pid 30692][tid 33260] WARN Status bar theme update skipped: cross-thread window (hwnd=0000000000FD09DC ownerThread=30692)
[2025-11-27T20:40:22.571Z][pid 30692][tid 33260] WARN Status bar subclass skipped: cross-thread window (hwnd=0000000000FD09DC thread=30692)
[2025-11-27T20:40:22.571Z][pid 30692][tid 33260] WARN Status bar theme update skipped: cross-thread window (hwnd=0000000000FD09DC ownerThread=30692)
[2025-11-27T20:40:22.579Z][pid 30692][tid 33260] WARN Status bar subclass skipped: cross-thread window (hwnd=0000000000FD09DC thread=30692)
[2025-11-27T20:40:22.580Z][pid 30692][tid 33260] WARN Status bar theme update skipped: cross-thread window (hwnd=0000000000FD09DC ownerThread=30692)
[2025-11-27T20:40:22.587Z][pid 30692][tid 33260] WARN Status bar subclass skipped: cross-thread window (hwnd=0000000000FD09DC thread=30692)
[2025-11-27T20:40:22.588Z][pid 30692][tid 33260] WARN Status bar theme update skipped: cross-thread window (hwnd=0000000000FD09DC ownerThread=30692)
[2025-11-27T20:40:22.595Z][pid 30692][tid 33260] WARN Status bar subclass skipped: cross-thread window (hwnd=0000000000FD09DC thread=30692)
[2025-11-27T20:40:22.595Z][pid 30692][tid 33260] WARN Status bar theme update skipped: cross-thread window (hwnd=0000000000FD09DC ownerThread=30692)
[2025-11-27T20:40:22.601Z][pid 30692][tid 33260] WARN Status bar subclass skipped: cross-thread window (hwnd=0000000000FD09DC thread=30692)
[2025-11-27T20:40:22.602Z][pid 30692][tid 33260] WARN Status bar theme update skipped: cross-thread window (hwnd=0000000000FD09DC ownerThread=30692)
[2025-11-27T20:40:22.607Z][pid 30692][tid 33260] WARN Status bar subclass skipped: cross-thread window (hwnd=0000000000FD09DC thread=30692)
[2025-11-27T20:40:22.608Z][pid 30692][tid 33260] WARN Status bar theme update skipped: cross-thread window (hwnd=0000000000FD09DC ownerThread=30692)
[2025-11-27T20:40:22.612Z][pid 30692][tid 33260] WARN Status bar subclass skipped: cross-thread window (hwnd=0000000000FD09DC thread=30692)
[2025-11-27T20:40:22.613Z][pid 30692][tid 33260] WARN Status bar theme update skipped: cross-thread window (hwnd=0000000000FD09DC ownerThread=30692)
[2025-11-27T20:40:22.618Z][pid 30692][tid 33260] WARN Status bar subclass skipped: cross-thread window (hwnd=0000000000FD09DC thread=30692)
[2025-11-27T20:40:22.619Z][pid 30692][tid 33260] WARN Status bar theme update skipped: cross-thread window (hwnd=0000000000FD09DC ownerThread=30692)
[2025-11-27T20:40:22.622Z][pid 30692][tid 33260] WARN Status bar subclass skipped: cross-thread window (hwnd=0000000000FD09DC thread=30692)
[2025-11-27T20:40:22.622Z][pid 30692][tid 33260] WARN Status bar theme update skipped: cross-thread window (hwnd=0000000000FD09DC ownerThread=30692)
[2025-11-27T20:40:22.628Z][pid 30692][tid 33260] WARN Status bar subclass skipped: cross-thread window (hwnd=0000000000FD09DC thread=30692)
[2025-11-27T20:40:22.629Z][pid 30692][tid 33260] WARN Status bar theme update skipped: cross-thread window (hwnd=0000000000FD09DC ownerThread=30692)
[2025-11-27T20:40:22.634Z][pid 30692][tid 33260] WARN Status bar subclass skipped: cross-thread window (hwnd=0000000000FD09DC thread=30692)
[2025-11-27T20:40:22.634Z][pid 30692][tid 33260] WARN Status bar theme update skipped: cross-thread window (hwnd=0000000000FD09DC ownerThread=30692)
[2025-11-27T20:40:22.639Z][pid 30692][tid 33260] WARN Status bar subclass skipped: cross-thread window (hwnd=0000000000FD09DC thread=30692)
[2025-11-27T20:40:22.640Z][pid 30692][tid 33260] WARN Status bar theme update skipped: cross-thread window (hwnd=0000000000FD09DC ownerThread=30692)
[2025-11-27T20:40:22.645Z][pid 30692][tid 33260] WARN Status bar subclass skipped: cross-thread window (hwnd=0000000000FD09DC thread=30692)
[2025-11-27T20:40:22.646Z][pid 30692][tid 33260] WARN Status bar theme update skipped: cross-thread window (hwnd=0000000000FD09DC ownerThread=30692)
[2025-11-27T20:40:22.936Z][pid 30692][tid 33260] WARN Status bar subclass skipped: cross-thread window (hwnd=0000000000FD09DC thread=30692)
[2025-11-27T20:40:22.936Z][pid 30692][tid 33260] WARN Status bar theme update skipped: cross-thread window (hwnd=0000000000FD09DC ownerThread=30692)
[2025-11-27T20:40:22.938Z][pid 30692][tid 33260] WARN Status bar subclass skipped: cross-thread window (hwnd=0000000000FD09DC thread=30692)
[2025-11-27T20:40:22.938Z][pid 30692][tid 33260] WARN Status bar theme update skipped: cross-thread window (hwnd=0000000000FD09DC ownerThread=30692)
[2025-11-27T20:40:22.975Z][pid 30692][tid 33260] WARN Status bar subclass skipped: cross-thread window (hwnd=0000000000FD09DC thread=30692)
[2025-11-27T20:40:22.975Z][pid 30692][tid 33260] WARN Status bar theme update skipped: cross-thread window (hwnd=0000000000FD09DC ownerThread=30692)
[2025-11-27T20:40:23.008Z][pid 30692][tid 33260] WARN Status bar subclass skipped: cross-thread window (hwnd=0000000000FD09DC thread=30692)
[2025-11-27T20:40:23.008Z][pid 30692][tid 33260] WARN Status bar theme update skipped: cross-thread window (hwnd=0000000000FD09DC ownerThread=30692)
[2025-11-27T20:40:23.030Z][pid 30692][tid 33260] WARN Status bar subclass skipped: cross-thread window (hwnd=0000000000FD09DC thread=30692)
[2025-11-27T20:40:23.030Z][pid 30692][tid 33260] WARN Status bar theme update skipped: cross-thread window (hwnd=0000000000FD09DC ownerThread=30692)
[2025-11-27T20:40:23.046Z][pid 30692][tid 33260] WARN Status bar subclass skipped: cross-thread window (hwnd=0000000000FD09DC thread=30692)
[2025-11-27T20:40:23.047Z][pid 30692][tid 33260] WARN Status bar theme update skipped: cross-thread window (hwnd=0000000000FD09DC ownerThread=30692)
[2025-11-27T20:40:23.154Z][pid 30692][tid 33260] WARN Status bar subclass skipped: cross-thread window (hwnd=0000000000FD09DC thread=30692)
[2025-11-27T20:40:23.155Z][pid 30692][tid 33260] WARN Status bar theme update skipped: cross-thread window (hwnd=0000000000FD09DC ownerThread=30692)
[2025-11-27T20:40:23.203Z][pid 30692][tid 33260] WARN Status bar subclass skipped: cross-thread window (hwnd=0000000000FD09DC thread=30692)
[2025-11-27T20:40:23.203Z][pid 30692][tid 33260] WARN Status bar theme update skipped: cross-thread window (hwnd=0000000000FD09DC ownerThread=30692)
[2025-11-27T20:40:23.213Z][pid 30692][tid 33260] WARN Status bar subclass skipped: cross-thread window (hwnd=0000000000FD09DC thread=30692)
[2025-11-27T20:40:23.213Z][pid 30692][tid 33260] WARN Status bar theme update skipped: cross-thread window (hwnd=0000000000FD09DC ownerThread=30692)
[2025-11-27T20:40:23.234Z][pid 30692][tid 33260] WARN Status bar subclass skipped: cross-thread window (hwnd=0000000000FD09DC thread=30692)
[2025-11-27T20:40:23.234Z][pid 30692][tid 33260] WARN Status bar theme update skipped: cross-thread window (hwnd=0000000000FD09DC ownerThread=30692)
[2025-11-27T20:40:23.245Z][pid 30692][tid 33260] WARN Status bar subclass skipped: cross-thread window (hwnd=0000000000FD09DC thread=30692)
[2025-11-27T20:40:23.246Z][pid 30692][tid 33260] WARN Status bar theme update skipped: cross-thread window (hwnd=0000000000FD09DC ownerThread=30692)
[2025-11-27T20:40:23.255Z][pid 30692][tid 33260] WARN Status bar subclass skipped: cross-thread window (hwnd=0000000000FD09DC thread=30692)
[2025-11-27T20:40:23.255Z][pid 30692][tid 33260] WARN Status bar theme update skipped: cross-thread window (hwnd=0000000000FD09DC ownerThread=30692)
[2025-11-27T20:40:23.268Z][pid 30692][tid 33260] WARN Status bar subclass skipped: cross-thread window (hwnd=0000000000FD09DC thread=30692)
[2025-11-27T20:40:23.269Z][pid 30692][tid 33260] WARN Status bar theme update skipped: cross-thread window (hwnd=0000000000FD09DC ownerThread=30692)
[2025-11-27T20:40:23.287Z][pid 30692][tid 33260] WARN Status bar subclass skipped: cross-thread window (hwnd=0000000000FD09DC thread=30692)
[2025-11-27T20:40:23.288Z][pid 30692][tid 33260] WARN Status bar theme update skipped: cross-thread window (hwnd=0000000000FD09DC ownerThread=30692)
[2025-11-27T20:40:23.303Z][pid 30692][tid 33260] WARN Status bar subclass skipped: cross-thread window (hwnd=0000000000FD09DC thread=30692)
[2025-11-27T20:40:23.303Z][pid 30692][tid 33260] WARN Status bar theme update skipped: cross-thread window (hwnd=0000000000FD09DC ownerThread=30692)
[2025-11-27T20:40:23.315Z][pid 30692][tid 33260] WARN Status bar subclass skipped: cross-thread window (hwnd=0000000000FD09DC thread=30692)
[2025-11-27T20:40:23.315Z][pid 30692][tid 33260] WARN Status bar theme update skipped: cross-thread window (hwnd=0000000000FD09DC ownerThread=30692)
[2025-11-27T20:40:23.339Z][pid 30692][tid 33260] WARN Status bar subclass skipped: cross-thread window (hwnd=0000000000FD09DC thread=30692)
[2025-11-27T20:40:23.339Z][pid 30692][tid 33260] WARN Status bar theme update skipped: cross-thread window (hwnd=0000000000FD09DC ownerThread=30692)
[2025-11-27T20:40:23.351Z][pid 30692][tid 33260] WARN Status bar subclass skipped: cross-thread window (hwnd=0000000000FD09DC thread=30692)
[2025-11-27T20:40:23.351Z][pid 30692][tid 33260] WARN Status bar theme update skipped: cross-thread window (hwnd=0000000000FD09DC ownerThread=30692)
[2025-11-27T20:40:23.382Z][pid 30692][tid 33260] WARN Status bar subclass skipped: cross-thread window (hwnd=0000000000FD09DC thread=30692)
[2025-11-27T20:40:23.382Z][pid 30692][tid 33260] WARN Status bar theme update skipped: cross-thread window (hwnd=0000000000FD09DC ownerThread=30692)
[2025-11-27T20:40:23.395Z][pid 30692][tid 33260] WARN Status bar subclass skipped: cross-thread window (hwnd=0000000000FD09DC thread=30692)
[2025-11-27T20:40:23.395Z][pid 30692][tid 33260] WARN Status bar theme update skipped: cross-thread window (hwnd=0000000000FD09DC ownerThread=30692)
[2025-11-27T20:40:23.397Z][pid 30692][tid 33260] WARN Status bar subclass skipped: cross-thread window (hwnd=0000000000FD09DC thread=30692)
[2025-11-27T20:40:23.397Z][pid 30692][tid 33260] WARN Status bar theme update skipped: cross-thread window (hwnd=0000000000FD09DC ownerThread=30692)
[2025-11-27T20:40:23.430Z][pid 30692][tid 33260] WARN Status bar subclass skipped: cross-thread window (hwnd=0000000000FD09DC thread=30692)
[2025-11-27T20:40:23.430Z][pid 30692][tid 33260] WARN Status bar theme update skipped: cross-thread window (hwnd=0000000000FD09DC ownerThread=30692)
[2025-11-27T20:40:23.441Z][pid 30692][tid 33260] WARN Status bar subclass skipped: cross-thread window (hwnd=0000000000FD09DC thread=30692)
[2025-11-27T20:40:23.442Z][pid 30692][tid 33260] WARN Status bar theme update skipped: cross-thread window (hwnd=0000000000FD09DC ownerThread=30692)
[2025-11-27T20:40:23.489Z][pid 30692][tid 33260] WARN Status bar subclass skipped: cross-thread window (hwnd=0000000000FD09DC thread=30692)
[2025-11-27T20:40:23.489Z][pid 30692][tid 33260] WARN Status bar theme update skipped: cross-thread window (hwnd=0000000000FD09DC ownerThread=30692)
[2025-11-27T20:40:23.500Z][pid 30692][tid 33260] WARN Status bar subclass skipped: cross-thread window (hwnd=0000000000FD09DC thread=30692)
[2025-11-27T20:40:23.501Z][pid 30692][tid 33260] WARN Status bar theme update skipped: cross-thread window (hwnd=0000000000FD09DC ownerThread=30692)
[2025-11-27T20:40:23.545Z][pid 30692][tid 33260] WARN Status bar subclass skipped: cross-thread window (hwnd=0000000000FD09DC thread=30692)
[2025-11-27T20:40:23.545Z][pid 30692][tid 33260] WARN Status bar theme update skipped: cross-thread window (hwnd=0000000000FD09DC ownerThread=30692)
[2025-11-27T20:40:23.601Z][pid 30692][tid 33260] WARN Status bar subclass skipped: cross-thread window (hwnd=0000000000FD09DC thread=30692)
[2025-11-27T20:40:23.601Z][pid 30692][tid 33260] WARN Status bar theme update skipped: cross-thread window (hwnd=0000000000FD09DC ownerThread=30692)
[2025-11-27T20:40:23.656Z][pid 30692][tid 33260] WARN Status bar subclass skipped: cross-thread window (hwnd=0000000000FD09DC thread=30692)
[2025-11-27T20:40:23.656Z][pid 30692][tid 33260] WARN Status bar theme update skipped: cross-thread window (hwnd=0000000000FD09DC ownerThread=30692)
[2025-11-27T20:40:23.687Z][pid 30692][tid 33260] WARN Status bar subclass skipped: cross-thread window (hwnd=0000000000FD09DC thread=30692)
[2025-11-27T20:40:23.687Z][pid 30692][tid 33260] WARN Status bar theme update skipped: cross-thread window (hwnd=0000000000FD09DC ownerThread=30692)
[2025-11-27T20:40:23.855Z][pid 30692][tid 33260] WARN Status bar subclass skipped: cross-thread window (hwnd=0000000000FD09DC thread=30692)
[2025-11-27T20:40:23.856Z][pid 30692][tid 33260] WARN Status bar theme update skipped: cross-thread window (hwnd=0000000000FD09DC ownerThread=30692)
[2025-11-27T20:40:23.937Z][pid 30692][tid 33260] WARN Status bar subclass skipped: cross-thread window (hwnd=0000000000FD09DC thread=30692)
[2025-11-27T20:40:23.938Z][pid 30692][tid 33260] WARN Status bar theme update skipped: cross-thread window (hwnd=0000000000FD09DC ownerThread=30692)
[2025-11-27T20:40:23.955Z][pid 30692][tid 33260] WARN Status bar subclass skipped: cross-thread window (hwnd=0000000000FD09DC thread=30692)
[2025-11-27T20:40:23.955Z][pid 30692][tid 33260] WARN Status bar theme update skipped: cross-thread window (hwnd=0000000000FD09DC ownerThread=30692)
[2025-11-27T20:40:23.981Z][pid 30692][tid 33260] WARN Status bar subclass skipped: cross-thread window (hwnd=0000000000FD09DC thread=30692)
[2025-11-27T20:40:23.981Z][pid 30692][tid 33260] WARN Status bar theme update skipped: cross-thread window (hwnd=0000000000FD09DC ownerThread=30692)
[2025-11-27T20:40:23.996Z][pid 30692][tid 33260] WARN Status bar subclass skipped: cross-thread window (hwnd=0000000000FD09DC thread=30692)
[2025-11-27T20:40:23.996Z][pid 30692][tid 33260] WARN Status bar theme update skipped: cross-thread window (hwnd=0000000000FD09DC ownerThread=30692)
[2025-11-27T20:40:24.004Z][pid 30692][tid 33260] WARN Status bar subclass skipped: cross-thread window (hwnd=0000000000FD09DC thread=30692)
[2025-11-27T20:40:24.005Z][pid 30692][tid 33260] WARN Status bar theme update skipped: cross-thread window (hwnd=0000000000FD09DC ownerThread=30692)
[2025-11-27T20:40:24.012Z][pid 30692][tid 33260] WARN Status bar subclass skipped: cross-thread window (hwnd=0000000000FD09DC thread=30692)
[2025-11-27T20:40:24.013Z][pid 30692][tid 33260] WARN Status bar theme update skipped: cross-thread window (hwnd=0000000000FD09DC ownerThread=30692)
[2025-11-27T20:40:24.749Z][pid 30692][tid 33260] WARN Status bar subclass skipped: cross-thread window (hwnd=0000000000FD09DC thread=30692)
[2025-11-27T20:40:24.750Z][pid 30692][tid 33260] WARN Status bar theme update skipped: cross-thread window (hwnd=0000000000FD09DC ownerThread=30692)
[2025-11-27T20:40:24.768Z][pid 30692][tid 33260] WARN Status bar subclass skipped: cross-thread window (hwnd=0000000000FD09DC thread=30692)
[2025-11-27T20:40:24.769Z][pid 30692][tid 33260] WARN Status bar theme update skipped: cross-thread window (hwnd=0000000000FD09DC ownerThread=30692)
[2025-11-27T20:40:24.787Z][pid 30692][tid 33260] WARN Status bar subclass skipped: cross-thread window (hwnd=0000000000FD09DC thread=30692)
[2025-11-27T20:40:24.787Z][pid 30692][tid 33260] WARN Status bar theme update skipped: cross-thread window (hwnd=0000000000FD09DC ownerThread=30692)
[2025-11-27T20:40:24.805Z][pid 30692][tid 33260] WARN Status bar subclass skipped: cross-thread window (hwnd=0000000000FD09DC thread=30692)
[2025-11-27T20:40:24.806Z][pid 30692][tid 33260] WARN Status bar theme update skipped: cross-thread window (hwnd=0000000000FD09DC ownerThread=30692)
[2025-11-27T20:40:24.814Z][pid 30692][tid 33260] WARN Status bar subclass skipped: cross-thread window (hwnd=0000000000FD09DC thread=30692)
[2025-11-27T20:40:24.814Z][pid 30692][tid 33260] WARN Status bar theme update skipped: cross-thread window (hwnd=0000000000FD09DC ownerThread=30692)
[2025-11-27T20:40:24.822Z][pid 30692][tid 33260] WARN Status bar subclass skipped: cross-thread window (hwnd=0000000000FD09DC thread=30692)
[2025-11-27T20:40:24.823Z][pid 30692][tid 33260] WARN Status bar theme update skipped: cross-thread window (hwnd=0000000000FD09DC ownerThread=30692)
[2025-11-27T20:40:24.836Z][pid 30692][tid 33260] WARN Status bar subclass skipped: cross-thread window (hwnd=0000000000FD09DC thread=30692)
[2025-11-27T20:40:24.837Z][pid 30692][tid 33260] WARN Status bar theme update skipped: cross-thread window (hwnd=0000000000FD09DC ownerThread=30692)
[2025-11-27T20:40:24.853Z][pid 30692][tid 33260] WARN Status bar subclass skipped: cross-thread window (hwnd=0000000000FD09DC thread=30692)
[2025-11-27T20:40:24.853Z][pid 30692][tid 33260] WARN Status bar theme update skipped: cross-thread window (hwnd=0000000000FD09DC ownerThread=30692)
[2025-11-27T20:40:24.881Z][pid 30692][tid 33260] WARN Status bar subclass skipped: cross-thread window (hwnd=0000000000FD09DC thread=30692)
[2025-11-27T20:40:24.882Z][pid 30692][tid 33260] WARN Status bar theme update skipped: cross-thread window (hwnd=0000000000FD09DC ownerThread=30692)
[2025-11-27T20:40:24.908Z][pid 30692][tid 33260] WARN Status bar subclass skipped: cross-thread window (hwnd=0000000000FD09DC thread=30692)
[2025-11-27T20:40:24.909Z][pid 30692][tid 33260] WARN Status bar theme update skipped: cross-thread window (hwnd=0000000000FD09DC ownerThread=30692)
[2025-11-27T20:40:24.947Z][pid 30692][tid 33260] WARN Status bar subclass skipped: cross-thread window (hwnd=0000000000FD09DC thread=30692)
[2025-11-27T20:40:24.947Z][pid 30692][tid 33260] WARN Status bar theme update skipped: cross-thread window (hwnd=0000000000FD09DC ownerThread=30692)
[2025-11-27T20:40:24.988Z][pid 30692][tid 33260] WARN Status bar subclass skipped: cross-thread window (hwnd=0000000000FD09DC thread=30692)
[2025-11-27T20:40:24.989Z][pid 30692][tid 33260] WARN Status bar theme update skipped: cross-thread window (hwnd=0000000000FD09DC ownerThread=30692)
[2025-11-27T20:40:25.283Z][pid 30692][tid 33260] WARN Status bar subclass skipped: cross-thread window (hwnd=0000000000FD09DC thread=30692)
[2025-11-27T20:40:25.283Z][pid 30692][tid 33260] WARN Status bar theme update skipped: cross-thread window (hwnd=0000000000FD09DC ownerThread=30692)
[2025-11-27T20:40:25.337Z][pid 30692][tid 33260] WARN Status bar subclass skipped: cross-thread window (hwnd=0000000000FD09DC thread=30692)
[2025-11-27T20:40:25.338Z][pid 30692][tid 33260] WARN Status bar theme update skipped: cross-thread window (hwnd=0000000000FD09DC ownerThread=30692)
[2025-11-27T20:40:25.376Z][pid 30692][tid 33260] WARN Status bar subclass skipped: cross-thread window (hwnd=0000000000FD09DC thread=30692)
[2025-11-27T20:40:25.377Z][pid 30692][tid 33260] WARN Status bar theme update skipped: cross-thread window (hwnd=0000000000FD09DC ownerThread=30692)
[2025-11-27T20:40:25.509Z][pid 30692][tid 33260] WARN Status bar subclass skipped: cross-thread window (hwnd=0000000000FD09DC thread=30692)
[2025-11-27T20:40:25.509Z][pid 30692][tid 33260] WARN Status bar theme update skipped: cross-thread window (hwnd=0000000000FD09DC ownerThread=30692)
[2025-11-27T20:40:25.608Z][pid 30692][tid 33260] WARN Status bar subclass skipped: cross-thread window (hwnd=0000000000FD09DC thread=30692)
[2025-11-27T20:40:25.609Z][pid 30692][tid 33260] WARN Status bar theme update skipped: cross-thread window (hwnd=0000000000FD09DC ownerThread=30692)
[2025-11-27T20:40:25.673Z][pid 30692][tid 33260] WARN Status bar subclass skipped: cross-thread window (hwnd=0000000000FD09DC thread=30692)
[2025-11-27T20:40:25.674Z][pid 30692][tid 33260] WARN Status bar theme update skipped: cross-thread window (hwnd=0000000000FD09DC ownerThread=30692)
[2025-11-27T20:40:25.824Z][pid 30692][tid 33260] WARN Status bar subclass skipped: cross-thread window (hwnd=0000000000FD09DC thread=30692)
[2025-11-27T20:40:25.825Z][pid 30692][tid 33260] WARN Status bar theme update skipped: cross-thread window (hwnd=0000000000FD09DC ownerThread=30692)
[2025-11-27T20:40:25.967Z][pid 30692][tid 33260] WARN Status bar subclass skipped: cross-thread window (hwnd=0000000000FD09DC thread=30692)
[2025-11-27T20:40:25.967Z][pid 30692][tid 33260] WARN Status bar theme update skipped: cross-thread window (hwnd=0000000000FD09DC ownerThread=30692)
[2025-11-27T20:40:26.058Z][pid 30692][tid 33260] WARN Status bar subclass skipped: cross-thread window (hwnd=0000000000FD09DC thread=30692)
[2025-11-27T20:40:26.059Z][pid 30692][tid 33260] WARN Status bar theme update skipped: cross-thread window (hwnd=0000000000FD09DC ownerThread=30692)
[2025-11-27T20:40:26.072Z][pid 30692][tid 33260] WARN Status bar subclass skipped: cross-thread window (hwnd=0000000000FD09DC thread=30692)
[2025-11-27T20:40:26.072Z][pid 30692][tid 33260] WARN Status bar theme update skipped: cross-thread window (hwnd=0000000000FD09DC ownerThread=30692)
[2025-11-27T20:40:26.082Z][pid 30692][tid 33260] WARN Status bar subclass skipped: cross-thread window (hwnd=0000000000FD09DC thread=30692)
[2025-11-27T20:40:26.082Z][pid 30692][tid 33260] WARN Status bar theme update skipped: cross-thread window (hwnd=0000000000FD09DC ownerThread=30692)
[2025-11-27T20:40:26.090Z][pid 30692][tid 33260] WARN Status bar subclass skipped: cross-thread window (hwnd=0000000000FD09DC thread=30692)
[2025-11-27T20:40:26.091Z][pid 30692][tid 33260] WARN Status bar theme update skipped: cross-thread window (hwnd=0000000000FD09DC ownerThread=30692)
[2025-11-27T20:40:26.135Z][pid 30692][tid 33260] WARN Status bar subclass skipped: cross-thread window (hwnd=0000000000FD09DC thread=30692)
[2025-11-27T20:40:26.135Z][pid 30692][tid 33260] WARN Status bar theme update skipped: cross-thread window (hwnd=0000000000FD09DC ownerThread=30692)
[2025-11-27T20:40:26.405Z][pid 30692][tid 33260] WARN Status bar subclass skipped: cross-thread window (hwnd=0000000000FD09DC thread=30692)
[2025-11-27T20:40:26.406Z][pid 30692][tid 33260] WARN Status bar theme update skipped: cross-thread window (hwnd=0000000000FD09DC ownerThread=30692)
[2025-11-27T20:40:26.641Z][pid 30692][tid 33260] WARN Status bar subclass skipped: cross-thread window (hwnd=0000000000FD09DC thread=30692)
[2025-11-27T20:40:26.641Z][pid 30692][tid 33260] WARN Status bar theme update skipped: cross-thread window (hwnd=0000000000FD09DC ownerThread=30692)
[2025-11-27T20:40:26.672Z][pid 30692][tid 33260] WARN Status bar subclass skipped: cross-thread window (hwnd=0000000000FD09DC thread=30692)
[2025-11-27T20:40:26.672Z][pid 30692][tid 33260] WARN Status bar theme update skipped: cross-thread window (hwnd=0000000000FD09DC ownerThread=30692)
[2025-11-27T20:40:26.710Z][pid 30692][tid 33260] WARN Status bar subclass skipped: cross-thread window (hwnd=0000000000FD09DC thread=30692)
[2025-11-27T20:40:26.710Z][pid 30692][tid 33260] WARN Status bar theme update skipped: cross-thread window (hwnd=0000000000FD09DC ownerThread=30692)
[2025-11-27T20:40:26.866Z][pid 30692][tid 33260] WARN Status bar subclass skipped: cross-thread window (hwnd=0000000000FD09DC thread=30692)
[2025-11-27T20:40:26.867Z][pid 30692][tid 33260] WARN Status bar theme update skipped: cross-thread window (hwnd=0000000000FD09DC ownerThread=30692)
[2025-11-27T20:40:26.887Z][pid 30692][tid 33260] WARN Status bar subclass skipped: cross-thread window (hwnd=0000000000FD09DC thread=30692)
[2025-11-27T20:40:26.888Z][pid 30692][tid 33260] WARN Status bar theme update skipped: cross-thread window (hwnd=0000000000FD09DC ownerThread=30692)
[2025-11-27T20:40:26.907Z][pid 30692][tid 33260] WARN Status bar subclass skipped: cross-thread window (hwnd=0000000000FD09DC thread=30692)
[2025-11-27T20:40:26.908Z][pid 30692][tid 33260] WARN Status bar theme update skipped: cross-thread window (hwnd=0000000000FD09DC ownerThread=30692)
[2025-11-27T20:40:26.929Z][pid 30692][tid 33260] WARN Status bar subclass skipped: cross-thread window (hwnd=0000000000FD09DC thread=30692)
[2025-11-27T20:40:26.930Z][pid 30692][tid 33260] WARN Status bar theme update skipped: cross-thread window (hwnd=0000000000FD09DC ownerThread=30692)
[2025-11-27T20:40:27.088Z][pid 30692][tid 33260] WARN Status bar subclass skipped: cross-thread window (hwnd=0000000000FD09DC thread=30692)
[2025-11-27T20:40:27.088Z][pid 30692][tid 33260] WARN Status bar theme update skipped: cross-thread window (hwnd=0000000000FD09DC ownerThread=30692)
[2025-11-27T20:40:27.252Z][pid 30692][tid 33260] WARN Status bar subclass skipped: cross-thread window (hwnd=0000000000FD09DC thread=30692)
[2025-11-27T20:40:27.252Z][pid 30692][tid 33260] WARN Status bar theme update skipped: cross-thread window (hwnd=0000000000FD09DC ownerThread=30692)
[2025-11-27T20:40:27.262Z][pid 30692][tid 33260] WARN Status bar subclass skipped: cross-thread window (hwnd=0000000000FD09DC thread=30692)
[2025-11-27T20:40:27.262Z][pid 30692][tid 33260] WARN Status bar theme update skipped: cross-thread window (hwnd=0000000000FD09DC ownerThread=30692)
[2025-11-27T20:40:27.290Z][pid 30692][tid 33260] WARN Status bar subclass skipped: cross-thread window (hwnd=0000000000FD09DC thread=30692)
[2025-11-27T20:40:27.290Z][pid 30692][tid 33260] WARN Status bar theme update skipped: cross-thread window (hwnd=0000000000FD09DC ownerThread=30692)
[2025-11-27T20:40:27.343Z][pid 30692][tid 33260] WARN Status bar subclass skipped: cross-thread window (hwnd=0000000000FD09DC thread=30692)
[2025-11-27T20:40:27.343Z][pid 30692][tid 33260] WARN Status bar theme update skipped: cross-thread window (hwnd=0000000000FD09DC ownerThread=30692)
[2025-11-27T20:40:27.351Z][pid 30692][tid 33260] WARN Status bar subclass skipped: cross-thread window (hwnd=0000000000FD09DC thread=30692)
[2025-11-27T20:40:27.351Z][pid 30692][tid 33260] WARN Status bar theme update skipped: cross-thread window (hwnd=0000000000FD09DC ownerThread=30692)
[2025-11-27T20:40:27.518Z][pid 30692][tid 33260] WARN Status bar subclass skipped: cross-thread window (hwnd=0000000000FD09DC thread=30692)
[2025-11-27T20:40:27.518Z][pid 30692][tid 33260] WARN Status bar theme update skipped: cross-thread window (hwnd=0000000000FD09DC ownerThread=30692)
[2025-11-27T20:40:27.675Z][pid 30692][tid 33260] WARN Status bar subclass skipped: cross-thread window (hwnd=0000000000FD09DC thread=30692)
[2025-11-27T20:40:27.675Z][pid 30692][tid 33260] WARN Status bar theme update skipped: cross-thread window (hwnd=0000000000FD09DC ownerThread=30692)
[2025-11-27T20:40:27.725Z][pid 30692][tid 33260] WARN Status bar subclass skipped: cross-thread window (hwnd=0000000000FD09DC thread=30692)
[2025-11-27T20:40:27.725Z][pid 30692][tid 33260] WARN Status bar theme update skipped: cross-thread window (hwnd=0000000000FD09DC ownerThread=30692)
[2025-11-27T20:40:27.751Z][pid 30692][tid 33260] WARN Status bar subclass skipped: cross-thread window (hwnd=0000000000FD09DC thread=30692)
[2025-11-27T20:40:27.752Z][pid 30692][tid 33260] WARN Status bar theme update skipped: cross-thread window (hwnd=0000000000FD09DC ownerThread=30692)
[2025-11-27T20:40:27.786Z][pid 30692][tid 33260] WARN Status bar subclass skipped: cross-thread window (hwnd=0000000000FD09DC thread=30692)
[2025-11-27T20:40:27.787Z][pid 30692][tid 33260] WARN Status bar theme update skipped: cross-thread window (hwnd=0000000000FD09DC ownerThread=30692)
[2025-11-27T20:40:28.232Z][pid 30692][tid 33260] WARN Status bar subclass skipped: cross-thread window (hwnd=0000000000FD09DC thread=30692)
[2025-11-27T20:40:28.232Z][pid 30692][tid 33260] WARN Status bar theme update skipped: cross-thread window (hwnd=0000000000FD09DC ownerThread=30692)
[2025-11-27T20:40:28.288Z][pid 30692][tid 33260] WARN Status bar subclass skipped: cross-thread window (hwnd=0000000000FD09DC thread=30692)
[2025-11-27T20:40:28.288Z][pid 30692][tid 33260] WARN Status bar theme update skipped: cross-thread window (hwnd=0000000000FD09DC ownerThread=30692)
[2025-11-27T20:40:28.321Z][pid 30692][tid 33260] WARN Status bar subclass skipped: cross-thread window (hwnd=0000000000FD09DC thread=30692)
[2025-11-27T20:40:28.321Z][pid 30692][tid 33260] WARN Status bar theme update skipped: cross-thread window (hwnd=0000000000FD09DC ownerThread=30692)
[2025-11-27T20:40:28.397Z][pid 30692][tid 33260] WARN Status bar subclass skipped: cross-thread window (hwnd=0000000000FD09DC thread=30692)
[2025-11-27T20:40:28.397Z][pid 30692][tid 33260] WARN Status bar theme update skipped: cross-thread window (hwnd=0000000000FD09DC ownerThread=30692)
[2025-11-27T20:40:28.599Z][pid 30692][tid 33260] WARN Status bar subclass skipped: cross-thread window (hwnd=0000000000FD09DC thread=30692)
[2025-11-27T20:40:28.599Z][pid 30692][tid 33260] WARN Status bar theme update skipped: cross-thread window (hwnd=0000000000FD09DC ownerThread=30692)
[2025-11-27T20:40:29.091Z][pid 30692][tid 33260] WARN Status bar subclass skipped: cross-thread window (hwnd=0000000000FD09DC thread=30692)
[2025-11-27T20:40:29.091Z][pid 30692][tid 33260] WARN Status bar theme update skipped: cross-thread window (hwnd=0000000000FD09DC ownerThread=30692)
[2025-11-27T20:40:29.274Z][pid 30692][tid 33260] WARN Status bar subclass skipped: cross-thread window (hwnd=0000000000FD09DC thread=30692)
[2025-11-27T20:40:29.275Z][pid 30692][tid 33260] WARN Status bar theme update skipped: cross-thread window (hwnd=0000000000FD09DC ownerThread=30692)
[2025-11-27T20:40:29.306Z][pid 30692][tid 33260] WARN Status bar subclass skipped: cross-thread window (hwnd=0000000000FD09DC thread=30692)
[2025-11-27T20:40:29.306Z][pid 30692][tid 33260] WARN Status bar theme update skipped: cross-thread window (hwnd=0000000000FD09DC ownerThread=30692)
[2025-11-27T20:40:29.731Z][pid 30692][tid 33260] WARN Status bar subclass skipped: cross-thread window (hwnd=0000000000FD09DC thread=30692)
[2025-11-27T20:40:29.731Z][pid 30692][tid 33260] WARN Status bar theme update skipped: cross-thread window (hwnd=0000000000FD09DC ownerThread=30692)
[2025-11-27T20:40:29.773Z][pid 30692][tid 33260] WARN Status bar subclass skipped: cross-thread window (hwnd=0000000000FD09DC thread=30692)
[2025-11-27T20:40:29.774Z][pid 30692][tid 33260] WARN Status bar theme update skipped: cross-thread window (hwnd=0000000000FD09DC ownerThread=30692)
[2025-11-27T20:40:29.794Z][pid 30692][tid 33260] WARN Status bar subclass skipped: cross-thread window (hwnd=0000000000FD09DC thread=30692)
[2025-11-27T20:40:29.794Z][pid 30692][tid 33260] WARN Status bar theme update skipped: cross-thread window (hwnd=0000000000FD09DC ownerThread=30692)
[2025-11-27T20:40:29.810Z][pid 30692][tid 33260] WARN Status bar subclass skipped: cross-thread window (hwnd=0000000000FD09DC thread=30692)
[2025-11-27T20:40:29.811Z][pid 30692][tid 33260] WARN Status bar theme update skipped: cross-thread window (hwnd=0000000000FD09DC ownerThread=30692)
[2025-11-27T20:40:29.815Z][pid 30692][tid 33260] WARN Status bar subclass skipped: cross-thread window (hwnd=0000000000FD09DC thread=30692)
[2025-11-27T20:40:29.816Z][pid 30692][tid 33260] WARN Status bar theme update skipped: cross-thread window (hwnd=0000000000FD09DC ownerThread=30692)
[2025-11-27T20:40:29.822Z][pid 30692][tid 33260] WARN Status bar subclass skipped: cross-thread window (hwnd=0000000000FD09DC thread=30692)
[2025-11-27T20:40:29.823Z][pid 30692][tid 33260] WARN Status bar theme update skipped: cross-thread window (hwnd=0000000000FD09DC ownerThread=30692)
[2025-11-27T20:40:29.833Z][pid 30692][tid 33260] WARN Status bar subclass skipped: cross-thread window (hwnd=0000000000FD09DC thread=30692)
[2025-11-27T20:40:29.834Z][pid 30692][tid 33260] WARN Status bar theme update skipped: cross-thread window (hwnd=0000000000FD09DC ownerThread=30692)
[2025-11-27T20:40:29.845Z][pid 30692][tid 33260] WARN Status bar subclass skipped: cross-thread window (hwnd=0000000000FD09DC thread=30692)
[2025-11-27T20:40:29.845Z][pid 30692][tid 33260] WARN Status bar theme update skipped: cross-thread window (hwnd=0000000000FD09DC ownerThread=30692)
[2025-11-27T20:40:29.855Z][pid 30692][tid 33260] WARN Status bar subclass skipped: cross-thread window (hwnd=0000000000FD09DC thread=30692)
[2025-11-27T20:40:29.856Z][pid 30692][tid 33260] WARN Status bar theme update skipped: cross-thread window (hwnd=0000000000FD09DC ownerThread=30692)
[2025-11-27T20:40:30.108Z][pid 30692][tid 33260] WARN Status bar subclass skipped: cross-thread window (hwnd=0000000000FD09DC thread=30692)
[2025-11-27T20:40:30.109Z][pid 30692][tid 33260] WARN Status bar theme update skipped: cross-thread window (hwnd=0000000000FD09DC ownerThread=30692)
[2025-11-27T20:40:30.128Z][pid 30692][tid 33260] WARN Status bar subclass skipped: cross-thread window (hwnd=0000000000FD09DC thread=30692)
[2025-11-27T20:40:30.129Z][pid 30692][tid 33260] WARN Status bar theme update skipped: cross-thread window (hwnd=0000000000FD09DC ownerThread=30692)
[2025-11-27T20:40:30.624Z][pid 30692][tid 33260] WARN Status bar subclass skipped: cross-thread window (hwnd=0000000000FD09DC thread=30692)
[2025-11-27T20:40:30.624Z][pid 30692][tid 33260] WARN Status bar theme update skipped: cross-thread window (hwnd=0000000000FD09DC ownerThread=30692)
[2025-11-27T20:40:30.848Z][pid 30692][tid 33260] WARN Status bar subclass skipped: cross-thread window (hwnd=0000000000FD09DC thread=30692)
[2025-11-27T20:40:30.848Z][pid 30692][tid 33260] WARN Status bar theme update skipped: cross-thread window (hwnd=0000000000FD09DC ownerThread=30692)
[2025-11-27T20:40:30.869Z][pid 30692][tid 33260] WARN Status bar subclass skipped: cross-thread window (hwnd=0000000000FD09DC thread=30692)
[2025-11-27T20:40:30.869Z][pid 30692][tid 33260] WARN Status bar theme update skipped: cross-thread window (hwnd=0000000000FD09DC ownerThread=30692)
[2025-11-27T20:40:30.871Z][pid 30692][tid 33260] WARN Status bar subclass skipped: cross-thread window (hwnd=0000000000FD09DC thread=30692)
[2025-11-27T20:40:30.872Z][pid 30692][tid 33260] WARN Status bar theme update skipped: cross-thread window (hwnd=0000000000FD09DC ownerThread=30692)
[2025-11-27T20:40:30.935Z][pid 30692][tid 33260] WARN Status bar subclass skipped: cross-thread window (hwnd=0000000000FD09DC thread=30692)
[2025-11-27T20:40:30.935Z][pid 30692][tid 33260] WARN Status bar theme update skipped: cross-thread window (hwnd=0000000000FD09DC ownerThread=30692)
[2025-11-27T20:40:30.958Z][pid 30692][tid 33260] WARN Status bar subclass skipped: cross-thread window (hwnd=0000000000FD09DC thread=30692)
[2025-11-27T20:40:30.958Z][pid 30692][tid 33260] WARN Status bar theme update skipped: cross-thread window (hwnd=0000000000FD09DC ownerThread=30692)
[2025-11-27T20:40:30.974Z][pid 30692][tid 33260] WARN Status bar subclass skipped: cross-thread window (hwnd=0000000000FD09DC thread=30692)
[2025-11-27T20:40:30.974Z][pid 30692][tid 33260] WARN Status bar theme update skipped: cross-thread window (hwnd=0000000000FD09DC ownerThread=30692)
[2025-11-27T20:40:31.015Z][pid 30692][tid 33260] WARN Status bar subclass skipped: cross-thread window (hwnd=0000000000FD09DC thread=30692)
[2025-11-27T20:40:31.015Z][pid 30692][tid 33260] WARN Status bar theme update skipped: cross-thread window (hwnd=0000000000FD09DC ownerThread=30692)
[2025-11-27T20:40:31.077Z][pid 30692][tid 33260] WARN Status bar subclass skipped: cross-thread window (hwnd=0000000000FD09DC thread=30692)
[2025-11-27T20:40:31.077Z][pid 30692][tid 33260] WARN Status bar theme update skipped: cross-thread window (hwnd=0000000000FD09DC ownerThread=30692)
[2025-11-27T20:40:31.091Z][pid 30692][tid 33260] WARN Status bar subclass skipped: cross-thread window (hwnd=0000000000FD09DC thread=30692)
[2025-11-27T20:40:31.091Z][pid 30692][tid 33260] WARN Status bar theme update skipped: cross-thread window (hwnd=0000000000FD09DC ownerThread=30692)
[2025-11-27T20:40:31.126Z][pid 30692][tid 33260] WARN Status bar subclass skipped: cross-thread window (hwnd=0000000000FD09DC thread=30692)
[2025-11-27T20:40:31.127Z][pid 30692][tid 33260] WARN Status bar theme update skipped: cross-thread window (hwnd=0000000000FD09DC ownerThread=30692)
[2025-11-27T20:40:31.129Z][pid 30692][tid 33260] WARN Status bar subclass skipped: cross-thread window (hwnd=0000000000FD09DC thread=30692)
[2025-11-27T20:40:31.130Z][pid 30692][tid 33260] WARN Status bar theme update skipped: cross-thread window (hwnd=0000000000FD09DC ownerThread=30692)
[2025-11-27T20:40:31.155Z][pid 30692][tid 33260] WARN Status bar subclass skipped: cross-thread window (hwnd=0000000000FD09DC thread=30692)
[2025-11-27T20:40:31.155Z][pid 30692][tid 33260] WARN Status bar theme update skipped: cross-thread window (hwnd=0000000000FD09DC ownerThread=30692)
[2025-11-27T20:40:31.221Z][pid 30692][tid 33260] WARN Status bar subclass skipped: cross-thread window (hwnd=0000000000FD09DC thread=30692)
[2025-11-27T20:40:31.221Z][pid 30692][tid 33260] WARN Status bar theme update skipped: cross-thread window (hwnd=0000000000FD09DC ownerThread=30692)
[2025-11-27T20:40:31.237Z][pid 30692][tid 33260] WARN Status bar subclass skipped: cross-thread window (hwnd=0000000000FD09DC thread=30692)
[2025-11-27T20:40:31.237Z][pid 30692][tid 33260] WARN Status bar theme update skipped: cross-thread window (hwnd=0000000000FD09DC ownerThread=30692)
[2025-11-27T20:40:31.295Z][pid 30692][tid 33260] WARN Status bar subclass skipped: cross-thread window (hwnd=0000000000FD09DC thread=30692)
[2025-11-27T20:40:31.295Z][pid 30692][tid 33260] WARN Status bar theme update skipped: cross-thread window (hwnd=0000000000FD09DC ownerThread=30692)
[2025-11-27T20:40:31.364Z][pid 30692][tid 33260] WARN Status bar subclass skipped: cross-thread window (hwnd=0000000000FD09DC thread=30692)
[2025-11-27T20:40:31.365Z][pid 30692][tid 33260] WARN Status bar theme update skipped: cross-thread window (hwnd=0000000000FD09DC ownerThread=30692)
[2025-11-27T20:40:31.420Z][pid 30692][tid 33260] WARN Status bar subclass skipped: cross-thread window (hwnd=0000000000FD09DC thread=30692)
[2025-11-27T20:40:31.421Z][pid 30692][tid 33260] WARN Status bar theme update skipped: cross-thread window (hwnd=0000000000FD09DC ownerThread=30692)
[2025-11-27T20:40:31.457Z][pid 30692][tid 33260] WARN Status bar subclass skipped: cross-thread window (hwnd=0000000000FD09DC thread=30692)
[2025-11-27T20:40:31.458Z][pid 30692][tid 33260] WARN Status bar theme update skipped: cross-thread window (hwnd=0000000000FD09DC ownerThread=30692)
[2025-11-27T20:40:31.465Z][pid 30692][tid 33260] WARN Status bar subclass skipped: cross-thread window (hwnd=0000000000FD09DC thread=30692)
[2025-11-27T20:40:31.465Z][pid 30692][tid 33260] WARN Status bar theme update skipped: cross-thread window (hwnd=0000000000FD09DC ownerThread=30692)
[2025-11-27T20:40:31.499Z][pid 30692][tid 33260] WARN Status bar subclass skipped: cross-thread window (hwnd=0000000000FD09DC thread=30692)
[2025-11-27T20:40:31.500Z][pid 30692][tid 33260] WARN Status bar theme update skipped: cross-thread window (hwnd=0000000000FD09DC ownerThread=30692)
[2025-11-27T20:40:31.550Z][pid 30692][tid 33260] WARN Status bar subclass skipped: cross-thread window (hwnd=0000000000FD09DC thread=30692)
[2025-11-27T20:40:31.551Z][pid 30692][tid 33260] WARN Status bar theme update skipped: cross-thread window (hwnd=0000000000FD09DC ownerThread=30692)
[2025-11-27T20:40:31.613Z][pid 30692][tid 33260] WARN Status bar subclass skipped: cross-thread window (hwnd=0000000000FD09DC thread=30692)
[2025-11-27T20:40:31.613Z][pid 30692][tid 33260] WARN Status bar theme update skipped: cross-thread window (hwnd=0000000000FD09DC ownerThread=30692)
[2025-11-27T20:40:31.621Z][pid 30692][tid 33260] WARN Status bar subclass skipped: cross-thread window (hwnd=0000000000FD09DC thread=30692)
[2025-11-27T20:40:31.621Z][pid 30692][tid 33260] WARN Status bar theme update skipped: cross-thread window (hwnd=0000000000FD09DC ownerThread=30692)
[2025-11-27T20:40:32.024Z][pid 30692][tid 33260] WARN Status bar subclass skipped: cross-thread window (hwnd=0000000000FD09DC thread=30692)
[2025-11-27T20:40:32.025Z][pid 30692][tid 33260] WARN Status bar theme update skipped: cross-thread window (hwnd=0000000000FD09DC ownerThread=30692)
[2025-11-27T20:40:32.043Z][pid 30692][tid 33260] WARN Status bar subclass skipped: cross-thread window (hwnd=0000000000FD09DC thread=30692)
[2025-11-27T20:40:32.043Z][pid 30692][tid 33260] WARN Status bar theme update skipped: cross-thread window (hwnd=0000000000FD09DC ownerThread=30692)
[2025-11-27T20:40:32.075Z][pid 30692][tid 33260] WARN Status bar subclass skipped: cross-thread window (hwnd=0000000000FD09DC thread=30692)
[2025-11-27T20:40:32.075Z][pid 30692][tid 33260] WARN Status bar theme update skipped: cross-thread window (hwnd=0000000000FD09DC ownerThread=30692)
[2025-11-27T20:40:32.125Z][pid 30692][tid 33260] WARN Status bar subclass skipped: cross-thread window (hwnd=0000000000FD09DC thread=30692)
[2025-11-27T20:40:32.126Z][pid 30692][tid 33260] WARN Status bar theme update skipped: cross-thread window (hwnd=0000000000FD09DC ownerThread=30692)
[2025-11-27T20:40:32.164Z][pid 30692][tid 33260] WARN Status bar subclass skipped: cross-thread window (hwnd=0000000000FD09DC thread=30692)
[2025-11-27T20:40:32.165Z][pid 30692][tid 33260] WARN Status bar theme update skipped: cross-thread window (hwnd=0000000000FD09DC ownerThread=30692)
[2025-11-27T20:40:32.202Z][pid 30692][tid 33260] WARN Status bar subclass skipped: cross-thread window (hwnd=0000000000FD09DC thread=30692)
[2025-11-27T20:40:32.203Z][pid 30692][tid 33260] WARN Status bar theme update skipped: cross-thread window (hwnd=0000000000FD09DC ownerThread=30692)
[2025-11-27T20:40:32.242Z][pid 30692][tid 33260] WARN Status bar subclass skipped: cross-thread window (hwnd=0000000000FD09DC thread=30692)
[2025-11-27T20:40:32.242Z][pid 30692][tid 33260] WARN Status bar theme update skipped: cross-thread window (hwnd=0000000000FD09DC ownerThread=30692)
[2025-11-27T20:40:32.490Z][pid 30692][tid 33260] WARN Status bar subclass skipped: cross-thread window (hwnd=0000000000FD09DC thread=30692)
[2025-11-27T20:40:32.490Z][pid 30692][tid 33260] WARN Status bar theme update skipped: cross-thread window (hwnd=0000000000FD09DC ownerThread=30692)
[2025-11-27T20:40:32.522Z][pid 30692][tid 33260] WARN Status bar subclass skipped: cross-thread window (hwnd=0000000000FD09DC thread=30692)
[2025-11-27T20:40:32.522Z][pid 30692][tid 33260] WARN Status bar theme update skipped: cross-thread window (hwnd=0000000000FD09DC ownerThread=30692)
[2025-11-27T20:40:32.828Z][pid 30692][tid 33260] WARN Status bar subclass skipped: cross-thread window (hwnd=0000000000FD09DC thread=30692)
[2025-11-27T20:40:32.829Z][pid 30692][tid 33260] WARN Status bar theme update skipped: cross-thread window (hwnd=0000000000FD09DC ownerThread=30692)
[2025-11-27T20:40:32.901Z][pid 30692][tid 33260] WARN Status bar subclass skipped: cross-thread window (hwnd=0000000000FD09DC thread=30692)
[2025-11-27T20:40:32.902Z][pid 30692][tid 33260] WARN Status bar theme update skipped: cross-thread window (hwnd=0000000000FD09DC ownerThread=30692)
[2025-11-27T20:40:33.161Z][pid 30692][tid 33260] WARN Status bar subclass skipped: cross-thread window (hwnd=0000000000FD09DC thread=30692)
[2025-11-27T20:40:33.162Z][pid 30692][tid 33260] WARN Status bar theme update skipped: cross-thread window (hwnd=0000000000FD09DC ownerThread=30692)
[2025-11-27T20:40:33.193Z][pid 30692][tid 33260] WARN Status bar subclass skipped: cross-thread window (hwnd=0000000000FD09DC thread=30692)
[2025-11-27T20:40:33.194Z][pid 30692][tid 33260] WARN Status bar theme update skipped: cross-thread window (hwnd=0000000000FD09DC ownerThread=30692)
[2025-11-27T20:40:33.210Z][pid 30692][tid 33260] WARN Status bar subclass skipped: cross-thread window (hwnd=0000000000FD09DC thread=30692)
[2025-11-27T20:40:33.210Z][pid 30692][tid 33260] WARN Status bar theme update skipped: cross-thread window (hwnd=0000000000FD09DC ownerThread=30692)
[2025-11-27T20:40:33.223Z][pid 30692][tid 33260] WARN Status bar subclass skipped: cross-thread window (hwnd=0000000000FD09DC thread=30692)
[2025-11-27T20:40:33.224Z][pid 30692][tid 33260] WARN Status bar theme update skipped: cross-thread window (hwnd=0000000000FD09DC ownerThread=30692)
[2025-11-27T20:40:33.240Z][pid 30692][tid 33260] WARN Status bar subclass skipped: cross-thread window (hwnd=0000000000FD09DC thread=30692)
[2025-11-27T20:40:33.241Z][pid 30692][tid 33260] WARN Status bar theme update skipped: cross-thread window (hwnd=0000000000FD09DC ownerThread=30692)
[2025-11-27T20:40:33.261Z][pid 30692][tid 33260] WARN Status bar subclass skipped: cross-thread window (hwnd=0000000000FD09DC thread=30692)
[2025-11-27T20:40:33.261Z][pid 30692][tid 33260] WARN Status bar theme update skipped: cross-thread window (hwnd=0000000000FD09DC ownerThread=30692)
[2025-11-27T20:40:33.292Z][pid 30692][tid 33260] WARN Status bar subclass skipped: cross-thread window (hwnd=0000000000FD09DC thread=30692)
[2025-11-27T20:40:33.292Z][pid 30692][tid 33260] WARN Status bar theme update skipped: cross-thread window (hwnd=0000000000FD09DC ownerThread=30692)
[2025-11-27T20:40:33.451Z][pid 30692][tid 33260] WARN Status bar subclass skipped: cross-thread window (hwnd=0000000000FD09DC thread=30692)
[2025-11-27T20:40:33.451Z][pid 30692][tid 33260] WARN Status bar theme update skipped: cross-thread window (hwnd=0000000000FD09DC ownerThread=30692)
[2025-11-27T20:40:33.587Z][pid 30692][tid 33260] WARN Status bar subclass skipped: cross-thread window (hwnd=0000000000FD09DC thread=30692)
[2025-11-27T20:40:33.587Z][pid 30692][tid 33260] WARN Status bar theme update skipped: cross-thread window (hwnd=0000000000FD09DC ownerThread=30692)
[2025-11-27T20:40:33.841Z][pid 30692][tid 33260] WARN Status bar subclass skipped: cross-thread window (hwnd=0000000000FD09DC thread=30692)
[2025-11-27T20:40:33.841Z][pid 30692][tid 33260] WARN Status bar theme update skipped: cross-thread window (hwnd=0000000000FD09DC ownerThread=30692)
[2025-11-27T20:40:34.145Z][pid 30692][tid 33260] WARN Status bar subclass skipped: cross-thread window (hwnd=0000000000FD09DC thread=30692)
[2025-11-27T20:40:34.146Z][pid 30692][tid 33260] WARN Status bar theme update skipped: cross-thread window (hwnd=0000000000FD09DC ownerThread=30692)
[2025-11-27T20:40:34.400Z][pid 30692][tid 33260] WARN Status bar subclass skipped: cross-thread window (hwnd=0000000000FD09DC thread=30692)
[2025-11-27T20:40:34.401Z][pid 30692][tid 33260] WARN Status bar theme update skipped: cross-thread window (hwnd=0000000000FD09DC ownerThread=30692)
[2025-11-27T20:40:34.402Z][pid 30692][tid 33260] WARN Status bar subclass skipped: cross-thread window (hwnd=0000000000FD09DC thread=30692)
[2025-11-27T20:40:34.402Z][pid 30692][tid 33260] WARN Status bar theme update skipped: cross-thread window (hwnd=0000000000FD09DC ownerThread=30692)
[2025-11-27T20:40:34.754Z][pid 30692][tid 33260] WARN Status bar subclass skipped: cross-thread window (hwnd=0000000000FD09DC thread=30692)
[2025-11-27T20:40:34.755Z][pid 30692][tid 33260] WARN Status bar theme update skipped: cross-thread window (hwnd=0000000000FD09DC ownerThread=30692)
[2025-11-27T20:40:34.755Z][pid 30692][tid 33260] WARN Status bar subclass skipped: cross-thread window (hwnd=0000000000FD09DC thread=30692)
[2025-11-27T20:40:34.755Z][pid 30692][tid 33260] WARN Status bar theme update skipped: cross-thread window (hwnd=0000000000FD09DC ownerThread=30692)
[2025-11-27T20:40:34.755Z][pid 30692][tid 33260] WARN Status bar subclass skipped: cross-thread window (hwnd=0000000000FD09DC thread=30692)
[2025-11-27T20:40:34.755Z][pid 30692][tid 33260] WARN Status bar theme update skipped: cross-thread window (hwnd=0000000000FD09DC ownerThread=30692)
[2025-11-27T20:40:34.757Z][pid 30692][tid 33260] WARN Status bar subclass skipped: cross-thread window (hwnd=0000000000FD09DC thread=30692)
[2025-11-27T20:40:34.757Z][pid 30692][tid 33260] WARN Status bar theme update skipped: cross-thread window (hwnd=0000000000FD09DC ownerThread=30692)
[2025-11-27T20:40:34.760Z][pid 30692][tid 33260] WARN Status bar subclass skipped: cross-thread window (hwnd=0000000000FD09DC thread=30692)
[2025-11-27T20:40:34.760Z][pid 30692][tid 33260] WARN Status bar theme update skipped: cross-thread window (hwnd=0000000000FD09DC ownerThread=30692)
[2025-11-27T20:40:34.761Z][pid 30692][tid 33260] WARN Status bar subclass skipped: cross-thread window (hwnd=0000000000FD09DC thread=30692)
[2025-11-27T20:40:34.761Z][pid 30692][tid 33260] WARN Status bar theme update skipped: cross-thread window (hwnd=0000000000FD09DC ownerThread=30692)
[2025-11-27T20:40:34.763Z][pid 30692][tid 33260] WARN Status bar subclass skipped: cross-thread window (hwnd=0000000000FD09DC thread=30692)
[2025-11-27T20:40:34.764Z][pid 30692][tid 33260] WARN Status bar theme update skipped: cross-thread window (hwnd=0000000000FD09DC ownerThread=30692)
[2025-11-27T20:40:34.773Z][pid 30692][tid 33260] INFO TabBand::UpdateTabsUI applying 1 items
[2025-11-27T20:40:34.774Z][pid 30692][tid 33260] INFO Tab diff: +1 -1 move=0 update=0 rows=1 incremental=false
[2025-11-27T20:40:34.778Z][pid 30692][tid 33260] INFO Breadcrumb QueryService(IShellBrowser) failed: 0x80004001
[2025-11-27T20:40:34.778Z][pid 30692][tid 33260] INFO Breadcrumb ribbon frame discovered via IShellBrowser (hwnd=00000000014F0A54)
[2025-11-27T20:40:34.778Z][pid 30692][tid 33260] INFO Breadcrumb ribbon frame discovered via IWebBrowser2 (hwnd=00000000014F0A54)
[2025-11-27T20:40:34.779Z][pid 30692][tid 33260] INFO Breadcrumb toolbar located via window enumeration (hwnd=0000000000110472)
[2025-11-27T20:40:34.779Z][pid 30692][tid 33260] INFO Explorer pane creation watch cleared (view=0000000000000000)
[2025-11-27T20:40:34.779Z][pid 30692][tid 33260] WARN Status bar subclass removal skipped: cross-thread window (hwnd=0000000000FD09DC thread=30692)
[2025-11-27T20:40:34.779Z][pid 30692][tid 33260] WARN Status bar reset skipped: cross-thread access (hwnd=0000000000FD09DC ownerThread=30692)
[2025-11-27T20:40:34.779Z][pid 30692][tid 33260] INFO Cleared Open In New Tab pending state
[2025-11-27T20:40:34.779Z][pid 30692][tid 33260] INFO Installed shell view window subclass (view=00000000008B0026)
[2025-11-27T20:40:34.779Z][pid 30692][tid 33260] INFO Installed explorer frame subclass (frame=00000000009B25E8)
[2025-11-27T20:40:34.779Z][pid 30692][tid 33260] INFO Cleared Open In New Tab pending state
[2025-11-27T20:40:34.779Z][pid 30692][tid 33260] INFO Explorer view base subclass ready (view=00000000008B0026 frame=00000000009B25E8)
[2025-11-27T20:40:34.779Z][pid 30692][tid 33260] VERBOSE DirectUI IUIElement unavailable (hr=0x80004001)
[2025-11-27T20:40:34.780Z][pid 30692][tid 33260] INFO Installed explorer DirectUI host subclass (direct=00000000067E2D1E)
[2025-11-27T20:40:34.780Z][pid 30692][tid 33260] INFO Installed explorer tree view subclass (tree=00000000038B1610)
[2025-11-27T20:40:34.780Z][pid 30692][tid 33260] INFO Explorer status bar discovered (hwnd=0000000000FD09DC)
[2025-11-27T20:40:34.780Z][pid 30692][tid 33260] WARN Status bar subclass skipped: cross-thread window (hwnd=0000000000FD09DC thread=30692)
[2025-11-27T20:40:34.780Z][pid 30692][tid 33260] WARN Status bar theme update skipped: cross-thread window (hwnd=0000000000FD09DC ownerThread=30692)
[2025-11-27T20:40:34.780Z][pid 30692][tid 33260] INFO Explorer pane creation watch armed (view=00000000008B0026 list=1 tree=0)
[2025-11-27T20:40:34.780Z][pid 30692][tid 33260] INFO Explorer pane fallback timer armed (view=00000000008B0026 delay=500)
[2025-11-27T20:40:34.781Z][pid 30692][tid 33260] INFO Explorer panes not ready: list view missing (view=00000000008B0026)
[2025-11-27T20:40:34.781Z][pid 30692][tid 33260] INFO Explorer pane retry timer armed (view=00000000008B0026 delay=500 attempts=1)
[2025-11-27T20:40:34.782Z][pid 30692][tid 33260] INFO TabBand::UpdateTabsUI applying 1 items
[2025-11-27T20:40:34.785Z][pid 30692][tid 33260] INFO Breadcrumb QueryService(IShellBrowser) failed: 0x80004001
[2025-11-27T20:40:34.785Z][pid 30692][tid 33260] INFO Breadcrumb ribbon frame discovered via IShellBrowser (hwnd=00000000014F0A54)
[2025-11-27T20:40:34.785Z][pid 30692][tid 33260] INFO Breadcrumb ribbon frame discovered via IWebBrowser2 (hwnd=00000000014F0A54)
[2025-11-27T20:40:34.785Z][pid 30692][tid 33260] INFO Breadcrumb toolbar located via window enumeration (hwnd=0000000000110472)
[2025-11-27T20:40:34.785Z][pid 30692][tid 33260] INFO Explorer pane creation watch cleared (view=00000000008B0026)
[2025-11-27T20:40:34.785Z][pid 30692][tid 33260] WARN Status bar subclass removal skipped: cross-thread window (hwnd=0000000000FD09DC thread=30692)
[2025-11-27T20:40:34.786Z][pid 30692][tid 33260] WARN Status bar reset skipped: cross-thread access (hwnd=0000000000FD09DC ownerThread=30692)
[2025-11-27T20:40:34.786Z][pid 30692][tid 33260] INFO Cleared Open In New Tab pending state
[2025-11-27T20:40:34.786Z][pid 30692][tid 33260] INFO Installed shell view window subclass (view=00000000008B0026)
[2025-11-27T20:40:34.786Z][pid 30692][tid 33260] INFO Installed explorer frame subclass (frame=00000000009B25E8)
[2025-11-27T20:40:34.786Z][pid 30692][tid 33260] INFO Cleared Open In New Tab pending state
[2025-11-27T20:40:34.786Z][pid 30692][tid 33260] INFO Explorer view base subclass ready (view=00000000008B0026 frame=00000000009B25E8)
[2025-11-27T20:40:34.786Z][pid 30692][tid 33260] VERBOSE DirectUI IUIElement unavailable (hr=0x80004001)
[2025-11-27T20:40:34.786Z][pid 30692][tid 33260] INFO Installed explorer DirectUI host subclass (direct=00000000067E2D1E)
[2025-11-27T20:40:34.786Z][pid 30692][tid 33260] INFO Installed explorer tree view subclass (tree=00000000038B1610)
[2025-11-27T20:40:34.787Z][pid 30692][tid 33260] INFO Explorer status bar discovered (hwnd=0000000000FD09DC)
[2025-11-27T20:40:34.787Z][pid 30692][tid 33260] WARN Status bar subclass skipped: cross-thread window (hwnd=0000000000FD09DC thread=30692)
[2025-11-27T20:40:34.787Z][pid 30692][tid 33260] WARN Status bar theme update skipped: cross-thread window (hwnd=0000000000FD09DC ownerThread=30692)
[2025-11-27T20:40:34.787Z][pid 30692][tid 33260] INFO Explorer pane creation watch armed (view=00000000008B0026 list=1 tree=0)
[2025-11-27T20:40:34.787Z][pid 30692][tid 33260] INFO Explorer pane fallback timer armed (view=00000000008B0026 delay=500)
[2025-11-27T20:40:34.787Z][pid 30692][tid 33260] INFO Explorer panes not ready: list view missing (view=00000000008B0026)
[2025-11-27T20:40:34.787Z][pid 30692][tid 33260] INFO Explorer pane retry timer armed (view=00000000008B0026 delay=500 attempts=1)
[2025-11-27T20:40:34.820Z][pid 30692][tid 33260] INFO TabBand::UpdateTabsUI applying 1 items
[2025-11-27T20:40:34.821Z][pid 30692][tid 33260] INFO Breadcrumb QueryService(IShellBrowser) failed: 0x80004001
[2025-11-27T20:40:34.821Z][pid 30692][tid 33260] INFO Breadcrumb ribbon frame discovered via IShellBrowser (hwnd=00000000014F0A54)
[2025-11-27T20:40:34.822Z][pid 30692][tid 33260] INFO Breadcrumb ribbon frame discovered via IWebBrowser2 (hwnd=00000000014F0A54)
[2025-11-27T20:40:34.822Z][pid 30692][tid 33260] INFO Breadcrumb toolbar located via window enumeration (hwnd=0000000000110472)
[2025-11-27T20:40:34.822Z][pid 30692][tid 33260] INFO Explorer pane creation watch cleared (view=00000000008B0026)
[2025-11-27T20:40:34.822Z][pid 30692][tid 33260] WARN Status bar subclass removal skipped: cross-thread window (hwnd=0000000000FD09DC thread=30692)
[2025-11-27T20:40:34.822Z][pid 30692][tid 33260] WARN Status bar reset skipped: cross-thread access (hwnd=0000000000FD09DC ownerThread=30692)
[2025-11-27T20:40:34.822Z][pid 30692][tid 33260] INFO Cleared Open In New Tab pending state
[2025-11-27T20:40:34.822Z][pid 30692][tid 33260] INFO Installed shell view window subclass (view=00000000008B0026)
[2025-11-27T20:40:34.822Z][pid 30692][tid 33260] INFO Installed explorer frame subclass (frame=00000000009B25E8)
[2025-11-27T20:40:34.822Z][pid 30692][tid 33260] INFO Cleared Open In New Tab pending state
[2025-11-27T20:40:34.822Z][pid 30692][tid 33260] INFO Explorer view base subclass ready (view=00000000008B0026 frame=00000000009B25E8)
[2025-11-27T20:40:34.823Z][pid 30692][tid 33260] VERBOSE DirectUI IUIElement unavailable (hr=0x80004001)
[2025-11-27T20:40:34.823Z][pid 30692][tid 33260] INFO Installed explorer DirectUI host subclass (direct=00000000067E2D1E)
[2025-11-27T20:40:34.823Z][pid 30692][tid 33260] INFO Installed explorer tree view subclass (tree=00000000038B1610)
[2025-11-27T20:40:34.823Z][pid 30692][tid 33260] INFO Explorer status bar discovered (hwnd=0000000000FD09DC)
[2025-11-27T20:40:34.823Z][pid 30692][tid 33260] WARN Status bar subclass skipped: cross-thread window (hwnd=0000000000FD09DC thread=30692)
[2025-11-27T20:40:34.823Z][pid 30692][tid 33260] WARN Status bar theme update skipped: cross-thread window (hwnd=0000000000FD09DC ownerThread=30692)
[2025-11-27T20:40:34.823Z][pid 30692][tid 33260] INFO Explorer pane creation watch armed (view=00000000008B0026 list=1 tree=0)
[2025-11-27T20:40:34.823Z][pid 30692][tid 33260] INFO Explorer pane fallback timer armed (view=00000000008B0026 delay=500)
[2025-11-27T20:40:34.823Z][pid 30692][tid 33260] INFO Explorer panes not ready: list view missing (view=00000000008B0026)
[2025-11-27T20:40:34.824Z][pid 30692][tid 33260] INFO Explorer pane retry timer armed (view=00000000008B0026 delay=500 attempts=1)
[2025-11-27T20:40:34.860Z][pid 30692][tid 33260] INFO Installed explorer list host subclass (host=00000000009B25E8)
[2025-11-27T20:40:34.860Z][pid 30692][tid 33260] INFO Installed explorer list host subclass (host=0000000000362D48)
[2025-11-27T20:40:34.860Z][pid 30692][tid 33260] INFO Installed explorer list host subclass (host=000000000510363E)
[2025-11-27T20:40:34.860Z][pid 30692][tid 33260] INFO Installed explorer list host subclass (host=00000000014F0A54)
[2025-11-27T20:40:34.861Z][pid 30692][tid 33260] INFO Installed explorer list host subclass (host=00000000047C3426)
[2025-11-27T20:40:34.861Z][pid 30692][tid 33260] WARN Status bar subclass skipped: cross-thread window (hwnd=0000000000FD09DC thread=30692)
[2025-11-27T20:40:34.861Z][pid 30692][tid 33260] WARN Status bar theme update skipped: cross-thread window (hwnd=0000000000FD09DC ownerThread=30692)
[2025-11-27T20:40:34.861Z][pid 30692][tid 33260] WARN Status bar subclass skipped: cross-thread window (hwnd=0000000000FD09DC thread=30692)
[2025-11-27T20:40:34.861Z][pid 30692][tid 33260] WARN Status bar theme update skipped: cross-thread window (hwnd=0000000000FD09DC ownerThread=30692)
[2025-11-27T20:40:34.885Z][pid 30692][tid 33260] WARN Status bar subclass skipped: cross-thread window (hwnd=0000000000FD09DC thread=30692)
[2025-11-27T20:40:34.885Z][pid 30692][tid 33260] WARN Status bar theme update skipped: cross-thread window (hwnd=0000000000FD09DC ownerThread=30692)
[2025-11-27T20:40:34.925Z][pid 30692][tid 33260] WARN Status bar subclass skipped: cross-thread window (hwnd=0000000000FD09DC thread=30692)
[2025-11-27T20:40:34.925Z][pid 30692][tid 33260] WARN Status bar theme update skipped: cross-thread window (hwnd=0000000000FD09DC ownerThread=30692)
[2025-11-27T20:40:35.369Z][pid 30692][tid 33260] WARN Status bar subclass skipped: cross-thread window (hwnd=0000000000FD09DC thread=30692)
[2025-11-27T20:40:35.370Z][pid 30692][tid 33260] WARN Status bar theme update skipped: cross-thread window (hwnd=0000000000FD09DC ownerThread=30692)
[2025-11-27T20:40:35.377Z][pid 30692][tid 33260] WARN Status bar subclass skipped: cross-thread window (hwnd=0000000000FD09DC thread=30692)
[2025-11-27T20:40:35.377Z][pid 30692][tid 33260] WARN Status bar theme update skipped: cross-thread window (hwnd=0000000000FD09DC ownerThread=30692)
[2025-11-27T20:40:35.379Z][pid 30692][tid 33260] WARN Status bar subclass skipped: cross-thread window (hwnd=0000000000FD09DC thread=30692)
[2025-11-27T20:40:35.379Z][pid 30692][tid 33260] WARN Status bar theme update skipped: cross-thread window (hwnd=0000000000FD09DC ownerThread=30692)
[2025-11-27T20:40:35.390Z][pid 30692][tid 33260] WARN Status bar subclass skipped: cross-thread window (hwnd=0000000000FD09DC thread=30692)
[2025-11-27T20:40:35.390Z][pid 30692][tid 33260] WARN Status bar theme update skipped: cross-thread window (hwnd=0000000000FD09DC ownerThread=30692)
[2025-11-27T20:40:35.487Z][pid 30692][tid 33260] WARN Status bar subclass skipped: cross-thread window (hwnd=0000000000FD09DC thread=30692)
[2025-11-27T20:40:35.487Z][pid 30692][tid 33260] WARN Status bar theme update skipped: cross-thread window (hwnd=0000000000FD09DC ownerThread=30692)
[2025-11-27T20:40:35.498Z][pid 30692][tid 33260] WARN Status bar subclass skipped: cross-thread window (hwnd=0000000000FD09DC thread=30692)
[2025-11-27T20:40:35.499Z][pid 30692][tid 33260] WARN Status bar theme update skipped: cross-thread window (hwnd=0000000000FD09DC ownerThread=30692)
[2025-11-27T20:40:35.504Z][pid 30692][tid 33260] WARN Status bar subclass skipped: cross-thread window (hwnd=0000000000FD09DC thread=30692)
[2025-11-27T20:40:35.504Z][pid 30692][tid 33260] WARN Status bar theme update skipped: cross-thread window (hwnd=0000000000FD09DC ownerThread=30692)
[2025-11-27T20:40:35.749Z][pid 30692][tid 33260] WARN Status bar subclass skipped: cross-thread window (hwnd=0000000000FD09DC thread=30692)
[2025-11-27T20:40:35.749Z][pid 30692][tid 33260] WARN Status bar theme update skipped: cross-thread window (hwnd=0000000000FD09DC ownerThread=30692)
[2025-11-27T20:40:35.772Z][pid 30692][tid 33260] WARN Status bar subclass skipped: cross-thread window (hwnd=0000000000FD09DC thread=30692)
[2025-11-27T20:40:35.773Z][pid 30692][tid 33260] WARN Status bar theme update skipped: cross-thread window (hwnd=0000000000FD09DC ownerThread=30692)
[2025-11-27T20:40:35.782Z][pid 30692][tid 33260] WARN Status bar subclass skipped: cross-thread window (hwnd=0000000000FD09DC thread=30692)
[2025-11-27T20:40:35.782Z][pid 30692][tid 33260] WARN Status bar theme update skipped: cross-thread window (hwnd=0000000000FD09DC ownerThread=30692)
[2025-11-27T20:40:36.013Z][pid 30692][tid 33260] WARN Status bar subclass skipped: cross-thread window (hwnd=0000000000FD09DC thread=30692)
[2025-11-27T20:40:36.014Z][pid 30692][tid 33260] WARN Status bar theme update skipped: cross-thread window (hwnd=0000000000FD09DC ownerThread=30692)
[2025-11-27T20:40:36.025Z][pid 30692][tid 33260] WARN Status bar subclass skipped: cross-thread window (hwnd=0000000000FD09DC thread=30692)
[2025-11-27T20:40:36.026Z][pid 30692][tid 33260] WARN Status bar theme update skipped: cross-thread window (hwnd=0000000000FD09DC ownerThread=30692)
[2025-11-27T20:40:36.061Z][pid 30692][tid 33260] WARN Status bar subclass skipped: cross-thread window (hwnd=0000000000FD09DC thread=30692)
[2025-11-27T20:40:36.062Z][pid 30692][tid 33260] WARN Status bar theme update skipped: cross-thread window (hwnd=0000000000FD09DC ownerThread=30692)
[2025-11-27T20:40:36.242Z][pid 30692][tid 33260] WARN Status bar subclass skipped: cross-thread window (hwnd=0000000000FD09DC thread=30692)
[2025-11-27T20:40:36.243Z][pid 30692][tid 33260] WARN Status bar theme update skipped: cross-thread window (hwnd=0000000000FD09DC ownerThread=30692)
[2025-11-27T20:40:36.392Z][pid 30692][tid 33260] WARN Status bar subclass skipped: cross-thread window (hwnd=0000000000FD09DC thread=30692)
[2025-11-27T20:40:36.392Z][pid 30692][tid 33260] WARN Status bar theme update skipped: cross-thread window (hwnd=0000000000FD09DC ownerThread=30692)
[2025-11-27T20:40:36.556Z][pid 30692][tid 33260] WARN Status bar subclass skipped: cross-thread window (hwnd=0000000000FD09DC thread=30692)
[2025-11-27T20:40:36.557Z][pid 30692][tid 33260] WARN Status bar theme update skipped: cross-thread window (hwnd=0000000000FD09DC ownerThread=30692)
[2025-11-27T20:40:36.865Z][pid 30692][tid 33260] WARN Status bar subclass skipped: cross-thread window (hwnd=0000000000FD09DC thread=30692)
[2025-11-27T20:40:36.865Z][pid 30692][tid 33260] WARN Status bar theme update skipped: cross-thread window (hwnd=0000000000FD09DC ownerThread=30692)
[2025-11-27T20:40:37.014Z][pid 30692][tid 33260] WARN Status bar subclass skipped: cross-thread window (hwnd=0000000000FD09DC thread=30692)
[2025-11-27T20:40:37.014Z][pid 30692][tid 33260] WARN Status bar theme update skipped: cross-thread window (hwnd=0000000000FD09DC ownerThread=30692)
[2025-11-27T20:40:37.017Z][pid 30692][tid 33260] WARN Status bar subclass skipped: cross-thread window (hwnd=0000000000FD09DC thread=30692)
[2025-11-27T20:40:37.018Z][pid 30692][tid 33260] WARN Status bar theme update skipped: cross-thread window (hwnd=0000000000FD09DC ownerThread=30692)
[2025-11-27T20:40:37.235Z][pid 30692][tid 33260] WARN Status bar subclass skipped: cross-thread window (hwnd=0000000000FD09DC thread=30692)
[2025-11-27T20:40:37.235Z][pid 30692][tid 33260] WARN Status bar theme update skipped: cross-thread window (hwnd=0000000000FD09DC ownerThread=30692)
[2025-11-27T20:40:37.236Z][pid 30692][tid 33260] WARN Status bar subclass skipped: cross-thread window (hwnd=0000000000FD09DC thread=30692)
[2025-11-27T20:40:37.236Z][pid 30692][tid 33260] WARN Status bar theme update skipped: cross-thread window (hwnd=0000000000FD09DC ownerThread=30692)
[2025-11-27T20:40:37.236Z][pid 30692][tid 33260] WARN Status bar subclass skipped: cross-thread window (hwnd=0000000000FD09DC thread=30692)
[2025-11-27T20:40:37.236Z][pid 30692][tid 33260] WARN Status bar theme update skipped: cross-thread window (hwnd=0000000000FD09DC ownerThread=30692)
[2025-11-27T20:40:37.238Z][pid 30692][tid 33260] WARN Status bar subclass skipped: cross-thread window (hwnd=0000000000FD09DC thread=30692)
[2025-11-27T20:40:37.238Z][pid 30692][tid 33260] WARN Status bar theme update skipped: cross-thread window (hwnd=0000000000FD09DC ownerThread=30692)
[2025-11-27T20:40:37.240Z][pid 30692][tid 33260] WARN Status bar subclass skipped: cross-thread window (hwnd=0000000000FD09DC thread=30692)
[2025-11-27T20:40:37.240Z][pid 30692][tid 33260] WARN Status bar theme update skipped: cross-thread window (hwnd=0000000000FD09DC ownerThread=30692)
[2025-11-27T20:40:37.241Z][pid 30692][tid 33260] WARN Status bar subclass skipped: cross-thread window (hwnd=0000000000FD09DC thread=30692)
[2025-11-27T20:40:37.242Z][pid 30692][tid 33260] WARN Status bar theme update skipped: cross-thread window (hwnd=0000000000FD09DC ownerThread=30692)
[2025-11-27T20:40:37.245Z][pid 30692][tid 33260] WARN Status bar subclass skipped: cross-thread window (hwnd=0000000000FD09DC thread=30692)
[2025-11-27T20:40:37.246Z][pid 30692][tid 33260] WARN Status bar theme update skipped: cross-thread window (hwnd=0000000000FD09DC ownerThread=30692)
[2025-11-27T20:40:37.254Z][pid 30692][tid 33260] INFO TabBand::UpdateTabsUI applying 1 items
[2025-11-27T20:40:37.255Z][pid 30692][tid 33260] INFO Tab diff: +1 -1 move=0 update=0 rows=1 incremental=false
[2025-11-27T20:40:37.259Z][pid 30692][tid 33260] INFO Breadcrumb QueryService(IShellBrowser) failed: 0x80004001
[2025-11-27T20:40:37.259Z][pid 30692][tid 33260] INFO Breadcrumb ribbon frame discovered via IShellBrowser (hwnd=00000000014F0A54)
[2025-11-27T20:40:37.259Z][pid 30692][tid 33260] INFO Breadcrumb ribbon frame discovered via IWebBrowser2 (hwnd=00000000014F0A54)
[2025-11-27T20:40:37.260Z][pid 30692][tid 33260] INFO Breadcrumb toolbar located via window enumeration (hwnd=0000000000110472)
[2025-11-27T20:40:37.260Z][pid 30692][tid 33260] INFO Explorer pane creation watch cleared (view=0000000000000000)
[2025-11-27T20:40:37.260Z][pid 30692][tid 33260] WARN Status bar subclass removal skipped: cross-thread window (hwnd=0000000000FD09DC thread=30692)
[2025-11-27T20:40:37.260Z][pid 30692][tid 33260] WARN Status bar reset skipped: cross-thread access (hwnd=0000000000FD09DC ownerThread=30692)
[2025-11-27T20:40:37.260Z][pid 30692][tid 33260] INFO Cleared Open In New Tab pending state
[2025-11-27T20:40:37.261Z][pid 30692][tid 33260] INFO Installed shell view window subclass (view=0000000000F52652)
[2025-11-27T20:40:37.261Z][pid 30692][tid 33260] INFO Installed explorer frame subclass (frame=00000000009B25E8)
[2025-11-27T20:40:37.261Z][pid 30692][tid 33260] INFO Cleared Open In New Tab pending state
[2025-11-27T20:40:37.261Z][pid 30692][tid 33260] INFO Explorer view base subclass ready (view=0000000000F52652 frame=00000000009B25E8)
[2025-11-27T20:40:37.261Z][pid 30692][tid 33260] VERBOSE DirectUI IUIElement unavailable (hr=0x80004001)
[2025-11-27T20:40:37.262Z][pid 30692][tid 33260] INFO Installed explorer DirectUI host subclass (direct=000000000069267A)
[2025-11-27T20:40:37.263Z][pid 30692][tid 33260] INFO Installed explorer tree view subclass (tree=00000000038B1610)
[2025-11-27T20:40:37.263Z][pid 30692][tid 33260] INFO Explorer status bar discovered (hwnd=0000000000FD09DC)
[2025-11-27T20:40:37.263Z][pid 30692][tid 33260] WARN Status bar subclass skipped: cross-thread window (hwnd=0000000000FD09DC thread=30692)
[2025-11-27T20:40:37.263Z][pid 30692][tid 33260] WARN Status bar theme update skipped: cross-thread window (hwnd=0000000000FD09DC ownerThread=30692)
[2025-11-27T20:40:37.263Z][pid 30692][tid 33260] INFO Explorer pane creation watch armed (view=0000000000F52652 list=1 tree=0)
[2025-11-27T20:40:37.263Z][pid 30692][tid 33260] INFO Explorer pane fallback timer armed (view=0000000000F52652 delay=500)
[2025-11-27T20:40:37.264Z][pid 30692][tid 33260] INFO Explorer panes not ready: list view missing (view=0000000000F52652)
[2025-11-27T20:40:37.264Z][pid 30692][tid 33260] INFO Explorer pane retry timer armed (view=0000000000F52652 delay=500 attempts=1)
[2025-11-27T20:40:37.264Z][pid 30692][tid 33260] INFO TabBand::UpdateTabsUI applying 1 items
[2025-11-27T20:40:37.265Z][pid 30692][tid 33260] INFO Breadcrumb QueryService(IShellBrowser) failed: 0x80004001
[2025-11-27T20:40:37.265Z][pid 30692][tid 33260] INFO Breadcrumb ribbon frame discovered via IShellBrowser (hwnd=00000000014F0A54)
[2025-11-27T20:40:37.265Z][pid 30692][tid 33260] INFO Breadcrumb ribbon frame discovered via IWebBrowser2 (hwnd=00000000014F0A54)
[2025-11-27T20:40:37.265Z][pid 30692][tid 33260] INFO Breadcrumb toolbar located via window enumeration (hwnd=0000000000110472)
[2025-11-27T20:40:37.265Z][pid 30692][tid 33260] INFO Explorer pane creation watch cleared (view=0000000000F52652)
[2025-11-27T20:40:37.265Z][pid 30692][tid 33260] WARN Status bar subclass removal skipped: cross-thread window (hwnd=0000000000FD09DC thread=30692)
[2025-11-27T20:40:37.265Z][pid 30692][tid 33260] WARN Status bar reset skipped: cross-thread access (hwnd=0000000000FD09DC ownerThread=30692)
[2025-11-27T20:40:37.265Z][pid 30692][tid 33260] INFO Cleared Open In New Tab pending state
[2025-11-27T20:40:37.266Z][pid 30692][tid 33260] INFO Installed shell view window subclass (view=0000000000F52652)
[2025-11-27T20:40:37.266Z][pid 30692][tid 33260] INFO Installed explorer frame subclass (frame=00000000009B25E8)
[2025-11-27T20:40:37.266Z][pid 30692][tid 33260] INFO Cleared Open In New Tab pending state
[2025-11-27T20:40:37.266Z][pid 30692][tid 33260] INFO Explorer view base subclass ready (view=0000000000F52652 frame=00000000009B25E8)
[2025-11-27T20:40:37.266Z][pid 30692][tid 33260] VERBOSE DirectUI IUIElement unavailable (hr=0x80004001)
[2025-11-27T20:40:37.266Z][pid 30692][tid 33260] INFO Installed explorer DirectUI host subclass (direct=000000000069267A)
[2025-11-27T20:40:37.266Z][pid 30692][tid 33260] INFO Installed explorer tree view subclass (tree=00000000038B1610)
[2025-11-27T20:40:37.266Z][pid 30692][tid 33260] INFO Explorer status bar discovered (hwnd=0000000000FD09DC)
[2025-11-27T20:40:37.266Z][pid 30692][tid 33260] WARN Status bar subclass skipped: cross-thread window (hwnd=0000000000FD09DC thread=30692)
[2025-11-27T20:40:37.267Z][pid 30692][tid 33260] WARN Status bar theme update skipped: cross-thread window (hwnd=0000000000FD09DC ownerThread=30692)
[2025-11-27T20:40:37.267Z][pid 30692][tid 33260] INFO Explorer pane creation watch armed (view=0000000000F52652 list=1 tree=0)
[2025-11-27T20:40:37.267Z][pid 30692][tid 33260] INFO Explorer pane fallback timer armed (view=0000000000F52652 delay=500)
[2025-11-27T20:40:37.267Z][pid 30692][tid 33260] INFO Explorer panes not ready: list view missing (view=0000000000F52652)
[2025-11-27T20:40:37.267Z][pid 30692][tid 33260] INFO Explorer pane retry timer armed (view=0000000000F52652 delay=500 attempts=1)
[2025-11-27T20:40:37.321Z][pid 30692][tid 33260] INFO TabBand::UpdateTabsUI applying 1 items
[2025-11-27T20:40:37.322Z][pid 30692][tid 33260] INFO Breadcrumb QueryService(IShellBrowser) failed: 0x80004001
[2025-11-27T20:40:37.322Z][pid 30692][tid 33260] INFO Breadcrumb ribbon frame discovered via IShellBrowser (hwnd=00000000014F0A54)
[2025-11-27T20:40:37.322Z][pid 30692][tid 33260] INFO Breadcrumb ribbon frame discovered via IWebBrowser2 (hwnd=00000000014F0A54)
[2025-11-27T20:40:37.323Z][pid 30692][tid 33260] INFO Breadcrumb toolbar located via window enumeration (hwnd=0000000000110472)
[2025-11-27T20:40:37.323Z][pid 30692][tid 33260] INFO Explorer pane creation watch cleared (view=0000000000F52652)
[2025-11-27T20:40:37.323Z][pid 30692][tid 33260] WARN Status bar subclass removal skipped: cross-thread window (hwnd=0000000000FD09DC thread=30692)
[2025-11-27T20:40:37.323Z][pid 30692][tid 33260] WARN Status bar reset skipped: cross-thread access (hwnd=0000000000FD09DC ownerThread=30692)
[2025-11-27T20:40:37.323Z][pid 30692][tid 33260] INFO Cleared Open In New Tab pending state
[2025-11-27T20:40:37.324Z][pid 30692][tid 33260] INFO Installed shell view window subclass (view=0000000000F52652)
[2025-11-27T20:40:37.324Z][pid 30692][tid 33260] INFO Installed explorer frame subclass (frame=00000000009B25E8)
[2025-11-27T20:40:37.324Z][pid 30692][tid 33260] INFO Cleared Open In New Tab pending state
[2025-11-27T20:40:37.324Z][pid 30692][tid 33260] INFO Explorer view base subclass ready (view=0000000000F52652 frame=00000000009B25E8)
[2025-11-27T20:40:37.324Z][pid 30692][tid 33260] VERBOSE DirectUI IUIElement unavailable (hr=0x80004001)
[2025-11-27T20:40:37.324Z][pid 30692][tid 33260] INFO Installed explorer DirectUI host subclass (direct=000000000069267A)
[2025-11-27T20:40:37.324Z][pid 30692][tid 33260] INFO Installed explorer tree view subclass (tree=00000000038B1610)
[2025-11-27T20:40:37.324Z][pid 30692][tid 33260] INFO Explorer status bar discovered (hwnd=0000000000FD09DC)
[2025-11-27T20:40:37.324Z][pid 30692][tid 33260] WARN Status bar subclass skipped: cross-thread window (hwnd=0000000000FD09DC thread=30692)
[2025-11-27T20:40:37.325Z][pid 30692][tid 33260] WARN Status bar theme update skipped: cross-thread window (hwnd=0000000000FD09DC ownerThread=30692)
[2025-11-27T20:40:37.325Z][pid 30692][tid 33260] INFO Explorer pane creation watch armed (view=0000000000F52652 list=1 tree=0)
[2025-11-27T20:40:37.325Z][pid 30692][tid 33260] INFO Explorer pane fallback timer armed (view=0000000000F52652 delay=500)
[2025-11-27T20:40:37.325Z][pid 30692][tid 33260] INFO Explorer panes not ready: list view missing (view=0000000000F52652)
[2025-11-27T20:40:37.326Z][pid 30692][tid 33260] INFO Explorer pane retry timer armed (view=0000000000F52652 delay=500 attempts=1)
[2025-11-27T20:40:37.353Z][pid 30692][tid 33260] INFO Installed explorer list host subclass (host=00000000009B25E8)
[2025-11-27T20:40:37.353Z][pid 30692][tid 33260] INFO Installed explorer list host subclass (host=0000000000362D48)
[2025-11-27T20:40:37.354Z][pid 30692][tid 33260] INFO Installed explorer list host subclass (host=000000000510363E)
[2025-11-27T20:40:37.354Z][pid 30692][tid 33260] INFO Installed explorer list host subclass (host=00000000014F0A54)
[2025-11-27T20:40:37.354Z][pid 30692][tid 33260] INFO Installed explorer list host subclass (host=00000000047C3426)
[2025-11-27T20:40:37.354Z][pid 30692][tid 33260] WARN Status bar subclass skipped: cross-thread window (hwnd=0000000000FD09DC thread=30692)
[2025-11-27T20:40:37.354Z][pid 30692][tid 33260] WARN Status bar theme update skipped: cross-thread window (hwnd=0000000000FD09DC ownerThread=30692)
[2025-11-27T20:40:37.355Z][pid 30692][tid 33260] WARN Status bar subclass skipped: cross-thread window (hwnd=0000000000FD09DC thread=30692)
[2025-11-27T20:40:37.355Z][pid 30692][tid 33260] WARN Status bar theme update skipped: cross-thread window (hwnd=0000000000FD09DC ownerThread=30692)
[2025-11-27T20:40:37.413Z][pid 30692][tid 33260] WARN Status bar subclass skipped: cross-thread window (hwnd=0000000000FD09DC thread=30692)
[2025-11-27T20:40:37.414Z][pid 30692][tid 33260] WARN Status bar theme update skipped: cross-thread window (hwnd=0000000000FD09DC ownerThread=30692)
[2025-11-27T20:40:37.573Z][pid 30692][tid 33260] WARN Status bar subclass skipped: cross-thread window (hwnd=0000000000FD09DC thread=30692)
[2025-11-27T20:40:37.574Z][pid 30692][tid 33260] WARN Status bar theme update skipped: cross-thread window (hwnd=0000000000FD09DC ownerThread=30692)
[2025-11-27T20:40:37.619Z][pid 30692][tid 33260] WARN Status bar subclass skipped: cross-thread window (hwnd=0000000000FD09DC thread=30692)
[2025-11-27T20:40:37.619Z][pid 30692][tid 33260] WARN Status bar theme update skipped: cross-thread window (hwnd=0000000000FD09DC ownerThread=30692)
[2025-11-27T20:40:37.669Z][pid 30692][tid 33260] WARN Status bar subclass skipped: cross-thread window (hwnd=0000000000FD09DC thread=30692)
[2025-11-27T20:40:37.670Z][pid 30692][tid 33260] WARN Status bar theme update skipped: cross-thread window (hwnd=0000000000FD09DC ownerThread=30692)
[2025-11-27T20:40:37.709Z][pid 30692][tid 33260] WARN Status bar subclass skipped: cross-thread window (hwnd=0000000000FD09DC thread=30692)
[2025-11-27T20:40:37.709Z][pid 30692][tid 33260] WARN Status bar theme update skipped: cross-thread window (hwnd=0000000000FD09DC ownerThread=30692)
[2025-11-27T20:40:37.817Z][pid 30692][tid 33260] WARN Status bar subclass skipped: cross-thread window (hwnd=0000000000FD09DC thread=30692)
[2025-11-27T20:40:37.817Z][pid 30692][tid 33260] WARN Status bar theme update skipped: cross-thread window (hwnd=0000000000FD09DC ownerThread=30692)
[2025-11-27T20:40:37.862Z][pid 30692][tid 33260] WARN Status bar subclass skipped: cross-thread window (hwnd=0000000000FD09DC thread=30692)
[2025-11-27T20:40:37.862Z][pid 30692][tid 33260] WARN Status bar theme update skipped: cross-thread window (hwnd=0000000000FD09DC ownerThread=30692)
[2025-11-27T20:40:38.038Z][pid 30692][tid 33260] WARN Status bar subclass skipped: cross-thread window (hwnd=0000000000FD09DC thread=30692)
[2025-11-27T20:40:38.039Z][pid 30692][tid 33260] WARN Status bar theme update skipped: cross-thread window (hwnd=0000000000FD09DC ownerThread=30692)
[2025-11-27T20:40:38.089Z][pid 30692][tid 33260] WARN Status bar subclass skipped: cross-thread window (hwnd=0000000000FD09DC thread=30692)
[2025-11-27T20:40:38.090Z][pid 30692][tid 33260] WARN Status bar theme update skipped: cross-thread window (hwnd=0000000000FD09DC ownerThread=30692)
[2025-11-27T20:40:38.162Z][pid 30692][tid 33260] WARN Status bar subclass skipped: cross-thread window (hwnd=0000000000FD09DC thread=30692)
[2025-11-27T20:40:38.162Z][pid 30692][tid 33260] WARN Status bar theme update skipped: cross-thread window (hwnd=0000000000FD09DC ownerThread=30692)
[2025-11-27T20:40:38.174Z][pid 30692][tid 33260] WARN Status bar subclass skipped: cross-thread window (hwnd=0000000000FD09DC thread=30692)
[2025-11-27T20:40:38.175Z][pid 30692][tid 33260] WARN Status bar theme update skipped: cross-thread window (hwnd=0000000000FD09DC ownerThread=30692)
[2025-11-27T20:40:38.224Z][pid 30692][tid 33260] WARN Status bar subclass skipped: cross-thread window (hwnd=0000000000FD09DC thread=30692)
[2025-11-27T20:40:38.224Z][pid 30692][tid 33260] WARN Status bar theme update skipped: cross-thread window (hwnd=0000000000FD09DC ownerThread=30692)
[2025-11-27T20:40:38.261Z][pid 30692][tid 33260] WARN Status bar subclass skipped: cross-thread window (hwnd=0000000000FD09DC thread=30692)
[2025-11-27T20:40:38.261Z][pid 30692][tid 33260] WARN Status bar theme update skipped: cross-thread window (hwnd=0000000000FD09DC ownerThread=30692)
[2025-11-27T20:40:38.297Z][pid 30692][tid 33260] WARN Status bar subclass skipped: cross-thread window (hwnd=0000000000FD09DC thread=30692)
[2025-11-27T20:40:38.297Z][pid 30692][tid 33260] WARN Status bar theme update skipped: cross-thread window (hwnd=0000000000FD09DC ownerThread=30692)
[2025-11-27T20:40:38.340Z][pid 30692][tid 33260] WARN Status bar subclass skipped: cross-thread window (hwnd=0000000000FD09DC thread=30692)
[2025-11-27T20:40:38.340Z][pid 30692][tid 33260] WARN Status bar theme update skipped: cross-thread window (hwnd=0000000000FD09DC ownerThread=30692)
[2025-11-27T20:40:39.025Z][pid 30692][tid 33260] WARN Status bar subclass skipped: cross-thread window (hwnd=0000000000FD09DC thread=30692)
[2025-11-27T20:40:39.025Z][pid 30692][tid 33260] WARN Status bar theme update skipped: cross-thread window (hwnd=0000000000FD09DC ownerThread=30692)
[2025-11-27T20:40:39.487Z][pid 30692][tid 33260] WARN Status bar subclass skipped: cross-thread window (hwnd=0000000000FD09DC thread=30692)
[2025-11-27T20:40:39.487Z][pid 30692][tid 33260] WARN Status bar theme update skipped: cross-thread window (hwnd=0000000000FD09DC ownerThread=30692)
[2025-11-27T20:40:39.684Z][pid 30692][tid 33260] WARN Status bar subclass skipped: cross-thread window (hwnd=0000000000FD09DC thread=30692)
[2025-11-27T20:40:39.685Z][pid 30692][tid 33260] WARN Status bar theme update skipped: cross-thread window (hwnd=0000000000FD09DC ownerThread=30692)
[2025-11-27T20:40:39.685Z][pid 30692][tid 33260] WARN Status bar subclass skipped: cross-thread window (hwnd=0000000000FD09DC thread=30692)
[2025-11-27T20:40:39.685Z][pid 30692][tid 33260] WARN Status bar theme update skipped: cross-thread window (hwnd=0000000000FD09DC ownerThread=30692)
[2025-11-27T20:40:39.686Z][pid 30692][tid 33260] WARN Status bar subclass skipped: cross-thread window (hwnd=0000000000FD09DC thread=30692)
[2025-11-27T20:40:39.686Z][pid 30692][tid 33260] WARN Status bar theme update skipped: cross-thread window (hwnd=0000000000FD09DC ownerThread=30692)
[2025-11-27T20:40:39.686Z][pid 30692][tid 33260] WARN Status bar subclass skipped: cross-thread window (hwnd=0000000000FD09DC thread=30692)
[2025-11-27T20:40:39.686Z][pid 30692][tid 33260] WARN Status bar theme update skipped: cross-thread window (hwnd=0000000000FD09DC ownerThread=30692)
[2025-11-27T20:40:39.832Z][pid 30692][tid 33260] INFO TabBand::UpdateTabsUI applying 1 items
[2025-11-27T20:40:39.833Z][pid 30692][tid 33260] INFO Breadcrumb QueryService(IShellBrowser) failed: 0x80004001
[2025-11-27T20:40:39.833Z][pid 30692][tid 33260] INFO Breadcrumb ribbon frame discovered via IShellBrowser (hwnd=00000000014F0A54)
[2025-11-27T20:40:39.834Z][pid 30692][tid 33260] INFO Breadcrumb ribbon frame discovered via IWebBrowser2 (hwnd=00000000014F0A54)
[2025-11-27T20:40:39.834Z][pid 30692][tid 33260] INFO Breadcrumb toolbar located via window enumeration (hwnd=0000000000110472)
[2025-11-27T20:40:39.834Z][pid 30692][tid 33260] INFO Explorer pane creation watch cleared (view=0000000000F52652)
[2025-11-27T20:40:39.834Z][pid 30692][tid 33260] WARN Status bar subclass removal skipped: cross-thread window (hwnd=0000000000FD09DC thread=30692)
[2025-11-27T20:40:39.834Z][pid 30692][tid 33260] WARN Status bar reset skipped: cross-thread access (hwnd=0000000000FD09DC ownerThread=30692)
[2025-11-27T20:40:39.834Z][pid 30692][tid 33260] INFO Cleared Open In New Tab pending state
[2025-11-27T20:40:39.834Z][pid 30692][tid 33260] INFO Installed shell view window subclass (view=0000000000F52652)
[2025-11-27T20:40:39.834Z][pid 30692][tid 33260] INFO Installed explorer frame subclass (frame=00000000009B25E8)
[2025-11-27T20:40:39.835Z][pid 30692][tid 33260] INFO Cleared Open In New Tab pending state
[2025-11-27T20:40:39.835Z][pid 30692][tid 33260] INFO Explorer view base subclass ready (view=0000000000F52652 frame=00000000009B25E8)
[2025-11-27T20:40:39.835Z][pid 30692][tid 33260] VERBOSE DirectUI IUIElement unavailable (hr=0x80004001)
[2025-11-27T20:40:39.835Z][pid 30692][tid 33260] INFO Installed explorer DirectUI host subclass (direct=000000000069267A)
[2025-11-27T20:40:39.835Z][pid 30692][tid 33260] INFO Installed explorer tree view subclass (tree=00000000038B1610)
[2025-11-27T20:40:39.835Z][pid 30692][tid 33260] INFO Explorer status bar discovered (hwnd=0000000000FD09DC)
[2025-11-27T20:40:39.835Z][pid 30692][tid 33260] WARN Status bar subclass skipped: cross-thread window (hwnd=0000000000FD09DC thread=30692)
[2025-11-27T20:40:39.835Z][pid 30692][tid 33260] WARN Status bar theme update skipped: cross-thread window (hwnd=0000000000FD09DC ownerThread=30692)
[2025-11-27T20:40:39.836Z][pid 30692][tid 33260] INFO Explorer pane creation watch armed (view=0000000000F52652 list=1 tree=0)
[2025-11-27T20:40:39.836Z][pid 30692][tid 33260] INFO Explorer pane fallback timer armed (view=0000000000F52652 delay=500)
[2025-11-27T20:40:39.836Z][pid 30692][tid 33260] INFO Explorer panes not ready: list view missing (view=0000000000F52652)
[2025-11-27T20:40:39.836Z][pid 30692][tid 33260] INFO Explorer pane retry timer armed (view=0000000000F52652 delay=500 attempts=1)
[2025-11-27T20:40:39.847Z][pid 30692][tid 33260] INFO Installed explorer list host subclass (host=00000000009B25E8)
[2025-11-27T20:40:39.847Z][pid 30692][tid 33260] INFO Installed explorer list host subclass (host=0000000000362D48)
[2025-11-27T20:40:39.848Z][pid 30692][tid 33260] INFO Installed explorer list host subclass (host=000000000510363E)
[2025-11-27T20:40:39.848Z][pid 30692][tid 33260] INFO Installed explorer list host subclass (host=00000000014F0A54)
[2025-11-27T20:40:39.848Z][pid 30692][tid 33260] INFO Installed explorer list host subclass (host=00000000047C3426)
[2025-11-27T20:40:39.848Z][pid 30692][tid 33260] WARN Status bar subclass skipped: cross-thread window (hwnd=0000000000FD09DC thread=30692)
[2025-11-27T20:40:39.848Z][pid 30692][tid 33260] WARN Status bar theme update skipped: cross-thread window (hwnd=0000000000FD09DC ownerThread=30692)
[2025-11-27T20:40:39.848Z][pid 30692][tid 33260] WARN Status bar subclass skipped: cross-thread window (hwnd=0000000000FD09DC thread=30692)
[2025-11-27T20:40:39.849Z][pid 30692][tid 33260] WARN Status bar theme update skipped: cross-thread window (hwnd=0000000000FD09DC ownerThread=30692)
[2025-11-27T20:40:39.906Z][pid 30692][tid 33260] WARN Status bar subclass skipped: cross-thread window (hwnd=0000000000FD09DC thread=30692)
[2025-11-27T20:40:39.906Z][pid 30692][tid 33260] WARN Status bar theme update skipped: cross-thread window (hwnd=0000000000FD09DC ownerThread=30692)
[2025-11-27T20:40:39.944Z][pid 30692][tid 33260] WARN Status bar subclass skipped: cross-thread window (hwnd=0000000000FD09DC thread=30692)
[2025-11-27T20:40:39.944Z][pid 30692][tid 33260] WARN Status bar theme update skipped: cross-thread window (hwnd=0000000000FD09DC ownerThread=30692)
[2025-11-27T20:40:40.132Z][pid 30692][tid 33260] WARN Status bar subclass skipped: cross-thread window (hwnd=0000000000FD09DC thread=30692)
[2025-11-27T20:40:40.133Z][pid 30692][tid 33260] WARN Status bar theme update skipped: cross-thread window (hwnd=0000000000FD09DC ownerThread=30692)
[2025-11-27T20:40:40.171Z][pid 30692][tid 33260] WARN Status bar subclass skipped: cross-thread window (hwnd=0000000000FD09DC thread=30692)
[2025-11-27T20:40:40.171Z][pid 30692][tid 33260] WARN Status bar theme update skipped: cross-thread window (hwnd=0000000000FD09DC ownerThread=30692)
[2025-11-27T20:40:40.316Z][pid 30692][tid 33260] WARN Status bar subclass skipped: cross-thread window (hwnd=0000000000FD09DC thread=30692)
[2025-11-27T20:40:40.317Z][pid 30692][tid 33260] WARN Status bar theme update skipped: cross-thread window (hwnd=0000000000FD09DC ownerThread=30692)
[2025-11-27T20:40:40.377Z][pid 30692][tid 33260] WARN Status bar subclass skipped: cross-thread window (hwnd=0000000000FD09DC thread=30692)
[2025-11-27T20:40:40.377Z][pid 30692][tid 33260] WARN Status bar theme update skipped: cross-thread window (hwnd=0000000000FD09DC ownerThread=30692)
[2025-11-27T20:40:40.731Z][pid 30692][tid 33260] WARN Status bar subclass skipped: cross-thread window (hwnd=0000000000FD09DC thread=30692)
[2025-11-27T20:40:40.731Z][pid 30692][tid 33260] WARN Status bar theme update skipped: cross-thread window (hwnd=0000000000FD09DC ownerThread=30692)
[2025-11-27T20:40:40.774Z][pid 30692][tid 33260] WARN Status bar subclass skipped: cross-thread window (hwnd=0000000000FD09DC thread=30692)
[2025-11-27T20:40:40.774Z][pid 30692][tid 33260] WARN Status bar theme update skipped: cross-thread window (hwnd=0000000000FD09DC ownerThread=30692)
[2025-11-27T20:40:40.911Z][pid 30692][tid 33260] WARN Status bar subclass skipped: cross-thread window (hwnd=0000000000FD09DC thread=30692)
[2025-11-27T20:40:40.912Z][pid 30692][tid 33260] WARN Status bar theme update skipped: cross-thread window (hwnd=0000000000FD09DC ownerThread=30692)
[2025-11-27T20:40:40.915Z][pid 30692][tid 33260] WARN Status bar subclass skipped: cross-thread window (hwnd=0000000000FD09DC thread=30692)
[2025-11-27T20:40:40.916Z][pid 30692][tid 33260] WARN Status bar theme update skipped: cross-thread window (hwnd=0000000000FD09DC ownerThread=30692)
[2025-11-27T20:40:40.916Z][pid 30692][tid 33260] WARN Status bar subclass skipped: cross-thread window (hwnd=0000000000FD09DC thread=30692)
[2025-11-27T20:40:40.917Z][pid 30692][tid 33260] WARN Status bar theme update skipped: cross-thread window (hwnd=0000000000FD09DC ownerThread=30692)
[2025-11-27T20:40:40.940Z][pid 30692][tid 33260] WARN Status bar subclass skipped: cross-thread window (hwnd=0000000000FD09DC thread=30692)
[2025-11-27T20:40:40.940Z][pid 30692][tid 33260] WARN Status bar theme update skipped: cross-thread window (hwnd=0000000000FD09DC ownerThread=30692)
[2025-11-27T20:40:41.244Z][pid 30692][tid 33260] WARN Status bar subclass skipped: cross-thread window (hwnd=0000000000FD09DC thread=30692)
[2025-11-27T20:40:41.245Z][pid 30692][tid 33260] WARN Status bar theme update skipped: cross-thread window (hwnd=0000000000FD09DC ownerThread=30692)
[2025-11-27T20:40:41.315Z][pid 30692][tid 33260] WARN Status bar subclass skipped: cross-thread window (hwnd=0000000000FD09DC thread=30692)
[2025-11-27T20:40:41.317Z][pid 30692][tid 33260] WARN Status bar theme update skipped: cross-thread window (hwnd=0000000000FD09DC ownerThread=30692)
[2025-11-27T20:40:41.413Z][pid 30692][tid 33260] WARN Status bar subclass skipped: cross-thread window (hwnd=0000000000FD09DC thread=30692)
[2025-11-27T20:40:41.414Z][pid 30692][tid 33260] WARN Status bar theme update skipped: cross-thread window (hwnd=0000000000FD09DC ownerThread=30692)
[2025-11-27T20:40:41.417Z][pid 30692][tid 33260] WARN Status bar subclass skipped: cross-thread window (hwnd=0000000000FD09DC thread=30692)
[2025-11-27T20:40:41.417Z][pid 30692][tid 33260] WARN Status bar theme update skipped: cross-thread window (hwnd=0000000000FD09DC ownerThread=30692)
[2025-11-27T20:40:41.444Z][pid 30692][tid 33260] WARN Status bar subclass skipped: cross-thread window (hwnd=0000000000FD09DC thread=30692)
[2025-11-27T20:40:41.445Z][pid 30692][tid 33260] WARN Status bar theme update skipped: cross-thread window (hwnd=0000000000FD09DC ownerThread=30692)
[2025-11-27T20:40:41.573Z][pid 30692][tid 33260] WARN Status bar subclass skipped: cross-thread window (hwnd=0000000000FD09DC thread=30692)
[2025-11-27T20:40:41.573Z][pid 30692][tid 33260] WARN Status bar theme update skipped: cross-thread window (hwnd=0000000000FD09DC ownerThread=30692)
[2025-11-27T20:40:41.938Z][pid 30692][tid 33260] WARN Status bar subclass skipped: cross-thread window (hwnd=0000000000FD09DC thread=30692)
[2025-11-27T20:40:41.939Z][pid 30692][tid 33260] WARN Status bar theme update skipped: cross-thread window (hwnd=0000000000FD09DC ownerThread=30692)
[2025-11-27T20:40:42.130Z][pid 30692][tid 33260] WARN Status bar subclass skipped: cross-thread window (hwnd=0000000000FD09DC thread=30692)
[2025-11-27T20:40:42.130Z][pid 30692][tid 33260] WARN Status bar theme update skipped: cross-thread window (hwnd=0000000000FD09DC ownerThread=30692)
[2025-11-27T20:40:42.130Z][pid 30692][tid 33260] WARN Status bar subclass skipped: cross-thread window (hwnd=0000000000FD09DC thread=30692)
[2025-11-27T20:40:42.131Z][pid 30692][tid 33260] WARN Status bar theme update skipped: cross-thread window (hwnd=0000000000FD09DC ownerThread=30692)
[2025-11-27T20:40:42.132Z][pid 30692][tid 33260] WARN Status bar subclass skipped: cross-thread window (hwnd=0000000000FD09DC thread=30692)
[2025-11-27T20:40:42.132Z][pid 30692][tid 33260] WARN Status bar theme update skipped: cross-thread window (hwnd=0000000000FD09DC ownerThread=30692)
[2025-11-27T20:40:42.132Z][pid 30692][tid 33260] WARN Status bar subclass skipped: cross-thread window (hwnd=0000000000FD09DC thread=30692)
[2025-11-27T20:40:42.132Z][pid 30692][tid 33260] WARN Status bar theme update skipped: cross-thread window (hwnd=0000000000FD09DC ownerThread=30692)
[2025-11-27T20:40:42.266Z][pid 30692][tid 33260] INFO TabBand::UpdateTabsUI applying 1 items
[2025-11-27T20:40:42.267Z][pid 30692][tid 33260] INFO Breadcrumb QueryService(IShellBrowser) failed: 0x80004001
[2025-11-27T20:40:42.267Z][pid 30692][tid 33260] INFO Breadcrumb ribbon frame discovered via IShellBrowser (hwnd=00000000014F0A54)
[2025-11-27T20:40:42.268Z][pid 30692][tid 33260] INFO Breadcrumb ribbon frame discovered via IWebBrowser2 (hwnd=00000000014F0A54)
[2025-11-27T20:40:42.268Z][pid 30692][tid 33260] INFO Breadcrumb toolbar located via window enumeration (hwnd=0000000000110472)
[2025-11-27T20:40:42.268Z][pid 30692][tid 33260] INFO Explorer pane creation watch cleared (view=0000000000F52652)
[2025-11-27T20:40:42.268Z][pid 30692][tid 33260] WARN Status bar subclass removal skipped: cross-thread window (hwnd=0000000000FD09DC thread=30692)
[2025-11-27T20:40:42.268Z][pid 30692][tid 33260] WARN Status bar reset skipped: cross-thread access (hwnd=0000000000FD09DC ownerThread=30692)
[2025-11-27T20:40:42.268Z][pid 30692][tid 33260] INFO Cleared Open In New Tab pending state
[2025-11-27T20:40:42.268Z][pid 30692][tid 33260] INFO Installed shell view window subclass (view=0000000000F52652)
[2025-11-27T20:40:42.268Z][pid 30692][tid 33260] INFO Installed explorer frame subclass (frame=00000000009B25E8)
[2025-11-27T20:40:42.268Z][pid 30692][tid 33260] INFO Cleared Open In New Tab pending state
[2025-11-27T20:40:42.269Z][pid 30692][tid 33260] INFO Explorer view base subclass ready (view=0000000000F52652 frame=00000000009B25E8)
[2025-11-27T20:40:42.269Z][pid 30692][tid 33260] VERBOSE DirectUI IUIElement unavailable (hr=0x80004001)
[2025-11-27T20:40:42.269Z][pid 30692][tid 33260] INFO Installed explorer DirectUI host subclass (direct=000000000069267A)
[2025-11-27T20:40:42.269Z][pid 30692][tid 33260] INFO Installed explorer tree view subclass (tree=00000000038B1610)
[2025-11-27T20:40:42.269Z][pid 30692][tid 33260] INFO Explorer status bar discovered (hwnd=0000000000FD09DC)
[2025-11-27T20:40:42.269Z][pid 30692][tid 33260] WARN Status bar subclass skipped: cross-thread window (hwnd=0000000000FD09DC thread=30692)
[2025-11-27T20:40:42.269Z][pid 30692][tid 33260] WARN Status bar theme update skipped: cross-thread window (hwnd=0000000000FD09DC ownerThread=30692)
[2025-11-27T20:40:42.269Z][pid 30692][tid 33260] INFO Explorer pane creation watch armed (view=0000000000F52652 list=1 tree=0)
[2025-11-27T20:40:42.270Z][pid 30692][tid 33260] INFO Explorer pane fallback timer armed (view=0000000000F52652 delay=500)
[2025-11-27T20:40:42.270Z][pid 30692][tid 33260] INFO Explorer panes not ready: list view missing (view=0000000000F52652)
[2025-11-27T20:40:42.270Z][pid 30692][tid 33260] INFO Explorer pane retry timer armed (view=0000000000F52652 delay=500 attempts=1)
[2025-11-27T20:40:42.280Z][pid 30692][tid 33260] INFO Installed explorer list host subclass (host=00000000009B25E8)
[2025-11-27T20:40:42.280Z][pid 30692][tid 33260] INFO Installed explorer list host subclass (host=0000000000362D48)
[2025-11-27T20:40:42.280Z][pid 30692][tid 33260] INFO Installed explorer list host subclass (host=000000000510363E)
[2025-11-27T20:40:42.280Z][pid 30692][tid 33260] INFO Installed explorer list host subclass (host=00000000014F0A54)
[2025-11-27T20:40:42.280Z][pid 30692][tid 33260] INFO Installed explorer list host subclass (host=00000000047C3426)
[2025-11-27T20:40:42.280Z][pid 30692][tid 33260] WARN Status bar subclass skipped: cross-thread window (hwnd=0000000000FD09DC thread=30692)
[2025-11-27T20:40:42.281Z][pid 30692][tid 33260] WARN Status bar theme update skipped: cross-thread window (hwnd=0000000000FD09DC ownerThread=30692)
[2025-11-27T20:40:42.281Z][pid 30692][tid 33260] WARN Status bar subclass skipped: cross-thread window (hwnd=0000000000FD09DC thread=30692)
[2025-11-27T20:40:42.281Z][pid 30692][tid 33260] WARN Status bar theme update skipped: cross-thread window (hwnd=0000000000FD09DC ownerThread=30692)
[2025-11-27T20:40:42.413Z][pid 30692][tid 33260] WARN Status bar subclass skipped: cross-thread window (hwnd=0000000000FD09DC thread=30692)
[2025-11-27T20:40:42.413Z][pid 30692][tid 33260] WARN Status bar theme update skipped: cross-thread window (hwnd=0000000000FD09DC ownerThread=30692)
[2025-11-27T20:40:42.487Z][pid 30692][tid 33260] WARN Status bar subclass skipped: cross-thread window (hwnd=0000000000FD09DC thread=30692)
[2025-11-27T20:40:42.488Z][pid 30692][tid 33260] WARN Status bar theme update skipped: cross-thread window (hwnd=0000000000FD09DC ownerThread=30692)
[2025-11-27T20:40:42.499Z][pid 30692][tid 33260] WARN Status bar subclass skipped: cross-thread window (hwnd=0000000000FD09DC thread=30692)
[2025-11-27T20:40:42.499Z][pid 30692][tid 33260] WARN Status bar theme update skipped: cross-thread window (hwnd=0000000000FD09DC ownerThread=30692)
[2025-11-27T20:40:42.527Z][pid 30692][tid 33260] WARN Status bar subclass skipped: cross-thread window (hwnd=0000000000FD09DC thread=30692)
[2025-11-27T20:40:42.528Z][pid 30692][tid 33260] WARN Status bar theme update skipped: cross-thread window (hwnd=0000000000FD09DC ownerThread=30692)
[2025-11-27T20:40:42.545Z][pid 30692][tid 33260] WARN Status bar subclass skipped: cross-thread window (hwnd=0000000000FD09DC thread=30692)
[2025-11-27T20:40:42.545Z][pid 30692][tid 33260] WARN Status bar theme update skipped: cross-thread window (hwnd=0000000000FD09DC ownerThread=30692)
[2025-11-27T20:40:42.567Z][pid 30692][tid 33260] WARN Status bar subclass skipped: cross-thread window (hwnd=0000000000FD09DC thread=30692)
[2025-11-27T20:40:42.567Z][pid 30692][tid 33260] WARN Status bar theme update skipped: cross-thread window (hwnd=0000000000FD09DC ownerThread=30692)
[2025-11-27T20:40:42.601Z][pid 30692][tid 33260] WARN Status bar subclass skipped: cross-thread window (hwnd=0000000000FD09DC thread=30692)
[2025-11-27T20:40:42.602Z][pid 30692][tid 33260] WARN Status bar theme update skipped: cross-thread window (hwnd=0000000000FD09DC ownerThread=30692)
[2025-11-27T20:40:42.638Z][pid 30692][tid 33260] WARN Status bar subclass skipped: cross-thread window (hwnd=0000000000FD09DC thread=30692)
[2025-11-27T20:40:42.639Z][pid 30692][tid 33260] WARN Status bar theme update skipped: cross-thread window (hwnd=0000000000FD09DC ownerThread=30692)
[2025-11-27T20:40:42.654Z][pid 30692][tid 33260] WARN Status bar subclass skipped: cross-thread window (hwnd=0000000000FD09DC thread=30692)
[2025-11-27T20:40:42.655Z][pid 30692][tid 33260] WARN Status bar theme update skipped: cross-thread window (hwnd=0000000000FD09DC ownerThread=30692)
[2025-11-27T20:40:42.666Z][pid 30692][tid 33260] WARN Status bar subclass skipped: cross-thread window (hwnd=0000000000FD09DC thread=30692)
[2025-11-27T20:40:42.666Z][pid 30692][tid 33260] WARN Status bar theme update skipped: cross-thread window (hwnd=0000000000FD09DC ownerThread=30692)
[2025-11-27T20:40:42.677Z][pid 30692][tid 33260] WARN Status bar subclass skipped: cross-thread window (hwnd=0000000000FD09DC thread=30692)
[2025-11-27T20:40:42.678Z][pid 30692][tid 33260] WARN Status bar theme update skipped: cross-thread window (hwnd=0000000000FD09DC ownerThread=30692)
[2025-11-27T20:40:42.690Z][pid 30692][tid 33260] WARN Status bar subclass skipped: cross-thread window (hwnd=0000000000FD09DC thread=30692)
[2025-11-27T20:40:42.690Z][pid 30692][tid 33260] WARN Status bar theme update skipped: cross-thread window (hwnd=0000000000FD09DC ownerThread=30692)
[2025-11-27T20:40:42.695Z][pid 30692][tid 33260] WARN Status bar subclass skipped: cross-thread window (hwnd=0000000000FD09DC thread=30692)
[2025-11-27T20:40:42.696Z][pid 30692][tid 33260] WARN Status bar theme update skipped: cross-thread window (hwnd=0000000000FD09DC ownerThread=30692)
[2025-11-27T20:40:42.706Z][pid 30692][tid 33260] WARN Status bar subclass skipped: cross-thread window (hwnd=0000000000FD09DC thread=30692)
[2025-11-27T20:40:42.707Z][pid 30692][tid 33260] WARN Status bar theme update skipped: cross-thread window (hwnd=0000000000FD09DC ownerThread=30692)
[2025-11-27T20:40:42.714Z][pid 30692][tid 33260] WARN Status bar subclass skipped: cross-thread window (hwnd=0000000000FD09DC thread=30692)
[2025-11-27T20:40:42.715Z][pid 30692][tid 33260] WARN Status bar theme update skipped: cross-thread window (hwnd=0000000000FD09DC ownerThread=30692)
[2025-11-27T20:40:42.723Z][pid 30692][tid 33260] WARN Status bar subclass skipped: cross-thread window (hwnd=0000000000FD09DC thread=30692)
[2025-11-27T20:40:42.723Z][pid 30692][tid 33260] WARN Status bar theme update skipped: cross-thread window (hwnd=0000000000FD09DC ownerThread=30692)
[2025-11-27T20:40:42.733Z][pid 30692][tid 33260] WARN Status bar subclass skipped: cross-thread window (hwnd=0000000000FD09DC thread=30692)
[2025-11-27T20:40:42.733Z][pid 30692][tid 33260] WARN Status bar theme update skipped: cross-thread window (hwnd=0000000000FD09DC ownerThread=30692)
[2025-11-27T20:40:42.743Z][pid 30692][tid 33260] WARN Status bar subclass skipped: cross-thread window (hwnd=0000000000FD09DC thread=30692)
[2025-11-27T20:40:42.744Z][pid 30692][tid 33260] WARN Status bar theme update skipped: cross-thread window (hwnd=0000000000FD09DC ownerThread=30692)
[2025-11-27T20:40:42.753Z][pid 30692][tid 33260] WARN Status bar subclass skipped: cross-thread window (hwnd=0000000000FD09DC thread=30692)
[2025-11-27T20:40:42.754Z][pid 30692][tid 33260] WARN Status bar theme update skipped: cross-thread window (hwnd=0000000000FD09DC ownerThread=30692)
[2025-11-27T20:40:42.757Z][pid 30692][tid 33260] WARN Status bar subclass skipped: cross-thread window (hwnd=0000000000FD09DC thread=30692)
[2025-11-27T20:40:42.757Z][pid 30692][tid 33260] WARN Status bar theme update skipped: cross-thread window (hwnd=0000000000FD09DC ownerThread=30692)
[2025-11-27T20:40:42.764Z][pid 30692][tid 33260] WARN Status bar subclass skipped: cross-thread window (hwnd=0000000000FD09DC thread=30692)
[2025-11-27T20:40:42.765Z][pid 30692][tid 33260] WARN Status bar theme update skipped: cross-thread window (hwnd=0000000000FD09DC ownerThread=30692)
[2025-11-27T20:40:42.774Z][pid 30692][tid 33260] WARN Status bar subclass skipped: cross-thread window (hwnd=0000000000FD09DC thread=30692)
[2025-11-27T20:40:42.775Z][pid 30692][tid 33260] WARN Status bar theme update skipped: cross-thread window (hwnd=0000000000FD09DC ownerThread=30692)
[2025-11-27T20:40:42.783Z][pid 30692][tid 33260] WARN Status bar subclass skipped: cross-thread window (hwnd=0000000000FD09DC thread=30692)
[2025-11-27T20:40:42.783Z][pid 30692][tid 33260] WARN Status bar theme update skipped: cross-thread window (hwnd=0000000000FD09DC ownerThread=30692)
[2025-11-27T20:40:42.789Z][pid 30692][tid 33260] WARN Status bar subclass skipped: cross-thread window (hwnd=0000000000FD09DC thread=30692)
[2025-11-27T20:40:42.789Z][pid 30692][tid 33260] WARN Status bar theme update skipped: cross-thread window (hwnd=0000000000FD09DC ownerThread=30692)
[2025-11-27T20:40:42.799Z][pid 30692][tid 33260] WARN Status bar subclass skipped: cross-thread window (hwnd=0000000000FD09DC thread=30692)
[2025-11-27T20:40:42.800Z][pid 30692][tid 33260] WARN Status bar theme update skipped: cross-thread window (hwnd=0000000000FD09DC ownerThread=30692)
[2025-11-27T20:40:42.805Z][pid 30692][tid 33260] WARN Status bar subclass skipped: cross-thread window (hwnd=0000000000FD09DC thread=30692)
[2025-11-27T20:40:42.806Z][pid 30692][tid 33260] WARN Status bar theme update skipped: cross-thread window (hwnd=0000000000FD09DC ownerThread=30692)
[2025-11-27T20:40:42.815Z][pid 30692][tid 33260] WARN Status bar subclass skipped: cross-thread window (hwnd=0000000000FD09DC thread=30692)
[2025-11-27T20:40:42.815Z][pid 30692][tid 33260] WARN Status bar theme update skipped: cross-thread window (hwnd=0000000000FD09DC ownerThread=30692)
[2025-11-27T20:40:42.822Z][pid 30692][tid 33260] WARN Status bar subclass skipped: cross-thread window (hwnd=0000000000FD09DC thread=30692)
[2025-11-27T20:40:42.823Z][pid 30692][tid 33260] WARN Status bar theme update skipped: cross-thread window (hwnd=0000000000FD09DC ownerThread=30692)
[2025-11-27T20:40:42.832Z][pid 30692][tid 33260] WARN Status bar subclass skipped: cross-thread window (hwnd=0000000000FD09DC thread=30692)
[2025-11-27T20:40:42.832Z][pid 30692][tid 33260] WARN Status bar theme update skipped: cross-thread window (hwnd=0000000000FD09DC ownerThread=30692)
[2025-11-27T20:40:42.843Z][pid 30692][tid 33260] WARN Status bar subclass skipped: cross-thread window (hwnd=0000000000FD09DC thread=30692)
[2025-11-27T20:40:42.844Z][pid 30692][tid 33260] WARN Status bar theme update skipped: cross-thread window (hwnd=0000000000FD09DC ownerThread=30692)
[2025-11-27T20:40:42.853Z][pid 30692][tid 33260] WARN Status bar subclass skipped: cross-thread window (hwnd=0000000000FD09DC thread=30692)
[2025-11-27T20:40:42.853Z][pid 30692][tid 33260] WARN Status bar theme update skipped: cross-thread window (hwnd=0000000000FD09DC ownerThread=30692)
[2025-11-27T20:40:42.862Z][pid 30692][tid 33260] WARN Status bar subclass skipped: cross-thread window (hwnd=0000000000FD09DC thread=30692)
[2025-11-27T20:40:42.863Z][pid 30692][tid 33260] WARN Status bar theme update skipped: cross-thread window (hwnd=0000000000FD09DC ownerThread=30692)
[2025-11-27T20:40:42.873Z][pid 30692][tid 33260] WARN Status bar subclass skipped: cross-thread window (hwnd=0000000000FD09DC thread=30692)
[2025-11-27T20:40:42.873Z][pid 30692][tid 33260] WARN Status bar theme update skipped: cross-thread window (hwnd=0000000000FD09DC ownerThread=30692)
[2025-11-27T20:40:42.879Z][pid 30692][tid 33260] WARN Status bar subclass skipped: cross-thread window (hwnd=0000000000FD09DC thread=30692)
[2025-11-27T20:40:42.880Z][pid 30692][tid 33260] WARN Status bar theme update skipped: cross-thread window (hwnd=0000000000FD09DC ownerThread=30692)
[2025-11-27T20:40:48.549Z][pid 30692][tid 33260] WARN Status bar subclass skipped: cross-thread window (hwnd=0000000000FD09DC thread=30692)
[2025-11-27T20:40:48.550Z][pid 30692][tid 33260] WARN Status bar theme update skipped: cross-thread window (hwnd=0000000000FD09DC ownerThread=30692)
[2025-11-27T20:40:48.552Z][pid 30692][tid 33260] WARN Status bar subclass skipped: cross-thread window (hwnd=0000000000FD09DC thread=30692)
[2025-11-27T20:40:48.552Z][pid 30692][tid 33260] WARN Status bar theme update skipped: cross-thread window (hwnd=0000000000FD09DC ownerThread=30692)
[2025-11-27T20:40:48.555Z][pid 30692][tid 33260] WARN Status bar subclass skipped: cross-thread window (hwnd=0000000000FD09DC thread=30692)
[2025-11-27T20:40:48.555Z][pid 30692][tid 33260] WARN Status bar theme update skipped: cross-thread window (hwnd=0000000000FD09DC ownerThread=30692)
[2025-11-27T20:40:48.558Z][pid 30692][tid 33260] WARN Status bar subclass skipped: cross-thread window (hwnd=0000000000FD09DC thread=30692)
[2025-11-27T20:40:48.558Z][pid 30692][tid 33260] WARN Status bar theme update skipped: cross-thread window (hwnd=0000000000FD09DC ownerThread=30692)
[2025-11-27T20:40:48.565Z][pid 30692][tid 33260] WARN Status bar subclass skipped: cross-thread window (hwnd=0000000000FD09DC thread=30692)
[2025-11-27T20:40:48.566Z][pid 30692][tid 33260] WARN Status bar theme update skipped: cross-thread window (hwnd=0000000000FD09DC ownerThread=30692)
[2025-11-27T20:40:48.601Z][pid 30692][tid 33260] WARN Status bar subclass skipped: cross-thread window (hwnd=0000000000FD09DC thread=30692)
[2025-11-27T20:40:48.601Z][pid 30692][tid 33260] WARN Status bar theme update skipped: cross-thread window (hwnd=0000000000FD09DC ownerThread=30692)
[2025-11-27T20:40:48.605Z][pid 30692][tid 33260] WARN Status bar subclass skipped: cross-thread window (hwnd=0000000000FD09DC thread=30692)
[2025-11-27T20:40:48.605Z][pid 30692][tid 33260] WARN Status bar theme update skipped: cross-thread window (hwnd=0000000000FD09DC ownerThread=30692)
[2025-11-27T20:40:48.611Z][pid 30692][tid 33260] WARN Status bar subclass skipped: cross-thread window (hwnd=0000000000FD09DC thread=30692)
[2025-11-27T20:40:48.611Z][pid 30692][tid 33260] WARN Status bar theme update skipped: cross-thread window (hwnd=0000000000FD09DC ownerThread=30692)
[2025-11-27T20:40:48.615Z][pid 30692][tid 33260] WARN Status bar subclass skipped: cross-thread window (hwnd=0000000000FD09DC thread=30692)
[2025-11-27T20:40:48.616Z][pid 30692][tid 33260] WARN Status bar theme update skipped: cross-thread window (hwnd=0000000000FD09DC ownerThread=30692)
[2025-11-27T20:40:48.619Z][pid 30692][tid 33260] WARN Status bar subclass skipped: cross-thread window (hwnd=0000000000FD09DC thread=30692)
[2025-11-27T20:40:48.619Z][pid 30692][tid 33260] WARN Status bar theme update skipped: cross-thread window (hwnd=0000000000FD09DC ownerThread=30692)
[2025-11-27T20:40:48.622Z][pid 30692][tid 33260] WARN Status bar subclass skipped: cross-thread window (hwnd=0000000000FD09DC thread=30692)
[2025-11-27T20:40:48.622Z][pid 30692][tid 33260] WARN Status bar theme update skipped: cross-thread window (hwnd=0000000000FD09DC ownerThread=30692)
[2025-11-27T20:40:48.628Z][pid 30692][tid 33260] WARN Status bar subclass skipped: cross-thread window (hwnd=0000000000FD09DC thread=30692)
[2025-11-27T20:40:48.628Z][pid 30692][tid 33260] WARN Status bar theme update skipped: cross-thread window (hwnd=0000000000FD09DC ownerThread=30692)
[2025-11-27T20:40:48.632Z][pid 30692][tid 33260] WARN Status bar subclass skipped: cross-thread window (hwnd=0000000000FD09DC thread=30692)
[2025-11-27T20:40:48.633Z][pid 30692][tid 33260] WARN Status bar theme update skipped: cross-thread window (hwnd=0000000000FD09DC ownerThread=30692)
[2025-11-27T20:40:48.643Z][pid 30692][tid 33260] WARN Status bar subclass skipped: cross-thread window (hwnd=0000000000FD09DC thread=30692)
[2025-11-27T20:40:48.643Z][pid 30692][tid 33260] WARN Status bar theme update skipped: cross-thread window (hwnd=0000000000FD09DC ownerThread=30692)
[2025-11-27T20:40:48.670Z][pid 30692][tid 33260] WARN Status bar subclass skipped: cross-thread window (hwnd=0000000000FD09DC thread=30692)
[2025-11-27T20:40:48.670Z][pid 30692][tid 33260] WARN Status bar theme update skipped: cross-thread window (hwnd=0000000000FD09DC ownerThread=30692)
[2025-11-27T20:40:48.732Z][pid 30692][tid 33260] WARN Status bar subclass skipped: cross-thread window (hwnd=0000000000FD09DC thread=30692)
[2025-11-27T20:40:48.732Z][pid 30692][tid 33260] WARN Status bar theme update skipped: cross-thread window (hwnd=0000000000FD09DC ownerThread=30692)
[2025-11-27T20:40:48.815Z][pid 30692][tid 33260] WARN Status bar subclass skipped: cross-thread window (hwnd=0000000000FD09DC thread=30692)
[2025-11-27T20:40:48.816Z][pid 30692][tid 33260] WARN Status bar theme update skipped: cross-thread window (hwnd=0000000000FD09DC ownerThread=30692)
[2025-11-27T20:40:48.832Z][pid 30692][tid 33260] WARN Status bar subclass skipped: cross-thread window (hwnd=0000000000FD09DC thread=30692)
[2025-11-27T20:40:48.833Z][pid 30692][tid 33260] WARN Status bar theme update skipped: cross-thread window (hwnd=0000000000FD09DC ownerThread=30692)
[2025-11-27T20:40:48.875Z][pid 30692][tid 33260] WARN Status bar subclass skipped: cross-thread window (hwnd=0000000000FD09DC thread=30692)
[2025-11-27T20:40:48.875Z][pid 30692][tid 33260] WARN Status bar theme update skipped: cross-thread window (hwnd=0000000000FD09DC ownerThread=30692)
[2025-11-27T20:40:48.895Z][pid 30692][tid 33260] WARN Status bar subclass skipped: cross-thread window (hwnd=0000000000FD09DC thread=30692)
[2025-11-27T20:40:48.896Z][pid 30692][tid 33260] WARN Status bar theme update skipped: cross-thread window (hwnd=0000000000FD09DC ownerThread=30692)
[2025-11-27T20:40:48.899Z][pid 30692][tid 33260] WARN Status bar subclass skipped: cross-thread window (hwnd=0000000000FD09DC thread=30692)
[2025-11-27T20:40:48.899Z][pid 30692][tid 33260] WARN Status bar theme update skipped: cross-thread window (hwnd=0000000000FD09DC ownerThread=30692)
[2025-11-27T20:40:49.582Z][pid 30692][tid 33260] WARN Status bar subclass skipped: cross-thread window (hwnd=0000000000FD09DC thread=30692)
[2025-11-27T20:40:49.582Z][pid 30692][tid 33260] WARN Status bar theme update skipped: cross-thread window (hwnd=0000000000FD09DC ownerThread=30692)
[2025-11-27T20:40:49.590Z][pid 30692][tid 33260] WARN Status bar subclass skipped: cross-thread window (hwnd=0000000000FD09DC thread=30692)
[2025-11-27T20:40:49.590Z][pid 30692][tid 33260] WARN Status bar theme update skipped: cross-thread window (hwnd=0000000000FD09DC ownerThread=30692)
[2025-11-27T20:40:49.591Z][pid 30692][tid 33260] WARN Status bar subclass skipped: cross-thread window (hwnd=0000000000FD09DC thread=30692)
[2025-11-27T20:40:49.592Z][pid 30692][tid 33260] WARN Status bar theme update skipped: cross-thread window (hwnd=0000000000FD09DC ownerThread=30692)
[2025-11-27T20:40:54.185Z][pid 30692][tid 33260] WARN Status bar subclass skipped: cross-thread window (hwnd=0000000000FD09DC thread=30692)
[2025-11-27T20:40:54.185Z][pid 30692][tid 33260] WARN Status bar theme update skipped: cross-thread window (hwnd=0000000000FD09DC ownerThread=30692)
[2025-11-27T20:40:54.208Z][pid 30692][tid 33260] WARN Status bar subclass skipped: cross-thread window (hwnd=0000000000FD09DC thread=30692)
[2025-11-27T20:40:54.208Z][pid 30692][tid 33260] WARN Status bar theme update skipped: cross-thread window (hwnd=0000000000FD09DC ownerThread=30692)
[2025-11-27T20:40:54.218Z][pid 30692][tid 33260] WARN Status bar subclass skipped: cross-thread window (hwnd=0000000000FD09DC thread=30692)
[2025-11-27T20:40:54.219Z][pid 30692][tid 33260] WARN Status bar theme update skipped: cross-thread window (hwnd=0000000000FD09DC ownerThread=30692)
[2025-11-27T20:40:54.220Z][pid 30692][tid 33260] WARN Status bar subclass skipped: cross-thread window (hwnd=0000000000FD09DC thread=30692)
[2025-11-27T20:40:54.221Z][pid 30692][tid 33260] WARN Status bar theme update skipped: cross-thread window (hwnd=0000000000FD09DC ownerThread=30692)
[2025-11-27T20:40:54.417Z][pid 30692][tid 33260] WARN Status bar subclass skipped: cross-thread window (hwnd=0000000000FD09DC thread=30692)
[2025-11-27T20:40:54.418Z][pid 30692][tid 33260] WARN Status bar theme update skipped: cross-thread window (hwnd=0000000000FD09DC ownerThread=30692)
[2025-11-27T20:40:54.449Z][pid 30692][tid 33260] WARN Status bar subclass skipped: cross-thread window (hwnd=0000000000FD09DC thread=30692)
[2025-11-27T20:40:54.450Z][pid 30692][tid 33260] WARN Status bar theme update skipped: cross-thread window (hwnd=0000000000FD09DC ownerThread=30692)
[2025-11-27T20:40:54.485Z][pid 30692][tid 33260] WARN Status bar subclass skipped: cross-thread window (hwnd=0000000000FD09DC thread=30692)
[2025-11-27T20:40:54.486Z][pid 30692][tid 33260] WARN Status bar theme update skipped: cross-thread window (hwnd=0000000000FD09DC ownerThread=30692)
[2025-11-27T20:40:54.508Z][pid 30692][tid 33260] WARN Status bar subclass skipped: cross-thread window (hwnd=0000000000FD09DC thread=30692)
[2025-11-27T20:40:54.508Z][pid 30692][tid 33260] WARN Status bar theme update skipped: cross-thread window (hwnd=0000000000FD09DC ownerThread=30692)
[2025-11-27T20:40:54.530Z][pid 30692][tid 33260] WARN Status bar subclass skipped: cross-thread window (hwnd=0000000000FD09DC thread=30692)
[2025-11-27T20:40:54.530Z][pid 30692][tid 33260] WARN Status bar theme update skipped: cross-thread window (hwnd=0000000000FD09DC ownerThread=30692)
[2025-11-27T20:40:54.888Z][pid 30692][tid 33260] WARN Status bar subclass skipped: cross-thread window (hwnd=0000000000FD09DC thread=30692)
[2025-11-27T20:40:54.889Z][pid 30692][tid 33260] WARN Status bar theme update skipped: cross-thread window (hwnd=0000000000FD09DC ownerThread=30692)
[2025-11-27T20:40:54.905Z][pid 30692][tid 33260] WARN Status bar subclass skipped: cross-thread window (hwnd=0000000000FD09DC thread=30692)
[2025-11-27T20:40:54.905Z][pid 30692][tid 33260] WARN Status bar theme update skipped: cross-thread window (hwnd=0000000000FD09DC ownerThread=30692)
[2025-11-27T20:40:54.912Z][pid 30692][tid 33260] WARN Status bar subclass skipped: cross-thread window (hwnd=0000000000FD09DC thread=30692)
[2025-11-27T20:40:54.913Z][pid 30692][tid 33260] WARN Status bar theme update skipped: cross-thread window (hwnd=0000000000FD09DC ownerThread=30692)
[2025-11-27T20:40:54.921Z][pid 30692][tid 33260] WARN Status bar subclass skipped: cross-thread window (hwnd=0000000000FD09DC thread=30692)
[2025-11-27T20:40:54.921Z][pid 30692][tid 33260] WARN Status bar theme update skipped: cross-thread window (hwnd=0000000000FD09DC ownerThread=30692)
[2025-11-27T20:40:54.924Z][pid 30692][tid 33260] WARN Status bar subclass skipped: cross-thread window (hwnd=0000000000FD09DC thread=30692)
[2025-11-27T20:40:54.925Z][pid 30692][tid 33260] WARN Status bar theme update skipped: cross-thread window (hwnd=0000000000FD09DC ownerThread=30692)
[2025-11-27T20:40:54.929Z][pid 30692][tid 33260] WARN Status bar subclass skipped: cross-thread window (hwnd=0000000000FD09DC thread=30692)
[2025-11-27T20:40:54.930Z][pid 30692][tid 33260] WARN Status bar theme update skipped: cross-thread window (hwnd=0000000000FD09DC ownerThread=30692)
[2025-11-27T20:40:54.940Z][pid 30692][tid 33260] WARN Status bar subclass skipped: cross-thread window (hwnd=0000000000FD09DC thread=30692)
[2025-11-27T20:40:54.940Z][pid 30692][tid 33260] WARN Status bar theme update skipped: cross-thread window (hwnd=0000000000FD09DC ownerThread=30692)
[2025-11-27T20:40:54.965Z][pid 30692][tid 33260] WARN Status bar subclass skipped: cross-thread window (hwnd=0000000000FD09DC thread=30692)
[2025-11-27T20:40:54.965Z][pid 30692][tid 33260] WARN Status bar theme update skipped: cross-thread window (hwnd=0000000000FD09DC ownerThread=30692)
[2025-11-27T20:40:55.117Z][pid 30692][tid 33260] WARN Status bar subclass skipped: cross-thread window (hwnd=0000000000FD09DC thread=30692)
[2025-11-27T20:40:55.118Z][pid 30692][tid 33260] WARN Status bar theme update skipped: cross-thread window (hwnd=0000000000FD09DC ownerThread=30692)
[2025-11-27T20:40:55.145Z][pid 30692][tid 33260] WARN Status bar subclass skipped: cross-thread window (hwnd=0000000000FD09DC thread=30692)
[2025-11-27T20:40:55.146Z][pid 30692][tid 33260] WARN Status bar theme update skipped: cross-thread window (hwnd=0000000000FD09DC ownerThread=30692)
[2025-11-27T20:40:55.160Z][pid 30692][tid 33260] WARN Status bar subclass skipped: cross-thread window (hwnd=0000000000FD09DC thread=30692)
[2025-11-27T20:40:55.160Z][pid 30692][tid 33260] WARN Status bar theme update skipped: cross-thread window (hwnd=0000000000FD09DC ownerThread=30692)
[2025-11-27T20:40:55.181Z][pid 30692][tid 33260] WARN Status bar subclass skipped: cross-thread window (hwnd=0000000000FD09DC thread=30692)
[2025-11-27T20:40:55.181Z][pid 30692][tid 33260] WARN Status bar theme update skipped: cross-thread window (hwnd=0000000000FD09DC ownerThread=30692)
[2025-11-27T20:40:55.199Z][pid 30692][tid 33260] WARN Status bar subclass skipped: cross-thread window (hwnd=0000000000FD09DC thread=30692)
[2025-11-27T20:40:55.200Z][pid 30692][tid 33260] WARN Status bar theme update skipped: cross-thread window (hwnd=0000000000FD09DC ownerThread=30692)
[2025-11-27T20:40:55.215Z][pid 30692][tid 33260] WARN Status bar subclass skipped: cross-thread window (hwnd=0000000000FD09DC thread=30692)
[2025-11-27T20:40:55.216Z][pid 30692][tid 33260] WARN Status bar theme update skipped: cross-thread window (hwnd=0000000000FD09DC ownerThread=30692)
[2025-11-27T20:40:55.219Z][pid 30692][tid 33260] WARN Status bar subclass skipped: cross-thread window (hwnd=0000000000FD09DC thread=30692)
[2025-11-27T20:40:55.219Z][pid 30692][tid 33260] WARN Status bar theme update skipped: cross-thread window (hwnd=0000000000FD09DC ownerThread=30692)
[2025-11-27T20:40:55.229Z][pid 30692][tid 33260] WARN Status bar subclass skipped: cross-thread window (hwnd=0000000000FD09DC thread=30692)
[2025-11-27T20:40:55.230Z][pid 30692][tid 33260] WARN Status bar theme update skipped: cross-thread window (hwnd=0000000000FD09DC ownerThread=30692)
[2025-11-27T20:40:55.243Z][pid 30692][tid 33260] WARN Status bar subclass skipped: cross-thread window (hwnd=0000000000FD09DC thread=30692)
[2025-11-27T20:40:55.243Z][pid 30692][tid 33260] WARN Status bar theme update skipped: cross-thread window (hwnd=0000000000FD09DC ownerThread=30692)
[2025-11-27T20:40:55.256Z][pid 30692][tid 33260] WARN Status bar subclass skipped: cross-thread window (hwnd=0000000000FD09DC thread=30692)
[2025-11-27T20:40:55.256Z][pid 30692][tid 33260] WARN Status bar theme update skipped: cross-thread window (hwnd=0000000000FD09DC ownerThread=30692)
[2025-11-27T20:40:55.266Z][pid 30692][tid 33260] WARN Status bar subclass skipped: cross-thread window (hwnd=0000000000FD09DC thread=30692)
[2025-11-27T20:40:55.267Z][pid 30692][tid 33260] WARN Status bar theme update skipped: cross-thread window (hwnd=0000000000FD09DC ownerThread=30692)
[2025-11-27T20:40:55.269Z][pid 30692][tid 33260] WARN Status bar subclass skipped: cross-thread window (hwnd=0000000000FD09DC thread=30692)
[2025-11-27T20:40:55.270Z][pid 30692][tid 33260] WARN Status bar theme update skipped: cross-thread window (hwnd=0000000000FD09DC ownerThread=30692)
[2025-11-27T20:40:55.286Z][pid 30692][tid 33260] WARN Status bar subclass skipped: cross-thread window (hwnd=0000000000FD09DC thread=30692)
[2025-11-27T20:40:55.286Z][pid 30692][tid 33260] WARN Status bar theme update skipped: cross-thread window (hwnd=0000000000FD09DC ownerThread=30692)
[2025-11-27T20:40:55.311Z][pid 30692][tid 33260] WARN Status bar subclass skipped: cross-thread window (hwnd=0000000000FD09DC thread=30692)
[2025-11-27T20:40:55.311Z][pid 30692][tid 33260] WARN Status bar theme update skipped: cross-thread window (hwnd=0000000000FD09DC ownerThread=30692)
[2025-11-27T20:40:55.334Z][pid 30692][tid 33260] WARN Status bar subclass skipped: cross-thread window (hwnd=0000000000FD09DC thread=30692)
[2025-11-27T20:40:55.334Z][pid 30692][tid 33260] WARN Status bar theme update skipped: cross-thread window (hwnd=0000000000FD09DC ownerThread=30692)
[2025-11-27T20:40:55.345Z][pid 30692][tid 33260] WARN Status bar subclass skipped: cross-thread window (hwnd=0000000000FD09DC thread=30692)
[2025-11-27T20:40:55.346Z][pid 30692][tid 33260] WARN Status bar theme update skipped: cross-thread window (hwnd=0000000000FD09DC ownerThread=30692)
[2025-11-27T20:40:55.400Z][pid 30692][tid 33260] WARN Status bar subclass skipped: cross-thread window (hwnd=0000000000FD09DC thread=30692)
[2025-11-27T20:40:55.400Z][pid 30692][tid 33260] WARN Status bar theme update skipped: cross-thread window (hwnd=0000000000FD09DC ownerThread=30692)
[2025-11-27T20:40:55.430Z][pid 30692][tid 33260] WARN Status bar subclass skipped: cross-thread window (hwnd=0000000000FD09DC thread=30692)
[2025-11-27T20:40:55.430Z][pid 30692][tid 33260] WARN Status bar theme update skipped: cross-thread window (hwnd=0000000000FD09DC ownerThread=30692)
[2025-11-27T20:40:55.470Z][pid 30692][tid 33260] WARN Status bar subclass skipped: cross-thread window (hwnd=0000000000FD09DC thread=30692)
[2025-11-27T20:40:55.470Z][pid 30692][tid 33260] WARN Status bar theme update skipped: cross-thread window (hwnd=0000000000FD09DC ownerThread=30692)
[2025-11-27T20:40:55.536Z][pid 30692][tid 33260] WARN Status bar subclass skipped: cross-thread window (hwnd=0000000000FD09DC thread=30692)
[2025-11-27T20:40:55.536Z][pid 30692][tid 33260] WARN Status bar theme update skipped: cross-thread window (hwnd=0000000000FD09DC ownerThread=30692)
[2025-11-27T20:40:55.576Z][pid 30692][tid 33260] WARN Status bar subclass skipped: cross-thread window (hwnd=0000000000FD09DC thread=30692)
[2025-11-27T20:40:55.577Z][pid 30692][tid 33260] WARN Status bar theme update skipped: cross-thread window (hwnd=0000000000FD09DC ownerThread=30692)
[2025-11-27T20:40:55.597Z][pid 30692][tid 33260] WARN Status bar subclass skipped: cross-thread window (hwnd=0000000000FD09DC thread=30692)
[2025-11-27T20:40:55.598Z][pid 30692][tid 33260] WARN Status bar theme update skipped: cross-thread window (hwnd=0000000000FD09DC ownerThread=30692)
[2025-11-27T20:40:55.623Z][pid 30692][tid 33260] WARN Status bar subclass skipped: cross-thread window (hwnd=0000000000FD09DC thread=30692)
[2025-11-27T20:40:55.624Z][pid 30692][tid 33260] WARN Status bar theme update skipped: cross-thread window (hwnd=0000000000FD09DC ownerThread=30692)
[2025-11-27T20:40:55.627Z][pid 30692][tid 33260] WARN Status bar subclass skipped: cross-thread window (hwnd=0000000000FD09DC thread=30692)
[2025-11-27T20:40:55.627Z][pid 30692][tid 33260] WARN Status bar theme update skipped: cross-thread window (hwnd=0000000000FD09DC ownerThread=30692)
[2025-11-27T20:40:55.692Z][pid 30692][tid 33260] WARN Status bar subclass skipped: cross-thread window (hwnd=0000000000FD09DC thread=30692)
[2025-11-27T20:40:55.692Z][pid 30692][tid 33260] WARN Status bar theme update skipped: cross-thread window (hwnd=0000000000FD09DC ownerThread=30692)
[2025-11-27T20:40:56.349Z][pid 30692][tid 33260] WARN Status bar subclass skipped: cross-thread window (hwnd=0000000000FD09DC thread=30692)
[2025-11-27T20:40:56.349Z][pid 30692][tid 33260] WARN Status bar theme update skipped: cross-thread window (hwnd=0000000000FD09DC ownerThread=30692)
[2025-11-27T20:40:56.357Z][pid 30692][tid 33260] WARN Status bar subclass skipped: cross-thread window (hwnd=0000000000FD09DC thread=30692)
[2025-11-27T20:40:56.357Z][pid 30692][tid 33260] WARN Status bar theme update skipped: cross-thread window (hwnd=0000000000FD09DC ownerThread=30692)
[2025-11-27T20:40:56.364Z][pid 30692][tid 33260] WARN Status bar subclass skipped: cross-thread window (hwnd=0000000000FD09DC thread=30692)
[2025-11-27T20:40:56.364Z][pid 30692][tid 33260] WARN Status bar theme update skipped: cross-thread window (hwnd=0000000000FD09DC ownerThread=30692)
[2025-11-27T20:40:56.371Z][pid 30692][tid 33260] WARN Status bar subclass skipped: cross-thread window (hwnd=0000000000FD09DC thread=30692)
[2025-11-27T20:40:56.371Z][pid 30692][tid 33260] WARN Status bar theme update skipped: cross-thread window (hwnd=0000000000FD09DC ownerThread=30692)
[2025-11-27T20:40:56.377Z][pid 30692][tid 33260] WARN Status bar subclass skipped: cross-thread window (hwnd=0000000000FD09DC thread=30692)
[2025-11-27T20:40:56.377Z][pid 30692][tid 33260] WARN Status bar theme update skipped: cross-thread window (hwnd=0000000000FD09DC ownerThread=30692)
[2025-11-27T20:40:56.382Z][pid 30692][tid 33260] WARN Status bar subclass skipped: cross-thread window (hwnd=0000000000FD09DC thread=30692)
[2025-11-27T20:40:56.382Z][pid 30692][tid 33260] WARN Status bar theme update skipped: cross-thread window (hwnd=0000000000FD09DC ownerThread=30692)
[2025-11-27T20:40:56.387Z][pid 30692][tid 33260] WARN Status bar subclass skipped: cross-thread window (hwnd=0000000000FD09DC thread=30692)
[2025-11-27T20:40:56.387Z][pid 30692][tid 33260] WARN Status bar theme update skipped: cross-thread window (hwnd=0000000000FD09DC ownerThread=30692)
[2025-11-27T20:40:56.393Z][pid 30692][tid 33260] WARN Status bar subclass skipped: cross-thread window (hwnd=0000000000FD09DC thread=30692)
[2025-11-27T20:40:56.393Z][pid 30692][tid 33260] WARN Status bar theme update skipped: cross-thread window (hwnd=0000000000FD09DC ownerThread=30692)
[2025-11-27T20:40:56.399Z][pid 30692][tid 33260] WARN Status bar subclass skipped: cross-thread window (hwnd=0000000000FD09DC thread=30692)
[2025-11-27T20:40:56.399Z][pid 30692][tid 33260] WARN Status bar theme update skipped: cross-thread window (hwnd=0000000000FD09DC ownerThread=30692)
[2025-11-27T20:40:56.406Z][pid 30692][tid 33260] WARN Status bar subclass skipped: cross-thread window (hwnd=0000000000FD09DC thread=30692)
[2025-11-27T20:40:56.406Z][pid 30692][tid 33260] WARN Status bar theme update skipped: cross-thread window (hwnd=0000000000FD09DC ownerThread=30692)
[2025-11-27T20:40:56.414Z][pid 30692][tid 33260] WARN Status bar subclass skipped: cross-thread window (hwnd=0000000000FD09DC thread=30692)
[2025-11-27T20:40:56.415Z][pid 30692][tid 33260] WARN Status bar theme update skipped: cross-thread window (hwnd=0000000000FD09DC ownerThread=30692)
[2025-11-27T20:40:56.422Z][pid 30692][tid 33260] WARN Status bar subclass skipped: cross-thread window (hwnd=0000000000FD09DC thread=30692)
[2025-11-27T20:40:56.422Z][pid 30692][tid 33260] WARN Status bar theme update skipped: cross-thread window (hwnd=0000000000FD09DC ownerThread=30692)
[2025-11-27T20:40:56.430Z][pid 30692][tid 33260] WARN Status bar subclass skipped: cross-thread window (hwnd=0000000000FD09DC thread=30692)
[2025-11-27T20:40:56.431Z][pid 30692][tid 33260] WARN Status bar theme update skipped: cross-thread window (hwnd=0000000000FD09DC ownerThread=30692)
[2025-11-27T20:40:56.438Z][pid 30692][tid 33260] WARN Status bar subclass skipped: cross-thread window (hwnd=0000000000FD09DC thread=30692)
[2025-11-27T20:40:56.438Z][pid 30692][tid 33260] WARN Status bar theme update skipped: cross-thread window (hwnd=0000000000FD09DC ownerThread=30692)
[2025-11-27T20:40:56.448Z][pid 30692][tid 33260] WARN Status bar subclass skipped: cross-thread window (hwnd=0000000000FD09DC thread=30692)
[2025-11-27T20:40:56.448Z][pid 30692][tid 33260] WARN Status bar theme update skipped: cross-thread window (hwnd=0000000000FD09DC ownerThread=30692)
[2025-11-27T20:40:56.463Z][pid 30692][tid 33260] WARN Status bar subclass skipped: cross-thread window (hwnd=0000000000FD09DC thread=30692)
[2025-11-27T20:40:56.463Z][pid 30692][tid 33260] WARN Status bar theme update skipped: cross-thread window (hwnd=0000000000FD09DC ownerThread=30692)
[2025-11-27T20:40:56.481Z][pid 30692][tid 33260] WARN Status bar subclass skipped: cross-thread window (hwnd=0000000000FD09DC thread=30692)
[2025-11-27T20:40:56.481Z][pid 30692][tid 33260] WARN Status bar theme update skipped: cross-thread window (hwnd=0000000000FD09DC ownerThread=30692)
[2025-11-27T20:40:56.721Z][pid 30692][tid 33260] WARN Status bar subclass skipped: cross-thread window (hwnd=0000000000FD09DC thread=30692)
[2025-11-27T20:40:56.722Z][pid 30692][tid 33260] WARN Status bar theme update skipped: cross-thread window (hwnd=0000000000FD09DC ownerThread=30692)
[2025-11-27T20:40:56.753Z][pid 30692][tid 33260] WARN Status bar subclass skipped: cross-thread window (hwnd=0000000000FD09DC thread=30692)
[2025-11-27T20:40:56.753Z][pid 30692][tid 33260] WARN Status bar theme update skipped: cross-thread window (hwnd=0000000000FD09DC ownerThread=30692)
[2025-11-27T20:40:56.782Z][pid 30692][tid 33260] WARN Status bar subclass skipped: cross-thread window (hwnd=0000000000FD09DC thread=30692)
[2025-11-27T20:40:56.782Z][pid 30692][tid 33260] WARN Status bar theme update skipped: cross-thread window (hwnd=0000000000FD09DC ownerThread=30692)
[2025-11-27T20:40:56.810Z][pid 30692][tid 33260] WARN Status bar subclass skipped: cross-thread window (hwnd=0000000000FD09DC thread=30692)
[2025-11-27T20:40:56.810Z][pid 30692][tid 33260] WARN Status bar theme update skipped: cross-thread window (hwnd=0000000000FD09DC ownerThread=30692)
[2025-11-27T20:40:56.835Z][pid 30692][tid 33260] WARN Status bar subclass skipped: cross-thread window (hwnd=0000000000FD09DC thread=30692)
[2025-11-27T20:40:56.835Z][pid 30692][tid 33260] WARN Status bar theme update skipped: cross-thread window (hwnd=0000000000FD09DC ownerThread=30692)
[2025-11-27T20:40:56.854Z][pid 30692][tid 33260] WARN Status bar subclass skipped: cross-thread window (hwnd=0000000000FD09DC thread=30692)
[2025-11-27T20:40:56.854Z][pid 30692][tid 33260] WARN Status bar theme update skipped: cross-thread window (hwnd=0000000000FD09DC ownerThread=30692)
[2025-11-27T20:40:56.872Z][pid 30692][tid 33260] WARN Status bar subclass skipped: cross-thread window (hwnd=0000000000FD09DC thread=30692)
[2025-11-27T20:40:56.872Z][pid 30692][tid 33260] WARN Status bar theme update skipped: cross-thread window (hwnd=0000000000FD09DC ownerThread=30692)
[2025-11-27T20:40:56.890Z][pid 30692][tid 33260] WARN Status bar subclass skipped: cross-thread window (hwnd=0000000000FD09DC thread=30692)
[2025-11-27T20:40:56.890Z][pid 30692][tid 33260] WARN Status bar theme update skipped: cross-thread window (hwnd=0000000000FD09DC ownerThread=30692)
[2025-11-27T20:40:56.915Z][pid 30692][tid 33260] WARN Status bar subclass skipped: cross-thread window (hwnd=0000000000FD09DC thread=30692)
[2025-11-27T20:40:56.915Z][pid 30692][tid 33260] WARN Status bar theme update skipped: cross-thread window (hwnd=0000000000FD09DC ownerThread=30692)
[2025-11-27T20:40:56.933Z][pid 30692][tid 33260] WARN Status bar subclass skipped: cross-thread window (hwnd=0000000000FD09DC thread=30692)
[2025-11-27T20:40:56.933Z][pid 30692][tid 33260] WARN Status bar theme update skipped: cross-thread window (hwnd=0000000000FD09DC ownerThread=30692)
[2025-11-27T20:40:56.948Z][pid 30692][tid 33260] WARN Status bar subclass skipped: cross-thread window (hwnd=0000000000FD09DC thread=30692)
[2025-11-27T20:40:56.948Z][pid 30692][tid 33260] WARN Status bar theme update skipped: cross-thread window (hwnd=0000000000FD09DC ownerThread=30692)
[2025-11-27T20:40:56.966Z][pid 30692][tid 33260] WARN Status bar subclass skipped: cross-thread window (hwnd=0000000000FD09DC thread=30692)
[2025-11-27T20:40:56.966Z][pid 30692][tid 33260] WARN Status bar theme update skipped: cross-thread window (hwnd=0000000000FD09DC ownerThread=30692)
[2025-11-27T20:40:56.985Z][pid 30692][tid 33260] WARN Status bar subclass skipped: cross-thread window (hwnd=0000000000FD09DC thread=30692)
[2025-11-27T20:40:56.985Z][pid 30692][tid 33260] WARN Status bar theme update skipped: cross-thread window (hwnd=0000000000FD09DC ownerThread=30692)
[2025-11-27T20:40:57.042Z][pid 30692][tid 33260] WARN Status bar subclass skipped: cross-thread window (hwnd=0000000000FD09DC thread=30692)
[2025-11-27T20:40:57.043Z][pid 30692][tid 33260] WARN Status bar theme update skipped: cross-thread window (hwnd=0000000000FD09DC ownerThread=30692)
[2025-11-27T20:40:57.169Z][pid 30692][tid 33260] WARN Status bar subclass skipped: cross-thread window (hwnd=0000000000FD09DC thread=30692)
[2025-11-27T20:40:57.169Z][pid 30692][tid 33260] WARN Status bar theme update skipped: cross-thread window (hwnd=0000000000FD09DC ownerThread=30692)
[2025-11-27T20:40:57.214Z][pid 30692][tid 33260] WARN Status bar subclass skipped: cross-thread window (hwnd=0000000000FD09DC thread=30692)
[2025-11-27T20:40:57.214Z][pid 30692][tid 33260] WARN Status bar theme update skipped: cross-thread window (hwnd=0000000000FD09DC ownerThread=30692)
[2025-11-27T20:40:57.237Z][pid 30692][tid 33260] WARN Status bar subclass skipped: cross-thread window (hwnd=0000000000FD09DC thread=30692)
[2025-11-27T20:40:57.237Z][pid 30692][tid 33260] WARN Status bar theme update skipped: cross-thread window (hwnd=0000000000FD09DC ownerThread=30692)
[2025-11-27T20:40:57.336Z][pid 30692][tid 33260] WARN Status bar subclass skipped: cross-thread window (hwnd=0000000000FD09DC thread=30692)
[2025-11-27T20:40:57.337Z][pid 30692][tid 33260] WARN Status bar theme update skipped: cross-thread window (hwnd=0000000000FD09DC ownerThread=30692)
[2025-11-27T20:40:57.357Z][pid 30692][tid 33260] WARN Status bar subclass skipped: cross-thread window (hwnd=0000000000FD09DC thread=30692)
[2025-11-27T20:40:57.358Z][pid 30692][tid 33260] WARN Status bar theme update skipped: cross-thread window (hwnd=0000000000FD09DC ownerThread=30692)
[2025-11-27T20:40:57.391Z][pid 30692][tid 33260] WARN Status bar subclass skipped: cross-thread window (hwnd=0000000000FD09DC thread=30692)
[2025-11-27T20:40:57.391Z][pid 30692][tid 33260] WARN Status bar theme update skipped: cross-thread window (hwnd=0000000000FD09DC ownerThread=30692)
[2025-11-27T20:40:57.440Z][pid 30692][tid 33260] WARN Status bar subclass skipped: cross-thread window (hwnd=0000000000FD09DC thread=30692)
[2025-11-27T20:40:57.440Z][pid 30692][tid 33260] WARN Status bar theme update skipped: cross-thread window (hwnd=0000000000FD09DC ownerThread=30692)
[2025-11-27T20:40:57.477Z][pid 30692][tid 33260] WARN Status bar subclass skipped: cross-thread window (hwnd=0000000000FD09DC thread=30692)
[2025-11-27T20:40:57.477Z][pid 30692][tid 33260] WARN Status bar theme update skipped: cross-thread window (hwnd=0000000000FD09DC ownerThread=30692)
[2025-11-27T20:40:58.059Z][pid 30692][tid 33260] WARN Status bar subclass skipped: cross-thread window (hwnd=0000000000FD09DC thread=30692)
[2025-11-27T20:40:58.059Z][pid 30692][tid 33260] WARN Status bar theme update skipped: cross-thread window (hwnd=0000000000FD09DC ownerThread=30692)
[2025-11-27T20:40:58.102Z][pid 30692][tid 33260] WARN Status bar subclass skipped: cross-thread window (hwnd=0000000000FD09DC thread=30692)
[2025-11-27T20:40:58.103Z][pid 30692][tid 33260] WARN Status bar theme update skipped: cross-thread window (hwnd=0000000000FD09DC ownerThread=30692)
[2025-11-27T20:40:58.198Z][pid 30692][tid 33260] WARN Status bar subclass skipped: cross-thread window (hwnd=0000000000FD09DC thread=30692)
[2025-11-27T20:40:58.199Z][pid 30692][tid 33260] WARN Status bar theme update skipped: cross-thread window (hwnd=0000000000FD09DC ownerThread=30692)
[2025-11-27T20:40:58.245Z][pid 30692][tid 33260] WARN Status bar subclass skipped: cross-thread window (hwnd=0000000000FD09DC thread=30692)
[2025-11-27T20:40:58.246Z][pid 30692][tid 33260] WARN Status bar theme update skipped: cross-thread window (hwnd=0000000000FD09DC ownerThread=30692)
[2025-11-27T20:40:58.248Z][pid 30692][tid 33260] WARN Status bar subclass skipped: cross-thread window (hwnd=0000000000FD09DC thread=30692)
[2025-11-27T20:40:58.248Z][pid 30692][tid 33260] WARN Status bar theme update skipped: cross-thread window (hwnd=0000000000FD09DC ownerThread=30692)
[2025-11-27T20:40:58.267Z][pid 30692][tid 33260] WARN Status bar subclass skipped: cross-thread window (hwnd=0000000000FD09DC thread=30692)
[2025-11-27T20:40:58.267Z][pid 30692][tid 33260] WARN Status bar theme update skipped: cross-thread window (hwnd=0000000000FD09DC ownerThread=30692)
[2025-11-27T20:40:58.725Z][pid 30692][tid 33260] WARN Status bar subclass skipped: cross-thread window (hwnd=0000000000FD09DC thread=30692)
[2025-11-27T20:40:58.725Z][pid 30692][tid 33260] WARN Status bar theme update skipped: cross-thread window (hwnd=0000000000FD09DC ownerThread=30692)
[2025-11-27T20:40:58.738Z][pid 30692][tid 33260] WARN Status bar subclass skipped: cross-thread window (hwnd=0000000000FD09DC thread=30692)
[2025-11-27T20:40:58.738Z][pid 30692][tid 33260] WARN Status bar theme update skipped: cross-thread window (hwnd=0000000000FD09DC ownerThread=30692)
[2025-11-27T20:40:58.755Z][pid 30692][tid 33260] WARN Status bar subclass skipped: cross-thread window (hwnd=0000000000FD09DC thread=30692)
[2025-11-27T20:40:58.756Z][pid 30692][tid 33260] WARN Status bar theme update skipped: cross-thread window (hwnd=0000000000FD09DC ownerThread=30692)
[2025-11-27T20:40:58.770Z][pid 30692][tid 33260] WARN Status bar subclass skipped: cross-thread window (hwnd=0000000000FD09DC thread=30692)
[2025-11-27T20:40:58.770Z][pid 30692][tid 33260] WARN Status bar theme update skipped: cross-thread window (hwnd=0000000000FD09DC ownerThread=30692)
[2025-11-27T20:40:58.779Z][pid 30692][tid 33260] WARN Status bar subclass skipped: cross-thread window (hwnd=0000000000FD09DC thread=30692)
[2025-11-27T20:40:58.780Z][pid 30692][tid 33260] WARN Status bar theme update skipped: cross-thread window (hwnd=0000000000FD09DC ownerThread=30692)
[2025-11-27T20:40:58.786Z][pid 30692][tid 33260] WARN Status bar subclass skipped: cross-thread window (hwnd=0000000000FD09DC thread=30692)
[2025-11-27T20:40:58.786Z][pid 30692][tid 33260] WARN Status bar theme update skipped: cross-thread window (hwnd=0000000000FD09DC ownerThread=30692)
[2025-11-27T20:40:58.788Z][pid 30692][tid 33260] WARN Status bar subclass skipped: cross-thread window (hwnd=0000000000FD09DC thread=30692)
[2025-11-27T20:40:58.789Z][pid 30692][tid 33260] WARN Status bar theme update skipped: cross-thread window (hwnd=0000000000FD09DC ownerThread=30692)
[2025-11-27T20:40:58.796Z][pid 30692][tid 33260] WARN Status bar subclass skipped: cross-thread window (hwnd=0000000000FD09DC thread=30692)
[2025-11-27T20:40:58.797Z][pid 30692][tid 33260] WARN Status bar theme update skipped: cross-thread window (hwnd=0000000000FD09DC ownerThread=30692)
[2025-11-27T20:40:58.804Z][pid 30692][tid 33260] WARN Status bar subclass skipped: cross-thread window (hwnd=0000000000FD09DC thread=30692)
[2025-11-27T20:40:58.804Z][pid 30692][tid 33260] WARN Status bar theme update skipped: cross-thread window (hwnd=0000000000FD09DC ownerThread=30692)
[2025-11-27T20:40:58.811Z][pid 30692][tid 33260] WARN Status bar subclass skipped: cross-thread window (hwnd=0000000000FD09DC thread=30692)
[2025-11-27T20:40:58.811Z][pid 30692][tid 33260] WARN Status bar theme update skipped: cross-thread window (hwnd=0000000000FD09DC ownerThread=30692)
[2025-11-27T20:40:58.818Z][pid 30692][tid 33260] WARN Status bar subclass skipped: cross-thread window (hwnd=0000000000FD09DC thread=30692)
[2025-11-27T20:40:58.818Z][pid 30692][tid 33260] WARN Status bar theme update skipped: cross-thread window (hwnd=0000000000FD09DC ownerThread=30692)
[2025-11-27T20:40:58.824Z][pid 30692][tid 33260] WARN Status bar subclass skipped: cross-thread window (hwnd=0000000000FD09DC thread=30692)
[2025-11-27T20:40:58.824Z][pid 30692][tid 33260] WARN Status bar theme update skipped: cross-thread window (hwnd=0000000000FD09DC ownerThread=30692)
[2025-11-27T20:40:58.831Z][pid 30692][tid 33260] WARN Status bar subclass skipped: cross-thread window (hwnd=0000000000FD09DC thread=30692)
[2025-11-27T20:40:58.831Z][pid 30692][tid 33260] WARN Status bar theme update skipped: cross-thread window (hwnd=0000000000FD09DC ownerThread=30692)
[2025-11-27T20:40:58.838Z][pid 30692][tid 33260] WARN Status bar subclass skipped: cross-thread window (hwnd=0000000000FD09DC thread=30692)
[2025-11-27T20:40:58.839Z][pid 30692][tid 33260] WARN Status bar theme update skipped: cross-thread window (hwnd=0000000000FD09DC ownerThread=30692)
[2025-11-27T20:40:58.847Z][pid 30692][tid 33260] WARN Status bar subclass skipped: cross-thread window (hwnd=0000000000FD09DC thread=30692)
[2025-11-27T20:40:58.847Z][pid 30692][tid 33260] WARN Status bar theme update skipped: cross-thread window (hwnd=0000000000FD09DC ownerThread=30692)
[2025-11-27T20:40:58.856Z][pid 30692][tid 33260] WARN Status bar subclass skipped: cross-thread window (hwnd=0000000000FD09DC thread=30692)
[2025-11-27T20:40:58.856Z][pid 30692][tid 33260] WARN Status bar theme update skipped: cross-thread window (hwnd=0000000000FD09DC ownerThread=30692)
[2025-11-27T20:40:58.870Z][pid 30692][tid 33260] WARN Status bar subclass skipped: cross-thread window (hwnd=0000000000FD09DC thread=30692)
[2025-11-27T20:40:58.870Z][pid 30692][tid 33260] WARN Status bar theme update skipped: cross-thread window (hwnd=0000000000FD09DC ownerThread=30692)
[2025-11-27T20:40:58.902Z][pid 30692][tid 33260] WARN Status bar subclass skipped: cross-thread window (hwnd=0000000000FD09DC thread=30692)
[2025-11-27T20:40:58.903Z][pid 30692][tid 33260] WARN Status bar theme update skipped: cross-thread window (hwnd=0000000000FD09DC ownerThread=30692)
[2025-11-27T20:40:59.036Z][pid 30692][tid 33260] WARN Status bar subclass skipped: cross-thread window (hwnd=0000000000FD09DC thread=30692)
[2025-11-27T20:40:59.037Z][pid 30692][tid 33260] WARN Status bar theme update skipped: cross-thread window (hwnd=0000000000FD09DC ownerThread=30692)
[2025-11-27T20:40:59.180Z][pid 30692][tid 33260] WARN Status bar subclass skipped: cross-thread window (hwnd=0000000000FD09DC thread=30692)
[2025-11-27T20:40:59.180Z][pid 30692][tid 33260] WARN Status bar theme update skipped: cross-thread window (hwnd=0000000000FD09DC ownerThread=30692)
[2025-11-27T20:40:59.208Z][pid 30692][tid 33260] WARN Status bar subclass skipped: cross-thread window (hwnd=0000000000FD09DC thread=30692)
[2025-11-27T20:40:59.208Z][pid 30692][tid 33260] WARN Status bar theme update skipped: cross-thread window (hwnd=0000000000FD09DC ownerThread=30692)
[2025-11-27T20:40:59.256Z][pid 30692][tid 33260] WARN Status bar subclass skipped: cross-thread window (hwnd=0000000000FD09DC thread=30692)
[2025-11-27T20:40:59.256Z][pid 30692][tid 33260] WARN Status bar theme update skipped: cross-thread window (hwnd=0000000000FD09DC ownerThread=30692)
[2025-11-27T20:40:59.269Z][pid 30692][tid 33260] WARN Status bar subclass skipped: cross-thread window (hwnd=0000000000FD09DC thread=30692)
[2025-11-27T20:40:59.269Z][pid 30692][tid 33260] WARN Status bar theme update skipped: cross-thread window (hwnd=0000000000FD09DC ownerThread=30692)
[2025-11-27T20:40:59.279Z][pid 30692][tid 33260] WARN Status bar subclass skipped: cross-thread window (hwnd=0000000000FD09DC thread=30692)
[2025-11-27T20:40:59.279Z][pid 30692][tid 33260] WARN Status bar theme update skipped: cross-thread window (hwnd=0000000000FD09DC ownerThread=30692)
[2025-11-27T20:40:59.284Z][pid 30692][tid 33260] WARN Status bar subclass skipped: cross-thread window (hwnd=0000000000FD09DC thread=30692)
[2025-11-27T20:40:59.285Z][pid 30692][tid 33260] WARN Status bar theme update skipped: cross-thread window (hwnd=0000000000FD09DC ownerThread=30692)
[2025-11-27T20:40:59.294Z][pid 30692][tid 33260] WARN Status bar subclass skipped: cross-thread window (hwnd=0000000000FD09DC thread=30692)
[2025-11-27T20:40:59.294Z][pid 30692][tid 33260] WARN Status bar theme update skipped: cross-thread window (hwnd=0000000000FD09DC ownerThread=30692)
[2025-11-27T20:40:59.463Z][pid 30692][tid 33260] WARN Status bar subclass skipped: cross-thread window (hwnd=0000000000FD09DC thread=30692)
[2025-11-27T20:40:59.463Z][pid 30692][tid 33260] WARN Status bar theme update skipped: cross-thread window (hwnd=0000000000FD09DC ownerThread=30692)
[2025-11-27T20:40:59.561Z][pid 30692][tid 33260] WARN Status bar subclass skipped: cross-thread window (hwnd=0000000000FD09DC thread=30692)
[2025-11-27T20:40:59.561Z][pid 30692][tid 33260] WARN Status bar theme update skipped: cross-thread window (hwnd=0000000000FD09DC ownerThread=30692)
[2025-11-27T20:40:59.574Z][pid 30692][tid 33260] WARN Status bar subclass skipped: cross-thread window (hwnd=0000000000FD09DC thread=30692)
[2025-11-27T20:40:59.574Z][pid 30692][tid 33260] WARN Status bar theme update skipped: cross-thread window (hwnd=0000000000FD09DC ownerThread=30692)
[2025-11-27T20:40:59.587Z][pid 30692][tid 33260] WARN Status bar subclass skipped: cross-thread window (hwnd=0000000000FD09DC thread=30692)
[2025-11-27T20:40:59.588Z][pid 30692][tid 33260] WARN Status bar theme update skipped: cross-thread window (hwnd=0000000000FD09DC ownerThread=30692)
[2025-11-27T20:40:59.597Z][pid 30692][tid 33260] WARN Status bar subclass skipped: cross-thread window (hwnd=0000000000FD09DC thread=30692)
[2025-11-27T20:40:59.598Z][pid 30692][tid 33260] WARN Status bar theme update skipped: cross-thread window (hwnd=0000000000FD09DC ownerThread=30692)
[2025-11-27T20:40:59.609Z][pid 30692][tid 33260] WARN Status bar subclass skipped: cross-thread window (hwnd=0000000000FD09DC thread=30692)
[2025-11-27T20:40:59.610Z][pid 30692][tid 33260] WARN Status bar theme update skipped: cross-thread window (hwnd=0000000000FD09DC ownerThread=30692)
[2025-11-27T20:40:59.621Z][pid 30692][tid 33260] WARN Status bar subclass skipped: cross-thread window (hwnd=0000000000FD09DC thread=30692)
[2025-11-27T20:40:59.621Z][pid 30692][tid 33260] WARN Status bar theme update skipped: cross-thread window (hwnd=0000000000FD09DC ownerThread=30692)
[2025-11-27T20:40:59.634Z][pid 30692][tid 33260] WARN Status bar subclass skipped: cross-thread window (hwnd=0000000000FD09DC thread=30692)
[2025-11-27T20:40:59.634Z][pid 30692][tid 33260] WARN Status bar theme update skipped: cross-thread window (hwnd=0000000000FD09DC ownerThread=30692)
[2025-11-27T20:40:59.650Z][pid 30692][tid 33260] WARN Status bar subclass skipped: cross-thread window (hwnd=0000000000FD09DC thread=30692)
[2025-11-27T20:40:59.651Z][pid 30692][tid 33260] WARN Status bar theme update skipped: cross-thread window (hwnd=0000000000FD09DC ownerThread=30692)
[2025-11-27T20:40:59.670Z][pid 30692][tid 33260] WARN Status bar subclass skipped: cross-thread window (hwnd=0000000000FD09DC thread=30692)
[2025-11-27T20:40:59.671Z][pid 30692][tid 33260] WARN Status bar theme update skipped: cross-thread window (hwnd=0000000000FD09DC ownerThread=30692)
[2025-11-27T20:40:59.767Z][pid 30692][tid 33260] WARN Status bar subclass skipped: cross-thread window (hwnd=0000000000FD09DC thread=30692)
[2025-11-27T20:40:59.768Z][pid 30692][tid 33260] WARN Status bar theme update skipped: cross-thread window (hwnd=0000000000FD09DC ownerThread=30692)
[2025-11-27T20:40:59.819Z][pid 30692][tid 33260] WARN Status bar subclass skipped: cross-thread window (hwnd=0000000000FD09DC thread=30692)
[2025-11-27T20:40:59.819Z][pid 30692][tid 33260] WARN Status bar theme update skipped: cross-thread window (hwnd=0000000000FD09DC ownerThread=30692)
[2025-11-27T20:40:59.857Z][pid 30692][tid 33260] WARN Status bar subclass skipped: cross-thread window (hwnd=0000000000FD09DC thread=30692)
[2025-11-27T20:40:59.857Z][pid 30692][tid 33260] WARN Status bar theme update skipped: cross-thread window (hwnd=0000000000FD09DC ownerThread=30692)
[2025-11-27T20:40:59.973Z][pid 30692][tid 33260] WARN Status bar subclass skipped: cross-thread window (hwnd=0000000000FD09DC thread=30692)
[2025-11-27T20:40:59.973Z][pid 30692][tid 33260] WARN Status bar theme update skipped: cross-thread window (hwnd=0000000000FD09DC ownerThread=30692)
[2025-11-27T20:40:59.981Z][pid 30692][tid 33260] WARN Status bar subclass skipped: cross-thread window (hwnd=0000000000FD09DC thread=30692)
[2025-11-27T20:40:59.982Z][pid 30692][tid 33260] WARN Status bar theme update skipped: cross-thread window (hwnd=0000000000FD09DC ownerThread=30692)
[2025-11-27T20:40:59.987Z][pid 30692][tid 33260] WARN Status bar subclass skipped: cross-thread window (hwnd=0000000000FD09DC thread=30692)
[2025-11-27T20:40:59.987Z][pid 30692][tid 33260] WARN Status bar theme update skipped: cross-thread window (hwnd=0000000000FD09DC ownerThread=30692)
[2025-11-27T20:40:59.990Z][pid 30692][tid 33260] WARN Status bar subclass skipped: cross-thread window (hwnd=0000000000FD09DC thread=30692)
[2025-11-27T20:40:59.991Z][pid 30692][tid 33260] WARN Status bar theme update skipped: cross-thread window (hwnd=0000000000FD09DC ownerThread=30692)
[2025-11-27T20:41:01.575Z][pid 30692][tid 33260] WARN Status bar subclass skipped: cross-thread window (hwnd=0000000000FD09DC thread=30692)
[2025-11-27T20:41:01.575Z][pid 30692][tid 33260] WARN Status bar theme update skipped: cross-thread window (hwnd=0000000000FD09DC ownerThread=30692)
[2025-11-27T20:41:01.578Z][pid 30692][tid 33260] WARN Status bar subclass skipped: cross-thread window (hwnd=0000000000FD09DC thread=30692)
[2025-11-27T20:41:01.578Z][pid 30692][tid 33260] WARN Status bar theme update skipped: cross-thread window (hwnd=0000000000FD09DC ownerThread=30692)
[2025-11-27T20:41:01.585Z][pid 30692][tid 33260] WARN Status bar subclass skipped: cross-thread window (hwnd=0000000000FD09DC thread=30692)
[2025-11-27T20:41:01.586Z][pid 30692][tid 33260] WARN Status bar theme update skipped: cross-thread window (hwnd=0000000000FD09DC ownerThread=30692)
[2025-11-27T20:41:01.589Z][pid 30692][tid 33260] WARN Status bar subclass skipped: cross-thread window (hwnd=0000000000FD09DC thread=30692)
[2025-11-27T20:41:01.589Z][pid 30692][tid 33260] WARN Status bar theme update skipped: cross-thread window (hwnd=0000000000FD09DC ownerThread=30692)
[2025-11-27T20:41:01.616Z][pid 30692][tid 33260] WARN Status bar subclass skipped: cross-thread window (hwnd=0000000000FD09DC thread=30692)
[2025-11-27T20:41:01.617Z][pid 30692][tid 33260] WARN Status bar theme update skipped: cross-thread window (hwnd=0000000000FD09DC ownerThread=30692)
[2025-11-27T20:41:01.635Z][pid 30692][tid 33260] WARN Status bar subclass skipped: cross-thread window (hwnd=0000000000FD09DC thread=30692)
[2025-11-27T20:41:01.635Z][pid 30692][tid 33260] WARN Status bar theme update skipped: cross-thread window (hwnd=0000000000FD09DC ownerThread=30692)
[2025-11-27T20:41:01.657Z][pid 30692][tid 33260] WARN Status bar subclass skipped: cross-thread window (hwnd=0000000000FD09DC thread=30692)
[2025-11-27T20:41:01.658Z][pid 30692][tid 33260] WARN Status bar theme update skipped: cross-thread window (hwnd=0000000000FD09DC ownerThread=30692)
[2025-11-27T20:41:01.792Z][pid 30692][tid 33260] WARN Status bar subclass skipped: cross-thread window (hwnd=0000000000FD09DC thread=30692)
[2025-11-27T20:41:01.792Z][pid 30692][tid 33260] WARN Status bar theme update skipped: cross-thread window (hwnd=0000000000FD09DC ownerThread=30692)
[2025-11-27T20:41:01.845Z][pid 30692][tid 33260] WARN Status bar subclass skipped: cross-thread window (hwnd=0000000000FD09DC thread=30692)
[2025-11-27T20:41:01.845Z][pid 30692][tid 33260] WARN Status bar theme update skipped: cross-thread window (hwnd=0000000000FD09DC ownerThread=30692)
[2025-11-27T20:41:01.920Z][pid 30692][tid 33260] WARN Status bar subclass skipped: cross-thread window (hwnd=0000000000FD09DC thread=30692)
[2025-11-27T20:41:01.920Z][pid 30692][tid 33260] WARN Status bar theme update skipped: cross-thread window (hwnd=0000000000FD09DC ownerThread=30692)
[2025-11-27T20:41:01.932Z][pid 30692][tid 33260] WARN Status bar subclass skipped: cross-thread window (hwnd=0000000000FD09DC thread=30692)
[2025-11-27T20:41:01.933Z][pid 30692][tid 33260] WARN Status bar theme update skipped: cross-thread window (hwnd=0000000000FD09DC ownerThread=30692)
[2025-11-27T20:41:02.086Z][pid 30692][tid 33260] WARN Status bar subclass skipped: cross-thread window (hwnd=0000000000FD09DC thread=30692)
[2025-11-27T20:41:02.086Z][pid 30692][tid 33260] WARN Status bar theme update skipped: cross-thread window (hwnd=0000000000FD09DC ownerThread=30692)
[2025-11-27T20:41:02.106Z][pid 30692][tid 33260] WARN Status bar subclass skipped: cross-thread window (hwnd=0000000000FD09DC thread=30692)
[2025-11-27T20:41:02.106Z][pid 30692][tid 33260] WARN Status bar theme update skipped: cross-thread window (hwnd=0000000000FD09DC ownerThread=30692)
[2025-11-27T20:41:02.358Z][pid 30692][tid 33260] WARN Status bar subclass skipped: cross-thread window (hwnd=0000000000FD09DC thread=30692)
[2025-11-27T20:41:02.358Z][pid 30692][tid 33260] WARN Status bar theme update skipped: cross-thread window (hwnd=0000000000FD09DC ownerThread=30692)
[2025-11-27T20:41:02.381Z][pid 30692][tid 33260] WARN Status bar subclass skipped: cross-thread window (hwnd=0000000000FD09DC thread=30692)
[2025-11-27T20:41:02.381Z][pid 30692][tid 33260] WARN Status bar theme update skipped: cross-thread window (hwnd=0000000000FD09DC ownerThread=30692)
[2025-11-27T20:41:02.433Z][pid 30692][tid 33260] WARN Status bar subclass skipped: cross-thread window (hwnd=0000000000FD09DC thread=30692)
[2025-11-27T20:41:02.434Z][pid 30692][tid 33260] WARN Status bar theme update skipped: cross-thread window (hwnd=0000000000FD09DC ownerThread=30692)
[2025-11-27T20:41:02.451Z][pid 30692][tid 33260] WARN Status bar subclass skipped: cross-thread window (hwnd=0000000000FD09DC thread=30692)
[2025-11-27T20:41:02.452Z][pid 30692][tid 33260] WARN Status bar theme update skipped: cross-thread window (hwnd=0000000000FD09DC ownerThread=30692)
[2025-11-27T20:41:02.462Z][pid 30692][tid 33260] WARN Status bar subclass skipped: cross-thread window (hwnd=0000000000FD09DC thread=30692)
[2025-11-27T20:41:02.463Z][pid 30692][tid 33260] WARN Status bar theme update skipped: cross-thread window (hwnd=0000000000FD09DC ownerThread=30692)
[2025-11-27T20:41:02.478Z][pid 30692][tid 33260] WARN Status bar subclass skipped: cross-thread window (hwnd=0000000000FD09DC thread=30692)
[2025-11-27T20:41:02.478Z][pid 30692][tid 33260] WARN Status bar theme update skipped: cross-thread window (hwnd=0000000000FD09DC ownerThread=30692)
[2025-11-27T20:41:02.561Z][pid 30692][tid 33260] WARN Status bar subclass skipped: cross-thread window (hwnd=0000000000FD09DC thread=30692)
[2025-11-27T20:41:02.562Z][pid 30692][tid 33260] WARN Status bar theme update skipped: cross-thread window (hwnd=0000000000FD09DC ownerThread=30692)
[2025-11-27T20:41:03.053Z][pid 30692][tid 33260] WARN Status bar subclass skipped: cross-thread window (hwnd=0000000000FD09DC thread=30692)
[2025-11-27T20:41:03.053Z][pid 30692][tid 33260] WARN Status bar theme update skipped: cross-thread window (hwnd=0000000000FD09DC ownerThread=30692)
[2025-11-27T20:41:03.061Z][pid 30692][tid 33260] WARN Status bar subclass skipped: cross-thread window (hwnd=0000000000FD09DC thread=30692)
[2025-11-27T20:41:03.062Z][pid 30692][tid 33260] WARN Status bar theme update skipped: cross-thread window (hwnd=0000000000FD09DC ownerThread=30692)
[2025-11-27T20:41:03.067Z][pid 30692][tid 33260] WARN Status bar subclass skipped: cross-thread window (hwnd=0000000000FD09DC thread=30692)
[2025-11-27T20:41:03.068Z][pid 30692][tid 33260] WARN Status bar theme update skipped: cross-thread window (hwnd=0000000000FD09DC ownerThread=30692)
[2025-11-27T20:41:03.079Z][pid 30692][tid 33260] WARN Status bar subclass skipped: cross-thread window (hwnd=0000000000FD09DC thread=30692)
[2025-11-27T20:41:03.079Z][pid 30692][tid 33260] WARN Status bar theme update skipped: cross-thread window (hwnd=0000000000FD09DC ownerThread=30692)
[2025-11-27T20:41:03.090Z][pid 30692][tid 33260] WARN Status bar subclass skipped: cross-thread window (hwnd=0000000000FD09DC thread=30692)
[2025-11-27T20:41:03.091Z][pid 30692][tid 33260] WARN Status bar theme update skipped: cross-thread window (hwnd=0000000000FD09DC ownerThread=30692)
[2025-11-27T20:41:03.106Z][pid 30692][tid 33260] WARN Status bar subclass skipped: cross-thread window (hwnd=0000000000FD09DC thread=30692)
[2025-11-27T20:41:03.106Z][pid 30692][tid 33260] WARN Status bar theme update skipped: cross-thread window (hwnd=0000000000FD09DC ownerThread=30692)
[2025-11-27T20:41:03.110Z][pid 30692][tid 33260] WARN Status bar subclass skipped: cross-thread window (hwnd=0000000000FD09DC thread=30692)
[2025-11-27T20:41:03.110Z][pid 30692][tid 33260] WARN Status bar theme update skipped: cross-thread window (hwnd=0000000000FD09DC ownerThread=30692)
[2025-11-27T20:41:03.117Z][pid 30692][tid 33260] WARN Status bar subclass skipped: cross-thread window (hwnd=0000000000FD09DC thread=30692)
[2025-11-27T20:41:03.117Z][pid 30692][tid 33260] WARN Status bar theme update skipped: cross-thread window (hwnd=0000000000FD09DC ownerThread=30692)
[2025-11-27T20:41:03.127Z][pid 30692][tid 33260] WARN Status bar subclass skipped: cross-thread window (hwnd=0000000000FD09DC thread=30692)
[2025-11-27T20:41:03.128Z][pid 30692][tid 33260] WARN Status bar theme update skipped: cross-thread window (hwnd=0000000000FD09DC ownerThread=30692)
[2025-11-27T20:41:03.133Z][pid 30692][tid 33260] WARN Status bar subclass skipped: cross-thread window (hwnd=0000000000FD09DC thread=30692)
[2025-11-27T20:41:03.134Z][pid 30692][tid 33260] WARN Status bar theme update skipped: cross-thread window (hwnd=0000000000FD09DC ownerThread=30692)
[2025-11-27T20:41:03.139Z][pid 30692][tid 33260] WARN Status bar subclass skipped: cross-thread window (hwnd=0000000000FD09DC thread=30692)
[2025-11-27T20:41:03.139Z][pid 30692][tid 33260] WARN Status bar theme update skipped: cross-thread window (hwnd=0000000000FD09DC ownerThread=30692)
[2025-11-27T20:41:03.145Z][pid 30692][tid 33260] WARN Status bar subclass skipped: cross-thread window (hwnd=0000000000FD09DC thread=30692)
[2025-11-27T20:41:03.146Z][pid 30692][tid 33260] WARN Status bar theme update skipped: cross-thread window (hwnd=0000000000FD09DC ownerThread=30692)
[2025-11-27T20:41:03.150Z][pid 30692][tid 33260] WARN Status bar subclass skipped: cross-thread window (hwnd=0000000000FD09DC thread=30692)
[2025-11-27T20:41:03.150Z][pid 30692][tid 33260] WARN Status bar theme update skipped: cross-thread window (hwnd=0000000000FD09DC ownerThread=30692)
[2025-11-27T20:41:03.156Z][pid 30692][tid 33260] WARN Status bar subclass skipped: cross-thread window (hwnd=0000000000FD09DC thread=30692)
[2025-11-27T20:41:03.157Z][pid 30692][tid 33260] WARN Status bar theme update skipped: cross-thread window (hwnd=0000000000FD09DC ownerThread=30692)
[2025-11-27T20:41:03.159Z][pid 30692][tid 33260] WARN Status bar subclass skipped: cross-thread window (hwnd=0000000000FD09DC thread=30692)
[2025-11-27T20:41:03.159Z][pid 30692][tid 33260] WARN Status bar theme update skipped: cross-thread window (hwnd=0000000000FD09DC ownerThread=30692)
[2025-11-27T20:41:03.164Z][pid 30692][tid 33260] WARN Status bar subclass skipped: cross-thread window (hwnd=0000000000FD09DC thread=30692)
[2025-11-27T20:41:03.164Z][pid 30692][tid 33260] WARN Status bar theme update skipped: cross-thread window (hwnd=0000000000FD09DC ownerThread=30692)
[2025-11-27T20:41:03.169Z][pid 30692][tid 33260] WARN Status bar subclass skipped: cross-thread window (hwnd=0000000000FD09DC thread=30692)
[2025-11-27T20:41:03.169Z][pid 30692][tid 33260] WARN Status bar theme update skipped: cross-thread window (hwnd=0000000000FD09DC ownerThread=30692)
[2025-11-27T20:41:03.174Z][pid 30692][tid 33260] WARN Status bar subclass skipped: cross-thread window (hwnd=0000000000FD09DC thread=30692)
[2025-11-27T20:41:03.175Z][pid 30692][tid 33260] WARN Status bar theme update skipped: cross-thread window (hwnd=0000000000FD09DC ownerThread=30692)
[2025-11-27T20:41:03.305Z][pid 30692][tid 33260] WARN Status bar subclass skipped: cross-thread window (hwnd=0000000000FD09DC thread=30692)
[2025-11-27T20:41:03.306Z][pid 30692][tid 33260] WARN Status bar theme update skipped: cross-thread window (hwnd=0000000000FD09DC ownerThread=30692)
[2025-11-27T20:41:03.379Z][pid 30692][tid 33260] WARN Status bar subclass skipped: cross-thread window (hwnd=0000000000FD09DC thread=30692)
[2025-11-27T20:41:03.379Z][pid 30692][tid 33260] WARN Status bar theme update skipped: cross-thread window (hwnd=0000000000FD09DC ownerThread=30692)
[2025-11-27T20:41:03.398Z][pid 30692][tid 33260] WARN Status bar subclass skipped: cross-thread window (hwnd=0000000000FD09DC thread=30692)
[2025-11-27T20:41:03.399Z][pid 30692][tid 33260] WARN Status bar theme update skipped: cross-thread window (hwnd=0000000000FD09DC ownerThread=30692)
[2025-11-27T20:41:03.410Z][pid 30692][tid 33260] WARN Status bar subclass skipped: cross-thread window (hwnd=0000000000FD09DC thread=30692)
[2025-11-27T20:41:03.410Z][pid 30692][tid 33260] WARN Status bar theme update skipped: cross-thread window (hwnd=0000000000FD09DC ownerThread=30692)
[2025-11-27T20:41:03.422Z][pid 30692][tid 33260] WARN Status bar subclass skipped: cross-thread window (hwnd=0000000000FD09DC thread=30692)
[2025-11-27T20:41:03.422Z][pid 30692][tid 33260] WARN Status bar theme update skipped: cross-thread window (hwnd=0000000000FD09DC ownerThread=30692)
[2025-11-27T20:41:03.432Z][pid 30692][tid 33260] WARN Status bar subclass skipped: cross-thread window (hwnd=0000000000FD09DC thread=30692)
[2025-11-27T20:41:03.432Z][pid 30692][tid 33260] WARN Status bar theme update skipped: cross-thread window (hwnd=0000000000FD09DC ownerThread=30692)
[2025-11-27T20:41:03.448Z][pid 30692][tid 33260] WARN Status bar subclass skipped: cross-thread window (hwnd=0000000000FD09DC thread=30692)
[2025-11-27T20:41:03.449Z][pid 30692][tid 33260] WARN Status bar theme update skipped: cross-thread window (hwnd=0000000000FD09DC ownerThread=30692)
[2025-11-27T20:41:03.454Z][pid 30692][tid 33260] WARN Status bar subclass skipped: cross-thread window (hwnd=0000000000FD09DC thread=30692)
[2025-11-27T20:41:03.455Z][pid 30692][tid 33260] WARN Status bar theme update skipped: cross-thread window (hwnd=0000000000FD09DC ownerThread=30692)
[2025-11-27T20:41:03.467Z][pid 30692][tid 33260] WARN Status bar subclass skipped: cross-thread window (hwnd=0000000000FD09DC thread=30692)
[2025-11-27T20:41:03.468Z][pid 30692][tid 33260] WARN Status bar theme update skipped: cross-thread window (hwnd=0000000000FD09DC ownerThread=30692)
[2025-11-27T20:41:03.488Z][pid 30692][tid 33260] WARN Status bar subclass skipped: cross-thread window (hwnd=0000000000FD09DC thread=30692)
[2025-11-27T20:41:03.489Z][pid 30692][tid 33260] WARN Status bar theme update skipped: cross-thread window (hwnd=0000000000FD09DC ownerThread=30692)
[2025-11-27T20:41:03.521Z][pid 30692][tid 33260] WARN Status bar subclass skipped: cross-thread window (hwnd=0000000000FD09DC thread=30692)
[2025-11-27T20:41:03.521Z][pid 30692][tid 33260] WARN Status bar theme update skipped: cross-thread window (hwnd=0000000000FD09DC ownerThread=30692)
[2025-11-27T20:41:03.562Z][pid 30692][tid 33260] WARN Status bar subclass skipped: cross-thread window (hwnd=0000000000FD09DC thread=30692)
[2025-11-27T20:41:03.562Z][pid 30692][tid 33260] WARN Status bar theme update skipped: cross-thread window (hwnd=0000000000FD09DC ownerThread=30692)
[2025-11-27T20:41:03.778Z][pid 30692][tid 33260] WARN Status bar subclass skipped: cross-thread window (hwnd=0000000000FD09DC thread=30692)
[2025-11-27T20:41:03.779Z][pid 30692][tid 33260] WARN Status bar theme update skipped: cross-thread window (hwnd=0000000000FD09DC ownerThread=30692)
[2025-11-27T20:41:03.842Z][pid 30692][tid 33260] WARN Status bar subclass skipped: cross-thread window (hwnd=0000000000FD09DC thread=30692)
[2025-11-27T20:41:03.842Z][pid 30692][tid 33260] WARN Status bar theme update skipped: cross-thread window (hwnd=0000000000FD09DC ownerThread=30692)
[2025-11-27T20:41:03.871Z][pid 30692][tid 33260] WARN Status bar subclass skipped: cross-thread window (hwnd=0000000000FD09DC thread=30692)
[2025-11-27T20:41:03.871Z][pid 30692][tid 33260] WARN Status bar theme update skipped: cross-thread window (hwnd=0000000000FD09DC ownerThread=30692)
[2025-11-27T20:41:03.900Z][pid 30692][tid 33260] WARN Status bar subclass skipped: cross-thread window (hwnd=0000000000FD09DC thread=30692)
[2025-11-27T20:41:03.901Z][pid 30692][tid 33260] WARN Status bar theme update skipped: cross-thread window (hwnd=0000000000FD09DC ownerThread=30692)
[2025-11-27T20:41:03.926Z][pid 30692][tid 33260] WARN Status bar subclass skipped: cross-thread window (hwnd=0000000000FD09DC thread=30692)
[2025-11-27T20:41:03.927Z][pid 30692][tid 33260] WARN Status bar theme update skipped: cross-thread window (hwnd=0000000000FD09DC ownerThread=30692)
[2025-11-27T20:41:03.953Z][pid 30692][tid 33260] WARN Status bar subclass skipped: cross-thread window (hwnd=0000000000FD09DC thread=30692)
[2025-11-27T20:41:03.954Z][pid 30692][tid 33260] WARN Status bar theme update skipped: cross-thread window (hwnd=0000000000FD09DC ownerThread=30692)
[2025-11-27T20:41:03.972Z][pid 30692][tid 33260] WARN Status bar subclass skipped: cross-thread window (hwnd=0000000000FD09DC thread=30692)
[2025-11-27T20:41:03.973Z][pid 30692][tid 33260] WARN Status bar theme update skipped: cross-thread window (hwnd=0000000000FD09DC ownerThread=30692)
[2025-11-27T20:41:03.990Z][pid 30692][tid 33260] WARN Status bar subclass skipped: cross-thread window (hwnd=0000000000FD09DC thread=30692)
[2025-11-27T20:41:03.990Z][pid 30692][tid 33260] WARN Status bar theme update skipped: cross-thread window (hwnd=0000000000FD09DC ownerThread=30692)
[2025-11-27T20:41:04.013Z][pid 30692][tid 33260] WARN Status bar subclass skipped: cross-thread window (hwnd=0000000000FD09DC thread=30692)
[2025-11-27T20:41:04.014Z][pid 30692][tid 33260] WARN Status bar theme update skipped: cross-thread window (hwnd=0000000000FD09DC ownerThread=30692)
[2025-11-27T20:41:04.028Z][pid 30692][tid 33260] WARN Status bar subclass skipped: cross-thread window (hwnd=0000000000FD09DC thread=30692)
[2025-11-27T20:41:04.029Z][pid 30692][tid 33260] WARN Status bar theme update skipped: cross-thread window (hwnd=0000000000FD09DC ownerThread=30692)
[2025-11-27T20:41:04.061Z][pid 30692][tid 33260] WARN Status bar subclass skipped: cross-thread window (hwnd=0000000000FD09DC thread=30692)
[2025-11-27T20:41:04.062Z][pid 30692][tid 33260] WARN Status bar theme update skipped: cross-thread window (hwnd=0000000000FD09DC ownerThread=30692)
[2025-11-27T20:41:05.146Z][pid 30692][tid 33260] WARN Status bar subclass skipped: cross-thread window (hwnd=0000000000FD09DC thread=30692)
[2025-11-27T20:41:05.146Z][pid 30692][tid 33260] WARN Status bar theme update skipped: cross-thread window (hwnd=0000000000FD09DC ownerThread=30692)
[2025-11-27T20:41:05.298Z][pid 30692][tid 33260] WARN Status bar subclass skipped: cross-thread window (hwnd=0000000000FD09DC thread=30692)
[2025-11-27T20:41:05.298Z][pid 30692][tid 33260] WARN Status bar theme update skipped: cross-thread window (hwnd=0000000000FD09DC ownerThread=30692)
[2025-11-27T20:41:05.397Z][pid 30692][tid 33260] WARN Status bar subclass skipped: cross-thread window (hwnd=0000000000FD09DC thread=30692)
[2025-11-27T20:41:05.397Z][pid 30692][tid 33260] WARN Status bar theme update skipped: cross-thread window (hwnd=0000000000FD09DC ownerThread=30692)
[2025-11-27T20:41:05.713Z][pid 30692][tid 33260] WARN Status bar subclass skipped: cross-thread window (hwnd=0000000000FD09DC thread=30692)
[2025-11-27T20:41:05.714Z][pid 30692][tid 33260] WARN Status bar theme update skipped: cross-thread window (hwnd=0000000000FD09DC ownerThread=30692)
[2025-11-27T20:41:05.744Z][pid 30692][tid 33260] WARN Status bar subclass skipped: cross-thread window (hwnd=0000000000FD09DC thread=30692)
[2025-11-27T20:41:05.744Z][pid 30692][tid 33260] WARN Status bar theme update skipped: cross-thread window (hwnd=0000000000FD09DC ownerThread=30692)
[2025-11-27T20:41:06.144Z][pid 30692][tid 33260] WARN Status bar subclass skipped: cross-thread window (hwnd=0000000000FD09DC thread=30692)
[2025-11-27T20:41:06.144Z][pid 30692][tid 33260] WARN Status bar theme update skipped: cross-thread window (hwnd=0000000000FD09DC ownerThread=30692)
[2025-11-27T20:41:06.207Z][pid 30692][tid 33260] WARN Status bar subclass skipped: cross-thread window (hwnd=0000000000FD09DC thread=30692)
[2025-11-27T20:41:06.207Z][pid 30692][tid 33260] WARN Status bar theme update skipped: cross-thread window (hwnd=0000000000FD09DC ownerThread=30692)
[2025-11-27T20:41:06.225Z][pid 30692][tid 33260] WARN Status bar subclass skipped: cross-thread window (hwnd=0000000000FD09DC thread=30692)
[2025-11-27T20:41:06.226Z][pid 30692][tid 33260] WARN Status bar theme update skipped: cross-thread window (hwnd=0000000000FD09DC ownerThread=30692)
[2025-11-27T20:41:06.245Z][pid 30692][tid 33260] WARN Status bar subclass skipped: cross-thread window (hwnd=0000000000FD09DC thread=30692)
[2025-11-27T20:41:06.245Z][pid 30692][tid 33260] WARN Status bar theme update skipped: cross-thread window (hwnd=0000000000FD09DC ownerThread=30692)
[2025-11-27T20:41:06.257Z][pid 30692][tid 33260] WARN Status bar subclass skipped: cross-thread window (hwnd=0000000000FD09DC thread=30692)
[2025-11-27T20:41:06.257Z][pid 30692][tid 33260] WARN Status bar theme update skipped: cross-thread window (hwnd=0000000000FD09DC ownerThread=30692)
[2025-11-27T20:41:06.271Z][pid 30692][tid 33260] WARN Status bar subclass skipped: cross-thread window (hwnd=0000000000FD09DC thread=30692)
[2025-11-27T20:41:06.271Z][pid 30692][tid 33260] WARN Status bar theme update skipped: cross-thread window (hwnd=0000000000FD09DC ownerThread=30692)
[2025-11-27T20:41:06.294Z][pid 30692][tid 33260] WARN Status bar subclass skipped: cross-thread window (hwnd=0000000000FD09DC thread=30692)
[2025-11-27T20:41:06.295Z][pid 30692][tid 33260] WARN Status bar theme update skipped: cross-thread window (hwnd=0000000000FD09DC ownerThread=30692)
[2025-11-27T20:41:06.334Z][pid 30692][tid 33260] WARN Status bar subclass skipped: cross-thread window (hwnd=0000000000FD09DC thread=30692)
[2025-11-27T20:41:06.334Z][pid 30692][tid 33260] WARN Status bar theme update skipped: cross-thread window (hwnd=0000000000FD09DC ownerThread=30692)
[2025-11-27T20:41:06.369Z][pid 30692][tid 33260] WARN Status bar subclass skipped: cross-thread window (hwnd=0000000000FD09DC thread=30692)
[2025-11-27T20:41:06.369Z][pid 30692][tid 33260] WARN Status bar theme update skipped: cross-thread window (hwnd=0000000000FD09DC ownerThread=30692)
[2025-11-27T20:41:06.779Z][pid 30692][tid 33260] WARN Status bar subclass skipped: cross-thread window (hwnd=0000000000FD09DC thread=30692)
[2025-11-27T20:41:06.779Z][pid 30692][tid 33260] WARN Status bar theme update skipped: cross-thread window (hwnd=0000000000FD09DC ownerThread=30692)
[2025-11-27T20:41:06.866Z][pid 30692][tid 33260] WARN Status bar subclass skipped: cross-thread window (hwnd=0000000000FD09DC thread=30692)
[2025-11-27T20:41:06.866Z][pid 30692][tid 33260] WARN Status bar theme update skipped: cross-thread window (hwnd=0000000000FD09DC ownerThread=30692)
[2025-11-27T20:41:06.895Z][pid 30692][tid 33260] WARN Status bar subclass skipped: cross-thread window (hwnd=0000000000FD09DC thread=30692)
[2025-11-27T20:41:06.895Z][pid 30692][tid 33260] WARN Status bar theme update skipped: cross-thread window (hwnd=0000000000FD09DC ownerThread=30692)
[2025-11-27T20:41:06.935Z][pid 30692][tid 33260] WARN Status bar subclass skipped: cross-thread window (hwnd=0000000000FD09DC thread=30692)
[2025-11-27T20:41:06.935Z][pid 30692][tid 33260] WARN Status bar theme update skipped: cross-thread window (hwnd=0000000000FD09DC ownerThread=30692)
[2025-11-27T20:41:06.976Z][pid 30692][tid 33260] WARN Status bar subclass skipped: cross-thread window (hwnd=0000000000FD09DC thread=30692)
[2025-11-27T20:41:06.977Z][pid 30692][tid 33260] WARN Status bar theme update skipped: cross-thread window (hwnd=0000000000FD09DC ownerThread=30692)
[2025-11-27T20:41:07.024Z][pid 30692][tid 33260] WARN Status bar subclass skipped: cross-thread window (hwnd=0000000000FD09DC thread=30692)
[2025-11-27T20:41:07.024Z][pid 30692][tid 33260] WARN Status bar theme update skipped: cross-thread window (hwnd=0000000000FD09DC ownerThread=30692)
[2025-11-27T20:41:07.052Z][pid 30692][tid 33260] WARN Status bar subclass skipped: cross-thread window (hwnd=0000000000FD09DC thread=30692)
[2025-11-27T20:41:07.053Z][pid 30692][tid 33260] WARN Status bar theme update skipped: cross-thread window (hwnd=0000000000FD09DC ownerThread=30692)
[2025-11-27T20:41:07.916Z][pid 30692][tid 33260] WARN Status bar subclass skipped: cross-thread window (hwnd=0000000000FD09DC thread=30692)
[2025-11-27T20:41:07.916Z][pid 30692][tid 33260] WARN Status bar theme update skipped: cross-thread window (hwnd=0000000000FD09DC ownerThread=30692)
[2025-11-27T20:41:08.176Z][pid 30692][tid 33260] WARN Status bar subclass skipped: cross-thread window (hwnd=0000000000FD09DC thread=30692)
[2025-11-27T20:41:08.176Z][pid 30692][tid 33260] WARN Status bar theme update skipped: cross-thread window (hwnd=0000000000FD09DC ownerThread=30692)
[2025-11-27T20:41:08.376Z][pid 30692][tid 33260] WARN Status bar subclass skipped: cross-thread window (hwnd=0000000000FD09DC thread=30692)
[2025-11-27T20:41:08.376Z][pid 30692][tid 33260] WARN Status bar theme update skipped: cross-thread window (hwnd=0000000000FD09DC ownerThread=30692)
[2025-11-27T20:41:08.382Z][pid 30692][tid 33260] WARN Status bar subclass skipped: cross-thread window (hwnd=0000000000FD09DC thread=30692)
[2025-11-27T20:41:08.382Z][pid 30692][tid 33260] WARN Status bar theme update skipped: cross-thread window (hwnd=0000000000FD09DC ownerThread=30692)
[2025-11-27T20:41:08.732Z][pid 30692][tid 33260] WARN Status bar subclass skipped: cross-thread window (hwnd=0000000000FD09DC thread=30692)
[2025-11-27T20:41:08.732Z][pid 30692][tid 33260] WARN Status bar theme update skipped: cross-thread window (hwnd=0000000000FD09DC ownerThread=30692)
[2025-11-27T20:41:08.758Z][pid 30692][tid 33260] WARN Status bar subclass skipped: cross-thread window (hwnd=0000000000FD09DC thread=30692)
[2025-11-27T20:41:08.759Z][pid 30692][tid 33260] WARN Status bar theme update skipped: cross-thread window (hwnd=0000000000FD09DC ownerThread=30692)
[2025-11-27T20:41:09.198Z][pid 30692][tid 33260] WARN Status bar subclass skipped: cross-thread window (hwnd=0000000000FD09DC thread=30692)
[2025-11-27T20:41:09.198Z][pid 30692][tid 33260] WARN Status bar theme update skipped: cross-thread window (hwnd=0000000000FD09DC ownerThread=30692)
[2025-11-27T20:41:09.203Z][pid 30692][tid 33260] WARN Status bar subclass skipped: cross-thread window (hwnd=0000000000FD09DC thread=30692)
[2025-11-27T20:41:09.203Z][pid 30692][tid 33260] WARN Status bar theme update skipped: cross-thread window (hwnd=0000000000FD09DC ownerThread=30692)
[2025-11-27T20:41:09.613Z][pid 30692][tid 33260] WARN Status bar subclass skipped: cross-thread window (hwnd=0000000000FD09DC thread=30692)
[2025-11-27T20:41:09.613Z][pid 30692][tid 33260] WARN Status bar theme update skipped: cross-thread window (hwnd=0000000000FD09DC ownerThread=30692)
[2025-11-27T20:41:09.618Z][pid 30692][tid 33260] WARN Status bar subclass skipped: cross-thread window (hwnd=0000000000FD09DC thread=30692)
[2025-11-27T20:41:09.619Z][pid 30692][tid 33260] WARN Status bar theme update skipped: cross-thread window (hwnd=0000000000FD09DC ownerThread=30692)
[2025-11-27T20:41:09.621Z][pid 30692][tid 33260] WARN Status bar subclass skipped: cross-thread window (hwnd=0000000000FD09DC thread=30692)
[2025-11-27T20:41:09.621Z][pid 30692][tid 33260] WARN Status bar theme update skipped: cross-thread window (hwnd=0000000000FD09DC ownerThread=30692)
[2025-11-27T20:41:09.622Z][pid 30692][tid 33260] WARN Status bar subclass skipped: cross-thread window (hwnd=0000000000FD09DC thread=30692)
[2025-11-27T20:41:09.622Z][pid 30692][tid 33260] WARN Status bar theme update skipped: cross-thread window (hwnd=0000000000FD09DC ownerThread=30692)
[2025-11-27T20:41:09.697Z][pid 30692][tid 33260] WARN Status bar subclass skipped: cross-thread window (hwnd=0000000000FD09DC thread=30692)
[2025-11-27T20:41:09.698Z][pid 30692][tid 33260] WARN Status bar theme update skipped: cross-thread window (hwnd=0000000000FD09DC ownerThread=30692)
[2025-11-27T20:42:22.787Z][pid 30692][tid 33260] WARN Status bar subclass skipped: cross-thread window (hwnd=0000000000FD09DC thread=30692)
[2025-11-27T20:42:22.787Z][pid 30692][tid 33260] WARN Status bar theme update skipped: cross-thread window (hwnd=0000000000FD09DC ownerThread=30692)
[2025-11-27T20:42:22.803Z][pid 30692][tid 33260] WARN Status bar subclass skipped: cross-thread window (hwnd=0000000000FD09DC thread=30692)
[2025-11-27T20:42:22.803Z][pid 30692][tid 33260] WARN Status bar theme update skipped: cross-thread window (hwnd=0000000000FD09DC ownerThread=30692)
[2025-11-27T20:42:22.821Z][pid 30692][tid 33260] WARN Status bar subclass skipped: cross-thread window (hwnd=0000000000FD09DC thread=30692)
[2025-11-27T20:42:22.822Z][pid 30692][tid 33260] WARN Status bar theme update skipped: cross-thread window (hwnd=0000000000FD09DC ownerThread=30692)
[2025-11-27T20:42:22.823Z][pid 30692][tid 33260] WARN Status bar subclass skipped: cross-thread window (hwnd=0000000000FD09DC thread=30692)
[2025-11-27T20:42:22.824Z][pid 30692][tid 33260] WARN Status bar theme update skipped: cross-thread window (hwnd=0000000000FD09DC ownerThread=30692)
[2025-11-27T20:42:25.256Z][pid 30692][tid 33260] WARN Status bar subclass skipped: cross-thread window (hwnd=0000000000FD09DC thread=30692)
[2025-11-27T20:42:25.257Z][pid 30692][tid 33260] WARN Status bar theme update skipped: cross-thread window (hwnd=0000000000FD09DC ownerThread=30692)
[2025-11-27T20:42:25.265Z][pid 30692][tid 33260] WARN Status bar subclass skipped: cross-thread window (hwnd=0000000000FD09DC thread=30692)
[2025-11-27T20:42:25.266Z][pid 30692][tid 33260] WARN Status bar theme update skipped: cross-thread window (hwnd=0000000000FD09DC ownerThread=30692)
[2025-11-27T20:42:25.282Z][pid 30692][tid 33260] WARN Status bar subclass skipped: cross-thread window (hwnd=0000000000FD09DC thread=30692)
[2025-11-27T20:42:25.283Z][pid 30692][tid 33260] WARN Status bar theme update skipped: cross-thread window (hwnd=0000000000FD09DC ownerThread=30692)
[2025-11-27T20:42:25.290Z][pid 30692][tid 33260] WARN Status bar subclass skipped: cross-thread window (hwnd=0000000000FD09DC thread=30692)
[2025-11-27T20:42:25.291Z][pid 30692][tid 33260] WARN Status bar theme update skipped: cross-thread window (hwnd=0000000000FD09DC ownerThread=30692)
[2025-11-27T20:42:25.318Z][pid 30692][tid 33260] WARN Status bar subclass skipped: cross-thread window (hwnd=0000000000FD09DC thread=30692)
[2025-11-27T20:42:25.318Z][pid 30692][tid 33260] WARN Status bar theme update skipped: cross-thread window (hwnd=0000000000FD09DC ownerThread=30692)
[2025-11-27T20:42:25.373Z][pid 30692][tid 33260] WARN Status bar subclass skipped: cross-thread window (hwnd=0000000000FD09DC thread=30692)
[2025-11-27T20:42:25.373Z][pid 30692][tid 33260] WARN Status bar theme update skipped: cross-thread window (hwnd=0000000000FD09DC ownerThread=30692)
[2025-11-27T20:42:25.851Z][pid 30692][tid 33260] WARN Status bar subclass skipped: cross-thread window (hwnd=0000000000FD09DC thread=30692)
[2025-11-27T20:42:25.851Z][pid 30692][tid 33260] WARN Status bar theme update skipped: cross-thread window (hwnd=0000000000FD09DC ownerThread=30692)
[2025-11-27T20:42:25.891Z][pid 30692][tid 33260] WARN Status bar subclass skipped: cross-thread window (hwnd=0000000000FD09DC thread=30692)
[2025-11-27T20:42:25.892Z][pid 30692][tid 33260] WARN Status bar theme update skipped: cross-thread window (hwnd=0000000000FD09DC ownerThread=30692)
[2025-11-27T20:42:25.934Z][pid 30692][tid 33260] WARN Status bar subclass skipped: cross-thread window (hwnd=0000000000FD09DC thread=30692)
[2025-11-27T20:42:25.934Z][pid 30692][tid 33260] WARN Status bar theme update skipped: cross-thread window (hwnd=0000000000FD09DC ownerThread=30692)
[2025-11-27T20:42:25.976Z][pid 30692][tid 33260] WARN Status bar subclass skipped: cross-thread window (hwnd=0000000000FD09DC thread=30692)
[2025-11-27T20:42:25.977Z][pid 30692][tid 33260] WARN Status bar theme update skipped: cross-thread window (hwnd=0000000000FD09DC ownerThread=30692)
[2025-11-27T20:42:26.205Z][pid 30692][tid 33260] WARN Status bar subclass skipped: cross-thread window (hwnd=0000000000FD09DC thread=30692)
[2025-11-27T20:42:26.205Z][pid 30692][tid 33260] WARN Status bar theme update skipped: cross-thread window (hwnd=0000000000FD09DC ownerThread=30692)
[2025-11-27T20:42:26.348Z][pid 30692][tid 33260] WARN Status bar subclass skipped: cross-thread window (hwnd=0000000000FD09DC thread=30692)
[2025-11-27T20:42:26.349Z][pid 30692][tid 33260] WARN Status bar theme update skipped: cross-thread window (hwnd=0000000000FD09DC ownerThread=30692)
[2025-11-27T20:42:26.557Z][pid 30692][tid 33260] WARN Status bar subclass skipped: cross-thread window (hwnd=0000000000FD09DC thread=30692)
[2025-11-27T20:42:26.557Z][pid 30692][tid 33260] WARN Status bar theme update skipped: cross-thread window (hwnd=0000000000FD09DC ownerThread=30692)
[2025-11-27T20:42:26.640Z][pid 30692][tid 33260] WARN Status bar subclass skipped: cross-thread window (hwnd=0000000000FD09DC thread=30692)
[2025-11-27T20:42:26.641Z][pid 30692][tid 33260] WARN Status bar theme update skipped: cross-thread window (hwnd=0000000000FD09DC ownerThread=30692)
[2025-11-27T20:42:26.756Z][pid 30692][tid 33260] WARN Status bar subclass skipped: cross-thread window (hwnd=0000000000FD09DC thread=30692)
[2025-11-27T20:42:26.756Z][pid 30692][tid 33260] WARN Status bar theme update skipped: cross-thread window (hwnd=0000000000FD09DC ownerThread=30692)
[2025-11-27T20:42:26.760Z][pid 30692][tid 33260] WARN Status bar subclass skipped: cross-thread window (hwnd=0000000000FD09DC thread=30692)
[2025-11-27T20:42:26.760Z][pid 30692][tid 33260] WARN Status bar theme update skipped: cross-thread window (hwnd=0000000000FD09DC ownerThread=30692)
[2025-11-27T20:42:27.041Z][pid 30692][tid 33260] WARN Status bar subclass skipped: cross-thread window (hwnd=0000000000FD09DC thread=30692)
[2025-11-27T20:42:27.042Z][pid 30692][tid 33260] WARN Status bar theme update skipped: cross-thread window (hwnd=0000000000FD09DC ownerThread=30692)
[2025-11-27T20:42:27.509Z][pid 30692][tid 33260] WARN Status bar subclass skipped: cross-thread window (hwnd=0000000000FD09DC thread=30692)
[2025-11-27T20:42:27.509Z][pid 30692][tid 33260] WARN Status bar theme update skipped: cross-thread window (hwnd=0000000000FD09DC ownerThread=30692)
[2025-11-27T20:42:27.514Z][pid 30692][tid 33260] WARN Status bar subclass skipped: cross-thread window (hwnd=0000000000FD09DC thread=30692)
[2025-11-27T20:42:27.514Z][pid 30692][tid 33260] WARN Status bar theme update skipped: cross-thread window (hwnd=0000000000FD09DC ownerThread=30692)
[2025-11-27T20:42:27.873Z][pid 30692][tid 33260] WARN Status bar subclass skipped: cross-thread window (hwnd=0000000000FD09DC thread=30692)
[2025-11-27T20:42:27.873Z][pid 30692][tid 33260] WARN Status bar theme update skipped: cross-thread window (hwnd=0000000000FD09DC ownerThread=30692)
[2025-11-27T20:42:27.879Z][pid 30692][tid 33260] WARN Status bar subclass skipped: cross-thread window (hwnd=0000000000FD09DC thread=30692)
[2025-11-27T20:42:27.880Z][pid 30692][tid 33260] WARN Status bar theme update skipped: cross-thread window (hwnd=0000000000FD09DC ownerThread=30692)
[2025-11-27T20:42:27.881Z][pid 30692][tid 33260] WARN Status bar subclass skipped: cross-thread window (hwnd=0000000000FD09DC thread=30692)
[2025-11-27T20:42:27.882Z][pid 30692][tid 33260] WARN Status bar theme update skipped: cross-thread window (hwnd=0000000000FD09DC ownerThread=30692)
[2025-11-27T20:42:27.899Z][pid 30692][tid 33260] WARN Status bar subclass skipped: cross-thread window (hwnd=0000000000FD09DC thread=30692)
[2025-11-27T20:42:27.899Z][pid 30692][tid 33260] WARN Status bar theme update skipped: cross-thread window (hwnd=0000000000FD09DC ownerThread=30692)
[2025-11-27T20:42:28.467Z][pid 30692][tid 33260] WARN Status bar subclass skipped: cross-thread window (hwnd=0000000000FD09DC thread=30692)
[2025-11-27T20:42:28.468Z][pid 30692][tid 33260] WARN Status bar theme update skipped: cross-thread window (hwnd=0000000000FD09DC ownerThread=30692)
[2025-11-27T20:42:28.470Z][pid 30692][tid 33260] WARN Status bar subclass skipped: cross-thread window (hwnd=0000000000FD09DC thread=30692)
[2025-11-27T20:42:28.470Z][pid 30692][tid 33260] WARN Status bar theme update skipped: cross-thread window (hwnd=0000000000FD09DC ownerThread=30692)
[2025-11-27T20:42:28.473Z][pid 30692][tid 33260] WARN Status bar subclass skipped: cross-thread window (hwnd=0000000000FD09DC thread=30692)
[2025-11-27T20:42:28.474Z][pid 30692][tid 33260] WARN Status bar theme update skipped: cross-thread window (hwnd=0000000000FD09DC ownerThread=30692)
[2025-11-27T20:42:28.477Z][pid 30692][tid 33260] WARN Status bar subclass skipped: cross-thread window (hwnd=0000000000FD09DC thread=30692)
[2025-11-27T20:42:28.477Z][pid 30692][tid 33260] WARN Status bar theme update skipped: cross-thread window (hwnd=0000000000FD09DC ownerThread=30692)
[2025-11-27T20:42:28.481Z][pid 30692][tid 33260] WARN Status bar subclass skipped: cross-thread window (hwnd=0000000000FD09DC thread=30692)
[2025-11-27T20:42:28.481Z][pid 30692][tid 33260] WARN Status bar theme update skipped: cross-thread window (hwnd=0000000000FD09DC ownerThread=30692)
[2025-11-27T20:42:28.485Z][pid 30692][tid 33260] WARN Status bar subclass skipped: cross-thread window (hwnd=0000000000FD09DC thread=30692)
[2025-11-27T20:42:28.485Z][pid 30692][tid 33260] WARN Status bar theme update skipped: cross-thread window (hwnd=0000000000FD09DC ownerThread=30692)
[2025-11-27T20:42:28.488Z][pid 30692][tid 33260] WARN Status bar subclass skipped: cross-thread window (hwnd=0000000000FD09DC thread=30692)
[2025-11-27T20:42:28.488Z][pid 30692][tid 33260] WARN Status bar theme update skipped: cross-thread window (hwnd=0000000000FD09DC ownerThread=30692)
[2025-11-27T20:42:28.491Z][pid 30692][tid 33260] WARN Status bar subclass skipped: cross-thread window (hwnd=0000000000FD09DC thread=30692)
[2025-11-27T20:42:28.492Z][pid 30692][tid 33260] WARN Status bar theme update skipped: cross-thread window (hwnd=0000000000FD09DC ownerThread=30692)
[2025-11-27T20:42:28.495Z][pid 30692][tid 33260] WARN Status bar subclass skipped: cross-thread window (hwnd=0000000000FD09DC thread=30692)
[2025-11-27T20:42:28.495Z][pid 30692][tid 33260] WARN Status bar theme update skipped: cross-thread window (hwnd=0000000000FD09DC ownerThread=30692)
[2025-11-27T20:42:28.499Z][pid 30692][tid 33260] WARN Status bar subclass skipped: cross-thread window (hwnd=0000000000FD09DC thread=30692)
[2025-11-27T20:42:28.499Z][pid 30692][tid 33260] WARN Status bar theme update skipped: cross-thread window (hwnd=0000000000FD09DC ownerThread=30692)
[2025-11-27T20:42:28.918Z][pid 30692][tid 33260] WARN Status bar subclass skipped: cross-thread window (hwnd=0000000000FD09DC thread=30692)
[2025-11-27T20:42:28.919Z][pid 30692][tid 33260] WARN Status bar theme update skipped: cross-thread window (hwnd=0000000000FD09DC ownerThread=30692)
[2025-11-27T20:42:28.921Z][pid 30692][tid 33260] WARN Status bar subclass skipped: cross-thread window (hwnd=0000000000FD09DC thread=30692)
[2025-11-27T20:42:28.921Z][pid 30692][tid 33260] WARN Status bar theme update skipped: cross-thread window (hwnd=0000000000FD09DC ownerThread=30692)
[2025-11-27T20:42:28.925Z][pid 30692][tid 33260] WARN Status bar subclass skipped: cross-thread window (hwnd=0000000000FD09DC thread=30692)
[2025-11-27T20:42:28.925Z][pid 30692][tid 33260] WARN Status bar theme update skipped: cross-thread window (hwnd=0000000000FD09DC ownerThread=30692)
[2025-11-27T20:42:28.929Z][pid 30692][tid 33260] WARN Status bar subclass skipped: cross-thread window (hwnd=0000000000FD09DC thread=30692)
[2025-11-27T20:42:28.930Z][pid 30692][tid 33260] WARN Status bar theme update skipped: cross-thread window (hwnd=0000000000FD09DC ownerThread=30692)
[2025-11-27T20:42:28.934Z][pid 30692][tid 33260] WARN Status bar subclass skipped: cross-thread window (hwnd=0000000000FD09DC thread=30692)
[2025-11-27T20:42:28.935Z][pid 30692][tid 33260] WARN Status bar theme update skipped: cross-thread window (hwnd=0000000000FD09DC ownerThread=30692)
[2025-11-27T20:42:28.937Z][pid 30692][tid 33260] WARN Status bar subclass skipped: cross-thread window (hwnd=0000000000FD09DC thread=30692)
[2025-11-27T20:42:28.937Z][pid 30692][tid 33260] WARN Status bar theme update skipped: cross-thread window (hwnd=0000000000FD09DC ownerThread=30692)
[2025-11-27T20:42:28.942Z][pid 30692][tid 33260] WARN Status bar subclass skipped: cross-thread window (hwnd=0000000000FD09DC thread=30692)
[2025-11-27T20:42:28.942Z][pid 30692][tid 33260] WARN Status bar theme update skipped: cross-thread window (hwnd=0000000000FD09DC ownerThread=30692)
[2025-11-27T20:42:28.946Z][pid 30692][tid 33260] WARN Status bar subclass skipped: cross-thread window (hwnd=0000000000FD09DC thread=30692)
[2025-11-27T20:42:28.946Z][pid 30692][tid 33260] WARN Status bar theme update skipped: cross-thread window (hwnd=0000000000FD09DC ownerThread=30692)
[2025-11-27T20:42:28.951Z][pid 30692][tid 33260] WARN Status bar subclass skipped: cross-thread window (hwnd=0000000000FD09DC thread=30692)
[2025-11-27T20:42:28.951Z][pid 30692][tid 33260] WARN Status bar theme update skipped: cross-thread window (hwnd=0000000000FD09DC ownerThread=30692)
[2025-11-27T20:42:28.955Z][pid 30692][tid 33260] WARN Status bar subclass skipped: cross-thread window (hwnd=0000000000FD09DC thread=30692)
[2025-11-27T20:42:28.956Z][pid 30692][tid 33260] WARN Status bar theme update skipped: cross-thread window (hwnd=0000000000FD09DC ownerThread=30692)
[2025-11-27T20:42:28.960Z][pid 30692][tid 33260] WARN Status bar subclass skipped: cross-thread window (hwnd=0000000000FD09DC thread=30692)
[2025-11-27T20:42:28.960Z][pid 30692][tid 33260] WARN Status bar theme update skipped: cross-thread window (hwnd=0000000000FD09DC ownerThread=30692)
[2025-11-27T20:42:28.965Z][pid 30692][tid 33260] WARN Status bar subclass skipped: cross-thread window (hwnd=0000000000FD09DC thread=30692)
[2025-11-27T20:42:28.966Z][pid 30692][tid 33260] WARN Status bar theme update skipped: cross-thread window (hwnd=0000000000FD09DC ownerThread=30692)
[2025-11-27T20:42:28.969Z][pid 30692][tid 33260] WARN Status bar subclass skipped: cross-thread window (hwnd=0000000000FD09DC thread=30692)
[2025-11-27T20:42:28.970Z][pid 30692][tid 33260] WARN Status bar theme update skipped: cross-thread window (hwnd=0000000000FD09DC ownerThread=30692)
[2025-11-27T20:42:28.975Z][pid 30692][tid 33260] WARN Status bar subclass skipped: cross-thread window (hwnd=0000000000FD09DC thread=30692)
[2025-11-27T20:42:28.976Z][pid 30692][tid 33260] WARN Status bar theme update skipped: cross-thread window (hwnd=0000000000FD09DC ownerThread=30692)
[2025-11-27T20:42:28.981Z][pid 30692][tid 33260] WARN Status bar subclass skipped: cross-thread window (hwnd=0000000000FD09DC thread=30692)
[2025-11-27T20:42:28.982Z][pid 30692][tid 33260] WARN Status bar theme update skipped: cross-thread window (hwnd=0000000000FD09DC ownerThread=30692)
[2025-11-27T20:42:28.988Z][pid 30692][tid 33260] WARN Status bar subclass skipped: cross-thread window (hwnd=0000000000FD09DC thread=30692)
[2025-11-27T20:42:28.989Z][pid 30692][tid 33260] WARN Status bar theme update skipped: cross-thread window (hwnd=0000000000FD09DC ownerThread=30692)
[2025-11-27T20:42:28.998Z][pid 30692][tid 33260] WARN Status bar subclass skipped: cross-thread window (hwnd=0000000000FD09DC thread=30692)
[2025-11-27T20:42:28.998Z][pid 30692][tid 33260] WARN Status bar theme update skipped: cross-thread window (hwnd=0000000000FD09DC ownerThread=30692)
[2025-11-27T20:42:29.302Z][pid 30692][tid 33260] WARN Status bar subclass skipped: cross-thread window (hwnd=0000000000FD09DC thread=30692)
[2025-11-27T20:42:29.302Z][pid 30692][tid 33260] WARN Status bar theme update skipped: cross-thread window (hwnd=0000000000FD09DC ownerThread=30692)
[2025-11-27T20:42:29.306Z][pid 30692][tid 33260] WARN Status bar subclass skipped: cross-thread window (hwnd=0000000000FD09DC thread=30692)
[2025-11-27T20:42:29.306Z][pid 30692][tid 33260] WARN Status bar theme update skipped: cross-thread window (hwnd=0000000000FD09DC ownerThread=30692)
[2025-11-27T20:42:29.309Z][pid 30692][tid 33260] WARN Status bar subclass skipped: cross-thread window (hwnd=0000000000FD09DC thread=30692)
[2025-11-27T20:42:29.309Z][pid 30692][tid 33260] WARN Status bar theme update skipped: cross-thread window (hwnd=0000000000FD09DC ownerThread=30692)
[2025-11-27T20:42:29.317Z][pid 30692][tid 33260] WARN Status bar subclass skipped: cross-thread window (hwnd=0000000000FD09DC thread=30692)
[2025-11-27T20:42:29.317Z][pid 30692][tid 33260] WARN Status bar theme update skipped: cross-thread window (hwnd=0000000000FD09DC ownerThread=30692)
[2025-11-27T20:42:29.321Z][pid 30692][tid 33260] WARN Status bar subclass skipped: cross-thread window (hwnd=0000000000FD09DC thread=30692)
[2025-11-27T20:42:29.322Z][pid 30692][tid 33260] WARN Status bar theme update skipped: cross-thread window (hwnd=0000000000FD09DC ownerThread=30692)
[2025-11-27T20:42:29.330Z][pid 30692][tid 33260] WARN Status bar subclass skipped: cross-thread window (hwnd=0000000000FD09DC thread=30692)
[2025-11-27T20:42:29.330Z][pid 30692][tid 33260] WARN Status bar theme update skipped: cross-thread window (hwnd=0000000000FD09DC ownerThread=30692)
[2025-11-27T20:42:29.398Z][pid 30692][tid 33260] WARN Status bar subclass skipped: cross-thread window (hwnd=0000000000FD09DC thread=30692)
[2025-11-27T20:42:29.399Z][pid 30692][tid 33260] WARN Status bar theme update skipped: cross-thread window (hwnd=0000000000FD09DC ownerThread=30692)
[2025-11-27T20:42:29.412Z][pid 30692][tid 33260] WARN Status bar subclass skipped: cross-thread window (hwnd=0000000000FD09DC thread=30692)
[2025-11-27T20:42:29.413Z][pid 30692][tid 33260] WARN Status bar theme update skipped: cross-thread window (hwnd=0000000000FD09DC ownerThread=30692)
[2025-11-27T20:42:29.423Z][pid 30692][tid 33260] WARN Status bar subclass skipped: cross-thread window (hwnd=0000000000FD09DC thread=30692)
[2025-11-27T20:42:29.423Z][pid 30692][tid 33260] WARN Status bar theme update skipped: cross-thread window (hwnd=0000000000FD09DC ownerThread=30692)
[2025-11-27T20:42:29.433Z][pid 30692][tid 33260] WARN Status bar subclass skipped: cross-thread window (hwnd=0000000000FD09DC thread=30692)
[2025-11-27T20:42:29.434Z][pid 30692][tid 33260] WARN Status bar theme update skipped: cross-thread window (hwnd=0000000000FD09DC ownerThread=30692)
[2025-11-27T20:42:29.441Z][pid 30692][tid 33260] WARN Status bar subclass skipped: cross-thread window (hwnd=0000000000FD09DC thread=30692)
[2025-11-27T20:42:29.441Z][pid 30692][tid 33260] WARN Status bar theme update skipped: cross-thread window (hwnd=0000000000FD09DC ownerThread=30692)
[2025-11-27T20:42:29.447Z][pid 30692][tid 33260] WARN Status bar subclass skipped: cross-thread window (hwnd=0000000000FD09DC thread=30692)
[2025-11-27T20:42:29.448Z][pid 30692][tid 33260] WARN Status bar theme update skipped: cross-thread window (hwnd=0000000000FD09DC ownerThread=30692)
[2025-11-27T20:42:30.623Z][pid 30692][tid 33260] WARN Status bar subclass skipped: cross-thread window (hwnd=0000000000FD09DC thread=30692)
[2025-11-27T20:42:30.623Z][pid 30692][tid 33260] WARN Status bar theme update skipped: cross-thread window (hwnd=0000000000FD09DC ownerThread=30692)
[2025-11-27T20:42:30.627Z][pid 30692][tid 33260] WARN Status bar subclass skipped: cross-thread window (hwnd=0000000000FD09DC thread=30692)
[2025-11-27T20:42:30.628Z][pid 30692][tid 33260] WARN Status bar theme update skipped: cross-thread window (hwnd=0000000000FD09DC ownerThread=30692)
[2025-11-27T20:42:30.630Z][pid 30692][tid 33260] WARN Status bar subclass skipped: cross-thread window (hwnd=0000000000FD09DC thread=30692)
[2025-11-27T20:42:30.630Z][pid 30692][tid 33260] WARN Status bar theme update skipped: cross-thread window (hwnd=0000000000FD09DC ownerThread=30692)
[2025-11-27T20:42:30.634Z][pid 30692][tid 33260] WARN Status bar subclass skipped: cross-thread window (hwnd=0000000000FD09DC thread=30692)
[2025-11-27T20:42:30.634Z][pid 30692][tid 33260] WARN Status bar theme update skipped: cross-thread window (hwnd=0000000000FD09DC ownerThread=30692)
[2025-11-27T20:42:30.639Z][pid 30692][tid 33260] WARN Status bar subclass skipped: cross-thread window (hwnd=0000000000FD09DC thread=30692)
[2025-11-27T20:42:30.640Z][pid 30692][tid 33260] WARN Status bar theme update skipped: cross-thread window (hwnd=0000000000FD09DC ownerThread=30692)
[2025-11-27T20:42:30.647Z][pid 30692][tid 33260] WARN Status bar subclass skipped: cross-thread window (hwnd=0000000000FD09DC thread=30692)
[2025-11-27T20:42:30.647Z][pid 30692][tid 33260] WARN Status bar theme update skipped: cross-thread window (hwnd=0000000000FD09DC ownerThread=30692)
[2025-11-27T20:42:30.650Z][pid 30692][tid 33260] WARN Status bar subclass skipped: cross-thread window (hwnd=0000000000FD09DC thread=30692)
[2025-11-27T20:42:30.651Z][pid 30692][tid 33260] WARN Status bar theme update skipped: cross-thread window (hwnd=0000000000FD09DC ownerThread=30692)
[2025-11-27T20:42:30.977Z][pid 30692][tid 33260] WARN Status bar subclass skipped: cross-thread window (hwnd=0000000000FD09DC thread=30692)
[2025-11-27T20:42:30.978Z][pid 30692][tid 33260] WARN Status bar theme update skipped: cross-thread window (hwnd=0000000000FD09DC ownerThread=30692)
[2025-11-27T20:42:30.990Z][pid 30692][tid 33260] WARN Status bar subclass skipped: cross-thread window (hwnd=0000000000FD09DC thread=30692)
[2025-11-27T20:42:30.990Z][pid 30692][tid 33260] WARN Status bar theme update skipped: cross-thread window (hwnd=0000000000FD09DC ownerThread=30692)
[2025-11-27T20:42:31.008Z][pid 30692][tid 33260] WARN Status bar subclass skipped: cross-thread window (hwnd=0000000000FD09DC thread=30692)
[2025-11-27T20:42:31.009Z][pid 30692][tid 33260] WARN Status bar theme update skipped: cross-thread window (hwnd=0000000000FD09DC ownerThread=30692)
[2025-11-27T20:42:31.011Z][pid 30692][tid 33260] WARN Status bar subclass skipped: cross-thread window (hwnd=0000000000FD09DC thread=30692)
[2025-11-27T20:42:31.011Z][pid 30692][tid 33260] WARN Status bar theme update skipped: cross-thread window (hwnd=0000000000FD09DC ownerThread=30692)
[2025-11-27T20:42:31.098Z][pid 30692][tid 33260] WARN Status bar subclass skipped: cross-thread window (hwnd=0000000000FD09DC thread=30692)
[2025-11-27T20:42:31.098Z][pid 30692][tid 33260] WARN Status bar theme update skipped: cross-thread window (hwnd=0000000000FD09DC ownerThread=30692)
[2025-11-27T20:42:31.101Z][pid 30692][tid 33260] WARN Status bar subclass skipped: cross-thread window (hwnd=0000000000FD09DC thread=30692)
[2025-11-27T20:42:31.101Z][pid 30692][tid 33260] WARN Status bar theme update skipped: cross-thread window (hwnd=0000000000FD09DC ownerThread=30692)
[2025-11-27T20:42:31.503Z][pid 30692][tid 33260] WARN Status bar subclass skipped: cross-thread window (hwnd=0000000000FD09DC thread=30692)
[2025-11-27T20:42:31.504Z][pid 30692][tid 33260] WARN Status bar theme update skipped: cross-thread window (hwnd=0000000000FD09DC ownerThread=30692)
[2025-11-27T20:42:31.510Z][pid 30692][tid 33260] WARN Status bar subclass skipped: cross-thread window (hwnd=0000000000FD09DC thread=30692)
[2025-11-27T20:42:31.511Z][pid 30692][tid 33260] WARN Status bar theme update skipped: cross-thread window (hwnd=0000000000FD09DC ownerThread=30692)
[2025-11-27T20:42:31.535Z][pid 30692][tid 33260] WARN Status bar subclass skipped: cross-thread window (hwnd=0000000000FD09DC thread=30692)
[2025-11-27T20:42:31.535Z][pid 30692][tid 33260] WARN Status bar theme update skipped: cross-thread window (hwnd=0000000000FD09DC ownerThread=30692)
[2025-11-27T20:42:31.627Z][pid 30692][tid 33260] WARN Status bar subclass skipped: cross-thread window (hwnd=0000000000FD09DC thread=30692)
[2025-11-27T20:42:31.627Z][pid 30692][tid 33260] WARN Status bar theme update skipped: cross-thread window (hwnd=0000000000FD09DC ownerThread=30692)
[2025-11-27T20:42:31.692Z][pid 30692][tid 33260] WARN Status bar subclass skipped: cross-thread window (hwnd=0000000000FD09DC thread=30692)
[2025-11-27T20:42:31.692Z][pid 30692][tid 33260] WARN Status bar theme update skipped: cross-thread window (hwnd=0000000000FD09DC ownerThread=30692)
[2025-11-27T20:42:32.349Z][pid 30692][tid 33260] WARN Status bar subclass skipped: cross-thread window (hwnd=0000000000FD09DC thread=30692)
[2025-11-27T20:42:32.366Z][pid 30692][tid 33260] WARN Status bar theme update skipped: cross-thread window (hwnd=0000000000FD09DC ownerThread=30692)
[2025-11-27T20:42:32.366Z][pid 30692][tid 33260] INFO Registered glow surface edit (hwnd=0000000000A627A6)
[2025-11-27T20:42:32.366Z][pid 30692][tid 33260] WARN Status bar theme update skipped: cross-thread window (hwnd=0000000000FD09DC ownerThread=30692)
[2025-11-27T20:42:32.366Z][pid 30692][tid 33260] WARN Status bar subclass skipped: cross-thread window (hwnd=0000000000FD09DC thread=30692)
[2025-11-27T20:42:32.367Z][pid 30692][tid 33260] WARN Status bar theme update skipped: cross-thread window (hwnd=0000000000FD09DC ownerThread=30692)
[2025-11-27T20:42:32.368Z][pid 30692][tid 33260] WARN Status bar subclass skipped: cross-thread window (hwnd=0000000000FD09DC thread=30692)
[2025-11-27T20:42:32.368Z][pid 30692][tid 33260] WARN Status bar theme update skipped: cross-thread window (hwnd=0000000000FD09DC ownerThread=30692)
[2025-11-27T20:42:32.369Z][pid 30692][tid 33260] WARN Status bar subclass skipped: cross-thread window (hwnd=0000000000FD09DC thread=30692)
[2025-11-27T20:42:32.369Z][pid 30692][tid 33260] WARN Status bar theme update skipped: cross-thread window (hwnd=0000000000FD09DC ownerThread=30692)
[2025-11-27T20:42:32.406Z][pid 30692][tid 33260] INFO TabBand::UpdateTabsUI applying 1 items
[2025-11-27T20:42:32.408Z][pid 30692][tid 33260] INFO Breadcrumb QueryService(IShellBrowser) failed: 0x80004001
[2025-11-27T20:42:32.408Z][pid 30692][tid 33260] INFO Breadcrumb ribbon frame discovered via IShellBrowser (hwnd=00000000014F0A54)
[2025-11-27T20:42:32.408Z][pid 30692][tid 33260] INFO Breadcrumb ribbon frame discovered via IWebBrowser2 (hwnd=00000000014F0A54)
[2025-11-27T20:42:32.408Z][pid 30692][tid 33260] INFO Breadcrumb toolbar located via window enumeration (hwnd=0000000000110472)
[2025-11-27T20:42:32.408Z][pid 30692][tid 33260] INFO Installed address edit gradient subclass on hwnd=0000000000A627A6
[2025-11-27T20:42:32.408Z][pid 30692][tid 33260] INFO Explorer pane creation watch cleared (view=0000000000F52652)
[2025-11-27T20:42:32.422Z][pid 30692][tid 33260] WARN Status bar subclass removal skipped: cross-thread window (hwnd=0000000000FD09DC thread=30692)
[2025-11-27T20:42:32.422Z][pid 30692][tid 33260] WARN Status bar reset skipped: cross-thread access (hwnd=0000000000FD09DC ownerThread=30692)
[2025-11-27T20:42:32.422Z][pid 30692][tid 33260] INFO Cleared Open In New Tab pending state
[2025-11-27T20:42:32.422Z][pid 30692][tid 33260] INFO Installed shell view window subclass (view=0000000000F52652)
[2025-11-27T20:42:32.423Z][pid 30692][tid 33260] INFO Installed explorer frame subclass (frame=00000000009B25E8)
[2025-11-27T20:42:32.423Z][pid 30692][tid 33260] INFO Cleared Open In New Tab pending state
[2025-11-27T20:42:32.423Z][pid 30692][tid 33260] INFO Explorer view base subclass ready (view=0000000000F52652 frame=00000000009B25E8)
[2025-11-27T20:42:32.423Z][pid 30692][tid 33260] VERBOSE DirectUI IUIElement unavailable (hr=0x80004001)
[2025-11-27T20:42:32.423Z][pid 30692][tid 33260] INFO Installed explorer DirectUI host subclass (direct=000000000069267A)
[2025-11-27T20:42:32.423Z][pid 30692][tid 33260] INFO Installed explorer tree view subclass (tree=00000000038B1610)
[2025-11-27T20:42:32.423Z][pid 30692][tid 33260] INFO Explorer status bar discovered (hwnd=0000000000FD09DC)
[2025-11-27T20:42:32.423Z][pid 30692][tid 33260] WARN Status bar subclass skipped: cross-thread window (hwnd=0000000000FD09DC thread=30692)
[2025-11-27T20:42:32.424Z][pid 30692][tid 33260] WARN Status bar theme update skipped: cross-thread window (hwnd=0000000000FD09DC ownerThread=30692)
[2025-11-27T20:42:32.424Z][pid 30692][tid 33260] INFO Registered glow surface edit (hwnd=0000000000A627A6)
[2025-11-27T20:42:32.424Z][pid 30692][tid 33260] WARN Status bar theme update skipped: cross-thread window (hwnd=0000000000FD09DC ownerThread=30692)
[2025-11-27T20:42:32.424Z][pid 30692][tid 33260] INFO Explorer pane creation watch armed (view=0000000000F52652 list=1 tree=0)
[2025-11-27T20:42:32.424Z][pid 30692][tid 33260] INFO Explorer pane fallback timer armed (view=0000000000F52652 delay=500)
[2025-11-27T20:42:32.424Z][pid 30692][tid 33260] INFO Explorer panes not ready: list view missing (view=0000000000F52652)
[2025-11-27T20:42:32.424Z][pid 30692][tid 33260] INFO Explorer pane retry timer armed (view=0000000000F52652 delay=500 attempts=1)
[2025-11-27T20:42:32.438Z][pid 30692][tid 33260] INFO Installed explorer list host subclass (host=00000000009B25E8)
[2025-11-27T20:42:32.438Z][pid 30692][tid 33260] INFO Installed explorer list host subclass (host=0000000000362D48)
[2025-11-27T20:42:32.438Z][pid 30692][tid 33260] INFO Installed explorer list host subclass (host=000000000510363E)
[2025-11-27T20:42:32.438Z][pid 30692][tid 33260] INFO Installed explorer list host subclass (host=00000000014F0A54)
[2025-11-27T20:42:32.438Z][pid 30692][tid 33260] INFO Installed explorer list host subclass (host=00000000047C3426)
[2025-11-27T20:42:32.439Z][pid 30692][tid 33260] WARN Status bar subclass skipped: cross-thread window (hwnd=0000000000FD09DC thread=30692)
[2025-11-27T20:42:32.439Z][pid 30692][tid 33260] WARN Status bar theme update skipped: cross-thread window (hwnd=0000000000FD09DC ownerThread=30692)
[2025-11-27T20:42:32.439Z][pid 30692][tid 33260] WARN Status bar subclass skipped: cross-thread window (hwnd=0000000000FD09DC thread=30692)
[2025-11-27T20:42:32.439Z][pid 30692][tid 33260] WARN Status bar theme update skipped: cross-thread window (hwnd=0000000000FD09DC ownerThread=30692)
[2025-11-27T20:42:32.506Z][pid 30692][tid 33260] WARN Status bar subclass skipped: cross-thread window (hwnd=0000000000FD09DC thread=30692)
[2025-11-27T20:42:32.506Z][pid 30692][tid 33260] WARN Status bar theme update skipped: cross-thread window (hwnd=0000000000FD09DC ownerThread=30692)
[2025-11-27T20:42:32.878Z][pid 30692][tid 33260] WARN Status bar subclass skipped: cross-thread window (hwnd=0000000000FD09DC thread=30692)
[2025-11-27T20:42:32.878Z][pid 30692][tid 33260] WARN Status bar theme update skipped: cross-thread window (hwnd=0000000000FD09DC ownerThread=30692)
[2025-11-27T20:42:32.883Z][pid 30692][tid 33260] WARN Status bar subclass skipped: cross-thread window (hwnd=0000000000FD09DC thread=30692)
[2025-11-27T20:42:32.883Z][pid 30692][tid 33260] WARN Status bar theme update skipped: cross-thread window (hwnd=0000000000FD09DC ownerThread=30692)
[2025-11-27T20:42:33.175Z][pid 30692][tid 33260] WARN Status bar subclass skipped: cross-thread window (hwnd=0000000000FD09DC thread=30692)
[2025-11-27T20:42:33.176Z][pid 30692][tid 33260] WARN Status bar theme update skipped: cross-thread window (hwnd=0000000000FD09DC ownerThread=30692)
[2025-11-27T20:42:33.178Z][pid 30692][tid 33260] WARN Status bar subclass skipped: cross-thread window (hwnd=0000000000FD09DC thread=30692)
[2025-11-27T20:42:33.178Z][pid 30692][tid 33260] WARN Status bar theme update skipped: cross-thread window (hwnd=0000000000FD09DC ownerThread=30692)
[2025-11-27T20:42:33.186Z][pid 30692][tid 33260] WARN Status bar subclass skipped: cross-thread window (hwnd=0000000000FD09DC thread=30692)
[2025-11-27T20:42:33.187Z][pid 30692][tid 33260] WARN Status bar theme update skipped: cross-thread window (hwnd=0000000000FD09DC ownerThread=30692)
[2025-11-27T20:42:33.197Z][pid 30692][tid 33260] WARN Status bar subclass skipped: cross-thread window (hwnd=0000000000FD09DC thread=30692)
[2025-11-27T20:42:33.198Z][pid 30692][tid 33260] WARN Status bar theme update skipped: cross-thread window (hwnd=0000000000FD09DC ownerThread=30692)
[2025-11-27T20:42:33.213Z][pid 30692][tid 33260] WARN Status bar subclass skipped: cross-thread window (hwnd=0000000000FD09DC thread=30692)
[2025-11-27T20:42:33.214Z][pid 30692][tid 33260] WARN Status bar theme update skipped: cross-thread window (hwnd=0000000000FD09DC ownerThread=30692)
[2025-11-27T20:42:33.247Z][pid 30692][tid 33260] WARN Status bar subclass skipped: cross-thread window (hwnd=0000000000FD09DC thread=30692)
[2025-11-27T20:42:33.247Z][pid 30692][tid 33260] WARN Status bar theme update skipped: cross-thread window (hwnd=0000000000FD09DC ownerThread=30692)
[2025-11-27T20:42:33.262Z][pid 30692][tid 33260] WARN Status bar subclass skipped: cross-thread window (hwnd=0000000000FD09DC thread=30692)
[2025-11-27T20:42:33.262Z][pid 30692][tid 33260] WARN Status bar theme update skipped: cross-thread window (hwnd=0000000000FD09DC ownerThread=30692)
[2025-11-27T20:42:33.429Z][pid 30692][tid 33260] WARN Status bar subclass skipped: cross-thread window (hwnd=0000000000FD09DC thread=30692)
[2025-11-27T20:42:33.429Z][pid 30692][tid 33260] WARN Status bar theme update skipped: cross-thread window (hwnd=0000000000FD09DC ownerThread=30692)
[2025-11-27T20:42:33.446Z][pid 30692][tid 33260] WARN Status bar subclass skipped: cross-thread window (hwnd=0000000000FD09DC thread=30692)
[2025-11-27T20:42:33.446Z][pid 30692][tid 33260] WARN Status bar theme update skipped: cross-thread window (hwnd=0000000000FD09DC ownerThread=30692)
[2025-11-27T20:42:33.503Z][pid 30692][tid 33260] WARN Status bar subclass skipped: cross-thread window (hwnd=0000000000FD09DC thread=30692)
[2025-11-27T20:42:33.503Z][pid 30692][tid 33260] WARN Status bar theme update skipped: cross-thread window (hwnd=0000000000FD09DC ownerThread=30692)
[2025-11-27T20:42:33.532Z][pid 30692][tid 33260] WARN Status bar subclass skipped: cross-thread window (hwnd=0000000000FD09DC thread=30692)
[2025-11-27T20:42:33.532Z][pid 30692][tid 33260] WARN Status bar theme update skipped: cross-thread window (hwnd=0000000000FD09DC ownerThread=30692)
[2025-11-27T20:42:33.586Z][pid 30692][tid 33260] WARN Status bar subclass skipped: cross-thread window (hwnd=0000000000FD09DC thread=30692)
[2025-11-27T20:42:33.586Z][pid 30692][tid 33260] WARN Status bar theme update skipped: cross-thread window (hwnd=0000000000FD09DC ownerThread=30692)
[2025-11-27T20:42:33.787Z][pid 30692][tid 33260] WARN Status bar subclass skipped: cross-thread window (hwnd=0000000000FD09DC thread=30692)
[2025-11-27T20:42:33.788Z][pid 30692][tid 33260] WARN Status bar theme update skipped: cross-thread window (hwnd=0000000000FD09DC ownerThread=30692)
[2025-11-27T20:42:35.484Z][pid 30692][tid 33260] WARN Status bar subclass skipped: cross-thread window (hwnd=0000000000FD09DC thread=30692)
[2025-11-27T20:42:35.484Z][pid 30692][tid 33260] WARN Status bar theme update skipped: cross-thread window (hwnd=0000000000FD09DC ownerThread=30692)
[2025-11-27T20:42:35.519Z][pid 30692][tid 33260] WARN Status bar subclass skipped: cross-thread window (hwnd=0000000000FD09DC thread=30692)
[2025-11-27T20:42:35.520Z][pid 30692][tid 33260] WARN Status bar theme update skipped: cross-thread window (hwnd=0000000000FD09DC ownerThread=30692)
[2025-11-27T20:42:35.573Z][pid 30692][tid 33260] WARN Status bar subclass skipped: cross-thread window (hwnd=0000000000FD09DC thread=30692)
[2025-11-27T20:42:35.573Z][pid 30692][tid 33260] WARN Status bar theme update skipped: cross-thread window (hwnd=0000000000FD09DC ownerThread=30692)
[2025-11-27T20:42:35.585Z][pid 30692][tid 33260] WARN Status bar subclass skipped: cross-thread window (hwnd=0000000000FD09DC thread=30692)
[2025-11-27T20:42:35.585Z][pid 30692][tid 33260] WARN Status bar theme update skipped: cross-thread window (hwnd=0000000000FD09DC ownerThread=30692)
[2025-11-27T20:42:35.799Z][pid 30692][tid 33260] WARN Status bar subclass skipped: cross-thread window (hwnd=0000000000FD09DC thread=30692)
[2025-11-27T20:42:35.799Z][pid 30692][tid 33260] WARN Status bar theme update skipped: cross-thread window (hwnd=0000000000FD09DC ownerThread=30692)
[2025-11-27T20:42:35.952Z][pid 30692][tid 33260] WARN Status bar subclass skipped: cross-thread window (hwnd=0000000000FD09DC thread=30692)
[2025-11-27T20:42:35.952Z][pid 30692][tid 33260] WARN Status bar theme update skipped: cross-thread window (hwnd=0000000000FD09DC ownerThread=30692)
[2025-11-27T20:42:35.952Z][pid 30692][tid 33260] WARN Status bar subclass skipped: cross-thread window (hwnd=0000000000FD09DC thread=30692)
[2025-11-27T20:42:35.952Z][pid 30692][tid 33260] WARN Status bar theme update skipped: cross-thread window (hwnd=0000000000FD09DC ownerThread=30692)
[2025-11-27T20:42:35.953Z][pid 30692][tid 33260] WARN Status bar subclass skipped: cross-thread window (hwnd=0000000000FD09DC thread=30692)
[2025-11-27T20:42:35.954Z][pid 30692][tid 33260] WARN Status bar theme update skipped: cross-thread window (hwnd=0000000000FD09DC ownerThread=30692)
[2025-11-27T20:42:35.954Z][pid 30692][tid 33260] WARN Status bar subclass skipped: cross-thread window (hwnd=0000000000FD09DC thread=30692)
[2025-11-27T20:42:35.954Z][pid 30692][tid 33260] WARN Status bar theme update skipped: cross-thread window (hwnd=0000000000FD09DC ownerThread=30692)
[2025-11-27T20:42:36.100Z][pid 30692][tid 33260] INFO TabBand::UpdateTabsUI applying 1 items
[2025-11-27T20:42:36.102Z][pid 30692][tid 33260] INFO Breadcrumb QueryService(IShellBrowser) failed: 0x80004001
[2025-11-27T20:42:36.102Z][pid 30692][tid 33260] INFO Breadcrumb ribbon frame discovered via IShellBrowser (hwnd=00000000014F0A54)
[2025-11-27T20:42:36.102Z][pid 30692][tid 33260] INFO Breadcrumb ribbon frame discovered via IWebBrowser2 (hwnd=00000000014F0A54)
[2025-11-27T20:42:36.102Z][pid 30692][tid 33260] INFO Breadcrumb toolbar located via window enumeration (hwnd=0000000000110472)
[2025-11-27T20:42:36.102Z][pid 30692][tid 33260] INFO Explorer pane creation watch cleared (view=0000000000F52652)
[2025-11-27T20:42:36.103Z][pid 30692][tid 33260] WARN Status bar subclass removal skipped: cross-thread window (hwnd=0000000000FD09DC thread=30692)
[2025-11-27T20:42:36.103Z][pid 30692][tid 33260] WARN Status bar reset skipped: cross-thread access (hwnd=0000000000FD09DC ownerThread=30692)
[2025-11-27T20:42:36.103Z][pid 30692][tid 33260] INFO Cleared Open In New Tab pending state
[2025-11-27T20:42:36.103Z][pid 30692][tid 33260] INFO Installed shell view window subclass (view=0000000000F52652)
[2025-11-27T20:42:36.103Z][pid 30692][tid 33260] INFO Installed explorer frame subclass (frame=00000000009B25E8)
[2025-11-27T20:42:36.103Z][pid 30692][tid 33260] INFO Cleared Open In New Tab pending state
[2025-11-27T20:42:36.103Z][pid 30692][tid 33260] INFO Explorer view base subclass ready (view=0000000000F52652 frame=00000000009B25E8)
[2025-11-27T20:42:36.103Z][pid 30692][tid 33260] VERBOSE DirectUI IUIElement unavailable (hr=0x80004001)
[2025-11-27T20:42:36.103Z][pid 30692][tid 33260] INFO Installed explorer DirectUI host subclass (direct=000000000069267A)
[2025-11-27T20:42:36.103Z][pid 30692][tid 33260] INFO Installed explorer tree view subclass (tree=00000000038B1610)
[2025-11-27T20:42:36.104Z][pid 30692][tid 33260] INFO Explorer status bar discovered (hwnd=0000000000FD09DC)
[2025-11-27T20:42:36.104Z][pid 30692][tid 33260] WARN Status bar subclass skipped: cross-thread window (hwnd=0000000000FD09DC thread=30692)
[2025-11-27T20:42:36.104Z][pid 30692][tid 33260] WARN Status bar theme update skipped: cross-thread window (hwnd=0000000000FD09DC ownerThread=30692)
[2025-11-27T20:42:36.104Z][pid 30692][tid 33260] INFO Registered glow surface edit (hwnd=0000000000A627A6)
[2025-11-27T20:42:36.104Z][pid 30692][tid 33260] WARN Status bar theme update skipped: cross-thread window (hwnd=0000000000FD09DC ownerThread=30692)
[2025-11-27T20:42:36.104Z][pid 30692][tid 33260] INFO Explorer pane creation watch armed (view=0000000000F52652 list=1 tree=0)
[2025-11-27T20:42:36.105Z][pid 30692][tid 33260] INFO Explorer pane fallback timer armed (view=0000000000F52652 delay=500)
[2025-11-27T20:42:36.105Z][pid 30692][tid 33260] INFO Explorer panes not ready: list view missing (view=0000000000F52652)
[2025-11-27T20:42:36.105Z][pid 30692][tid 33260] INFO Explorer pane retry timer armed (view=0000000000F52652 delay=500 attempts=1)
[2025-11-27T20:42:36.116Z][pid 30692][tid 33260] INFO Installed explorer list host subclass (host=00000000009B25E8)
[2025-11-27T20:42:36.116Z][pid 30692][tid 33260] INFO Installed explorer list host subclass (host=0000000000362D48)
[2025-11-27T20:42:36.117Z][pid 30692][tid 33260] INFO Installed explorer list host subclass (host=000000000510363E)
[2025-11-27T20:42:36.117Z][pid 30692][tid 33260] INFO Installed explorer list host subclass (host=00000000014F0A54)
[2025-11-27T20:42:36.117Z][pid 30692][tid 33260] INFO Installed explorer list host subclass (host=00000000047C3426)
[2025-11-27T20:42:36.117Z][pid 30692][tid 33260] WARN Status bar subclass skipped: cross-thread window (hwnd=0000000000FD09DC thread=30692)
[2025-11-27T20:42:36.117Z][pid 30692][tid 33260] WARN Status bar theme update skipped: cross-thread window (hwnd=0000000000FD09DC ownerThread=30692)
[2025-11-27T20:42:36.118Z][pid 30692][tid 33260] WARN Status bar subclass skipped: cross-thread window (hwnd=0000000000FD09DC thread=30692)
[2025-11-27T20:42:36.118Z][pid 30692][tid 33260] WARN Status bar theme update skipped: cross-thread window (hwnd=0000000000FD09DC ownerThread=30692)
[2025-11-27T20:42:36.157Z][pid 30692][tid 33260] WARN Status bar subclass skipped: cross-thread window (hwnd=0000000000FD09DC thread=30692)
[2025-11-27T20:42:36.157Z][pid 30692][tid 33260] WARN Status bar theme update skipped: cross-thread window (hwnd=0000000000FD09DC ownerThread=30692)
[2025-11-27T20:42:36.216Z][pid 30692][tid 33260] WARN Status bar subclass skipped: cross-thread window (hwnd=0000000000FD09DC thread=30692)
[2025-11-27T20:42:36.216Z][pid 30692][tid 33260] WARN Status bar theme update skipped: cross-thread window (hwnd=0000000000FD09DC ownerThread=30692)
[2025-11-27T20:42:36.233Z][pid 30692][tid 33260] WARN Status bar subclass skipped: cross-thread window (hwnd=0000000000FD09DC thread=30692)
[2025-11-27T20:42:36.233Z][pid 30692][tid 33260] WARN Status bar theme update skipped: cross-thread window (hwnd=0000000000FD09DC ownerThread=30692)
[2025-11-27T20:42:36.253Z][pid 30692][tid 33260] WARN Status bar subclass skipped: cross-thread window (hwnd=0000000000FD09DC thread=30692)
[2025-11-27T20:42:36.253Z][pid 30692][tid 33260] WARN Status bar theme update skipped: cross-thread window (hwnd=0000000000FD09DC ownerThread=30692)
[2025-11-27T20:42:36.321Z][pid 30692][tid 33260] WARN Status bar subclass skipped: cross-thread window (hwnd=0000000000FD09DC thread=30692)
[2025-11-27T20:42:36.321Z][pid 30692][tid 33260] WARN Status bar theme update skipped: cross-thread window (hwnd=0000000000FD09DC ownerThread=30692)
[2025-11-27T20:42:36.398Z][pid 30692][tid 33260] WARN Status bar subclass skipped: cross-thread window (hwnd=0000000000FD09DC thread=30692)
[2025-11-27T20:42:36.398Z][pid 30692][tid 33260] WARN Status bar theme update skipped: cross-thread window (hwnd=0000000000FD09DC ownerThread=30692)
[2025-11-27T20:42:36.449Z][pid 30692][tid 33260] WARN Status bar subclass skipped: cross-thread window (hwnd=0000000000FD09DC thread=30692)
[2025-11-27T20:42:36.450Z][pid 30692][tid 33260] WARN Status bar theme update skipped: cross-thread window (hwnd=0000000000FD09DC ownerThread=30692)
[2025-11-27T20:42:36.475Z][pid 30692][tid 33260] WARN Status bar subclass skipped: cross-thread window (hwnd=0000000000FD09DC thread=30692)
[2025-11-27T20:42:36.475Z][pid 30692][tid 33260] WARN Status bar theme update skipped: cross-thread window (hwnd=0000000000FD09DC ownerThread=30692)
[2025-11-27T20:42:36.523Z][pid 30692][tid 33260] WARN Status bar subclass skipped: cross-thread window (hwnd=0000000000FD09DC thread=30692)
[2025-11-27T20:42:36.524Z][pid 30692][tid 33260] WARN Status bar theme update skipped: cross-thread window (hwnd=0000000000FD09DC ownerThread=30692)
[2025-11-27T20:42:36.746Z][pid 30692][tid 33260] WARN Status bar subclass skipped: cross-thread window (hwnd=0000000000FD09DC thread=30692)
[2025-11-27T20:42:36.746Z][pid 30692][tid 33260] WARN Status bar theme update skipped: cross-thread window (hwnd=0000000000FD09DC ownerThread=30692)
[2025-11-27T20:42:36.873Z][pid 30692][tid 33260] WARN Status bar subclass skipped: cross-thread window (hwnd=0000000000FD09DC thread=30692)
[2025-11-27T20:42:36.874Z][pid 30692][tid 33260] WARN Status bar theme update skipped: cross-thread window (hwnd=0000000000FD09DC ownerThread=30692)
[2025-11-27T20:42:36.886Z][pid 30692][tid 33260] WARN Status bar subclass skipped: cross-thread window (hwnd=0000000000FD09DC thread=30692)
[2025-11-27T20:42:36.887Z][pid 30692][tid 33260] WARN Status bar theme update skipped: cross-thread window (hwnd=0000000000FD09DC ownerThread=30692)
[2025-11-27T20:42:36.936Z][pid 30692][tid 33260] WARN Status bar subclass skipped: cross-thread window (hwnd=0000000000FD09DC thread=30692)
[2025-11-27T20:42:36.936Z][pid 30692][tid 33260] WARN Status bar theme update skipped: cross-thread window (hwnd=0000000000FD09DC ownerThread=30692)
[2025-11-27T20:42:36.947Z][pid 30692][tid 33260] WARN Status bar subclass skipped: cross-thread window (hwnd=0000000000FD09DC thread=30692)
[2025-11-27T20:42:36.947Z][pid 30692][tid 33260] WARN Status bar theme update skipped: cross-thread window (hwnd=0000000000FD09DC ownerThread=30692)
[2025-11-27T20:42:36.953Z][pid 30692][tid 33260] WARN Status bar subclass skipped: cross-thread window (hwnd=0000000000FD09DC thread=30692)
[2025-11-27T20:42:36.954Z][pid 30692][tid 33260] WARN Status bar theme update skipped: cross-thread window (hwnd=0000000000FD09DC ownerThread=30692)
[2025-11-27T20:42:36.957Z][pid 30692][tid 33260] WARN Status bar subclass skipped: cross-thread window (hwnd=0000000000FD09DC thread=30692)
[2025-11-27T20:42:36.958Z][pid 30692][tid 33260] WARN Status bar theme update skipped: cross-thread window (hwnd=0000000000FD09DC ownerThread=30692)
[2025-11-27T20:42:36.979Z][pid 30692][tid 33260] WARN Status bar subclass skipped: cross-thread window (hwnd=0000000000FD09DC thread=30692)
[2025-11-27T20:42:36.979Z][pid 30692][tid 33260] WARN Status bar theme update skipped: cross-thread window (hwnd=0000000000FD09DC ownerThread=30692)
[2025-11-27T20:42:36.984Z][pid 30692][tid 33260] WARN Status bar subclass skipped: cross-thread window (hwnd=0000000000FD09DC thread=30692)
[2025-11-27T20:42:36.984Z][pid 30692][tid 33260] WARN Status bar theme update skipped: cross-thread window (hwnd=0000000000FD09DC ownerThread=30692)
[2025-11-27T20:42:37.178Z][pid 30692][tid 33260] WARN Status bar subclass skipped: cross-thread window (hwnd=0000000000FD09DC thread=30692)
[2025-11-27T20:42:37.178Z][pid 30692][tid 33260] WARN Status bar theme update skipped: cross-thread window (hwnd=0000000000FD09DC ownerThread=30692)
[2025-11-27T20:42:37.181Z][pid 30692][tid 33260] WARN Status bar subclass skipped: cross-thread window (hwnd=0000000000FD09DC thread=30692)
[2025-11-27T20:42:37.182Z][pid 30692][tid 33260] WARN Status bar theme update skipped: cross-thread window (hwnd=0000000000FD09DC ownerThread=30692)
[2025-11-27T20:42:37.205Z][pid 30692][tid 33260] WARN Status bar subclass skipped: cross-thread window (hwnd=0000000000FD09DC thread=30692)
[2025-11-27T20:42:37.205Z][pid 30692][tid 33260] WARN Status bar theme update skipped: cross-thread window (hwnd=0000000000FD09DC ownerThread=30692)
[2025-11-27T20:42:37.680Z][pid 30692][tid 33260] WARN Status bar subclass skipped: cross-thread window (hwnd=0000000000FD09DC thread=30692)
[2025-11-27T20:42:37.680Z][pid 30692][tid 33260] WARN Status bar theme update skipped: cross-thread window (hwnd=0000000000FD09DC ownerThread=30692)
[2025-11-27T20:42:37.682Z][pid 30692][tid 33260] WARN Status bar subclass skipped: cross-thread window (hwnd=0000000000FD09DC thread=30692)
[2025-11-27T20:42:37.683Z][pid 30692][tid 33260] WARN Status bar theme update skipped: cross-thread window (hwnd=0000000000FD09DC ownerThread=30692)
[2025-11-27T20:42:37.706Z][pid 30692][tid 33260] WARN Status bar subclass skipped: cross-thread window (hwnd=0000000000FD09DC thread=30692)
[2025-11-27T20:42:37.706Z][pid 30692][tid 33260] WARN Status bar theme update skipped: cross-thread window (hwnd=0000000000FD09DC ownerThread=30692)
[2025-11-27T20:42:38.176Z][pid 30692][tid 33260] WARN Status bar theme update skipped: cross-thread window (hwnd=0000000000FD09DC ownerThread=30692)
[2025-11-27T20:42:38.199Z][pid 30692][tid 33260] WARN Status bar subclass skipped: cross-thread window (hwnd=0000000000FD09DC thread=30692)
[2025-11-27T20:42:38.201Z][pid 30692][tid 33260] WARN Status bar theme update skipped: cross-thread window (hwnd=0000000000FD09DC ownerThread=30692)
[2025-11-27T20:42:38.206Z][pid 30692][tid 33260] WARN Status bar subclass skipped: cross-thread window (hwnd=0000000000FD09DC thread=30692)
[2025-11-27T20:42:38.207Z][pid 30692][tid 33260] WARN Status bar theme update skipped: cross-thread window (hwnd=0000000000FD09DC ownerThread=30692)
[2025-11-27T20:42:38.208Z][pid 30692][tid 33260] WARN Status bar subclass skipped: cross-thread window (hwnd=0000000000FD09DC thread=30692)
[2025-11-27T20:42:38.209Z][pid 30692][tid 33260] WARN Status bar theme update skipped: cross-thread window (hwnd=0000000000FD09DC ownerThread=30692)
[2025-11-27T20:42:38.330Z][pid 30692][tid 33260] WARN Status bar subclass skipped: cross-thread window (hwnd=0000000000FD09DC thread=30692)
[2025-11-27T20:42:38.330Z][pid 30692][tid 33260] WARN Status bar theme update skipped: cross-thread window (hwnd=0000000000FD09DC ownerThread=30692)
[2025-11-27T20:42:38.335Z][pid 30692][tid 33260] WARN Status bar theme update skipped: cross-thread window (hwnd=0000000000FD09DC ownerThread=30692)
[2025-11-27T20:42:38.358Z][pid 30692][tid 33260] WARN Status bar subclass skipped: cross-thread window (hwnd=0000000000FD09DC thread=30692)
[2025-11-27T20:42:38.358Z][pid 30692][tid 33260] WARN Status bar theme update skipped: cross-thread window (hwnd=0000000000FD09DC ownerThread=30692)
[2025-11-27T20:42:38.368Z][pid 30692][tid 33260] WARN Status bar subclass skipped: cross-thread window (hwnd=0000000000FD09DC thread=30692)
[2025-11-27T20:42:38.370Z][pid 30692][tid 33260] WARN Status bar theme update skipped: cross-thread window (hwnd=0000000000FD09DC ownerThread=30692)
[2025-11-27T20:42:39.686Z][pid 30692][tid 33260] WARN Status bar theme update skipped: cross-thread window (hwnd=0000000000FD09DC ownerThread=30692)
[2025-11-27T20:42:39.707Z][pid 30692][tid 33260] WARN Status bar subclass skipped: cross-thread window (hwnd=0000000000FD09DC thread=30692)
[2025-11-27T20:42:39.707Z][pid 30692][tid 33260] WARN Status bar theme update skipped: cross-thread window (hwnd=0000000000FD09DC ownerThread=30692)
[2025-11-27T20:42:39.715Z][pid 30692][tid 33260] WARN Status bar subclass skipped: cross-thread window (hwnd=0000000000FD09DC thread=30692)
[2025-11-27T20:42:39.715Z][pid 30692][tid 33260] WARN Status bar theme update skipped: cross-thread window (hwnd=0000000000FD09DC ownerThread=30692)
[2025-11-27T20:42:39.717Z][pid 30692][tid 33260] WARN Status bar subclass skipped: cross-thread window (hwnd=0000000000FD09DC thread=30692)
[2025-11-27T20:42:39.718Z][pid 30692][tid 33260] WARN Status bar theme update skipped: cross-thread window (hwnd=0000000000FD09DC ownerThread=30692)
[2025-11-27T20:42:39.858Z][pid 30692][tid 33260] WARN Status bar subclass skipped: cross-thread window (hwnd=0000000000FD09DC thread=30692)
[2025-11-27T20:42:39.859Z][pid 30692][tid 33260] WARN Status bar theme update skipped: cross-thread window (hwnd=0000000000FD09DC ownerThread=30692)
[2025-11-27T20:42:39.866Z][pid 30692][tid 33260] WARN Status bar theme update skipped: cross-thread window (hwnd=0000000000FD09DC ownerThread=30692)
[2025-11-27T20:42:39.885Z][pid 30692][tid 33260] WARN Status bar subclass skipped: cross-thread window (hwnd=0000000000FD09DC thread=30692)
[2025-11-27T20:42:39.885Z][pid 30692][tid 33260] WARN Status bar theme update skipped: cross-thread window (hwnd=0000000000FD09DC ownerThread=30692)
[2025-11-27T20:42:39.900Z][pid 30692][tid 33260] WARN Status bar subclass skipped: cross-thread window (hwnd=0000000000FD09DC thread=30692)
[2025-11-27T20:42:39.900Z][pid 30692][tid 33260] WARN Status bar theme update skipped: cross-thread window (hwnd=0000000000FD09DC ownerThread=30692)
[2025-11-27T20:42:40.083Z][pid 30692][tid 33260] WARN Status bar subclass skipped: cross-thread window (hwnd=0000000000FD09DC thread=30692)
[2025-11-27T20:42:40.083Z][pid 30692][tid 33260] WARN Status bar theme update skipped: cross-thread window (hwnd=0000000000FD09DC ownerThread=30692)
[2025-11-27T20:42:40.089Z][pid 30692][tid 33260] WARN Status bar subclass skipped: cross-thread window (hwnd=0000000000FD09DC thread=30692)
[2025-11-27T20:42:40.089Z][pid 30692][tid 33260] WARN Status bar theme update skipped: cross-thread window (hwnd=0000000000FD09DC ownerThread=30692)
[2025-11-27T20:42:40.092Z][pid 30692][tid 33260] WARN Status bar subclass skipped: cross-thread window (hwnd=0000000000FD09DC thread=30692)
[2025-11-27T20:42:40.092Z][pid 30692][tid 33260] WARN Status bar theme update skipped: cross-thread window (hwnd=0000000000FD09DC ownerThread=30692)
[2025-11-27T20:42:40.097Z][pid 30692][tid 33260] WARN Status bar subclass skipped: cross-thread window (hwnd=0000000000FD09DC thread=30692)
[2025-11-27T20:42:40.097Z][pid 30692][tid 33260] WARN Status bar theme update skipped: cross-thread window (hwnd=0000000000FD09DC ownerThread=30692)
[2025-11-27T20:42:40.099Z][pid 30692][tid 33260] WARN Status bar subclass skipped: cross-thread window (hwnd=0000000000FD09DC thread=30692)
[2025-11-27T20:42:40.100Z][pid 30692][tid 33260] WARN Status bar theme update skipped: cross-thread window (hwnd=0000000000FD09DC ownerThread=30692)
[2025-11-27T20:42:40.103Z][pid 30692][tid 33260] WARN Status bar subclass skipped: cross-thread window (hwnd=0000000000FD09DC thread=30692)
[2025-11-27T20:42:40.103Z][pid 30692][tid 33260] WARN Status bar theme update skipped: cross-thread window (hwnd=0000000000FD09DC ownerThread=30692)
[2025-11-27T20:42:40.106Z][pid 30692][tid 33260] WARN Status bar subclass skipped: cross-thread window (hwnd=0000000000FD09DC thread=30692)
[2025-11-27T20:42:40.106Z][pid 30692][tid 33260] WARN Status bar theme update skipped: cross-thread window (hwnd=0000000000FD09DC ownerThread=30692)
[2025-11-27T20:42:40.112Z][pid 30692][tid 33260] WARN Status bar subclass skipped: cross-thread window (hwnd=0000000000FD09DC thread=30692)
[2025-11-27T20:42:40.112Z][pid 30692][tid 33260] WARN Status bar theme update skipped: cross-thread window (hwnd=0000000000FD09DC ownerThread=30692)
[2025-11-27T20:42:40.114Z][pid 30692][tid 33260] WARN Status bar subclass skipped: cross-thread window (hwnd=0000000000FD09DC thread=30692)
[2025-11-27T20:42:40.115Z][pid 30692][tid 33260] WARN Status bar theme update skipped: cross-thread window (hwnd=0000000000FD09DC ownerThread=30692)
[2025-11-27T20:42:40.118Z][pid 30692][tid 33260] WARN Status bar subclass skipped: cross-thread window (hwnd=0000000000FD09DC thread=30692)
[2025-11-27T20:42:40.118Z][pid 30692][tid 33260] WARN Status bar theme update skipped: cross-thread window (hwnd=0000000000FD09DC ownerThread=30692)
[2025-11-27T20:42:40.124Z][pid 30692][tid 33260] WARN Status bar subclass skipped: cross-thread window (hwnd=0000000000FD09DC thread=30692)
[2025-11-27T20:42:40.124Z][pid 30692][tid 33260] WARN Status bar theme update skipped: cross-thread window (hwnd=0000000000FD09DC ownerThread=30692)
[2025-11-27T20:42:40.131Z][pid 30692][tid 33260] WARN Status bar subclass skipped: cross-thread window (hwnd=0000000000FD09DC thread=30692)
[2025-11-27T20:42:40.132Z][pid 30692][tid 33260] WARN Status bar theme update skipped: cross-thread window (hwnd=0000000000FD09DC ownerThread=30692)
[2025-11-27T20:42:40.146Z][pid 30692][tid 33260] WARN Status bar subclass skipped: cross-thread window (hwnd=0000000000FD09DC thread=30692)
[2025-11-27T20:42:40.146Z][pid 30692][tid 33260] WARN Status bar theme update skipped: cross-thread window (hwnd=0000000000FD09DC ownerThread=30692)
[2025-11-27T20:42:40.239Z][pid 30692][tid 33260] WARN Status bar subclass skipped: cross-thread window (hwnd=0000000000FD09DC thread=30692)
[2025-11-27T20:42:40.239Z][pid 30692][tid 33260] WARN Status bar theme update skipped: cross-thread window (hwnd=0000000000FD09DC ownerThread=30692)
[2025-11-27T20:42:40.277Z][pid 30692][tid 33260] WARN Status bar subclass skipped: cross-thread window (hwnd=0000000000FD09DC thread=30692)
[2025-11-27T20:42:40.278Z][pid 30692][tid 33260] WARN Status bar theme update skipped: cross-thread window (hwnd=0000000000FD09DC ownerThread=30692)
[2025-11-27T20:42:40.314Z][pid 30692][tid 33260] WARN Status bar subclass skipped: cross-thread window (hwnd=0000000000FD09DC thread=30692)
[2025-11-27T20:42:40.315Z][pid 30692][tid 33260] WARN Status bar theme update skipped: cross-thread window (hwnd=0000000000FD09DC ownerThread=30692)
[2025-11-27T20:42:40.335Z][pid 30692][tid 33260] WARN Status bar subclass skipped: cross-thread window (hwnd=0000000000FD09DC thread=30692)
[2025-11-27T20:42:40.336Z][pid 30692][tid 33260] WARN Status bar theme update skipped: cross-thread window (hwnd=0000000000FD09DC ownerThread=30692)
[2025-11-27T20:42:40.354Z][pid 30692][tid 33260] WARN Status bar subclass skipped: cross-thread window (hwnd=0000000000FD09DC thread=30692)
[2025-11-27T20:42:40.355Z][pid 30692][tid 33260] WARN Status bar theme update skipped: cross-thread window (hwnd=0000000000FD09DC ownerThread=30692)
[2025-11-27T20:42:40.372Z][pid 30692][tid 33260] WARN Status bar subclass skipped: cross-thread window (hwnd=0000000000FD09DC thread=30692)
[2025-11-27T20:42:40.373Z][pid 30692][tid 33260] WARN Status bar theme update skipped: cross-thread window (hwnd=0000000000FD09DC ownerThread=30692)
[2025-11-27T20:42:40.387Z][pid 30692][tid 33260] WARN Status bar subclass skipped: cross-thread window (hwnd=0000000000FD09DC thread=30692)
[2025-11-27T20:42:40.387Z][pid 30692][tid 33260] WARN Status bar theme update skipped: cross-thread window (hwnd=0000000000FD09DC ownerThread=30692)
[2025-11-27T20:42:40.698Z][pid 30692][tid 33260] WARN Status bar subclass skipped: cross-thread window (hwnd=0000000000FD09DC thread=30692)
[2025-11-27T20:42:40.699Z][pid 30692][tid 33260] WARN Status bar theme update skipped: cross-thread window (hwnd=0000000000FD09DC ownerThread=30692)
[2025-11-27T20:42:40.706Z][pid 30692][tid 33260] WARN Status bar subclass skipped: cross-thread window (hwnd=0000000000FD09DC thread=30692)
[2025-11-27T20:42:40.706Z][pid 30692][tid 33260] WARN Status bar theme update skipped: cross-thread window (hwnd=0000000000FD09DC ownerThread=30692)
[2025-11-27T20:42:40.714Z][pid 30692][tid 33260] WARN Status bar subclass skipped: cross-thread window (hwnd=0000000000FD09DC thread=30692)
[2025-11-27T20:42:40.714Z][pid 30692][tid 33260] WARN Status bar theme update skipped: cross-thread window (hwnd=0000000000FD09DC ownerThread=30692)
[2025-11-27T20:42:40.720Z][pid 30692][tid 33260] WARN Status bar subclass skipped: cross-thread window (hwnd=0000000000FD09DC thread=30692)
[2025-11-27T20:42:40.721Z][pid 30692][tid 33260] WARN Status bar theme update skipped: cross-thread window (hwnd=0000000000FD09DC ownerThread=30692)
[2025-11-27T20:42:40.730Z][pid 30692][tid 33260] WARN Status bar subclass skipped: cross-thread window (hwnd=0000000000FD09DC thread=30692)
[2025-11-27T20:42:40.731Z][pid 30692][tid 33260] WARN Status bar theme update skipped: cross-thread window (hwnd=0000000000FD09DC ownerThread=30692)
[2025-11-27T20:42:40.735Z][pid 30692][tid 33260] WARN Status bar subclass skipped: cross-thread window (hwnd=0000000000FD09DC thread=30692)
[2025-11-27T20:42:40.735Z][pid 30692][tid 33260] WARN Status bar theme update skipped: cross-thread window (hwnd=0000000000FD09DC ownerThread=30692)
[2025-11-27T20:42:40.744Z][pid 30692][tid 33260] WARN Status bar subclass skipped: cross-thread window (hwnd=0000000000FD09DC thread=30692)
[2025-11-27T20:42:40.744Z][pid 30692][tid 33260] WARN Status bar theme update skipped: cross-thread window (hwnd=0000000000FD09DC ownerThread=30692)
[2025-11-27T20:42:40.753Z][pid 30692][tid 33260] WARN Status bar subclass skipped: cross-thread window (hwnd=0000000000FD09DC thread=30692)
[2025-11-27T20:42:40.753Z][pid 30692][tid 33260] WARN Status bar theme update skipped: cross-thread window (hwnd=0000000000FD09DC ownerThread=30692)
[2025-11-27T20:42:40.762Z][pid 30692][tid 33260] WARN Status bar subclass skipped: cross-thread window (hwnd=0000000000FD09DC thread=30692)
[2025-11-27T20:42:40.762Z][pid 30692][tid 33260] WARN Status bar theme update skipped: cross-thread window (hwnd=0000000000FD09DC ownerThread=30692)
[2025-11-27T20:42:40.771Z][pid 30692][tid 33260] WARN Status bar subclass skipped: cross-thread window (hwnd=0000000000FD09DC thread=30692)
[2025-11-27T20:42:40.771Z][pid 30692][tid 33260] WARN Status bar theme update skipped: cross-thread window (hwnd=0000000000FD09DC ownerThread=30692)
[2025-11-27T20:42:40.782Z][pid 30692][tid 33260] WARN Status bar subclass skipped: cross-thread window (hwnd=0000000000FD09DC thread=30692)
[2025-11-27T20:42:40.782Z][pid 30692][tid 33260] WARN Status bar theme update skipped: cross-thread window (hwnd=0000000000FD09DC ownerThread=30692)
[2025-11-27T20:42:40.796Z][pid 30692][tid 33260] WARN Status bar subclass skipped: cross-thread window (hwnd=0000000000FD09DC thread=30692)
[2025-11-27T20:42:40.796Z][pid 30692][tid 33260] WARN Status bar theme update skipped: cross-thread window (hwnd=0000000000FD09DC ownerThread=30692)
[2025-11-27T20:42:40.815Z][pid 30692][tid 33260] WARN Status bar subclass skipped: cross-thread window (hwnd=0000000000FD09DC thread=30692)
[2025-11-27T20:42:40.815Z][pid 30692][tid 33260] WARN Status bar theme update skipped: cross-thread window (hwnd=0000000000FD09DC ownerThread=30692)
[2025-11-27T20:42:40.854Z][pid 30692][tid 33260] WARN Status bar subclass skipped: cross-thread window (hwnd=0000000000FD09DC thread=30692)
[2025-11-27T20:42:40.855Z][pid 30692][tid 33260] WARN Status bar theme update skipped: cross-thread window (hwnd=0000000000FD09DC ownerThread=30692)
[2025-11-27T20:42:41.132Z][pid 30692][tid 33260] WARN Status bar subclass skipped: cross-thread window (hwnd=0000000000FD09DC thread=30692)
[2025-11-27T20:42:41.133Z][pid 30692][tid 33260] WARN Status bar theme update skipped: cross-thread window (hwnd=0000000000FD09DC ownerThread=30692)
[2025-11-27T20:42:41.151Z][pid 30692][tid 33260] WARN Status bar subclass skipped: cross-thread window (hwnd=0000000000FD09DC thread=30692)
[2025-11-27T20:42:41.152Z][pid 30692][tid 33260] WARN Status bar theme update skipped: cross-thread window (hwnd=0000000000FD09DC ownerThread=30692)
[2025-11-27T20:42:41.157Z][pid 30692][tid 33260] WARN Status bar subclass skipped: cross-thread window (hwnd=0000000000FD09DC thread=30692)
[2025-11-27T20:42:41.158Z][pid 30692][tid 33260] WARN Status bar theme update skipped: cross-thread window (hwnd=0000000000FD09DC ownerThread=30692)
[2025-11-27T20:42:41.165Z][pid 30692][tid 33260] WARN Status bar subclass skipped: cross-thread window (hwnd=0000000000FD09DC thread=30692)
[2025-11-27T20:42:41.165Z][pid 30692][tid 33260] WARN Status bar theme update skipped: cross-thread window (hwnd=0000000000FD09DC ownerThread=30692)
[2025-11-27T20:42:41.170Z][pid 30692][tid 33260] WARN Status bar subclass skipped: cross-thread window (hwnd=0000000000FD09DC thread=30692)
[2025-11-27T20:42:41.171Z][pid 30692][tid 33260] WARN Status bar theme update skipped: cross-thread window (hwnd=0000000000FD09DC ownerThread=30692)
[2025-11-27T20:42:41.176Z][pid 30692][tid 33260] WARN Status bar subclass skipped: cross-thread window (hwnd=0000000000FD09DC thread=30692)
[2025-11-27T20:42:41.177Z][pid 30692][tid 33260] WARN Status bar theme update skipped: cross-thread window (hwnd=0000000000FD09DC ownerThread=30692)
[2025-11-27T20:42:41.185Z][pid 30692][tid 33260] WARN Status bar subclass skipped: cross-thread window (hwnd=0000000000FD09DC thread=30692)
[2025-11-27T20:42:41.186Z][pid 30692][tid 33260] WARN Status bar theme update skipped: cross-thread window (hwnd=0000000000FD09DC ownerThread=30692)
[2025-11-27T20:42:41.203Z][pid 30692][tid 33260] WARN Status bar subclass skipped: cross-thread window (hwnd=0000000000FD09DC thread=30692)
[2025-11-27T20:42:41.204Z][pid 30692][tid 33260] WARN Status bar theme update skipped: cross-thread window (hwnd=0000000000FD09DC ownerThread=30692)
[2025-11-27T20:42:41.484Z][pid 30692][tid 33260] WARN Status bar subclass skipped: cross-thread window (hwnd=0000000000FD09DC thread=30692)
[2025-11-27T20:42:41.484Z][pid 30692][tid 33260] WARN Status bar theme update skipped: cross-thread window (hwnd=0000000000FD09DC ownerThread=30692)
[2025-11-27T20:42:41.494Z][pid 30692][tid 33260] WARN Status bar subclass skipped: cross-thread window (hwnd=0000000000FD09DC thread=30692)
[2025-11-27T20:42:41.495Z][pid 30692][tid 33260] WARN Status bar theme update skipped: cross-thread window (hwnd=0000000000FD09DC ownerThread=30692)
[2025-11-27T20:42:41.506Z][pid 30692][tid 33260] WARN Status bar subclass skipped: cross-thread window (hwnd=0000000000FD09DC thread=30692)
[2025-11-27T20:42:41.507Z][pid 30692][tid 33260] WARN Status bar theme update skipped: cross-thread window (hwnd=0000000000FD09DC ownerThread=30692)
[2025-11-27T20:42:41.522Z][pid 30692][tid 33260] WARN Status bar subclass skipped: cross-thread window (hwnd=0000000000FD09DC thread=30692)
[2025-11-27T20:42:41.522Z][pid 30692][tid 33260] WARN Status bar theme update skipped: cross-thread window (hwnd=0000000000FD09DC ownerThread=30692)
[2025-11-27T20:42:41.539Z][pid 30692][tid 33260] WARN Status bar subclass skipped: cross-thread window (hwnd=0000000000FD09DC thread=30692)
[2025-11-27T20:42:41.539Z][pid 30692][tid 33260] WARN Status bar theme update skipped: cross-thread window (hwnd=0000000000FD09DC ownerThread=30692)
[2025-11-27T20:42:41.566Z][pid 30692][tid 33260] WARN Status bar subclass skipped: cross-thread window (hwnd=0000000000FD09DC thread=30692)
[2025-11-27T20:42:41.567Z][pid 30692][tid 33260] WARN Status bar theme update skipped: cross-thread window (hwnd=0000000000FD09DC ownerThread=30692)
[2025-11-27T20:42:41.698Z][pid 30692][tid 33260] WARN Status bar subclass skipped: cross-thread window (hwnd=0000000000FD09DC thread=30692)
[2025-11-27T20:42:41.698Z][pid 30692][tid 33260] WARN Status bar theme update skipped: cross-thread window (hwnd=0000000000FD09DC ownerThread=30692)
[2025-11-27T20:42:41.752Z][pid 30692][tid 33260] WARN Status bar subclass skipped: cross-thread window (hwnd=0000000000FD09DC thread=30692)
[2025-11-27T20:42:41.752Z][pid 30692][tid 33260] WARN Status bar theme update skipped: cross-thread window (hwnd=0000000000FD09DC ownerThread=30692)
[2025-11-27T20:42:41.788Z][pid 30692][tid 33260] WARN Status bar subclass skipped: cross-thread window (hwnd=0000000000FD09DC thread=30692)
[2025-11-27T20:42:41.789Z][pid 30692][tid 33260] WARN Status bar theme update skipped: cross-thread window (hwnd=0000000000FD09DC ownerThread=30692)
[2025-11-27T20:42:42.429Z][pid 30692][tid 33260] WARN Status bar subclass skipped: cross-thread window (hwnd=0000000000FD09DC thread=30692)
[2025-11-27T20:42:42.429Z][pid 30692][tid 33260] WARN Status bar theme update skipped: cross-thread window (hwnd=0000000000FD09DC ownerThread=30692)
[2025-11-27T20:42:42.476Z][pid 30692][tid 33260] WARN Status bar subclass skipped: cross-thread window (hwnd=0000000000FD09DC thread=30692)
[2025-11-27T20:42:42.476Z][pid 30692][tid 33260] WARN Status bar theme update skipped: cross-thread window (hwnd=0000000000FD09DC ownerThread=30692)
[2025-11-27T20:42:42.687Z][pid 30692][tid 33260] WARN Status bar subclass skipped: cross-thread window (hwnd=0000000000FD09DC thread=30692)
[2025-11-27T20:42:42.687Z][pid 30692][tid 33260] WARN Status bar theme update skipped: cross-thread window (hwnd=0000000000FD09DC ownerThread=30692)
[2025-11-27T20:42:42.826Z][pid 30692][tid 33260] WARN Status bar subclass skipped: cross-thread window (hwnd=0000000000FD09DC thread=30692)
[2025-11-27T20:42:42.826Z][pid 30692][tid 33260] WARN Status bar theme update skipped: cross-thread window (hwnd=0000000000FD09DC ownerThread=30692)
[2025-11-27T20:42:43.093Z][pid 30692][tid 33260] WARN Status bar subclass skipped: cross-thread window (hwnd=0000000000FD09DC thread=30692)
[2025-11-27T20:42:43.094Z][pid 30692][tid 33260] WARN Status bar theme update skipped: cross-thread window (hwnd=0000000000FD09DC ownerThread=30692)
[2025-11-27T20:42:43.660Z][pid 30692][tid 33260] WARN Status bar subclass skipped: cross-thread window (hwnd=0000000000FD09DC thread=30692)
[2025-11-27T20:42:43.661Z][pid 30692][tid 33260] WARN Status bar theme update skipped: cross-thread window (hwnd=0000000000FD09DC ownerThread=30692)
[2025-11-27T20:42:43.700Z][pid 30692][tid 33260] WARN Status bar subclass skipped: cross-thread window (hwnd=0000000000FD09DC thread=30692)
[2025-11-27T20:42:43.701Z][pid 30692][tid 33260] WARN Status bar theme update skipped: cross-thread window (hwnd=0000000000FD09DC ownerThread=30692)
[2025-11-27T20:42:43.731Z][pid 30692][tid 33260] WARN Status bar subclass skipped: cross-thread window (hwnd=0000000000FD09DC thread=30692)
[2025-11-27T20:42:43.731Z][pid 30692][tid 33260] WARN Status bar theme update skipped: cross-thread window (hwnd=0000000000FD09DC ownerThread=30692)
[2025-11-27T20:42:43.768Z][pid 30692][tid 33260] WARN Status bar subclass skipped: cross-thread window (hwnd=0000000000FD09DC thread=30692)
[2025-11-27T20:42:43.768Z][pid 30692][tid 33260] WARN Status bar theme update skipped: cross-thread window (hwnd=0000000000FD09DC ownerThread=30692)
[2025-11-27T20:42:43.860Z][pid 30692][tid 33260] WARN Status bar subclass skipped: cross-thread window (hwnd=0000000000FD09DC thread=30692)
[2025-11-27T20:42:43.860Z][pid 30692][tid 33260] WARN Status bar theme update skipped: cross-thread window (hwnd=0000000000FD09DC ownerThread=30692)
[2025-11-27T20:42:44.581Z][pid 30692][tid 33260] WARN Status bar subclass skipped: cross-thread window (hwnd=0000000000FD09DC thread=30692)
[2025-11-27T20:42:44.582Z][pid 30692][tid 33260] WARN Status bar theme update skipped: cross-thread window (hwnd=0000000000FD09DC ownerThread=30692)
[2025-11-27T20:42:44.636Z][pid 30692][tid 33260] WARN Status bar subclass skipped: cross-thread window (hwnd=0000000000FD09DC thread=30692)
[2025-11-27T20:42:44.636Z][pid 30692][tid 33260] WARN Status bar theme update skipped: cross-thread window (hwnd=0000000000FD09DC ownerThread=30692)
[2025-11-27T20:42:44.688Z][pid 30692][tid 33260] WARN Status bar subclass skipped: cross-thread window (hwnd=0000000000FD09DC thread=30692)
[2025-11-27T20:42:44.688Z][pid 30692][tid 33260] WARN Status bar theme update skipped: cross-thread window (hwnd=0000000000FD09DC ownerThread=30692)
[2025-11-27T20:42:45.069Z][pid 30692][tid 33260] WARN Status bar subclass skipped: cross-thread window (hwnd=0000000000FD09DC thread=30692)
[2025-11-27T20:42:45.069Z][pid 30692][tid 33260] WARN Status bar theme update skipped: cross-thread window (hwnd=0000000000FD09DC ownerThread=30692)
[2025-11-27T20:42:45.248Z][pid 30692][tid 33260] WARN Status bar subclass skipped: cross-thread window (hwnd=0000000000FD09DC thread=30692)
[2025-11-27T20:42:45.249Z][pid 30692][tid 33260] WARN Status bar theme update skipped: cross-thread window (hwnd=0000000000FD09DC ownerThread=30692)
[2025-11-27T20:42:45.561Z][pid 30692][tid 33260] WARN Status bar subclass skipped: cross-thread window (hwnd=0000000000FD09DC thread=30692)
[2025-11-27T20:42:45.561Z][pid 30692][tid 33260] WARN Status bar theme update skipped: cross-thread window (hwnd=0000000000FD09DC ownerThread=30692)
[2025-11-27T20:42:46.286Z][pid 30692][tid 33260] WARN Status bar subclass skipped: cross-thread window (hwnd=0000000000FD09DC thread=30692)
[2025-11-27T20:42:46.286Z][pid 30692][tid 33260] WARN Status bar theme update skipped: cross-thread window (hwnd=0000000000FD09DC ownerThread=30692)
[2025-11-27T20:42:46.467Z][pid 30692][tid 33260] WARN Status bar theme update skipped: cross-thread window (hwnd=0000000000FD09DC ownerThread=30692)
[2025-11-27T20:42:46.496Z][pid 30692][tid 33260] WARN Status bar subclass skipped: cross-thread window (hwnd=0000000000FD09DC thread=30692)
[2025-11-27T20:42:46.497Z][pid 30692][tid 33260] WARN Status bar theme update skipped: cross-thread window (hwnd=0000000000FD09DC ownerThread=30692)
[2025-11-27T20:42:46.517Z][pid 30692][tid 33260] WARN Status bar subclass skipped: cross-thread window (hwnd=0000000000FD09DC thread=30692)
[2025-11-27T20:42:46.518Z][pid 30692][tid 33260] WARN Status bar theme update skipped: cross-thread window (hwnd=0000000000FD09DC ownerThread=30692)
[2025-11-27T20:42:46.520Z][pid 30692][tid 33260] WARN Status bar subclass skipped: cross-thread window (hwnd=0000000000FD09DC thread=30692)
[2025-11-27T20:42:46.520Z][pid 30692][tid 33260] WARN Status bar theme update skipped: cross-thread window (hwnd=0000000000FD09DC ownerThread=30692)
[2025-11-27T20:42:46.520Z][pid 30692][tid 33260] WARN Status bar subclass skipped: cross-thread window (hwnd=0000000000FD09DC thread=30692)
[2025-11-27T20:42:46.520Z][pid 30692][tid 33260] WARN Status bar theme update skipped: cross-thread window (hwnd=0000000000FD09DC ownerThread=30692)
[2025-11-27T20:42:55.085Z][pid 30692][tid 33260] WARN Status bar subclass skipped: cross-thread window (hwnd=0000000000FD09DC thread=30692)
[2025-11-27T20:42:55.085Z][pid 30692][tid 33260] WARN Status bar theme update skipped: cross-thread window (hwnd=0000000000FD09DC ownerThread=30692)
[2025-11-27T20:42:55.088Z][pid 30692][tid 33260] WARN Status bar subclass skipped: cross-thread window (hwnd=0000000000FD09DC thread=30692)
[2025-11-27T20:42:55.089Z][pid 30692][tid 33260] WARN Status bar theme update skipped: cross-thread window (hwnd=0000000000FD09DC ownerThread=30692)
[2025-11-27T20:42:55.093Z][pid 30692][tid 33260] WARN Status bar subclass skipped: cross-thread window (hwnd=0000000000FD09DC thread=30692)
[2025-11-27T20:42:55.094Z][pid 30692][tid 33260] WARN Status bar theme update skipped: cross-thread window (hwnd=0000000000FD09DC ownerThread=30692)
[2025-11-27T20:42:55.097Z][pid 30692][tid 33260] WARN Status bar subclass skipped: cross-thread window (hwnd=0000000000FD09DC thread=30692)
[2025-11-27T20:42:55.097Z][pid 30692][tid 33260] WARN Status bar theme update skipped: cross-thread window (hwnd=0000000000FD09DC ownerThread=30692)
[2025-11-27T20:42:55.100Z][pid 30692][tid 33260] WARN Status bar subclass skipped: cross-thread window (hwnd=0000000000FD09DC thread=30692)
[2025-11-27T20:42:55.100Z][pid 30692][tid 33260] WARN Status bar theme update skipped: cross-thread window (hwnd=0000000000FD09DC ownerThread=30692)
[2025-11-27T20:42:55.104Z][pid 30692][tid 33260] WARN Status bar subclass skipped: cross-thread window (hwnd=0000000000FD09DC thread=30692)
[2025-11-27T20:42:55.104Z][pid 30692][tid 33260] WARN Status bar theme update skipped: cross-thread window (hwnd=0000000000FD09DC ownerThread=30692)
[2025-11-27T20:42:55.107Z][pid 30692][tid 33260] WARN Status bar subclass skipped: cross-thread window (hwnd=0000000000FD09DC thread=30692)
[2025-11-27T20:42:55.107Z][pid 30692][tid 33260] WARN Status bar theme update skipped: cross-thread window (hwnd=0000000000FD09DC ownerThread=30692)
[2025-11-27T20:42:55.110Z][pid 30692][tid 33260] WARN Status bar subclass skipped: cross-thread window (hwnd=0000000000FD09DC thread=30692)
[2025-11-27T20:42:55.110Z][pid 30692][tid 33260] WARN Status bar theme update skipped: cross-thread window (hwnd=0000000000FD09DC ownerThread=30692)
[2025-11-27T20:42:55.113Z][pid 30692][tid 33260] WARN Status bar subclass skipped: cross-thread window (hwnd=0000000000FD09DC thread=30692)
[2025-11-27T20:42:55.113Z][pid 30692][tid 33260] WARN Status bar theme update skipped: cross-thread window (hwnd=0000000000FD09DC ownerThread=30692)
[2025-11-27T20:42:55.116Z][pid 30692][tid 33260] WARN Status bar subclass skipped: cross-thread window (hwnd=0000000000FD09DC thread=30692)
[2025-11-27T20:42:55.116Z][pid 30692][tid 33260] WARN Status bar theme update skipped: cross-thread window (hwnd=0000000000FD09DC ownerThread=30692)
[2025-11-27T20:42:55.123Z][pid 30692][tid 33260] WARN Status bar subclass skipped: cross-thread window (hwnd=0000000000FD09DC thread=30692)
[2025-11-27T20:42:55.124Z][pid 30692][tid 33260] WARN Status bar theme update skipped: cross-thread window (hwnd=0000000000FD09DC ownerThread=30692)
[2025-11-27T20:42:55.166Z][pid 30692][tid 33260] WARN Status bar subclass skipped: cross-thread window (hwnd=0000000000FD09DC thread=30692)
[2025-11-27T20:42:55.166Z][pid 30692][tid 33260] WARN Status bar theme update skipped: cross-thread window (hwnd=0000000000FD09DC ownerThread=30692)
[2025-11-27T20:42:55.175Z][pid 30692][tid 33260] WARN Status bar subclass skipped: cross-thread window (hwnd=0000000000FD09DC thread=30692)
[2025-11-27T20:42:55.176Z][pid 30692][tid 33260] WARN Status bar theme update skipped: cross-thread window (hwnd=0000000000FD09DC ownerThread=30692)
[2025-11-27T20:42:55.184Z][pid 30692][tid 33260] WARN Status bar subclass skipped: cross-thread window (hwnd=0000000000FD09DC thread=30692)
[2025-11-27T20:42:55.184Z][pid 30692][tid 33260] WARN Status bar theme update skipped: cross-thread window (hwnd=0000000000FD09DC ownerThread=30692)
[2025-11-27T20:42:55.190Z][pid 30692][tid 33260] WARN Status bar subclass skipped: cross-thread window (hwnd=0000000000FD09DC thread=30692)
[2025-11-27T20:42:55.190Z][pid 30692][tid 33260] WARN Status bar theme update skipped: cross-thread window (hwnd=0000000000FD09DC ownerThread=30692)
[2025-11-27T20:42:55.198Z][pid 30692][tid 33260] WARN Status bar subclass skipped: cross-thread window (hwnd=0000000000FD09DC thread=30692)
[2025-11-27T20:42:55.199Z][pid 30692][tid 33260] WARN Status bar theme update skipped: cross-thread window (hwnd=0000000000FD09DC ownerThread=30692)
[2025-11-27T20:42:55.206Z][pid 30692][tid 33260] WARN Status bar subclass skipped: cross-thread window (hwnd=0000000000FD09DC thread=30692)
[2025-11-27T20:42:55.206Z][pid 30692][tid 33260] WARN Status bar theme update skipped: cross-thread window (hwnd=0000000000FD09DC ownerThread=30692)
[2025-11-27T20:42:55.214Z][pid 30692][tid 33260] WARN Status bar subclass skipped: cross-thread window (hwnd=0000000000FD09DC thread=30692)
[2025-11-27T20:42:55.214Z][pid 30692][tid 33260] WARN Status bar theme update skipped: cross-thread window (hwnd=0000000000FD09DC ownerThread=30692)
[2025-11-27T20:42:55.224Z][pid 30692][tid 33260] WARN Status bar subclass skipped: cross-thread window (hwnd=0000000000FD09DC thread=30692)
[2025-11-27T20:42:55.224Z][pid 30692][tid 33260] WARN Status bar theme update skipped: cross-thread window (hwnd=0000000000FD09DC ownerThread=30692)
[2025-11-27T20:42:55.245Z][pid 30692][tid 33260] WARN Status bar subclass skipped: cross-thread window (hwnd=0000000000FD09DC thread=30692)
[2025-11-27T20:42:55.245Z][pid 30692][tid 33260] WARN Status bar theme update skipped: cross-thread window (hwnd=0000000000FD09DC ownerThread=30692)
[2025-11-27T20:42:55.420Z][pid 30692][tid 33260] WARN Status bar subclass skipped: cross-thread window (hwnd=0000000000FD09DC thread=30692)
[2025-11-27T20:42:55.421Z][pid 30692][tid 33260] WARN Status bar theme update skipped: cross-thread window (hwnd=0000000000FD09DC ownerThread=30692)
[2025-11-27T20:42:55.436Z][pid 30692][tid 33260] WARN Status bar subclass skipped: cross-thread window (hwnd=0000000000FD09DC thread=30692)
[2025-11-27T20:42:55.437Z][pid 30692][tid 33260] WARN Status bar theme update skipped: cross-thread window (hwnd=0000000000FD09DC ownerThread=30692)
[2025-11-27T20:42:55.452Z][pid 30692][tid 33260] WARN Status bar subclass skipped: cross-thread window (hwnd=0000000000FD09DC thread=30692)
[2025-11-27T20:42:55.452Z][pid 30692][tid 33260] WARN Status bar theme update skipped: cross-thread window (hwnd=0000000000FD09DC ownerThread=30692)
[2025-11-27T20:42:55.468Z][pid 30692][tid 33260] WARN Status bar subclass skipped: cross-thread window (hwnd=0000000000FD09DC thread=30692)
[2025-11-27T20:42:55.468Z][pid 30692][tid 33260] WARN Status bar theme update skipped: cross-thread window (hwnd=0000000000FD09DC ownerThread=30692)
[2025-11-27T20:42:55.472Z][pid 30692][tid 33260] WARN Status bar subclass skipped: cross-thread window (hwnd=0000000000FD09DC thread=30692)
[2025-11-27T20:42:55.473Z][pid 30692][tid 33260] WARN Status bar theme update skipped: cross-thread window (hwnd=0000000000FD09DC ownerThread=30692)
[2025-11-27T20:42:55.476Z][pid 30692][tid 33260] WARN Status bar subclass skipped: cross-thread window (hwnd=0000000000FD09DC thread=30692)
[2025-11-27T20:42:55.477Z][pid 30692][tid 33260] WARN Status bar theme update skipped: cross-thread window (hwnd=0000000000FD09DC ownerThread=30692)
[2025-11-27T20:42:55.479Z][pid 30692][tid 33260] WARN Status bar subclass skipped: cross-thread window (hwnd=0000000000FD09DC thread=30692)
[2025-11-27T20:42:55.479Z][pid 30692][tid 33260] WARN Status bar theme update skipped: cross-thread window (hwnd=0000000000FD09DC ownerThread=30692)
[2025-11-27T20:43:14.069Z][pid 30692][tid 33260] WARN Status bar subclass skipped: cross-thread window (hwnd=0000000000FD09DC thread=30692)
[2025-11-27T20:43:14.069Z][pid 30692][tid 33260] WARN Status bar theme update skipped: cross-thread window (hwnd=0000000000FD09DC ownerThread=30692)
[2025-11-27T20:43:14.071Z][pid 30692][tid 33260] WARN Status bar theme update skipped: cross-thread window (hwnd=0000000000FD09DC ownerThread=30692)
[2025-11-27T20:43:14.085Z][pid 30692][tid 33260] WARN Status bar subclass skipped: cross-thread window (hwnd=0000000000FD09DC thread=30692)
[2025-11-27T20:43:14.085Z][pid 30692][tid 33260] WARN Status bar theme update skipped: cross-thread window (hwnd=0000000000FD09DC ownerThread=30692)
[2025-11-27T20:43:14.097Z][pid 30692][tid 33260] WARN Status bar subclass skipped: cross-thread window (hwnd=0000000000FD09DC thread=30692)
[2025-11-27T20:43:14.098Z][pid 30692][tid 33260] WARN Status bar theme update skipped: cross-thread window (hwnd=0000000000FD09DC ownerThread=30692)
[2025-11-27T20:43:14.100Z][pid 30692][tid 33260] WARN Status bar subclass skipped: cross-thread window (hwnd=0000000000FD09DC thread=30692)
[2025-11-27T20:43:14.101Z][pid 30692][tid 33260] WARN Status bar theme update skipped: cross-thread window (hwnd=0000000000FD09DC ownerThread=30692)
[2025-11-27T20:43:14.373Z][pid 30692][tid 33260] WARN Status bar subclass skipped: cross-thread window (hwnd=0000000000FD09DC thread=30692)
[2025-11-27T20:43:14.374Z][pid 30692][tid 33260] WARN Status bar theme update skipped: cross-thread window (hwnd=0000000000FD09DC ownerThread=30692)
[2025-11-27T20:43:14.379Z][pid 30692][tid 33260] WARN Status bar subclass skipped: cross-thread window (hwnd=0000000000FD09DC thread=30692)
[2025-11-27T20:43:14.379Z][pid 30692][tid 33260] WARN Status bar theme update skipped: cross-thread window (hwnd=0000000000FD09DC ownerThread=30692)
[2025-11-27T20:43:14.381Z][pid 30692][tid 33260] WARN Status bar subclass skipped: cross-thread window (hwnd=0000000000FD09DC thread=30692)
[2025-11-27T20:43:14.382Z][pid 30692][tid 33260] WARN Status bar theme update skipped: cross-thread window (hwnd=0000000000FD09DC ownerThread=30692)
[2025-11-27T20:43:16.049Z][pid 30692][tid 33260] WARN Status bar subclass skipped: cross-thread window (hwnd=0000000000FD09DC thread=30692)
[2025-11-27T20:43:16.050Z][pid 30692][tid 33260] WARN Status bar theme update skipped: cross-thread window (hwnd=0000000000FD09DC ownerThread=30692)
[2025-11-27T20:43:18.030Z][pid 30692][tid 33260] WARN Status bar subclass skipped: cross-thread window (hwnd=0000000000FD09DC thread=30692)
[2025-11-27T20:43:18.030Z][pid 30692][tid 33260] WARN Status bar theme update skipped: cross-thread window (hwnd=0000000000FD09DC ownerThread=30692)
[2025-11-27T20:43:18.036Z][pid 30692][tid 33260] WARN Status bar subclass skipped: cross-thread window (hwnd=0000000000FD09DC thread=30692)
[2025-11-27T20:43:18.036Z][pid 30692][tid 33260] WARN Status bar theme update skipped: cross-thread window (hwnd=0000000000FD09DC ownerThread=30692)
[2025-11-27T20:43:18.412Z][pid 30692][tid 33260] WARN Status bar subclass skipped: cross-thread window (hwnd=0000000000FD09DC thread=30692)
[2025-11-27T20:43:18.413Z][pid 30692][tid 33260] WARN Status bar theme update skipped: cross-thread window (hwnd=0000000000FD09DC ownerThread=30692)
[2025-11-27T20:43:18.471Z][pid 30692][tid 33260] WARN Status bar subclass skipped: cross-thread window (hwnd=0000000000FD09DC thread=30692)
[2025-11-27T20:43:18.471Z][pid 30692][tid 33260] WARN Status bar theme update skipped: cross-thread window (hwnd=0000000000FD09DC ownerThread=30692)
[2025-11-27T20:43:18.573Z][pid 30692][tid 33260] WARN Status bar subclass skipped: cross-thread window (hwnd=0000000000FD09DC thread=30692)
[2025-11-27T20:43:18.574Z][pid 30692][tid 33260] WARN Status bar theme update skipped: cross-thread window (hwnd=0000000000FD09DC ownerThread=30692)
[2025-11-27T20:43:18.628Z][pid 30692][tid 33260] WARN Status bar subclass skipped: cross-thread window (hwnd=0000000000FD09DC thread=30692)
[2025-11-27T20:43:18.629Z][pid 30692][tid 33260] WARN Status bar theme update skipped: cross-thread window (hwnd=0000000000FD09DC ownerThread=30692)
[2025-11-27T20:43:18.665Z][pid 30692][tid 33260] WARN Status bar subclass skipped: cross-thread window (hwnd=0000000000FD09DC thread=30692)
[2025-11-27T20:43:18.665Z][pid 30692][tid 33260] WARN Status bar theme update skipped: cross-thread window (hwnd=0000000000FD09DC ownerThread=30692)
[2025-11-27T20:43:18.755Z][pid 30692][tid 33260] WARN Status bar subclass skipped: cross-thread window (hwnd=0000000000FD09DC thread=30692)
[2025-11-27T20:43:18.756Z][pid 30692][tid 33260] WARN Status bar theme update skipped: cross-thread window (hwnd=0000000000FD09DC ownerThread=30692)
[2025-11-27T20:43:18.854Z][pid 30692][tid 33260] WARN Status bar subclass skipped: cross-thread window (hwnd=0000000000FD09DC thread=30692)
[2025-11-27T20:43:18.855Z][pid 30692][tid 33260] WARN Status bar theme update skipped: cross-thread window (hwnd=0000000000FD09DC ownerThread=30692)
[2025-11-27T20:43:18.954Z][pid 30692][tid 33260] WARN Status bar subclass skipped: cross-thread window (hwnd=0000000000FD09DC thread=30692)
[2025-11-27T20:43:18.954Z][pid 30692][tid 33260] WARN Status bar theme update skipped: cross-thread window (hwnd=0000000000FD09DC ownerThread=30692)
[2025-11-27T20:43:19.015Z][pid 30692][tid 33260] WARN Status bar subclass skipped: cross-thread window (hwnd=0000000000FD09DC thread=30692)
[2025-11-27T20:43:19.015Z][pid 30692][tid 33260] WARN Status bar theme update skipped: cross-thread window (hwnd=0000000000FD09DC ownerThread=30692)
[2025-11-27T20:43:19.339Z][pid 30692][tid 33260] WARN Status bar subclass skipped: cross-thread window (hwnd=0000000000FD09DC thread=30692)
[2025-11-27T20:43:19.339Z][pid 30692][tid 33260] WARN Status bar theme update skipped: cross-thread window (hwnd=0000000000FD09DC ownerThread=30692)
[2025-11-27T20:43:19.662Z][pid 30692][tid 33260] WARN Status bar subclass skipped: cross-thread window (hwnd=0000000000FD09DC thread=30692)
[2025-11-27T20:43:19.662Z][pid 30692][tid 33260] WARN Status bar theme update skipped: cross-thread window (hwnd=0000000000FD09DC ownerThread=30692)
[2025-11-27T20:43:19.804Z][pid 30692][tid 33260] WARN Status bar subclass skipped: cross-thread window (hwnd=0000000000FD09DC thread=30692)
[2025-11-27T20:43:19.804Z][pid 30692][tid 33260] WARN Status bar theme update skipped: cross-thread window (hwnd=0000000000FD09DC ownerThread=30692)
[2025-11-27T20:43:19.951Z][pid 30692][tid 33260] WARN Status bar subclass skipped: cross-thread window (hwnd=0000000000FD09DC thread=30692)
[2025-11-27T20:43:19.951Z][pid 30692][tid 33260] WARN Status bar theme update skipped: cross-thread window (hwnd=0000000000FD09DC ownerThread=30692)
[2025-11-27T20:43:20.293Z][pid 30692][tid 33260] WARN Status bar theme update skipped: cross-thread window (hwnd=0000000000FD09DC ownerThread=30692)
[2025-11-27T20:43:20.316Z][pid 30692][tid 33260] WARN Status bar subclass skipped: cross-thread window (hwnd=0000000000FD09DC thread=30692)
[2025-11-27T20:43:20.316Z][pid 30692][tid 33260] WARN Status bar theme update skipped: cross-thread window (hwnd=0000000000FD09DC ownerThread=30692)
[2025-11-27T20:43:20.334Z][pid 30692][tid 33260] WARN Status bar subclass skipped: cross-thread window (hwnd=0000000000FD09DC thread=30692)
[2025-11-27T20:43:20.335Z][pid 30692][tid 33260] WARN Status bar theme update skipped: cross-thread window (hwnd=0000000000FD09DC ownerThread=30692)
[2025-11-27T20:43:20.877Z][pid 30692][tid 33260] WARN Status bar subclass skipped: cross-thread window (hwnd=0000000000FD09DC thread=30692)
[2025-11-27T20:43:20.879Z][pid 30692][tid 33260] WARN Status bar theme update skipped: cross-thread window (hwnd=0000000000FD09DC ownerThread=30692)
[2025-11-27T20:43:20.934Z][pid 30692][tid 33260] WARN Status bar subclass skipped: cross-thread window (hwnd=0000000000FD09DC thread=30692)
[2025-11-27T20:43:20.934Z][pid 30692][tid 33260] WARN Status bar theme update skipped: cross-thread window (hwnd=0000000000FD09DC ownerThread=30692)
[2025-11-27T20:43:20.973Z][pid 30692][tid 33260] WARN Status bar subclass skipped: cross-thread window (hwnd=0000000000FD09DC thread=30692)
[2025-11-27T20:43:20.974Z][pid 30692][tid 33260] WARN Status bar theme update skipped: cross-thread window (hwnd=0000000000FD09DC ownerThread=30692)
[2025-11-27T20:43:21.044Z][pid 30692][tid 33260] WARN Status bar subclass skipped: cross-thread window (hwnd=0000000000FD09DC thread=30692)
[2025-11-27T20:43:21.045Z][pid 30692][tid 33260] WARN Status bar theme update skipped: cross-thread window (hwnd=0000000000FD09DC ownerThread=30692)
[2025-11-27T20:43:21.080Z][pid 30692][tid 33260] WARN Status bar subclass skipped: cross-thread window (hwnd=0000000000FD09DC thread=30692)
[2025-11-27T20:43:21.080Z][pid 30692][tid 33260] WARN Status bar theme update skipped: cross-thread window (hwnd=0000000000FD09DC ownerThread=30692)
[2025-11-27T20:43:21.097Z][pid 30692][tid 33260] WARN Status bar subclass skipped: cross-thread window (hwnd=0000000000FD09DC thread=30692)
[2025-11-27T20:43:21.097Z][pid 30692][tid 33260] WARN Status bar theme update skipped: cross-thread window (hwnd=0000000000FD09DC ownerThread=30692)
[2025-11-27T20:43:21.117Z][pid 30692][tid 33260] WARN Status bar subclass skipped: cross-thread window (hwnd=0000000000FD09DC thread=30692)
[2025-11-27T20:43:21.117Z][pid 30692][tid 33260] WARN Status bar theme update skipped: cross-thread window (hwnd=0000000000FD09DC ownerThread=30692)
[2025-11-27T20:43:21.173Z][pid 30692][tid 33260] WARN Status bar subclass skipped: cross-thread window (hwnd=0000000000FD09DC thread=30692)
[2025-11-27T20:43:21.174Z][pid 30692][tid 33260] WARN Status bar theme update skipped: cross-thread window (hwnd=0000000000FD09DC ownerThread=30692)
[2025-11-27T20:43:21.263Z][pid 30692][tid 33260] WARN Status bar subclass skipped: cross-thread window (hwnd=0000000000FD09DC thread=30692)
[2025-11-27T20:43:21.263Z][pid 30692][tid 33260] WARN Status bar theme update skipped: cross-thread window (hwnd=0000000000FD09DC ownerThread=30692)
[2025-11-27T20:43:21.308Z][pid 30692][tid 33260] WARN Status bar subclass skipped: cross-thread window (hwnd=0000000000FD09DC thread=30692)
[2025-11-27T20:43:21.308Z][pid 30692][tid 33260] WARN Status bar theme update skipped: cross-thread window (hwnd=0000000000FD09DC ownerThread=30692)
[2025-11-27T20:43:21.750Z][pid 30692][tid 33260] WARN Status bar subclass skipped: cross-thread window (hwnd=0000000000FD09DC thread=30692)
[2025-11-27T20:43:21.750Z][pid 30692][tid 33260] WARN Status bar theme update skipped: cross-thread window (hwnd=0000000000FD09DC ownerThread=30692)
[2025-11-27T20:43:21.752Z][pid 30692][tid 33260] WARN Status bar theme update skipped: cross-thread window (hwnd=0000000000FD09DC ownerThread=30692)
[2025-11-27T20:43:21.767Z][pid 30692][tid 33260] WARN Status bar subclass skipped: cross-thread window (hwnd=0000000000FD09DC thread=30692)
[2025-11-27T20:43:21.767Z][pid 30692][tid 33260] WARN Status bar theme update skipped: cross-thread window (hwnd=0000000000FD09DC ownerThread=30692)
[2025-11-27T20:43:21.782Z][pid 30692][tid 33260] WARN Status bar subclass skipped: cross-thread window (hwnd=0000000000FD09DC thread=30692)
[2025-11-27T20:43:21.783Z][pid 30692][tid 33260] WARN Status bar theme update skipped: cross-thread window (hwnd=0000000000FD09DC ownerThread=30692)
[2025-11-27T20:43:21.784Z][pid 30692][tid 33260] WARN Status bar subclass skipped: cross-thread window (hwnd=0000000000FD09DC thread=30692)
[2025-11-27T20:43:21.784Z][pid 30692][tid 33260] WARN Status bar theme update skipped: cross-thread window (hwnd=0000000000FD09DC ownerThread=30692)
[2025-11-27T20:43:21.862Z][pid 30692][tid 33260] WARN Status bar subclass skipped: cross-thread window (hwnd=0000000000FD09DC thread=30692)
[2025-11-27T20:43:21.863Z][pid 30692][tid 33260] WARN Status bar theme update skipped: cross-thread window (hwnd=0000000000FD09DC ownerThread=30692)
[2025-11-27T20:43:21.867Z][pid 30692][tid 33260] WARN Status bar subclass skipped: cross-thread window (hwnd=0000000000FD09DC thread=30692)
[2025-11-27T20:43:21.867Z][pid 30692][tid 33260] WARN Status bar theme update skipped: cross-thread window (hwnd=0000000000FD09DC ownerThread=30692)
[2025-11-27T20:43:22.066Z][pid 30692][tid 33260] WARN Status bar subclass skipped: cross-thread window (hwnd=0000000000FD09DC thread=30692)
[2025-11-27T20:43:22.066Z][pid 30692][tid 33260] WARN Status bar theme update skipped: cross-thread window (hwnd=0000000000FD09DC ownerThread=30692)
[2025-11-27T20:43:22.081Z][pid 30692][tid 33260] WARN Status bar subclass skipped: cross-thread window (hwnd=0000000000FD09DC thread=30692)
[2025-11-27T20:43:22.081Z][pid 30692][tid 33260] WARN Status bar theme update skipped: cross-thread window (hwnd=0000000000FD09DC ownerThread=30692)
[2025-11-27T20:43:22.169Z][pid 30692][tid 33260] WARN Status bar subclass skipped: cross-thread window (hwnd=0000000000FD09DC thread=30692)
[2025-11-27T20:43:22.170Z][pid 30692][tid 33260] WARN Status bar theme update skipped: cross-thread window (hwnd=0000000000FD09DC ownerThread=30692)
[2025-11-27T20:43:22.207Z][pid 30692][tid 33260] WARN Status bar subclass skipped: cross-thread window (hwnd=0000000000FD09DC thread=30692)
[2025-11-27T20:43:22.208Z][pid 30692][tid 33260] WARN Status bar theme update skipped: cross-thread window (hwnd=0000000000FD09DC ownerThread=30692)
[2025-11-27T20:43:22.228Z][pid 30692][tid 33260] WARN Status bar subclass skipped: cross-thread window (hwnd=0000000000FD09DC thread=30692)
[2025-11-27T20:43:22.229Z][pid 30692][tid 33260] WARN Status bar theme update skipped: cross-thread window (hwnd=0000000000FD09DC ownerThread=30692)
[2025-11-27T20:43:22.242Z][pid 30692][tid 33260] WARN Status bar subclass skipped: cross-thread window (hwnd=0000000000FD09DC thread=30692)
[2025-11-27T20:43:22.243Z][pid 30692][tid 33260] WARN Status bar theme update skipped: cross-thread window (hwnd=0000000000FD09DC ownerThread=30692)
[2025-11-27T20:43:22.246Z][pid 30692][tid 33260] WARN Status bar subclass skipped: cross-thread window (hwnd=0000000000FD09DC thread=30692)
[2025-11-27T20:43:22.246Z][pid 30692][tid 33260] WARN Status bar theme update skipped: cross-thread window (hwnd=0000000000FD09DC ownerThread=30692)
[2025-11-27T20:43:22.251Z][pid 30692][tid 33260] WARN Status bar subclass skipped: cross-thread window (hwnd=0000000000FD09DC thread=30692)
[2025-11-27T20:43:22.251Z][pid 30692][tid 33260] WARN Status bar theme update skipped: cross-thread window (hwnd=0000000000FD09DC ownerThread=30692)
[2025-11-27T20:43:22.694Z][pid 30692][tid 33260] WARN Status bar theme update skipped: cross-thread window (hwnd=0000000000FD09DC ownerThread=30692)
[2025-11-27T20:43:22.721Z][pid 30692][tid 33260] WARN Status bar subclass skipped: cross-thread window (hwnd=0000000000FD09DC thread=30692)
[2025-11-27T20:43:22.722Z][pid 30692][tid 33260] WARN Status bar theme update skipped: cross-thread window (hwnd=0000000000FD09DC ownerThread=30692)
[2025-11-27T20:43:22.726Z][pid 30692][tid 33260] WARN Status bar subclass skipped: cross-thread window (hwnd=0000000000FD09DC thread=30692)
[2025-11-27T20:43:22.727Z][pid 30692][tid 33260] WARN Status bar theme update skipped: cross-thread window (hwnd=0000000000FD09DC ownerThread=30692)
[2025-11-27T20:43:22.728Z][pid 30692][tid 33260] WARN Status bar subclass skipped: cross-thread window (hwnd=0000000000FD09DC thread=30692)
[2025-11-27T20:43:22.728Z][pid 30692][tid 33260] WARN Status bar theme update skipped: cross-thread window (hwnd=0000000000FD09DC ownerThread=30692)
[2025-11-27T20:43:22.729Z][pid 30692][tid 33260] WARN Status bar subclass skipped: cross-thread window (hwnd=0000000000FD09DC thread=30692)
[2025-11-27T20:43:22.729Z][pid 30692][tid 33260] WARN Status bar theme update skipped: cross-thread window (hwnd=0000000000FD09DC ownerThread=30692)
[2025-11-27T20:44:07.735Z][pid 30692][tid 33260] WARN Status bar subclass skipped: cross-thread window (hwnd=0000000000FD09DC thread=30692)
[2025-11-27T20:44:07.735Z][pid 30692][tid 33260] WARN Status bar theme update skipped: cross-thread window (hwnd=0000000000FD09DC ownerThread=30692)
[2025-11-27T20:44:07.737Z][pid 30692][tid 33260] WARN Status bar theme update skipped: cross-thread window (hwnd=0000000000FD09DC ownerThread=30692)
[2025-11-27T20:44:07.750Z][pid 30692][tid 33260] WARN Status bar subclass skipped: cross-thread window (hwnd=0000000000FD09DC thread=30692)
[2025-11-27T20:44:07.751Z][pid 30692][tid 33260] WARN Status bar theme update skipped: cross-thread window (hwnd=0000000000FD09DC ownerThread=30692)
[2025-11-27T20:44:07.765Z][pid 30692][tid 33260] WARN Status bar subclass skipped: cross-thread window (hwnd=0000000000FD09DC thread=30692)
[2025-11-27T20:44:07.767Z][pid 30692][tid 33260] WARN Status bar theme update skipped: cross-thread window (hwnd=0000000000FD09DC ownerThread=30692)
[2025-11-27T20:44:07.767Z][pid 30692][tid 33260] WARN Status bar subclass skipped: cross-thread window (hwnd=0000000000FD09DC thread=30692)
[2025-11-27T20:44:07.767Z][pid 30692][tid 33260] WARN Status bar theme update skipped: cross-thread window (hwnd=0000000000FD09DC ownerThread=30692)
[2025-11-27T20:44:07.944Z][pid 30692][tid 33260] WARN Status bar subclass skipped: cross-thread window (hwnd=0000000000FD09DC thread=30692)
[2025-11-27T20:44:07.945Z][pid 30692][tid 33260] WARN Status bar theme update skipped: cross-thread window (hwnd=0000000000FD09DC ownerThread=30692)
[2025-11-27T20:44:07.947Z][pid 30692][tid 33260] WARN Status bar subclass skipped: cross-thread window (hwnd=0000000000FD09DC thread=30692)
[2025-11-27T20:44:07.947Z][pid 30692][tid 33260] WARN Status bar theme update skipped: cross-thread window (hwnd=0000000000FD09DC ownerThread=30692)
[2025-11-27T20:44:07.986Z][pid 30692][tid 33260] WARN Status bar subclass skipped: cross-thread window (hwnd=0000000000FD09DC thread=30692)
[2025-11-27T20:44:07.986Z][pid 30692][tid 33260] WARN Status bar theme update skipped: cross-thread window (hwnd=0000000000FD09DC ownerThread=30692)
[2025-11-27T20:44:08.069Z][pid 30692][tid 33260] WARN Status bar subclass skipped: cross-thread window (hwnd=0000000000FD09DC thread=30692)
[2025-11-27T20:44:08.070Z][pid 30692][tid 33260] WARN Status bar theme update skipped: cross-thread window (hwnd=0000000000FD09DC ownerThread=30692)
[2025-11-27T20:44:08.273Z][pid 30692][tid 33260] WARN Status bar subclass skipped: cross-thread window (hwnd=0000000000FD09DC thread=30692)
[2025-11-27T20:44:08.273Z][pid 30692][tid 33260] WARN Status bar theme update skipped: cross-thread window (hwnd=0000000000FD09DC ownerThread=30692)
[2025-11-27T20:44:08.326Z][pid 30692][tid 33260] WARN Status bar subclass skipped: cross-thread window (hwnd=0000000000FD09DC thread=30692)
[2025-11-27T20:44:08.326Z][pid 30692][tid 33260] WARN Status bar theme update skipped: cross-thread window (hwnd=0000000000FD09DC ownerThread=30692)
[2025-11-27T20:44:08.392Z][pid 30692][tid 33260] WARN Status bar subclass skipped: cross-thread window (hwnd=0000000000FD09DC thread=30692)
[2025-11-27T20:44:08.392Z][pid 30692][tid 33260] WARN Status bar theme update skipped: cross-thread window (hwnd=0000000000FD09DC ownerThread=30692)
[2025-11-27T20:44:08.678Z][pid 30692][tid 33260] WARN Status bar subclass skipped: cross-thread window (hwnd=0000000000FD09DC thread=30692)
[2025-11-27T20:44:08.678Z][pid 30692][tid 33260] WARN Status bar theme update skipped: cross-thread window (hwnd=0000000000FD09DC ownerThread=30692)
[2025-11-27T20:44:09.035Z][pid 30692][tid 33260] WARN Status bar subclass skipped: cross-thread window (hwnd=0000000000FD09DC thread=30692)
[2025-11-27T20:44:09.035Z][pid 30692][tid 33260] WARN Status bar theme update skipped: cross-thread window (hwnd=0000000000FD09DC ownerThread=30692)
[2025-11-27T20:44:09.152Z][pid 30692][tid 33260] WARN Status bar subclass skipped: cross-thread window (hwnd=0000000000FD09DC thread=30692)
[2025-11-27T20:44:09.152Z][pid 30692][tid 33260] WARN Status bar theme update skipped: cross-thread window (hwnd=0000000000FD09DC ownerThread=30692)
[2025-11-27T20:44:09.235Z][pid 30692][tid 33260] WARN Status bar subclass skipped: cross-thread window (hwnd=0000000000FD09DC thread=30692)
[2025-11-27T20:44:09.236Z][pid 30692][tid 33260] WARN Status bar theme update skipped: cross-thread window (hwnd=0000000000FD09DC ownerThread=30692)
[2025-11-27T20:44:09.525Z][pid 30692][tid 33260] WARN Status bar subclass skipped: cross-thread window (hwnd=0000000000FD09DC thread=30692)
[2025-11-27T20:44:09.525Z][pid 30692][tid 33260] WARN Status bar theme update skipped: cross-thread window (hwnd=0000000000FD09DC ownerThread=30692)
[2025-11-27T20:44:09.543Z][pid 30692][tid 33260] WARN Status bar subclass skipped: cross-thread window (hwnd=0000000000FD09DC thread=30692)
[2025-11-27T20:44:09.543Z][pid 30692][tid 33260] WARN Status bar theme update skipped: cross-thread window (hwnd=0000000000FD09DC ownerThread=30692)
[2025-11-27T20:44:09.567Z][pid 30692][tid 33260] WARN Status bar subclass skipped: cross-thread window (hwnd=0000000000FD09DC thread=30692)
[2025-11-27T20:44:09.568Z][pid 30692][tid 33260] WARN Status bar theme update skipped: cross-thread window (hwnd=0000000000FD09DC ownerThread=30692)
[2025-11-27T20:44:09.593Z][pid 30692][tid 33260] WARN Status bar theme update skipped: cross-thread window (hwnd=0000000000FD09DC ownerThread=30692)
[2025-11-27T20:44:09.623Z][pid 30692][tid 33260] WARN Status bar subclass skipped: cross-thread window (hwnd=0000000000FD09DC thread=30692)
[2025-11-27T20:44:09.623Z][pid 30692][tid 33260] WARN Status bar theme update skipped: cross-thread window (hwnd=0000000000FD09DC ownerThread=30692)
[2025-11-27T20:44:09.635Z][pid 30692][tid 33260] WARN Status bar subclass skipped: cross-thread window (hwnd=0000000000FD09DC thread=30692)
[2025-11-27T20:44:09.635Z][pid 30692][tid 33260] WARN Status bar theme update skipped: cross-thread window (hwnd=0000000000FD09DC ownerThread=30692)
[2025-11-27T20:44:09.637Z][pid 30692][tid 33260] WARN Status bar subclass skipped: cross-thread window (hwnd=0000000000FD09DC thread=30692)
[2025-11-27T20:44:09.637Z][pid 30692][tid 33260] WARN Status bar theme update skipped: cross-thread window (hwnd=0000000000FD09DC ownerThread=30692)
[2025-11-27T20:44:09.638Z][pid 30692][tid 33260] WARN Status bar subclass skipped: cross-thread window (hwnd=0000000000FD09DC thread=30692)
[2025-11-27T20:44:09.638Z][pid 30692][tid 33260] WARN Status bar theme update skipped: cross-thread window (hwnd=0000000000FD09DC ownerThread=30692)
[2025-11-27T20:44:09.651Z][pid 30692][tid 33260] WARN Status bar subclass skipped: cross-thread window (hwnd=0000000000FD09DC thread=30692)
[2025-11-27T20:44:09.651Z][pid 30692][tid 33260] WARN Status bar theme update skipped: cross-thread window (hwnd=0000000000FD09DC ownerThread=30692)
[2025-11-27T20:44:09.652Z][pid 30692][tid 33260] WARN Status bar subclass skipped: cross-thread window (hwnd=0000000000FD09DC thread=30692)
[2025-11-27T20:44:09.652Z][pid 30692][tid 33260] WARN Status bar theme update skipped: cross-thread window (hwnd=0000000000FD09DC ownerThread=30692)
[2025-11-27T20:44:09.737Z][pid 30692][tid 33260] WARN Status bar subclass skipped: cross-thread window (hwnd=0000000000FD09DC thread=30692)
[2025-11-27T20:44:09.737Z][pid 30692][tid 33260] WARN Status bar theme update skipped: cross-thread window (hwnd=0000000000FD09DC ownerThread=30692)
[2025-11-27T20:44:42.059Z][pid 30692][tid 33260] WARN Status bar subclass skipped: cross-thread window (hwnd=0000000000FD09DC thread=30692)
[2025-11-27T20:44:42.059Z][pid 30692][tid 33260] WARN Status bar theme update skipped: cross-thread window (hwnd=0000000000FD09DC ownerThread=30692)
[2025-11-27T20:44:42.065Z][pid 30692][tid 33260] WARN Status bar subclass skipped: cross-thread window (hwnd=0000000000FD09DC thread=30692)
[2025-11-27T20:44:42.066Z][pid 30692][tid 33260] WARN Status bar theme update skipped: cross-thread window (hwnd=0000000000FD09DC ownerThread=30692)
[2025-11-27T20:44:42.115Z][pid 30692][tid 33260] WARN Status bar subclass skipped: cross-thread window (hwnd=0000000000FD09DC thread=30692)
[2025-11-27T20:44:42.115Z][pid 30692][tid 33260] WARN Status bar theme update skipped: cross-thread window (hwnd=0000000000FD09DC ownerThread=30692)
[2025-11-27T20:44:42.145Z][pid 30692][tid 33260] WARN Status bar subclass skipped: cross-thread window (hwnd=0000000000FD09DC thread=30692)
[2025-11-27T20:44:42.146Z][pid 30692][tid 33260] WARN Status bar theme update skipped: cross-thread window (hwnd=0000000000FD09DC ownerThread=30692)
[2025-11-27T20:44:42.168Z][pid 30692][tid 33260] WARN Status bar subclass skipped: cross-thread window (hwnd=0000000000FD09DC thread=30692)
[2025-11-27T20:44:42.169Z][pid 30692][tid 33260] WARN Status bar theme update skipped: cross-thread window (hwnd=0000000000FD09DC ownerThread=30692)
[2025-11-27T20:44:42.192Z][pid 30692][tid 33260] WARN Status bar subclass skipped: cross-thread window (hwnd=0000000000FD09DC thread=30692)
[2025-11-27T20:44:42.192Z][pid 30692][tid 33260] WARN Status bar theme update skipped: cross-thread window (hwnd=0000000000FD09DC ownerThread=30692)
[2025-11-27T20:44:42.263Z][pid 30692][tid 33260] WARN Status bar subclass skipped: cross-thread window (hwnd=0000000000FD09DC thread=30692)
[2025-11-27T20:44:42.263Z][pid 30692][tid 33260] WARN Status bar theme update skipped: cross-thread window (hwnd=0000000000FD09DC ownerThread=30692)
[2025-11-27T20:44:42.369Z][pid 30692][tid 33260] WARN Status bar subclass skipped: cross-thread window (hwnd=0000000000FD09DC thread=30692)
[2025-11-27T20:44:42.369Z][pid 30692][tid 33260] WARN Status bar theme update skipped: cross-thread window (hwnd=0000000000FD09DC ownerThread=30692)
[2025-11-27T20:44:42.493Z][pid 30692][tid 33260] WARN Status bar subclass skipped: cross-thread window (hwnd=0000000000FD09DC thread=30692)
[2025-11-27T20:44:42.493Z][pid 30692][tid 33260] WARN Status bar theme update skipped: cross-thread window (hwnd=0000000000FD09DC ownerThread=30692)
[2025-11-27T20:44:42.512Z][pid 30692][tid 33260] WARN Status bar subclass skipped: cross-thread window (hwnd=0000000000FD09DC thread=30692)
[2025-11-27T20:44:42.513Z][pid 30692][tid 33260] WARN Status bar theme update skipped: cross-thread window (hwnd=0000000000FD09DC ownerThread=30692)
[2025-11-27T20:44:42.527Z][pid 30692][tid 33260] WARN Status bar subclass skipped: cross-thread window (hwnd=0000000000FD09DC thread=30692)
[2025-11-27T20:44:42.527Z][pid 30692][tid 33260] WARN Status bar theme update skipped: cross-thread window (hwnd=0000000000FD09DC ownerThread=30692)
[2025-11-27T20:44:42.537Z][pid 30692][tid 33260] WARN Status bar subclass skipped: cross-thread window (hwnd=0000000000FD09DC thread=30692)
[2025-11-27T20:44:42.537Z][pid 30692][tid 33260] WARN Status bar theme update skipped: cross-thread window (hwnd=0000000000FD09DC ownerThread=30692)
[2025-11-27T20:44:42.983Z][pid 30692][tid 33260] WARN Status bar subclass skipped: cross-thread window (hwnd=0000000000FD09DC thread=30692)
[2025-11-27T20:44:42.984Z][pid 30692][tid 33260] WARN Status bar theme update skipped: cross-thread window (hwnd=0000000000FD09DC ownerThread=30692)
[2025-11-27T20:44:42.991Z][pid 30692][tid 33260] WARN Status bar subclass skipped: cross-thread window (hwnd=0000000000FD09DC thread=30692)
[2025-11-27T20:44:42.991Z][pid 30692][tid 33260] WARN Status bar theme update skipped: cross-thread window (hwnd=0000000000FD09DC ownerThread=30692)
[2025-11-27T20:44:42.992Z][pid 30692][tid 33260] WARN Status bar subclass skipped: cross-thread window (hwnd=0000000000FD09DC thread=30692)
[2025-11-27T20:44:42.993Z][pid 30692][tid 33260] WARN Status bar theme update skipped: cross-thread window (hwnd=0000000000FD09DC ownerThread=30692)
[2025-11-27T20:44:42.998Z][pid 30692][tid 33260] WARN Status bar subclass skipped: cross-thread window (hwnd=0000000000FD09DC thread=30692)
[2025-11-27T20:44:42.998Z][pid 30692][tid 33260] WARN Status bar theme update skipped: cross-thread window (hwnd=0000000000FD09DC ownerThread=30692)
[2025-11-27T20:44:43.004Z][pid 30692][tid 33260] WARN Status bar subclass skipped: cross-thread window (hwnd=0000000000FD09DC thread=30692)
[2025-11-27T20:44:43.004Z][pid 30692][tid 33260] WARN Status bar theme update skipped: cross-thread window (hwnd=0000000000FD09DC ownerThread=30692)
[2025-11-27T20:44:43.013Z][pid 30692][tid 33260] WARN Status bar subclass skipped: cross-thread window (hwnd=0000000000FD09DC thread=30692)
[2025-11-27T20:44:43.013Z][pid 30692][tid 33260] WARN Status bar theme update skipped: cross-thread window (hwnd=0000000000FD09DC ownerThread=30692)
[2025-11-27T20:44:43.017Z][pid 30692][tid 33260] WARN Status bar subclass skipped: cross-thread window (hwnd=0000000000FD09DC thread=30692)
[2025-11-27T20:44:43.017Z][pid 30692][tid 33260] WARN Status bar theme update skipped: cross-thread window (hwnd=0000000000FD09DC ownerThread=30692)
[2025-11-27T20:44:43.021Z][pid 30692][tid 33260] WARN Status bar subclass skipped: cross-thread window (hwnd=0000000000FD09DC thread=30692)
[2025-11-27T20:44:43.021Z][pid 30692][tid 33260] WARN Status bar theme update skipped: cross-thread window (hwnd=0000000000FD09DC ownerThread=30692)
[2025-11-27T20:44:43.026Z][pid 30692][tid 33260] WARN Status bar subclass skipped: cross-thread window (hwnd=0000000000FD09DC thread=30692)
[2025-11-27T20:44:43.026Z][pid 30692][tid 33260] WARN Status bar theme update skipped: cross-thread window (hwnd=0000000000FD09DC ownerThread=30692)
[2025-11-27T20:44:43.031Z][pid 30692][tid 33260] WARN Status bar subclass skipped: cross-thread window (hwnd=0000000000FD09DC thread=30692)
[2025-11-27T20:44:43.033Z][pid 30692][tid 33260] WARN Status bar theme update skipped: cross-thread window (hwnd=0000000000FD09DC ownerThread=30692)
[2025-11-27T20:44:43.036Z][pid 30692][tid 33260] WARN Status bar subclass skipped: cross-thread window (hwnd=0000000000FD09DC thread=30692)
[2025-11-27T20:44:43.036Z][pid 30692][tid 33260] WARN Status bar theme update skipped: cross-thread window (hwnd=0000000000FD09DC ownerThread=30692)
[2025-11-27T20:44:43.963Z][pid 30692][tid 33260] WARN Status bar subclass skipped: cross-thread window (hwnd=0000000000FD09DC thread=30692)
[2025-11-27T20:44:43.964Z][pid 30692][tid 33260] WARN Status bar theme update skipped: cross-thread window (hwnd=0000000000FD09DC ownerThread=30692)
[2025-11-27T20:44:44.024Z][pid 30692][tid 33260] WARN Status bar subclass skipped: cross-thread window (hwnd=0000000000FD09DC thread=30692)
[2025-11-27T20:44:44.024Z][pid 30692][tid 33260] WARN Status bar theme update skipped: cross-thread window (hwnd=0000000000FD09DC ownerThread=30692)
[2025-11-27T20:44:44.081Z][pid 30692][tid 33260] WARN Status bar subclass skipped: cross-thread window (hwnd=0000000000FD09DC thread=30692)
[2025-11-27T20:44:44.081Z][pid 30692][tid 33260] WARN Status bar theme update skipped: cross-thread window (hwnd=0000000000FD09DC ownerThread=30692)
[2025-11-27T20:44:44.119Z][pid 30692][tid 33260] WARN Status bar subclass skipped: cross-thread window (hwnd=0000000000FD09DC thread=30692)
[2025-11-27T20:44:44.119Z][pid 30692][tid 33260] WARN Status bar theme update skipped: cross-thread window (hwnd=0000000000FD09DC ownerThread=30692)
[2025-11-27T20:44:44.155Z][pid 30692][tid 33260] WARN Status bar subclass skipped: cross-thread window (hwnd=0000000000FD09DC thread=30692)
[2025-11-27T20:44:44.155Z][pid 30692][tid 33260] WARN Status bar theme update skipped: cross-thread window (hwnd=0000000000FD09DC ownerThread=30692)
[2025-11-27T20:46:20.046Z][pid 30692][tid 33260] WARN Status bar subclass skipped: cross-thread window (hwnd=0000000000FD09DC thread=30692)
[2025-11-27T20:46:20.046Z][pid 30692][tid 33260] WARN Status bar theme update skipped: cross-thread window (hwnd=0000000000FD09DC ownerThread=30692)
[2025-11-27T20:46:20.049Z][pid 30692][tid 33260] WARN Status bar theme update skipped: cross-thread window (hwnd=0000000000FD09DC ownerThread=30692)
[2025-11-27T20:46:20.067Z][pid 30692][tid 33260] WARN Status bar subclass skipped: cross-thread window (hwnd=0000000000FD09DC thread=30692)
[2025-11-27T20:46:20.067Z][pid 30692][tid 33260] WARN Status bar theme update skipped: cross-thread window (hwnd=0000000000FD09DC ownerThread=30692)
[2025-11-27T20:46:20.079Z][pid 30692][tid 33260] WARN Status bar subclass skipped: cross-thread window (hwnd=0000000000FD09DC thread=30692)
[2025-11-27T20:46:20.079Z][pid 30692][tid 33260] WARN Status bar theme update skipped: cross-thread window (hwnd=0000000000FD09DC ownerThread=30692)
[2025-11-27T20:46:20.082Z][pid 30692][tid 33260] WARN Status bar subclass skipped: cross-thread window (hwnd=0000000000FD09DC thread=30692)
[2025-11-27T20:46:20.082Z][pid 30692][tid 33260] WARN Status bar theme update skipped: cross-thread window (hwnd=0000000000FD09DC ownerThread=30692)
[2025-11-27T20:46:23.711Z][pid 30692][tid 33260] WARN Status bar subclass skipped: cross-thread window (hwnd=0000000000FD09DC thread=30692)
[2025-11-27T20:46:23.711Z][pid 30692][tid 33260] WARN Status bar theme update skipped: cross-thread window (hwnd=0000000000FD09DC ownerThread=30692)
[2025-11-27T20:46:23.711Z][pid 30692][tid 33260] WARN Status bar subclass skipped: cross-thread window (hwnd=0000000000FD09DC thread=30692)
[2025-11-27T20:46:23.711Z][pid 30692][tid 33260] WARN Status bar theme update skipped: cross-thread window (hwnd=0000000000FD09DC ownerThread=30692)
[2025-11-27T20:46:23.712Z][pid 30692][tid 33260] WARN Status bar subclass skipped: cross-thread window (hwnd=0000000000FD09DC thread=30692)
[2025-11-27T20:46:23.712Z][pid 30692][tid 33260] WARN Status bar theme update skipped: cross-thread window (hwnd=0000000000FD09DC ownerThread=30692)
[2025-11-27T20:46:23.713Z][pid 30692][tid 33260] WARN Status bar subclass skipped: cross-thread window (hwnd=0000000000FD09DC thread=30692)
[2025-11-27T20:46:23.713Z][pid 30692][tid 33260] WARN Status bar theme update skipped: cross-thread window (hwnd=0000000000FD09DC ownerThread=30692)
[2025-11-27T20:46:23.715Z][pid 30692][tid 33260] WARN Status bar subclass skipped: cross-thread window (hwnd=0000000000FD09DC thread=30692)
[2025-11-27T20:46:23.715Z][pid 30692][tid 33260] WARN Status bar theme update skipped: cross-thread window (hwnd=0000000000FD09DC ownerThread=30692)
[2025-11-27T20:46:23.716Z][pid 30692][tid 33260] WARN Status bar subclass skipped: cross-thread window (hwnd=0000000000FD09DC thread=30692)
[2025-11-27T20:46:23.717Z][pid 30692][tid 33260] WARN Status bar theme update skipped: cross-thread window (hwnd=0000000000FD09DC ownerThread=30692)
[2025-11-27T20:46:23.717Z][pid 30692][tid 33260] INFO TabBand::UpdateTabsUI applying 1 items
[2025-11-27T20:46:23.719Z][pid 30692][tid 33260] INFO Tab diff: +1 -1 move=0 update=0 rows=1 incremental=false
[2025-11-27T20:46:23.724Z][pid 30692][tid 33260] INFO Breadcrumb QueryService(IShellBrowser) failed: 0x80004001
[2025-11-27T20:46:23.724Z][pid 30692][tid 33260] INFO Breadcrumb ribbon frame discovered via IShellBrowser (hwnd=00000000014F0A54)
[2025-11-27T20:46:23.724Z][pid 30692][tid 33260] INFO Breadcrumb ribbon frame discovered via IWebBrowser2 (hwnd=00000000014F0A54)
[2025-11-27T20:46:23.724Z][pid 30692][tid 33260] INFO Breadcrumb toolbar located via window enumeration (hwnd=0000000000110472)
[2025-11-27T20:46:23.724Z][pid 30692][tid 33260] INFO Explorer pane creation watch cleared (view=0000000000000000)
[2025-11-27T20:46:23.724Z][pid 30692][tid 33260] WARN Status bar subclass removal skipped: cross-thread window (hwnd=0000000000FD09DC thread=30692)
[2025-11-27T20:46:23.724Z][pid 30692][tid 33260] WARN Status bar reset skipped: cross-thread access (hwnd=0000000000FD09DC ownerThread=30692)
[2025-11-27T20:46:23.724Z][pid 30692][tid 33260] INFO Cleared Open In New Tab pending state
[2025-11-27T20:46:23.725Z][pid 30692][tid 33260] INFO Installed shell view window subclass (view=0000000000930026)
[2025-11-27T20:46:23.725Z][pid 30692][tid 33260] INFO Installed explorer frame subclass (frame=00000000009B25E8)
[2025-11-27T20:46:23.725Z][pid 30692][tid 33260] INFO Cleared Open In New Tab pending state
[2025-11-27T20:46:23.725Z][pid 30692][tid 33260] INFO Explorer view base subclass ready (view=0000000000930026 frame=00000000009B25E8)
[2025-11-27T20:46:23.725Z][pid 30692][tid 33260] VERBOSE DirectUI IUIElement unavailable (hr=0x80004001)
[2025-11-27T20:46:23.725Z][pid 30692][tid 33260] INFO Installed explorer DirectUI host subclass (direct=00000000003C0016)
[2025-11-27T20:46:23.725Z][pid 30692][tid 33260] INFO Installed explorer tree view subclass (tree=00000000038B1610)
[2025-11-27T20:46:23.725Z][pid 30692][tid 33260] INFO Explorer status bar discovered (hwnd=0000000000FD09DC)
[2025-11-27T20:46:23.725Z][pid 30692][tid 33260] WARN Status bar subclass skipped: cross-thread window (hwnd=0000000000FD09DC thread=30692)
[2025-11-27T20:46:23.726Z][pid 30692][tid 33260] WARN Status bar theme update skipped: cross-thread window (hwnd=0000000000FD09DC ownerThread=30692)
[2025-11-27T20:46:23.726Z][pid 30692][tid 33260] INFO Registered glow surface edit (hwnd=0000000000A627A6)
[2025-11-27T20:46:23.726Z][pid 30692][tid 33260] WARN Status bar theme update skipped: cross-thread window (hwnd=0000000000FD09DC ownerThread=30692)
[2025-11-27T20:46:23.726Z][pid 30692][tid 33260] INFO Explorer pane creation watch armed (view=0000000000930026 list=1 tree=0)
[2025-11-27T20:46:23.726Z][pid 30692][tid 33260] INFO Explorer pane fallback timer armed (view=0000000000930026 delay=500)
[2025-11-27T20:46:23.726Z][pid 30692][tid 33260] INFO Explorer panes not ready: list view missing (view=0000000000930026)
[2025-11-27T20:46:23.726Z][pid 30692][tid 33260] INFO Explorer pane retry timer armed (view=0000000000930026 delay=500 attempts=1)
[2025-11-27T20:46:23.727Z][pid 30692][tid 33260] INFO TabBand::UpdateTabsUI applying 1 items
[2025-11-27T20:46:23.727Z][pid 30692][tid 33260] INFO Breadcrumb QueryService(IShellBrowser) failed: 0x80004001
[2025-11-27T20:46:23.727Z][pid 30692][tid 33260] INFO Breadcrumb ribbon frame discovered via IShellBrowser (hwnd=00000000014F0A54)
[2025-11-27T20:46:23.728Z][pid 30692][tid 33260] INFO Breadcrumb ribbon frame discovered via IWebBrowser2 (hwnd=00000000014F0A54)
[2025-11-27T20:46:23.728Z][pid 30692][tid 33260] INFO Breadcrumb toolbar located via window enumeration (hwnd=0000000000110472)
[2025-11-27T20:46:23.728Z][pid 30692][tid 33260] INFO Explorer pane creation watch cleared (view=0000000000930026)
[2025-11-27T20:46:23.728Z][pid 30692][tid 33260] WARN Status bar subclass removal skipped: cross-thread window (hwnd=0000000000FD09DC thread=30692)
[2025-11-27T20:46:23.728Z][pid 30692][tid 33260] WARN Status bar reset skipped: cross-thread access (hwnd=0000000000FD09DC ownerThread=30692)
[2025-11-27T20:46:23.728Z][pid 30692][tid 33260] INFO Cleared Open In New Tab pending state
[2025-11-27T20:46:23.728Z][pid 30692][tid 33260] INFO Installed shell view window subclass (view=0000000000930026)
[2025-11-27T20:46:23.728Z][pid 30692][tid 33260] INFO Installed explorer frame subclass (frame=00000000009B25E8)
[2025-11-27T20:46:23.728Z][pid 30692][tid 33260] INFO Cleared Open In New Tab pending state
[2025-11-27T20:46:23.729Z][pid 30692][tid 33260] INFO Explorer view base subclass ready (view=0000000000930026 frame=00000000009B25E8)
[2025-11-27T20:46:23.729Z][pid 30692][tid 33260] VERBOSE DirectUI IUIElement unavailable (hr=0x80004001)
[2025-11-27T20:46:23.729Z][pid 30692][tid 33260] INFO Installed explorer DirectUI host subclass (direct=00000000003C0016)
[2025-11-27T20:46:23.729Z][pid 30692][tid 33260] INFO Installed explorer tree view subclass (tree=00000000038B1610)
[2025-11-27T20:46:23.729Z][pid 30692][tid 33260] INFO Explorer status bar discovered (hwnd=0000000000FD09DC)
[2025-11-27T20:46:23.729Z][pid 30692][tid 33260] WARN Status bar subclass skipped: cross-thread window (hwnd=0000000000FD09DC thread=30692)
[2025-11-27T20:46:23.729Z][pid 30692][tid 33260] WARN Status bar theme update skipped: cross-thread window (hwnd=0000000000FD09DC ownerThread=30692)
[2025-11-27T20:46:23.730Z][pid 30692][tid 33260] INFO Registered glow surface edit (hwnd=0000000000A627A6)
[2025-11-27T20:46:23.730Z][pid 30692][tid 33260] WARN Status bar theme update skipped: cross-thread window (hwnd=0000000000FD09DC ownerThread=30692)
[2025-11-27T20:46:23.730Z][pid 30692][tid 33260] INFO Explorer pane creation watch armed (view=0000000000930026 list=1 tree=0)
[2025-11-27T20:46:23.730Z][pid 30692][tid 33260] INFO Explorer pane fallback timer armed (view=0000000000930026 delay=500)
[2025-11-27T20:46:23.730Z][pid 30692][tid 33260] INFO Explorer panes not ready: list view missing (view=0000000000930026)
[2025-11-27T20:46:23.730Z][pid 30692][tid 33260] INFO Explorer pane retry timer armed (view=0000000000930026 delay=500 attempts=1)
[2025-11-27T20:46:23.779Z][pid 30692][tid 33260] INFO TabBand::UpdateTabsUI applying 1 items
[2025-11-27T20:46:23.780Z][pid 30692][tid 33260] INFO Breadcrumb QueryService(IShellBrowser) failed: 0x80004001
[2025-11-27T20:46:23.780Z][pid 30692][tid 33260] INFO Breadcrumb ribbon frame discovered via IShellBrowser (hwnd=00000000014F0A54)
[2025-11-27T20:46:23.780Z][pid 30692][tid 33260] INFO Breadcrumb ribbon frame discovered via IWebBrowser2 (hwnd=00000000014F0A54)
[2025-11-27T20:46:23.781Z][pid 30692][tid 33260] INFO Breadcrumb toolbar located via window enumeration (hwnd=0000000000110472)
[2025-11-27T20:46:23.781Z][pid 30692][tid 33260] INFO Explorer pane creation watch cleared (view=0000000000930026)
[2025-11-27T20:46:23.781Z][pid 30692][tid 33260] WARN Status bar subclass removal skipped: cross-thread window (hwnd=0000000000FD09DC thread=30692)
[2025-11-27T20:46:23.781Z][pid 30692][tid 33260] WARN Status bar reset skipped: cross-thread access (hwnd=0000000000FD09DC ownerThread=30692)
[2025-11-27T20:46:23.781Z][pid 30692][tid 33260] INFO Cleared Open In New Tab pending state
[2025-11-27T20:46:23.781Z][pid 30692][tid 33260] INFO Installed shell view window subclass (view=0000000000930026)
[2025-11-27T20:46:23.781Z][pid 30692][tid 33260] INFO Installed explorer frame subclass (frame=00000000009B25E8)
[2025-11-27T20:46:23.781Z][pid 30692][tid 33260] INFO Cleared Open In New Tab pending state
[2025-11-27T20:46:23.781Z][pid 30692][tid 33260] INFO Explorer view base subclass ready (view=0000000000930026 frame=00000000009B25E8)
[2025-11-27T20:46:23.781Z][pid 30692][tid 33260] VERBOSE DirectUI IUIElement unavailable (hr=0x80004001)
[2025-11-27T20:46:23.782Z][pid 30692][tid 33260] INFO Installed explorer DirectUI host subclass (direct=00000000003C0016)
[2025-11-27T20:46:23.782Z][pid 30692][tid 33260] INFO Installed explorer tree view subclass (tree=00000000038B1610)
[2025-11-27T20:46:23.782Z][pid 30692][tid 33260] INFO Explorer status bar discovered (hwnd=0000000000FD09DC)
[2025-11-27T20:46:23.782Z][pid 30692][tid 33260] WARN Status bar subclass skipped: cross-thread window (hwnd=0000000000FD09DC thread=30692)
[2025-11-27T20:46:23.782Z][pid 30692][tid 33260] WARN Status bar theme update skipped: cross-thread window (hwnd=0000000000FD09DC ownerThread=30692)
[2025-11-27T20:46:23.782Z][pid 30692][tid 33260] INFO Registered glow surface edit (hwnd=0000000000A627A6)
[2025-11-27T20:46:23.782Z][pid 30692][tid 33260] WARN Status bar theme update skipped: cross-thread window (hwnd=0000000000FD09DC ownerThread=30692)
[2025-11-27T20:46:23.783Z][pid 30692][tid 33260] INFO Explorer pane creation watch armed (view=0000000000930026 list=1 tree=0)
[2025-11-27T20:46:23.783Z][pid 30692][tid 33260] INFO Explorer pane fallback timer armed (view=0000000000930026 delay=500)
[2025-11-27T20:46:23.783Z][pid 30692][tid 33260] INFO Explorer panes not ready: list view missing (view=0000000000930026)
[2025-11-27T20:46:23.783Z][pid 30692][tid 33260] INFO Explorer pane retry timer armed (view=0000000000930026 delay=500 attempts=1)
[2025-11-27T20:46:23.805Z][pid 30692][tid 33260] INFO Installed explorer list host subclass (host=00000000009B25E8)
[2025-11-27T20:46:23.805Z][pid 30692][tid 33260] INFO Installed explorer list host subclass (host=0000000000362D48)
[2025-11-27T20:46:23.805Z][pid 30692][tid 33260] INFO Installed explorer list host subclass (host=000000000510363E)
[2025-11-27T20:46:23.805Z][pid 30692][tid 33260] INFO Installed explorer list host subclass (host=00000000014F0A54)
[2025-11-27T20:46:23.805Z][pid 30692][tid 33260] INFO Installed explorer list host subclass (host=00000000047C3426)
[2025-11-27T20:46:23.805Z][pid 30692][tid 33260] WARN Status bar subclass skipped: cross-thread window (hwnd=0000000000FD09DC thread=30692)
[2025-11-27T20:46:23.806Z][pid 30692][tid 33260] WARN Status bar theme update skipped: cross-thread window (hwnd=0000000000FD09DC ownerThread=30692)
[2025-11-27T20:46:23.806Z][pid 30692][tid 33260] WARN Status bar subclass skipped: cross-thread window (hwnd=0000000000FD09DC thread=30692)
[2025-11-27T20:46:23.806Z][pid 30692][tid 33260] WARN Status bar theme update skipped: cross-thread window (hwnd=0000000000FD09DC ownerThread=30692)
[2025-11-27T20:46:24.197Z][pid 30692][tid 33260] WARN Status bar subclass skipped: cross-thread window (hwnd=0000000000FD09DC thread=30692)
[2025-11-27T20:46:24.197Z][pid 30692][tid 33260] WARN Status bar theme update skipped: cross-thread window (hwnd=0000000000FD09DC ownerThread=30692)
[2025-11-27T20:46:24.199Z][pid 30692][tid 33260] WARN Status bar subclass skipped: cross-thread window (hwnd=0000000000FD09DC thread=30692)
[2025-11-27T20:46:24.200Z][pid 30692][tid 33260] WARN Status bar theme update skipped: cross-thread window (hwnd=0000000000FD09DC ownerThread=30692)
[2025-11-27T20:46:24.201Z][pid 30692][tid 33260] WARN Status bar subclass skipped: cross-thread window (hwnd=0000000000FD09DC thread=30692)
[2025-11-27T20:46:24.201Z][pid 30692][tid 33260] WARN Status bar theme update skipped: cross-thread window (hwnd=0000000000FD09DC ownerThread=30692)
[2025-11-27T20:46:24.205Z][pid 30692][tid 33260] WARN Status bar subclass skipped: cross-thread window (hwnd=0000000000FD09DC thread=30692)
[2025-11-27T20:46:24.206Z][pid 30692][tid 33260] WARN Status bar theme update skipped: cross-thread window (hwnd=0000000000FD09DC ownerThread=30692)
[2025-11-27T20:46:24.253Z][pid 30692][tid 33260] WARN Status bar subclass skipped: cross-thread window (hwnd=0000000000FD09DC thread=30692)
[2025-11-27T20:46:24.254Z][pid 30692][tid 33260] WARN Status bar theme update skipped: cross-thread window (hwnd=0000000000FD09DC ownerThread=30692)
[2025-11-27T20:46:24.256Z][pid 30692][tid 33260] WARN Status bar subclass skipped: cross-thread window (hwnd=0000000000FD09DC thread=30692)
[2025-11-27T20:46:24.256Z][pid 30692][tid 33260] WARN Status bar theme update skipped: cross-thread window (hwnd=0000000000FD09DC ownerThread=30692)
[2025-11-27T20:46:24.322Z][pid 30692][tid 33260] WARN Status bar subclass skipped: cross-thread window (hwnd=0000000000FD09DC thread=30692)
[2025-11-27T20:46:24.322Z][pid 30692][tid 33260] WARN Status bar theme update skipped: cross-thread window (hwnd=0000000000FD09DC ownerThread=30692)
[2025-11-27T20:46:24.340Z][pid 30692][tid 33260] WARN Status bar subclass skipped: cross-thread window (hwnd=0000000000FD09DC thread=30692)
[2025-11-27T20:46:24.341Z][pid 30692][tid 33260] WARN Status bar theme update skipped: cross-thread window (hwnd=0000000000FD09DC ownerThread=30692)
[2025-11-27T20:46:24.344Z][pid 30692][tid 33260] WARN Status bar subclass skipped: cross-thread window (hwnd=0000000000FD09DC thread=30692)
[2025-11-27T20:46:24.345Z][pid 30692][tid 33260] WARN Status bar theme update skipped: cross-thread window (hwnd=0000000000FD09DC ownerThread=30692)
[2025-11-27T20:46:24.354Z][pid 30692][tid 33260] WARN Status bar subclass skipped: cross-thread window (hwnd=0000000000FD09DC thread=30692)
[2025-11-27T20:46:24.354Z][pid 30692][tid 33260] WARN Status bar theme update skipped: cross-thread window (hwnd=0000000000FD09DC ownerThread=30692)
[2025-11-27T20:46:24.368Z][pid 30692][tid 33260] WARN Status bar subclass skipped: cross-thread window (hwnd=0000000000FD09DC thread=30692)
[2025-11-27T20:46:24.368Z][pid 30692][tid 33260] WARN Status bar theme update skipped: cross-thread window (hwnd=0000000000FD09DC ownerThread=30692)
[2025-11-27T20:46:24.382Z][pid 30692][tid 33260] WARN Status bar subclass skipped: cross-thread window (hwnd=0000000000FD09DC thread=30692)
[2025-11-27T20:46:24.382Z][pid 30692][tid 33260] WARN Status bar theme update skipped: cross-thread window (hwnd=0000000000FD09DC ownerThread=30692)
[2025-11-27T20:46:24.395Z][pid 30692][tid 33260] WARN Status bar subclass skipped: cross-thread window (hwnd=0000000000FD09DC thread=30692)
[2025-11-27T20:46:24.395Z][pid 30692][tid 33260] WARN Status bar theme update skipped: cross-thread window (hwnd=0000000000FD09DC ownerThread=30692)
[2025-11-27T20:46:24.409Z][pid 30692][tid 33260] WARN Status bar subclass skipped: cross-thread window (hwnd=0000000000FD09DC thread=30692)
[2025-11-27T20:46:24.409Z][pid 30692][tid 33260] WARN Status bar theme update skipped: cross-thread window (hwnd=0000000000FD09DC ownerThread=30692)
[2025-11-27T20:46:24.422Z][pid 30692][tid 33260] WARN Status bar subclass skipped: cross-thread window (hwnd=0000000000FD09DC thread=30692)
[2025-11-27T20:46:24.423Z][pid 30692][tid 33260] WARN Status bar theme update skipped: cross-thread window (hwnd=0000000000FD09DC ownerThread=30692)
[2025-11-27T20:46:24.437Z][pid 30692][tid 33260] WARN Status bar subclass skipped: cross-thread window (hwnd=0000000000FD09DC thread=30692)
[2025-11-27T20:46:24.437Z][pid 30692][tid 33260] WARN Status bar theme update skipped: cross-thread window (hwnd=0000000000FD09DC ownerThread=30692)
[2025-11-27T20:46:24.439Z][pid 30692][tid 33260] WARN Status bar subclass skipped: cross-thread window (hwnd=0000000000FD09DC thread=30692)
[2025-11-27T20:46:24.440Z][pid 30692][tid 33260] WARN Status bar theme update skipped: cross-thread window (hwnd=0000000000FD09DC ownerThread=30692)
[2025-11-27T20:46:24.454Z][pid 30692][tid 33260] WARN Status bar subclass skipped: cross-thread window (hwnd=0000000000FD09DC thread=30692)
[2025-11-27T20:46:24.454Z][pid 30692][tid 33260] WARN Status bar theme update skipped: cross-thread window (hwnd=0000000000FD09DC ownerThread=30692)
[2025-11-27T20:46:24.466Z][pid 30692][tid 33260] WARN Status bar subclass skipped: cross-thread window (hwnd=0000000000FD09DC thread=30692)
[2025-11-27T20:46:24.467Z][pid 30692][tid 33260] WARN Status bar theme update skipped: cross-thread window (hwnd=0000000000FD09DC ownerThread=30692)
[2025-11-27T20:46:24.479Z][pid 30692][tid 33260] WARN Status bar subclass skipped: cross-thread window (hwnd=0000000000FD09DC thread=30692)
[2025-11-27T20:46:24.479Z][pid 30692][tid 33260] WARN Status bar theme update skipped: cross-thread window (hwnd=0000000000FD09DC ownerThread=30692)
[2025-11-27T20:46:24.489Z][pid 30692][tid 33260] WARN Status bar subclass skipped: cross-thread window (hwnd=0000000000FD09DC thread=30692)
[2025-11-27T20:46:24.489Z][pid 30692][tid 33260] WARN Status bar theme update skipped: cross-thread window (hwnd=0000000000FD09DC ownerThread=30692)
[2025-11-27T20:46:24.503Z][pid 30692][tid 33260] WARN Status bar subclass skipped: cross-thread window (hwnd=0000000000FD09DC thread=30692)
[2025-11-27T20:46:24.504Z][pid 30692][tid 33260] WARN Status bar theme update skipped: cross-thread window (hwnd=0000000000FD09DC ownerThread=30692)
[2025-11-27T20:46:24.506Z][pid 30692][tid 33260] WARN Status bar subclass skipped: cross-thread window (hwnd=0000000000FD09DC thread=30692)
[2025-11-27T20:46:24.506Z][pid 30692][tid 33260] WARN Status bar theme update skipped: cross-thread window (hwnd=0000000000FD09DC ownerThread=30692)
[2025-11-27T20:46:24.516Z][pid 30692][tid 33260] WARN Status bar subclass skipped: cross-thread window (hwnd=0000000000FD09DC thread=30692)
[2025-11-27T20:46:24.516Z][pid 30692][tid 33260] WARN Status bar theme update skipped: cross-thread window (hwnd=0000000000FD09DC ownerThread=30692)
[2025-11-27T20:46:24.532Z][pid 30692][tid 33260] WARN Status bar subclass skipped: cross-thread window (hwnd=0000000000FD09DC thread=30692)
[2025-11-27T20:46:24.533Z][pid 30692][tid 33260] WARN Status bar theme update skipped: cross-thread window (hwnd=0000000000FD09DC ownerThread=30692)
[2025-11-27T20:46:24.559Z][pid 30692][tid 33260] WARN Status bar subclass skipped: cross-thread window (hwnd=0000000000FD09DC thread=30692)
[2025-11-27T20:46:24.559Z][pid 30692][tid 33260] WARN Status bar theme update skipped: cross-thread window (hwnd=0000000000FD09DC ownerThread=30692)
[2025-11-27T20:46:24.656Z][pid 30692][tid 33260] WARN Status bar subclass skipped: cross-thread window (hwnd=0000000000FD09DC thread=30692)
[2025-11-27T20:46:24.656Z][pid 30692][tid 33260] WARN Status bar theme update skipped: cross-thread window (hwnd=0000000000FD09DC ownerThread=30692)
[2025-11-27T20:46:24.668Z][pid 30692][tid 33260] WARN Status bar subclass skipped: cross-thread window (hwnd=0000000000FD09DC thread=30692)
[2025-11-27T20:46:24.668Z][pid 30692][tid 33260] WARN Status bar theme update skipped: cross-thread window (hwnd=0000000000FD09DC ownerThread=30692)
[2025-11-27T20:46:24.687Z][pid 30692][tid 33260] WARN Status bar subclass skipped: cross-thread window (hwnd=0000000000FD09DC thread=30692)
[2025-11-27T20:46:24.687Z][pid 30692][tid 33260] WARN Status bar theme update skipped: cross-thread window (hwnd=0000000000FD09DC ownerThread=30692)
[2025-11-27T20:46:24.715Z][pid 30692][tid 33260] WARN Status bar subclass skipped: cross-thread window (hwnd=0000000000FD09DC thread=30692)
[2025-11-27T20:46:24.715Z][pid 30692][tid 33260] WARN Status bar theme update skipped: cross-thread window (hwnd=0000000000FD09DC ownerThread=30692)
[2025-11-27T20:46:24.748Z][pid 30692][tid 33260] WARN Status bar subclass skipped: cross-thread window (hwnd=0000000000FD09DC thread=30692)
[2025-11-27T20:46:24.748Z][pid 30692][tid 33260] WARN Status bar theme update skipped: cross-thread window (hwnd=0000000000FD09DC ownerThread=30692)
[2025-11-27T20:46:24.773Z][pid 30692][tid 33260] WARN Status bar subclass skipped: cross-thread window (hwnd=0000000000FD09DC thread=30692)
[2025-11-27T20:46:24.773Z][pid 30692][tid 33260] WARN Status bar theme update skipped: cross-thread window (hwnd=0000000000FD09DC ownerThread=30692)
[2025-11-27T20:46:24.796Z][pid 30692][tid 33260] WARN Status bar subclass skipped: cross-thread window (hwnd=0000000000FD09DC thread=30692)
[2025-11-27T20:46:24.796Z][pid 30692][tid 33260] WARN Status bar theme update skipped: cross-thread window (hwnd=0000000000FD09DC ownerThread=30692)
[2025-11-27T20:46:24.823Z][pid 30692][tid 33260] WARN Status bar subclass skipped: cross-thread window (hwnd=0000000000FD09DC thread=30692)
[2025-11-27T20:46:24.823Z][pid 30692][tid 33260] WARN Status bar theme update skipped: cross-thread window (hwnd=0000000000FD09DC ownerThread=30692)
[2025-11-27T20:46:24.844Z][pid 30692][tid 33260] WARN Status bar subclass skipped: cross-thread window (hwnd=0000000000FD09DC thread=30692)
[2025-11-27T20:46:24.844Z][pid 30692][tid 33260] WARN Status bar theme update skipped: cross-thread window (hwnd=0000000000FD09DC ownerThread=30692)
[2025-11-27T20:46:24.851Z][pid 30692][tid 33260] WARN Status bar subclass skipped: cross-thread window (hwnd=0000000000FD09DC thread=30692)
[2025-11-27T20:46:24.851Z][pid 30692][tid 33260] WARN Status bar theme update skipped: cross-thread window (hwnd=0000000000FD09DC ownerThread=30692)
[2025-11-27T20:46:24.891Z][pid 30692][tid 33260] WARN Status bar subclass skipped: cross-thread window (hwnd=0000000000FD09DC thread=30692)
[2025-11-27T20:46:24.891Z][pid 30692][tid 33260] WARN Status bar theme update skipped: cross-thread window (hwnd=0000000000FD09DC ownerThread=30692)
[2025-11-27T20:46:24.915Z][pid 30692][tid 33260] WARN Status bar subclass skipped: cross-thread window (hwnd=0000000000FD09DC thread=30692)
[2025-11-27T20:46:24.916Z][pid 30692][tid 33260] WARN Status bar theme update skipped: cross-thread window (hwnd=0000000000FD09DC ownerThread=30692)
[2025-11-27T20:46:25.046Z][pid 30692][tid 33260] WARN Status bar subclass skipped: cross-thread window (hwnd=0000000000FD09DC thread=30692)
[2025-11-27T20:46:25.046Z][pid 30692][tid 33260] WARN Status bar theme update skipped: cross-thread window (hwnd=0000000000FD09DC ownerThread=30692)
[2025-11-27T20:46:25.066Z][pid 30692][tid 33260] WARN Status bar subclass skipped: cross-thread window (hwnd=0000000000FD09DC thread=30692)
[2025-11-27T20:46:25.066Z][pid 30692][tid 33260] WARN Status bar theme update skipped: cross-thread window (hwnd=0000000000FD09DC ownerThread=30692)
[2025-11-27T20:46:25.128Z][pid 30692][tid 33260] WARN Status bar subclass skipped: cross-thread window (hwnd=0000000000FD09DC thread=30692)
[2025-11-27T20:46:25.128Z][pid 30692][tid 33260] WARN Status bar theme update skipped: cross-thread window (hwnd=0000000000FD09DC ownerThread=30692)
[2025-11-27T20:46:25.157Z][pid 30692][tid 33260] WARN Status bar subclass skipped: cross-thread window (hwnd=0000000000FD09DC thread=30692)
[2025-11-27T20:46:25.157Z][pid 30692][tid 33260] WARN Status bar theme update skipped: cross-thread window (hwnd=0000000000FD09DC ownerThread=30692)
[2025-11-27T20:46:25.241Z][pid 30692][tid 33260] WARN Status bar subclass skipped: cross-thread window (hwnd=0000000000FD09DC thread=30692)
[2025-11-27T20:46:25.242Z][pid 30692][tid 33260] WARN Status bar theme update skipped: cross-thread window (hwnd=0000000000FD09DC ownerThread=30692)
[2025-11-27T20:46:25.336Z][pid 30692][tid 33260] WARN Status bar subclass skipped: cross-thread window (hwnd=0000000000FD09DC thread=30692)
[2025-11-27T20:46:25.336Z][pid 30692][tid 33260] WARN Status bar theme update skipped: cross-thread window (hwnd=0000000000FD09DC ownerThread=30692)
[2025-11-27T20:46:25.372Z][pid 30692][tid 33260] WARN Status bar subclass skipped: cross-thread window (hwnd=0000000000FD09DC thread=30692)
[2025-11-27T20:46:25.372Z][pid 30692][tid 33260] WARN Status bar theme update skipped: cross-thread window (hwnd=0000000000FD09DC ownerThread=30692)
[2025-11-27T20:46:25.390Z][pid 30692][tid 33260] WARN Status bar subclass skipped: cross-thread window (hwnd=0000000000FD09DC thread=30692)
[2025-11-27T20:46:25.390Z][pid 30692][tid 33260] WARN Status bar theme update skipped: cross-thread window (hwnd=0000000000FD09DC ownerThread=30692)
[2025-11-27T20:46:25.533Z][pid 30692][tid 33260] WARN Status bar subclass skipped: cross-thread window (hwnd=0000000000FD09DC thread=30692)
[2025-11-27T20:46:25.533Z][pid 30692][tid 33260] WARN Status bar theme update skipped: cross-thread window (hwnd=0000000000FD09DC ownerThread=30692)
[2025-11-27T20:46:25.560Z][pid 30692][tid 33260] WARN Status bar subclass skipped: cross-thread window (hwnd=0000000000FD09DC thread=30692)
[2025-11-27T20:46:25.560Z][pid 30692][tid 33260] WARN Status bar theme update skipped: cross-thread window (hwnd=0000000000FD09DC ownerThread=30692)
[2025-11-27T20:46:25.594Z][pid 30692][tid 33260] WARN Status bar subclass skipped: cross-thread window (hwnd=0000000000FD09DC thread=30692)
[2025-11-27T20:46:25.594Z][pid 30692][tid 33260] WARN Status bar theme update skipped: cross-thread window (hwnd=0000000000FD09DC ownerThread=30692)
[2025-11-27T20:46:25.601Z][pid 30692][tid 33260] WARN Status bar subclass skipped: cross-thread window (hwnd=0000000000FD09DC thread=30692)
[2025-11-27T20:46:25.601Z][pid 30692][tid 33260] WARN Status bar theme update skipped: cross-thread window (hwnd=0000000000FD09DC ownerThread=30692)
[2025-11-27T20:46:25.636Z][pid 30692][tid 33260] WARN Status bar subclass skipped: cross-thread window (hwnd=0000000000FD09DC thread=30692)
[2025-11-27T20:46:25.637Z][pid 30692][tid 33260] WARN Status bar theme update skipped: cross-thread window (hwnd=0000000000FD09DC ownerThread=30692)
[2025-11-27T20:46:25.656Z][pid 30692][tid 33260] WARN Status bar subclass skipped: cross-thread window (hwnd=0000000000FD09DC thread=30692)
[2025-11-27T20:46:25.656Z][pid 30692][tid 33260] WARN Status bar theme update skipped: cross-thread window (hwnd=0000000000FD09DC ownerThread=30692)
[2025-11-27T20:46:25.678Z][pid 30692][tid 33260] WARN Status bar subclass skipped: cross-thread window (hwnd=0000000000FD09DC thread=30692)
[2025-11-27T20:46:25.679Z][pid 30692][tid 33260] WARN Status bar theme update skipped: cross-thread window (hwnd=0000000000FD09DC ownerThread=30692)
[2025-11-27T20:46:25.689Z][pid 30692][tid 33260] WARN Status bar subclass skipped: cross-thread window (hwnd=0000000000FD09DC thread=30692)
[2025-11-27T20:46:25.690Z][pid 30692][tid 33260] WARN Status bar theme update skipped: cross-thread window (hwnd=0000000000FD09DC ownerThread=30692)
[2025-11-27T20:46:25.735Z][pid 30692][tid 33260] WARN Status bar subclass skipped: cross-thread window (hwnd=0000000000FD09DC thread=30692)
[2025-11-27T20:46:25.736Z][pid 30692][tid 33260] WARN Status bar theme update skipped: cross-thread window (hwnd=0000000000FD09DC ownerThread=30692)
[2025-11-27T20:46:25.891Z][pid 30692][tid 33260] WARN Status bar subclass skipped: cross-thread window (hwnd=0000000000FD09DC thread=30692)
[2025-11-27T20:46:25.892Z][pid 30692][tid 33260] WARN Status bar theme update skipped: cross-thread window (hwnd=0000000000FD09DC ownerThread=30692)
[2025-11-27T20:46:25.892Z][pid 30692][tid 33260] WARN Status bar subclass skipped: cross-thread window (hwnd=0000000000FD09DC thread=30692)
[2025-11-27T20:46:25.893Z][pid 30692][tid 33260] WARN Status bar theme update skipped: cross-thread window (hwnd=0000000000FD09DC ownerThread=30692)
[2025-11-27T20:46:25.945Z][pid 30692][tid 33260] WARN Status bar subclass skipped: cross-thread window (hwnd=0000000000FD09DC thread=30692)
[2025-11-27T20:46:25.946Z][pid 30692][tid 33260] WARN Status bar theme update skipped: cross-thread window (hwnd=0000000000FD09DC ownerThread=30692)
[2025-11-27T20:46:25.983Z][pid 30692][tid 33260] WARN Status bar subclass skipped: cross-thread window (hwnd=0000000000FD09DC thread=30692)
[2025-11-27T20:46:25.983Z][pid 30692][tid 33260] WARN Status bar theme update skipped: cross-thread window (hwnd=0000000000FD09DC ownerThread=30692)
[2025-11-27T20:46:25.990Z][pid 30692][tid 33260] WARN Status bar subclass skipped: cross-thread window (hwnd=0000000000FD09DC thread=30692)
[2025-11-27T20:46:25.990Z][pid 30692][tid 33260] WARN Status bar theme update skipped: cross-thread window (hwnd=0000000000FD09DC ownerThread=30692)
[2025-11-27T20:46:26.022Z][pid 30692][tid 33260] WARN Status bar subclass skipped: cross-thread window (hwnd=0000000000FD09DC thread=30692)
[2025-11-27T20:46:26.022Z][pid 30692][tid 33260] WARN Status bar theme update skipped: cross-thread window (hwnd=0000000000FD09DC ownerThread=30692)
[2025-11-27T20:46:26.058Z][pid 30692][tid 33260] WARN Status bar subclass skipped: cross-thread window (hwnd=0000000000FD09DC thread=30692)
[2025-11-27T20:46:26.059Z][pid 30692][tid 33260] WARN Status bar theme update skipped: cross-thread window (hwnd=0000000000FD09DC ownerThread=30692)
[2025-11-27T20:46:26.306Z][pid 30692][tid 33260] WARN Status bar subclass skipped: cross-thread window (hwnd=0000000000FD09DC thread=30692)
[2025-11-27T20:46:26.306Z][pid 30692][tid 33260] WARN Status bar theme update skipped: cross-thread window (hwnd=0000000000FD09DC ownerThread=30692)
[2025-11-27T20:46:26.363Z][pid 30692][tid 33260] WARN Status bar subclass skipped: cross-thread window (hwnd=0000000000FD09DC thread=30692)
[2025-11-27T20:46:26.363Z][pid 30692][tid 33260] WARN Status bar theme update skipped: cross-thread window (hwnd=0000000000FD09DC ownerThread=30692)
[2025-11-27T20:46:26.363Z][pid 30692][tid 33260] WARN Status bar subclass skipped: cross-thread window (hwnd=0000000000FD09DC thread=30692)
[2025-11-27T20:46:26.364Z][pid 30692][tid 33260] WARN Status bar theme update skipped: cross-thread window (hwnd=0000000000FD09DC ownerThread=30692)
[2025-11-27T20:46:26.364Z][pid 30692][tid 33260] WARN Status bar subclass skipped: cross-thread window (hwnd=0000000000FD09DC thread=30692)
[2025-11-27T20:46:26.364Z][pid 30692][tid 33260] WARN Status bar theme update skipped: cross-thread window (hwnd=0000000000FD09DC ownerThread=30692)
[2025-11-27T20:46:26.365Z][pid 30692][tid 33260] WARN Status bar subclass skipped: cross-thread window (hwnd=0000000000FD09DC thread=30692)
[2025-11-27T20:46:26.366Z][pid 30692][tid 33260] WARN Status bar theme update skipped: cross-thread window (hwnd=0000000000FD09DC ownerThread=30692)
[2025-11-27T20:46:26.368Z][pid 30692][tid 33260] WARN Status bar subclass skipped: cross-thread window (hwnd=0000000000FD09DC thread=30692)
[2025-11-27T20:46:26.368Z][pid 30692][tid 33260] WARN Status bar theme update skipped: cross-thread window (hwnd=0000000000FD09DC ownerThread=30692)
[2025-11-27T20:46:26.369Z][pid 30692][tid 33260] WARN Status bar subclass skipped: cross-thread window (hwnd=0000000000FD09DC thread=30692)
[2025-11-27T20:46:26.369Z][pid 30692][tid 33260] WARN Status bar theme update skipped: cross-thread window (hwnd=0000000000FD09DC ownerThread=30692)
[2025-11-27T20:46:26.373Z][pid 30692][tid 33260] WARN Status bar subclass skipped: cross-thread window (hwnd=0000000000FD09DC thread=30692)
[2025-11-27T20:46:26.373Z][pid 30692][tid 33260] WARN Status bar theme update skipped: cross-thread window (hwnd=0000000000FD09DC ownerThread=30692)
[2025-11-27T20:46:26.381Z][pid 30692][tid 33260] INFO TabBand::UpdateTabsUI applying 1 items
[2025-11-27T20:46:26.382Z][pid 30692][tid 33260] INFO Tab diff: +1 -1 move=0 update=0 rows=1 incremental=false
[2025-11-27T20:46:26.389Z][pid 30692][tid 33260] INFO Breadcrumb QueryService(IShellBrowser) failed: 0x80004001
[2025-11-27T20:46:26.389Z][pid 30692][tid 33260] INFO Breadcrumb ribbon frame discovered via IShellBrowser (hwnd=00000000014F0A54)
[2025-11-27T20:46:26.389Z][pid 30692][tid 33260] INFO Breadcrumb ribbon frame discovered via IWebBrowser2 (hwnd=00000000014F0A54)
[2025-11-27T20:46:26.389Z][pid 30692][tid 33260] INFO Breadcrumb toolbar located via window enumeration (hwnd=0000000000110472)
[2025-11-27T20:46:26.389Z][pid 30692][tid 33260] INFO Explorer pane creation watch cleared (view=0000000000000000)
[2025-11-27T20:46:26.389Z][pid 30692][tid 33260] WARN Status bar subclass removal skipped: cross-thread window (hwnd=0000000000FD09DC thread=30692)
[2025-11-27T20:46:26.389Z][pid 30692][tid 33260] WARN Status bar reset skipped: cross-thread access (hwnd=0000000000FD09DC ownerThread=30692)
[2025-11-27T20:46:26.390Z][pid 30692][tid 33260] INFO Cleared Open In New Tab pending state
[2025-11-27T20:46:26.390Z][pid 30692][tid 33260] INFO Installed shell view window subclass (view=0000000001560834)
[2025-11-27T20:46:26.390Z][pid 30692][tid 33260] INFO Installed explorer frame subclass (frame=00000000009B25E8)
[2025-11-27T20:46:26.390Z][pid 30692][tid 33260] INFO Cleared Open In New Tab pending state
[2025-11-27T20:46:26.390Z][pid 30692][tid 33260] INFO Explorer view base subclass ready (view=0000000001560834 frame=00000000009B25E8)
[2025-11-27T20:46:26.390Z][pid 30692][tid 33260] VERBOSE DirectUI IUIElement unavailable (hr=0x80004001)
[2025-11-27T20:46:26.390Z][pid 30692][tid 33260] INFO Installed explorer DirectUI host subclass (direct=00000000009F0154)
[2025-11-27T20:46:26.390Z][pid 30692][tid 33260] INFO Installed explorer tree view subclass (tree=00000000038B1610)
[2025-11-27T20:46:26.390Z][pid 30692][tid 33260] INFO Explorer status bar discovered (hwnd=0000000000FD09DC)
[2025-11-27T20:46:26.390Z][pid 30692][tid 33260] WARN Status bar subclass skipped: cross-thread window (hwnd=0000000000FD09DC thread=30692)
[2025-11-27T20:46:26.391Z][pid 30692][tid 33260] WARN Status bar theme update skipped: cross-thread window (hwnd=0000000000FD09DC ownerThread=30692)
[2025-11-27T20:46:26.391Z][pid 30692][tid 33260] INFO Registered glow surface edit (hwnd=0000000000A627A6)
[2025-11-27T20:46:26.391Z][pid 30692][tid 33260] WARN Status bar theme update skipped: cross-thread window (hwnd=0000000000FD09DC ownerThread=30692)
[2025-11-27T20:46:26.391Z][pid 30692][tid 33260] INFO Explorer pane creation watch armed (view=0000000001560834 list=1 tree=0)
[2025-11-27T20:46:26.391Z][pid 30692][tid 33260] INFO Explorer pane fallback timer armed (view=0000000001560834 delay=500)
[2025-11-27T20:46:26.391Z][pid 30692][tid 33260] INFO Explorer panes not ready: list view missing (view=0000000001560834)
[2025-11-27T20:46:26.391Z][pid 30692][tid 33260] INFO Explorer pane retry timer armed (view=0000000001560834 delay=500 attempts=1)
[2025-11-27T20:46:26.392Z][pid 30692][tid 33260] INFO TabBand::UpdateTabsUI applying 1 items
[2025-11-27T20:46:26.393Z][pid 30692][tid 33260] INFO Breadcrumb QueryService(IShellBrowser) failed: 0x80004001
[2025-11-27T20:46:26.393Z][pid 30692][tid 33260] INFO Breadcrumb ribbon frame discovered via IShellBrowser (hwnd=00000000014F0A54)
[2025-11-27T20:46:26.393Z][pid 30692][tid 33260] INFO Breadcrumb ribbon frame discovered via IWebBrowser2 (hwnd=00000000014F0A54)
[2025-11-27T20:46:26.393Z][pid 30692][tid 33260] INFO Breadcrumb toolbar located via window enumeration (hwnd=0000000000110472)
[2025-11-27T20:46:26.393Z][pid 30692][tid 33260] INFO Explorer pane creation watch cleared (view=0000000001560834)
[2025-11-27T20:46:26.393Z][pid 30692][tid 33260] WARN Status bar subclass removal skipped: cross-thread window (hwnd=0000000000FD09DC thread=30692)
[2025-11-27T20:46:26.393Z][pid 30692][tid 33260] WARN Status bar reset skipped: cross-thread access (hwnd=0000000000FD09DC ownerThread=30692)
[2025-11-27T20:46:26.393Z][pid 30692][tid 33260] INFO Cleared Open In New Tab pending state
[2025-11-27T20:46:26.393Z][pid 30692][tid 33260] INFO Installed shell view window subclass (view=0000000001560834)
[2025-11-27T20:46:26.394Z][pid 30692][tid 33260] INFO Installed explorer frame subclass (frame=00000000009B25E8)
[2025-11-27T20:46:26.394Z][pid 30692][tid 33260] INFO Cleared Open In New Tab pending state
[2025-11-27T20:46:26.394Z][pid 30692][tid 33260] INFO Explorer view base subclass ready (view=0000000001560834 frame=00000000009B25E8)
[2025-11-27T20:46:26.394Z][pid 30692][tid 33260] VERBOSE DirectUI IUIElement unavailable (hr=0x80004001)
[2025-11-27T20:46:26.394Z][pid 30692][tid 33260] INFO Installed explorer DirectUI host subclass (direct=00000000009F0154)
[2025-11-27T20:46:26.394Z][pid 30692][tid 33260] INFO Installed explorer tree view subclass (tree=00000000038B1610)
[2025-11-27T20:46:26.394Z][pid 30692][tid 33260] INFO Explorer status bar discovered (hwnd=0000000000FD09DC)
[2025-11-27T20:46:26.394Z][pid 30692][tid 33260] WARN Status bar subclass skipped: cross-thread window (hwnd=0000000000FD09DC thread=30692)
[2025-11-27T20:46:26.395Z][pid 30692][tid 33260] WARN Status bar theme update skipped: cross-thread window (hwnd=0000000000FD09DC ownerThread=30692)
[2025-11-27T20:46:26.395Z][pid 30692][tid 33260] INFO Registered glow surface edit (hwnd=0000000000A627A6)
[2025-11-27T20:46:26.395Z][pid 30692][tid 33260] WARN Status bar theme update skipped: cross-thread window (hwnd=0000000000FD09DC ownerThread=30692)
[2025-11-27T20:46:26.395Z][pid 30692][tid 33260] INFO Explorer pane creation watch armed (view=0000000001560834 list=1 tree=0)
[2025-11-27T20:46:26.395Z][pid 30692][tid 33260] INFO Explorer pane fallback timer armed (view=0000000001560834 delay=500)
[2025-11-27T20:46:26.395Z][pid 30692][tid 33260] INFO Explorer panes not ready: list view missing (view=0000000001560834)
[2025-11-27T20:46:26.395Z][pid 30692][tid 33260] INFO Explorer pane retry timer armed (view=0000000001560834 delay=500 attempts=1)
[2025-11-27T20:46:26.461Z][pid 30692][tid 33260] INFO TabBand::UpdateTabsUI applying 1 items
[2025-11-27T20:46:26.463Z][pid 30692][tid 33260] INFO Breadcrumb QueryService(IShellBrowser) failed: 0x80004001
[2025-11-27T20:46:26.463Z][pid 30692][tid 33260] INFO Breadcrumb ribbon frame discovered via IShellBrowser (hwnd=00000000014F0A54)
[2025-11-27T20:46:26.463Z][pid 30692][tid 33260] INFO Breadcrumb ribbon frame discovered via IWebBrowser2 (hwnd=00000000014F0A54)
[2025-11-27T20:46:26.464Z][pid 30692][tid 33260] INFO Breadcrumb toolbar located via window enumeration (hwnd=0000000000110472)
[2025-11-27T20:46:26.464Z][pid 30692][tid 33260] INFO Explorer pane creation watch cleared (view=0000000001560834)
[2025-11-27T20:46:26.465Z][pid 30692][tid 33260] WARN Status bar subclass removal skipped: cross-thread window (hwnd=0000000000FD09DC thread=30692)
[2025-11-27T20:46:26.465Z][pid 30692][tid 33260] WARN Status bar reset skipped: cross-thread access (hwnd=0000000000FD09DC ownerThread=30692)
[2025-11-27T20:46:26.465Z][pid 30692][tid 33260] INFO Cleared Open In New Tab pending state
[2025-11-27T20:46:26.465Z][pid 30692][tid 33260] INFO Installed shell view window subclass (view=0000000001560834)
[2025-11-27T20:46:26.465Z][pid 30692][tid 33260] INFO Installed explorer frame subclass (frame=00000000009B25E8)
[2025-11-27T20:46:26.465Z][pid 30692][tid 33260] INFO Cleared Open In New Tab pending state
[2025-11-27T20:46:26.466Z][pid 30692][tid 33260] INFO Explorer view base subclass ready (view=0000000001560834 frame=00000000009B25E8)
[2025-11-27T20:46:26.466Z][pid 30692][tid 33260] VERBOSE DirectUI IUIElement unavailable (hr=0x80004001)
[2025-11-27T20:46:26.466Z][pid 30692][tid 33260] INFO Installed explorer DirectUI host subclass (direct=00000000009F0154)
[2025-11-27T20:46:26.466Z][pid 30692][tid 33260] INFO Installed explorer tree view subclass (tree=00000000038B1610)
[2025-11-27T20:46:26.466Z][pid 30692][tid 33260] INFO Explorer status bar discovered (hwnd=0000000000FD09DC)
[2025-11-27T20:46:26.466Z][pid 30692][tid 33260] WARN Status bar subclass skipped: cross-thread window (hwnd=0000000000FD09DC thread=30692)
[2025-11-27T20:46:26.467Z][pid 30692][tid 33260] WARN Status bar theme update skipped: cross-thread window (hwnd=0000000000FD09DC ownerThread=30692)
[2025-11-27T20:46:26.467Z][pid 30692][tid 33260] INFO Registered glow surface edit (hwnd=0000000000A627A6)
[2025-11-27T20:46:26.467Z][pid 30692][tid 33260] WARN Status bar theme update skipped: cross-thread window (hwnd=0000000000FD09DC ownerThread=30692)
[2025-11-27T20:46:26.467Z][pid 30692][tid 33260] INFO Explorer pane creation watch armed (view=0000000001560834 list=1 tree=0)
[2025-11-27T20:46:26.467Z][pid 30692][tid 33260] INFO Explorer pane fallback timer armed (view=0000000001560834 delay=500)
[2025-11-27T20:46:26.467Z][pid 30692][tid 33260] INFO Explorer panes not ready: list view missing (view=0000000001560834)
[2025-11-27T20:46:26.467Z][pid 30692][tid 33260] INFO Explorer pane retry timer armed (view=0000000001560834 delay=500 attempts=1)
[2025-11-27T20:46:26.497Z][pid 30692][tid 33260] INFO Installed explorer list host subclass (host=00000000009B25E8)
[2025-11-27T20:46:26.497Z][pid 30692][tid 33260] INFO Installed explorer list host subclass (host=0000000000362D48)
[2025-11-27T20:46:26.497Z][pid 30692][tid 33260] INFO Installed explorer list host subclass (host=000000000510363E)
[2025-11-27T20:46:26.497Z][pid 30692][tid 33260] INFO Installed explorer list host subclass (host=00000000014F0A54)
[2025-11-27T20:46:26.498Z][pid 30692][tid 33260] INFO Installed explorer list host subclass (host=00000000047C3426)
[2025-11-27T20:46:26.498Z][pid 30692][tid 33260] WARN Status bar subclass skipped: cross-thread window (hwnd=0000000000FD09DC thread=30692)
[2025-11-27T20:46:26.498Z][pid 30692][tid 33260] WARN Status bar theme update skipped: cross-thread window (hwnd=0000000000FD09DC ownerThread=30692)
[2025-11-27T20:46:26.498Z][pid 30692][tid 33260] WARN Status bar subclass skipped: cross-thread window (hwnd=0000000000FD09DC thread=30692)
[2025-11-27T20:46:26.499Z][pid 30692][tid 33260] WARN Status bar theme update skipped: cross-thread window (hwnd=0000000000FD09DC ownerThread=30692)
[2025-11-27T20:46:26.543Z][pid 30692][tid 33260] WARN Status bar subclass skipped: cross-thread window (hwnd=0000000000FD09DC thread=30692)
[2025-11-27T20:46:26.544Z][pid 30692][tid 33260] WARN Status bar theme update skipped: cross-thread window (hwnd=0000000000FD09DC ownerThread=30692)
[2025-11-27T20:46:26.587Z][pid 30692][tid 33260] WARN Status bar subclass skipped: cross-thread window (hwnd=0000000000FD09DC thread=30692)
[2025-11-27T20:46:26.588Z][pid 30692][tid 33260] WARN Status bar theme update skipped: cross-thread window (hwnd=0000000000FD09DC ownerThread=30692)
[2025-11-27T20:46:26.735Z][pid 30692][tid 33260] WARN Status bar subclass skipped: cross-thread window (hwnd=0000000000FD09DC thread=30692)
[2025-11-27T20:46:26.735Z][pid 30692][tid 33260] WARN Status bar theme update skipped: cross-thread window (hwnd=0000000000FD09DC ownerThread=30692)
[2025-11-27T20:46:26.760Z][pid 30692][tid 33260] WARN Status bar subclass skipped: cross-thread window (hwnd=0000000000FD09DC thread=30692)
[2025-11-27T20:46:26.760Z][pid 30692][tid 33260] WARN Status bar theme update skipped: cross-thread window (hwnd=0000000000FD09DC ownerThread=30692)
[2025-11-27T20:46:26.776Z][pid 30692][tid 33260] WARN Status bar subclass skipped: cross-thread window (hwnd=0000000000FD09DC thread=30692)
[2025-11-27T20:46:26.776Z][pid 30692][tid 33260] WARN Status bar theme update skipped: cross-thread window (hwnd=0000000000FD09DC ownerThread=30692)
[2025-11-27T20:46:26.778Z][pid 30692][tid 33260] WARN Status bar subclass skipped: cross-thread window (hwnd=0000000000FD09DC thread=30692)
[2025-11-27T20:46:26.778Z][pid 30692][tid 33260] WARN Status bar theme update skipped: cross-thread window (hwnd=0000000000FD09DC ownerThread=30692)
[2025-11-27T20:46:26.779Z][pid 30692][tid 33260] WARN Status bar subclass skipped: cross-thread window (hwnd=0000000000FD09DC thread=30692)
[2025-11-27T20:46:26.779Z][pid 30692][tid 33260] WARN Status bar theme update skipped: cross-thread window (hwnd=0000000000FD09DC ownerThread=30692)
[2025-11-27T20:46:26.781Z][pid 30692][tid 33260] WARN Status bar subclass skipped: cross-thread window (hwnd=0000000000FD09DC thread=30692)
[2025-11-27T20:46:26.781Z][pid 30692][tid 33260] WARN Status bar theme update skipped: cross-thread window (hwnd=0000000000FD09DC ownerThread=30692)
[2025-11-27T20:46:26.783Z][pid 30692][tid 33260] WARN Status bar subclass skipped: cross-thread window (hwnd=0000000000FD09DC thread=30692)
[2025-11-27T20:46:26.783Z][pid 30692][tid 33260] WARN Status bar theme update skipped: cross-thread window (hwnd=0000000000FD09DC ownerThread=30692)
[2025-11-27T20:46:26.784Z][pid 30692][tid 33260] WARN Status bar subclass skipped: cross-thread window (hwnd=0000000000FD09DC thread=30692)
[2025-11-27T20:46:26.784Z][pid 30692][tid 33260] WARN Status bar theme update skipped: cross-thread window (hwnd=0000000000FD09DC ownerThread=30692)
[2025-11-27T20:46:26.785Z][pid 30692][tid 33260] WARN Status bar subclass skipped: cross-thread window (hwnd=0000000000FD09DC thread=30692)
[2025-11-27T20:46:26.786Z][pid 30692][tid 33260] WARN Status bar theme update skipped: cross-thread window (hwnd=0000000000FD09DC ownerThread=30692)
[2025-11-27T20:46:26.787Z][pid 30692][tid 33260] WARN Status bar subclass skipped: cross-thread window (hwnd=0000000000FD09DC thread=30692)
[2025-11-27T20:46:26.787Z][pid 30692][tid 33260] WARN Status bar theme update skipped: cross-thread window (hwnd=0000000000FD09DC ownerThread=30692)
[2025-11-27T20:46:26.789Z][pid 30692][tid 33260] WARN Status bar subclass skipped: cross-thread window (hwnd=0000000000FD09DC thread=30692)
[2025-11-27T20:46:26.789Z][pid 30692][tid 33260] WARN Status bar theme update skipped: cross-thread window (hwnd=0000000000FD09DC ownerThread=30692)
[2025-11-27T20:46:26.790Z][pid 30692][tid 33260] WARN Status bar subclass skipped: cross-thread window (hwnd=0000000000FD09DC thread=30692)
[2025-11-27T20:46:26.790Z][pid 30692][tid 33260] WARN Status bar theme update skipped: cross-thread window (hwnd=0000000000FD09DC ownerThread=30692)
[2025-11-27T20:46:26.791Z][pid 30692][tid 33260] WARN Status bar subclass skipped: cross-thread window (hwnd=0000000000FD09DC thread=30692)
[2025-11-27T20:46:26.791Z][pid 30692][tid 33260] WARN Status bar theme update skipped: cross-thread window (hwnd=0000000000FD09DC ownerThread=30692)
[2025-11-27T20:46:26.792Z][pid 30692][tid 33260] WARN Status bar subclass skipped: cross-thread window (hwnd=0000000000FD09DC thread=30692)
[2025-11-27T20:46:26.793Z][pid 30692][tid 33260] WARN Status bar theme update skipped: cross-thread window (hwnd=0000000000FD09DC ownerThread=30692)
[2025-11-27T20:46:26.794Z][pid 30692][tid 33260] WARN Status bar subclass skipped: cross-thread window (hwnd=0000000000FD09DC thread=30692)
[2025-11-27T20:46:26.794Z][pid 30692][tid 33260] WARN Status bar theme update skipped: cross-thread window (hwnd=0000000000FD09DC ownerThread=30692)
[2025-11-27T20:46:26.795Z][pid 30692][tid 33260] WARN Status bar subclass skipped: cross-thread window (hwnd=0000000000FD09DC thread=30692)
[2025-11-27T20:46:26.796Z][pid 30692][tid 33260] WARN Status bar theme update skipped: cross-thread window (hwnd=0000000000FD09DC ownerThread=30692)
[2025-11-27T20:46:26.797Z][pid 30692][tid 33260] WARN Status bar subclass skipped: cross-thread window (hwnd=0000000000FD09DC thread=30692)
[2025-11-27T20:46:26.797Z][pid 30692][tid 33260] WARN Status bar theme update skipped: cross-thread window (hwnd=0000000000FD09DC ownerThread=30692)
[2025-11-27T20:46:26.799Z][pid 30692][tid 33260] WARN Status bar subclass skipped: cross-thread window (hwnd=0000000000FD09DC thread=30692)
[2025-11-27T20:46:26.799Z][pid 30692][tid 33260] WARN Status bar theme update skipped: cross-thread window (hwnd=0000000000FD09DC ownerThread=30692)
[2025-11-27T20:46:26.800Z][pid 30692][tid 33260] WARN Status bar subclass skipped: cross-thread window (hwnd=0000000000FD09DC thread=30692)
[2025-11-27T20:46:26.801Z][pid 30692][tid 33260] WARN Status bar theme update skipped: cross-thread window (hwnd=0000000000FD09DC ownerThread=30692)
[2025-11-27T20:46:26.801Z][pid 30692][tid 33260] WARN Status bar subclass skipped: cross-thread window (hwnd=0000000000FD09DC thread=30692)
[2025-11-27T20:46:26.802Z][pid 30692][tid 33260] WARN Status bar theme update skipped: cross-thread window (hwnd=0000000000FD09DC ownerThread=30692)
[2025-11-27T20:46:26.803Z][pid 30692][tid 33260] WARN Status bar subclass skipped: cross-thread window (hwnd=0000000000FD09DC thread=30692)
[2025-11-27T20:46:26.803Z][pid 30692][tid 33260] WARN Status bar theme update skipped: cross-thread window (hwnd=0000000000FD09DC ownerThread=30692)
[2025-11-27T20:46:26.805Z][pid 30692][tid 33260] WARN Status bar subclass skipped: cross-thread window (hwnd=0000000000FD09DC thread=30692)
[2025-11-27T20:46:26.805Z][pid 30692][tid 33260] WARN Status bar theme update skipped: cross-thread window (hwnd=0000000000FD09DC ownerThread=30692)
[2025-11-27T20:46:26.806Z][pid 30692][tid 33260] WARN Status bar subclass skipped: cross-thread window (hwnd=0000000000FD09DC thread=30692)
[2025-11-27T20:46:26.807Z][pid 30692][tid 33260] WARN Status bar theme update skipped: cross-thread window (hwnd=0000000000FD09DC ownerThread=30692)
[2025-11-27T20:46:26.807Z][pid 30692][tid 33260] WARN Status bar subclass skipped: cross-thread window (hwnd=0000000000FD09DC thread=30692)
[2025-11-27T20:46:26.808Z][pid 30692][tid 33260] WARN Status bar theme update skipped: cross-thread window (hwnd=0000000000FD09DC ownerThread=30692)
[2025-11-27T20:46:26.809Z][pid 30692][tid 33260] WARN Status bar subclass skipped: cross-thread window (hwnd=0000000000FD09DC thread=30692)
[2025-11-27T20:46:26.809Z][pid 30692][tid 33260] WARN Status bar theme update skipped: cross-thread window (hwnd=0000000000FD09DC ownerThread=30692)
[2025-11-27T20:46:26.810Z][pid 30692][tid 33260] WARN Status bar subclass skipped: cross-thread window (hwnd=0000000000FD09DC thread=30692)
[2025-11-27T20:46:26.810Z][pid 30692][tid 33260] WARN Status bar theme update skipped: cross-thread window (hwnd=0000000000FD09DC ownerThread=30692)
[2025-11-27T20:46:26.811Z][pid 30692][tid 33260] WARN Status bar subclass skipped: cross-thread window (hwnd=0000000000FD09DC thread=30692)
[2025-11-27T20:46:26.812Z][pid 30692][tid 33260] WARN Status bar theme update skipped: cross-thread window (hwnd=0000000000FD09DC ownerThread=30692)
[2025-11-27T20:46:26.812Z][pid 30692][tid 33260] WARN Status bar subclass skipped: cross-thread window (hwnd=0000000000FD09DC thread=30692)
[2025-11-27T20:46:26.813Z][pid 30692][tid 33260] WARN Status bar theme update skipped: cross-thread window (hwnd=0000000000FD09DC ownerThread=30692)
[2025-11-27T20:46:26.814Z][pid 30692][tid 33260] WARN Status bar subclass skipped: cross-thread window (hwnd=0000000000FD09DC thread=30692)
[2025-11-27T20:46:26.815Z][pid 30692][tid 33260] WARN Status bar theme update skipped: cross-thread window (hwnd=0000000000FD09DC ownerThread=30692)
[2025-11-27T20:46:26.815Z][pid 30692][tid 33260] WARN Status bar subclass skipped: cross-thread window (hwnd=0000000000FD09DC thread=30692)
[2025-11-27T20:46:26.816Z][pid 30692][tid 33260] WARN Status bar theme update skipped: cross-thread window (hwnd=0000000000FD09DC ownerThread=30692)
[2025-11-27T20:46:26.824Z][pid 30692][tid 33260] WARN Status bar subclass skipped: cross-thread window (hwnd=0000000000FD09DC thread=30692)
[2025-11-27T20:46:26.824Z][pid 30692][tid 33260] WARN Status bar theme update skipped: cross-thread window (hwnd=0000000000FD09DC ownerThread=30692)
[2025-11-27T20:46:26.834Z][pid 30692][tid 33260] WARN Status bar subclass skipped: cross-thread window (hwnd=0000000000FD09DC thread=30692)
[2025-11-27T20:46:26.834Z][pid 30692][tid 33260] WARN Status bar theme update skipped: cross-thread window (hwnd=0000000000FD09DC ownerThread=30692)
[2025-11-27T20:46:27.035Z][pid 30692][tid 33260] WARN Status bar subclass skipped: cross-thread window (hwnd=0000000000FD09DC thread=30692)
[2025-11-27T20:46:27.035Z][pid 30692][tid 33260] WARN Status bar theme update skipped: cross-thread window (hwnd=0000000000FD09DC ownerThread=30692)
[2025-11-27T20:46:27.088Z][pid 30692][tid 33260] WARN Status bar subclass skipped: cross-thread window (hwnd=0000000000FD09DC thread=30692)
[2025-11-27T20:46:27.089Z][pid 30692][tid 33260] WARN Status bar theme update skipped: cross-thread window (hwnd=0000000000FD09DC ownerThread=30692)
[2025-11-27T20:46:27.205Z][pid 30692][tid 33260] WARN Status bar subclass skipped: cross-thread window (hwnd=0000000000FD09DC thread=30692)
[2025-11-27T20:46:27.205Z][pid 30692][tid 33260] WARN Status bar theme update skipped: cross-thread window (hwnd=0000000000FD09DC ownerThread=30692)
[2025-11-27T20:46:27.218Z][pid 30692][tid 33260] WARN Status bar subclass skipped: cross-thread window (hwnd=0000000000FD09DC thread=30692)
[2025-11-27T20:46:27.218Z][pid 30692][tid 33260] WARN Status bar theme update skipped: cross-thread window (hwnd=0000000000FD09DC ownerThread=30692)
[2025-11-27T20:46:27.229Z][pid 30692][tid 33260] WARN Status bar subclass skipped: cross-thread window (hwnd=0000000000FD09DC thread=30692)
[2025-11-27T20:46:27.230Z][pid 30692][tid 33260] WARN Status bar theme update skipped: cross-thread window (hwnd=0000000000FD09DC ownerThread=30692)
[2025-11-27T20:46:27.241Z][pid 30692][tid 33260] WARN Status bar subclass skipped: cross-thread window (hwnd=0000000000FD09DC thread=30692)
[2025-11-27T20:46:27.242Z][pid 30692][tid 33260] WARN Status bar theme update skipped: cross-thread window (hwnd=0000000000FD09DC ownerThread=30692)
[2025-11-27T20:46:27.258Z][pid 30692][tid 33260] WARN Status bar subclass skipped: cross-thread window (hwnd=0000000000FD09DC thread=30692)
[2025-11-27T20:46:27.258Z][pid 30692][tid 33260] WARN Status bar theme update skipped: cross-thread window (hwnd=0000000000FD09DC ownerThread=30692)
[2025-11-27T20:46:27.274Z][pid 30692][tid 33260] WARN Status bar subclass skipped: cross-thread window (hwnd=0000000000FD09DC thread=30692)
[2025-11-27T20:46:27.274Z][pid 30692][tid 33260] WARN Status bar theme update skipped: cross-thread window (hwnd=0000000000FD09DC ownerThread=30692)
[2025-11-27T20:46:27.335Z][pid 30692][tid 33260] WARN Status bar subclass skipped: cross-thread window (hwnd=0000000000FD09DC thread=30692)
[2025-11-27T20:46:27.335Z][pid 30692][tid 33260] WARN Status bar theme update skipped: cross-thread window (hwnd=0000000000FD09DC ownerThread=30692)
[2025-11-27T20:46:27.360Z][pid 30692][tid 33260] WARN Status bar subclass skipped: cross-thread window (hwnd=0000000000FD09DC thread=30692)
[2025-11-27T20:46:27.360Z][pid 30692][tid 33260] WARN Status bar theme update skipped: cross-thread window (hwnd=0000000000FD09DC ownerThread=30692)
[2025-11-27T20:46:27.461Z][pid 30692][tid 33260] WARN Status bar subclass skipped: cross-thread window (hwnd=0000000000FD09DC thread=30692)
[2025-11-27T20:46:27.461Z][pid 30692][tid 33260] WARN Status bar theme update skipped: cross-thread window (hwnd=0000000000FD09DC ownerThread=30692)
[2025-11-27T20:46:27.491Z][pid 30692][tid 33260] WARN Status bar subclass skipped: cross-thread window (hwnd=0000000000FD09DC thread=30692)
[2025-11-27T20:46:27.492Z][pid 30692][tid 33260] WARN Status bar theme update skipped: cross-thread window (hwnd=0000000000FD09DC ownerThread=30692)
[2025-11-27T20:46:27.499Z][pid 30692][tid 33260] WARN Status bar subclass skipped: cross-thread window (hwnd=0000000000FD09DC thread=30692)
[2025-11-27T20:46:27.499Z][pid 30692][tid 33260] WARN Status bar theme update skipped: cross-thread window (hwnd=0000000000FD09DC ownerThread=30692)
[2025-11-27T20:46:27.525Z][pid 30692][tid 33260] WARN Status bar subclass skipped: cross-thread window (hwnd=0000000000FD09DC thread=30692)
[2025-11-27T20:46:27.525Z][pid 30692][tid 33260] WARN Status bar theme update skipped: cross-thread window (hwnd=0000000000FD09DC ownerThread=30692)
[2025-11-27T20:46:27.558Z][pid 30692][tid 33260] WARN Status bar subclass skipped: cross-thread window (hwnd=0000000000FD09DC thread=30692)
[2025-11-27T20:46:27.559Z][pid 30692][tid 33260] WARN Status bar theme update skipped: cross-thread window (hwnd=0000000000FD09DC ownerThread=30692)
[2025-11-27T20:46:27.590Z][pid 30692][tid 33260] WARN Status bar subclass skipped: cross-thread window (hwnd=0000000000FD09DC thread=30692)
[2025-11-27T20:46:27.590Z][pid 30692][tid 33260] WARN Status bar theme update skipped: cross-thread window (hwnd=0000000000FD09DC ownerThread=30692)
[2025-11-27T20:46:27.598Z][pid 30692][tid 33260] WARN Status bar subclass skipped: cross-thread window (hwnd=0000000000FD09DC thread=30692)
[2025-11-27T20:46:27.599Z][pid 30692][tid 33260] WARN Status bar theme update skipped: cross-thread window (hwnd=0000000000FD09DC ownerThread=30692)
[2025-11-27T20:46:27.948Z][pid 30692][tid 33260] WARN Status bar subclass skipped: cross-thread window (hwnd=0000000000FD09DC thread=30692)
[2025-11-27T20:46:27.948Z][pid 30692][tid 33260] WARN Status bar theme update skipped: cross-thread window (hwnd=0000000000FD09DC ownerThread=30692)
[2025-11-27T20:46:27.949Z][pid 30692][tid 33260] WARN Status bar subclass skipped: cross-thread window (hwnd=0000000000FD09DC thread=30692)
[2025-11-27T20:46:27.950Z][pid 30692][tid 33260] WARN Status bar theme update skipped: cross-thread window (hwnd=0000000000FD09DC ownerThread=30692)
[2025-11-27T20:46:28.038Z][pid 30692][tid 33260] WARN Status bar subclass skipped: cross-thread window (hwnd=0000000000FD09DC thread=30692)
[2025-11-27T20:46:28.039Z][pid 30692][tid 33260] WARN Status bar theme update skipped: cross-thread window (hwnd=0000000000FD09DC ownerThread=30692)
[2025-11-27T20:46:28.577Z][pid 30692][tid 33260] WARN Status bar subclass skipped: cross-thread window (hwnd=0000000000FD09DC thread=30692)
[2025-11-27T20:46:28.577Z][pid 30692][tid 33260] WARN Status bar theme update skipped: cross-thread window (hwnd=0000000000FD09DC ownerThread=30692)
[2025-11-27T20:46:28.699Z][pid 30692][tid 33260] INFO TabBand::UpdateTabsUI applying 2 items
[2025-11-27T20:46:28.700Z][pid 30692][tid 33260] INFO Tab diff: +1 -0 move=0 update=1 rows=1 incremental=false
[2025-11-27T20:46:28.728Z][pid 30692][tid 33260] WARN Status bar subclass skipped: cross-thread window (hwnd=0000000000FD09DC thread=30692)
[2025-11-27T20:46:28.728Z][pid 30692][tid 33260] WARN Status bar theme update skipped: cross-thread window (hwnd=0000000000FD09DC ownerThread=30692)
[2025-11-27T20:46:28.728Z][pid 30692][tid 33260] WARN Status bar subclass skipped: cross-thread window (hwnd=0000000000FD09DC thread=30692)
[2025-11-27T20:46:28.729Z][pid 30692][tid 33260] WARN Status bar theme update skipped: cross-thread window (hwnd=0000000000FD09DC ownerThread=30692)
[2025-11-27T20:46:28.729Z][pid 30692][tid 33260] WARN Status bar subclass skipped: cross-thread window (hwnd=0000000000FD09DC thread=30692)
[2025-11-27T20:46:28.729Z][pid 30692][tid 33260] WARN Status bar theme update skipped: cross-thread window (hwnd=0000000000FD09DC ownerThread=30692)
[2025-11-27T20:46:28.730Z][pid 30692][tid 33260] WARN Status bar subclass skipped: cross-thread window (hwnd=0000000000FD09DC thread=30692)
[2025-11-27T20:46:28.730Z][pid 30692][tid 33260] WARN Status bar theme update skipped: cross-thread window (hwnd=0000000000FD09DC ownerThread=30692)
[2025-11-27T20:46:28.730Z][pid 30692][tid 33260] WARN Status bar subclass skipped: cross-thread window (hwnd=0000000000FD09DC thread=30692)
[2025-11-27T20:46:28.731Z][pid 30692][tid 33260] WARN Status bar theme update skipped: cross-thread window (hwnd=0000000000FD09DC ownerThread=30692)
[2025-11-27T20:46:28.731Z][pid 30692][tid 33260] WARN Status bar subclass skipped: cross-thread window (hwnd=0000000000FD09DC thread=30692)
[2025-11-27T20:46:28.732Z][pid 30692][tid 33260] WARN Status bar theme update skipped: cross-thread window (hwnd=0000000000FD09DC ownerThread=30692)
[2025-11-27T20:46:28.733Z][pid 30692][tid 33260] WARN Status bar subclass skipped: cross-thread window (hwnd=0000000000FD09DC thread=30692)
[2025-11-27T20:46:28.733Z][pid 30692][tid 33260] WARN Status bar theme update skipped: cross-thread window (hwnd=0000000000FD09DC ownerThread=30692)
[2025-11-27T20:46:28.733Z][pid 30692][tid 33260] WARN Status bar subclass skipped: cross-thread window (hwnd=0000000000FD09DC thread=30692)
[2025-11-27T20:46:28.734Z][pid 30692][tid 33260] WARN Status bar theme update skipped: cross-thread window (hwnd=0000000000FD09DC ownerThread=30692)
[2025-11-27T20:46:28.734Z][pid 30692][tid 33260] INFO TabBand::UpdateTabsUI applying 2 items
[2025-11-27T20:46:28.734Z][pid 30692][tid 33260] INFO Tab diff: +0 -0 move=0 update=1 rows=1 incremental=true
[2025-11-27T20:46:28.738Z][pid 30692][tid 33260] INFO Breadcrumb QueryService(IShellBrowser) failed: 0x80004001
[2025-11-27T20:46:28.738Z][pid 30692][tid 33260] INFO Breadcrumb ribbon frame discovered via IShellBrowser (hwnd=00000000014F0A54)
[2025-11-27T20:46:28.738Z][pid 30692][tid 33260] INFO Breadcrumb ribbon frame discovered via IWebBrowser2 (hwnd=00000000014F0A54)
[2025-11-27T20:46:28.738Z][pid 30692][tid 33260] INFO Breadcrumb toolbar located via window enumeration (hwnd=0000000000110472)
[2025-11-27T20:46:28.738Z][pid 30692][tid 33260] INFO Explorer pane creation watch cleared (view=0000000000000000)
[2025-11-27T20:46:28.738Z][pid 30692][tid 33260] WARN Status bar subclass removal skipped: cross-thread window (hwnd=0000000000FD09DC thread=30692)
[2025-11-27T20:46:28.738Z][pid 30692][tid 33260] WARN Status bar reset skipped: cross-thread access (hwnd=0000000000FD09DC ownerThread=30692)
[2025-11-27T20:46:28.738Z][pid 30692][tid 33260] INFO Cleared Open In New Tab pending state
[2025-11-27T20:46:28.739Z][pid 30692][tid 33260] INFO Installed shell view window subclass (view=00000000012A0842)
[2025-11-27T20:46:28.739Z][pid 30692][tid 33260] INFO Installed explorer frame subclass (frame=00000000009B25E8)
[2025-11-27T20:46:28.739Z][pid 30692][tid 33260] INFO Cleared Open In New Tab pending state
[2025-11-27T20:46:28.739Z][pid 30692][tid 33260] INFO Explorer view base subclass ready (view=00000000012A0842 frame=00000000009B25E8)
[2025-11-27T20:46:28.739Z][pid 30692][tid 33260] VERBOSE DirectUI IUIElement unavailable (hr=0x80004001)
[2025-11-27T20:46:28.739Z][pid 30692][tid 33260] INFO Installed explorer DirectUI host subclass (direct=00000000027C2E64)
[2025-11-27T20:46:28.739Z][pid 30692][tid 33260] INFO Installed explorer tree view subclass (tree=00000000038B1610)
[2025-11-27T20:46:28.739Z][pid 30692][tid 33260] INFO Explorer status bar discovered (hwnd=0000000000FD09DC)
[2025-11-27T20:46:28.739Z][pid 30692][tid 33260] WARN Status bar subclass skipped: cross-thread window (hwnd=0000000000FD09DC thread=30692)
[2025-11-27T20:46:28.740Z][pid 30692][tid 33260] WARN Status bar theme update skipped: cross-thread window (hwnd=0000000000FD09DC ownerThread=30692)
[2025-11-27T20:46:28.740Z][pid 30692][tid 33260] INFO Registered glow surface edit (hwnd=0000000000A627A6)
[2025-11-27T20:46:28.740Z][pid 30692][tid 33260] WARN Status bar theme update skipped: cross-thread window (hwnd=0000000000FD09DC ownerThread=30692)
[2025-11-27T20:46:28.740Z][pid 30692][tid 33260] INFO Explorer pane creation watch armed (view=00000000012A0842 list=1 tree=0)
[2025-11-27T20:46:28.740Z][pid 30692][tid 33260] INFO Explorer pane fallback timer armed (view=00000000012A0842 delay=500)
[2025-11-27T20:46:28.740Z][pid 30692][tid 33260] INFO Explorer panes not ready: list view missing (view=00000000012A0842)
[2025-11-27T20:46:28.740Z][pid 30692][tid 33260] INFO Explorer pane retry timer armed (view=00000000012A0842 delay=500 attempts=1)
[2025-11-27T20:46:28.741Z][pid 30692][tid 33260] INFO TabBand::UpdateTabsUI applying 2 items
[2025-11-27T20:46:28.742Z][pid 30692][tid 33260] INFO Breadcrumb QueryService(IShellBrowser) failed: 0x80004001
[2025-11-27T20:46:28.742Z][pid 30692][tid 33260] INFO Breadcrumb ribbon frame discovered via IShellBrowser (hwnd=00000000014F0A54)
[2025-11-27T20:46:28.742Z][pid 30692][tid 33260] INFO Breadcrumb ribbon frame discovered via IWebBrowser2 (hwnd=00000000014F0A54)
[2025-11-27T20:46:28.742Z][pid 30692][tid 33260] INFO Breadcrumb toolbar located via window enumeration (hwnd=0000000000110472)
[2025-11-27T20:46:28.742Z][pid 30692][tid 33260] INFO Explorer pane creation watch cleared (view=00000000012A0842)
[2025-11-27T20:46:28.742Z][pid 30692][tid 33260] WARN Status bar subclass removal skipped: cross-thread window (hwnd=0000000000FD09DC thread=30692)
[2025-11-27T20:46:28.742Z][pid 30692][tid 33260] WARN Status bar reset skipped: cross-thread access (hwnd=0000000000FD09DC ownerThread=30692)
[2025-11-27T20:46:28.743Z][pid 30692][tid 33260] INFO Cleared Open In New Tab pending state
[2025-11-27T20:46:28.743Z][pid 30692][tid 33260] INFO Installed shell view window subclass (view=00000000012A0842)
[2025-11-27T20:46:28.743Z][pid 30692][tid 33260] INFO Installed explorer frame subclass (frame=00000000009B25E8)
[2025-11-27T20:46:28.743Z][pid 30692][tid 33260] INFO Cleared Open In New Tab pending state
[2025-11-27T20:46:28.743Z][pid 30692][tid 33260] INFO Explorer view base subclass ready (view=00000000012A0842 frame=00000000009B25E8)
[2025-11-27T20:46:28.743Z][pid 30692][tid 33260] VERBOSE DirectUI IUIElement unavailable (hr=0x80004001)
[2025-11-27T20:46:28.743Z][pid 30692][tid 33260] INFO Installed explorer DirectUI host subclass (direct=00000000027C2E64)
[2025-11-27T20:46:28.743Z][pid 30692][tid 33260] INFO Installed explorer tree view subclass (tree=00000000038B1610)
[2025-11-27T20:46:28.743Z][pid 30692][tid 33260] INFO Explorer status bar discovered (hwnd=0000000000FD09DC)
[2025-11-27T20:46:28.744Z][pid 30692][tid 33260] WARN Status bar subclass skipped: cross-thread window (hwnd=0000000000FD09DC thread=30692)
[2025-11-27T20:46:28.744Z][pid 30692][tid 33260] WARN Status bar theme update skipped: cross-thread window (hwnd=0000000000FD09DC ownerThread=30692)
[2025-11-27T20:46:28.744Z][pid 30692][tid 33260] INFO Registered glow surface edit (hwnd=0000000000A627A6)
[2025-11-27T20:46:28.744Z][pid 30692][tid 33260] WARN Status bar theme update skipped: cross-thread window (hwnd=0000000000FD09DC ownerThread=30692)
[2025-11-27T20:46:28.744Z][pid 30692][tid 33260] INFO Explorer pane creation watch armed (view=00000000012A0842 list=1 tree=0)
[2025-11-27T20:46:28.744Z][pid 30692][tid 33260] INFO Explorer pane fallback timer armed (view=00000000012A0842 delay=500)
[2025-11-27T20:46:28.744Z][pid 30692][tid 33260] INFO Explorer panes not ready: list view missing (view=00000000012A0842)
[2025-11-27T20:46:28.745Z][pid 30692][tid 33260] INFO Explorer pane retry timer armed (view=00000000012A0842 delay=500 attempts=1)
[2025-11-27T20:46:28.823Z][pid 30692][tid 33260] INFO Installed explorer list host subclass (host=00000000009B25E8)
[2025-11-27T20:46:28.823Z][pid 30692][tid 33260] INFO Installed explorer list host subclass (host=0000000000362D48)
[2025-11-27T20:46:28.823Z][pid 30692][tid 33260] INFO Installed explorer list host subclass (host=000000000510363E)
[2025-11-27T20:46:28.823Z][pid 30692][tid 33260] INFO Installed explorer list host subclass (host=00000000014F0A54)
[2025-11-27T20:46:28.823Z][pid 30692][tid 33260] INFO Installed explorer list host subclass (host=00000000047C3426)
[2025-11-27T20:46:28.823Z][pid 30692][tid 33260] WARN Status bar subclass skipped: cross-thread window (hwnd=0000000000FD09DC thread=30692)
[2025-11-27T20:46:28.824Z][pid 30692][tid 33260] WARN Status bar theme update skipped: cross-thread window (hwnd=0000000000FD09DC ownerThread=30692)
[2025-11-27T20:46:28.824Z][pid 30692][tid 33260] WARN Status bar subclass skipped: cross-thread window (hwnd=0000000000FD09DC thread=30692)
[2025-11-27T20:46:28.825Z][pid 30692][tid 33260] WARN Status bar theme update skipped: cross-thread window (hwnd=0000000000FD09DC ownerThread=30692)
[2025-11-27T20:46:28.831Z][pid 30692][tid 33260] WARN Status bar subclass skipped: cross-thread window (hwnd=0000000000FD09DC thread=30692)
[2025-11-27T20:46:28.832Z][pid 30692][tid 33260] WARN Status bar theme update skipped: cross-thread window (hwnd=0000000000FD09DC ownerThread=30692)
[2025-11-27T20:46:28.833Z][pid 30692][tid 33260] WARN Status bar subclass skipped: cross-thread window (hwnd=0000000000FD09DC thread=30692)
[2025-11-27T20:46:28.833Z][pid 30692][tid 33260] WARN Status bar theme update skipped: cross-thread window (hwnd=0000000000FD09DC ownerThread=30692)
[2025-11-27T20:46:28.833Z][pid 30692][tid 33260] WARN Status bar subclass skipped: cross-thread window (hwnd=0000000000FD09DC thread=30692)
[2025-11-27T20:46:28.834Z][pid 30692][tid 33260] WARN Status bar theme update skipped: cross-thread window (hwnd=0000000000FD09DC ownerThread=30692)
[2025-11-27T20:46:28.834Z][pid 30692][tid 33260] WARN Status bar subclass skipped: cross-thread window (hwnd=0000000000FD09DC thread=30692)
[2025-11-27T20:46:28.834Z][pid 30692][tid 33260] WARN Status bar theme update skipped: cross-thread window (hwnd=0000000000FD09DC ownerThread=30692)
[2025-11-27T20:46:28.835Z][pid 30692][tid 33260] WARN Status bar subclass skipped: cross-thread window (hwnd=0000000000FD09DC thread=30692)
[2025-11-27T20:46:28.835Z][pid 30692][tid 33260] WARN Status bar theme update skipped: cross-thread window (hwnd=0000000000FD09DC ownerThread=30692)
[2025-11-27T20:46:28.842Z][pid 30692][tid 33260] WARN Status bar subclass skipped: cross-thread window (hwnd=0000000000FD09DC thread=30692)
[2025-11-27T20:46:28.842Z][pid 30692][tid 33260] WARN Status bar theme update skipped: cross-thread window (hwnd=0000000000FD09DC ownerThread=30692)
[2025-11-27T20:46:28.847Z][pid 30692][tid 33260] WARN Status bar subclass skipped: cross-thread window (hwnd=0000000000FD09DC thread=30692)
[2025-11-27T20:46:28.847Z][pid 30692][tid 33260] WARN Status bar theme update skipped: cross-thread window (hwnd=0000000000FD09DC ownerThread=30692)
[2025-11-27T20:46:28.854Z][pid 30692][tid 33260] WARN Status bar subclass skipped: cross-thread window (hwnd=0000000000FD09DC thread=30692)
[2025-11-27T20:46:28.855Z][pid 30692][tid 33260] WARN Status bar theme update skipped: cross-thread window (hwnd=0000000000FD09DC ownerThread=30692)
[2025-11-27T20:46:28.855Z][pid 30692][tid 33260] WARN Status bar subclass skipped: cross-thread window (hwnd=0000000000FD09DC thread=30692)
[2025-11-27T20:46:28.855Z][pid 30692][tid 33260] WARN Status bar theme update skipped: cross-thread window (hwnd=0000000000FD09DC ownerThread=30692)
[2025-11-27T20:46:28.941Z][pid 30692][tid 33260] INFO TabBand::UpdateTabsUI applying 2 items
[2025-11-27T20:46:28.942Z][pid 30692][tid 33260] INFO Breadcrumb QueryService(IShellBrowser) failed: 0x80004001
[2025-11-27T20:46:28.943Z][pid 30692][tid 33260] INFO Breadcrumb ribbon frame discovered via IShellBrowser (hwnd=00000000014F0A54)
[2025-11-27T20:46:28.943Z][pid 30692][tid 33260] INFO Breadcrumb ribbon frame discovered via IWebBrowser2 (hwnd=00000000014F0A54)
[2025-11-27T20:46:28.943Z][pid 30692][tid 33260] INFO Breadcrumb toolbar located via window enumeration (hwnd=0000000000110472)
[2025-11-27T20:46:28.943Z][pid 30692][tid 33260] INFO Explorer pane creation watch cleared (view=00000000012A0842)
[2025-11-27T20:46:28.943Z][pid 30692][tid 33260] WARN Status bar subclass removal skipped: cross-thread window (hwnd=0000000000FD09DC thread=30692)
[2025-11-27T20:46:28.943Z][pid 30692][tid 33260] WARN Status bar reset skipped: cross-thread access (hwnd=0000000000FD09DC ownerThread=30692)
[2025-11-27T20:46:28.943Z][pid 30692][tid 33260] INFO Cleared Open In New Tab pending state
[2025-11-27T20:46:28.943Z][pid 30692][tid 33260] INFO Installed shell view window subclass (view=00000000012A0842)
[2025-11-27T20:46:28.944Z][pid 30692][tid 33260] INFO Installed explorer frame subclass (frame=00000000009B25E8)
[2025-11-27T20:46:28.944Z][pid 30692][tid 33260] INFO Cleared Open In New Tab pending state
[2025-11-27T20:46:28.944Z][pid 30692][tid 33260] INFO Explorer view base subclass ready (view=00000000012A0842 frame=00000000009B25E8)
[2025-11-27T20:46:28.944Z][pid 30692][tid 33260] VERBOSE DirectUI IUIElement unavailable (hr=0x80004001)
[2025-11-27T20:46:28.944Z][pid 30692][tid 33260] INFO Installed explorer DirectUI host subclass (direct=00000000027C2E64)
[2025-11-27T20:46:28.944Z][pid 30692][tid 33260] INFO Installed explorer tree view subclass (tree=00000000038B1610)
[2025-11-27T20:46:28.944Z][pid 30692][tid 33260] INFO Explorer status bar discovered (hwnd=0000000000FD09DC)
[2025-11-27T20:46:28.944Z][pid 30692][tid 33260] WARN Status bar subclass skipped: cross-thread window (hwnd=0000000000FD09DC thread=30692)
[2025-11-27T20:46:28.945Z][pid 30692][tid 33260] WARN Status bar theme update skipped: cross-thread window (hwnd=0000000000FD09DC ownerThread=30692)
[2025-11-27T20:46:28.945Z][pid 30692][tid 33260] INFO Registered glow surface edit (hwnd=0000000000A627A6)
[2025-11-27T20:46:28.945Z][pid 30692][tid 33260] WARN Status bar theme update skipped: cross-thread window (hwnd=0000000000FD09DC ownerThread=30692)
[2025-11-27T20:46:28.945Z][pid 30692][tid 33260] INFO Explorer pane creation watch armed (view=00000000012A0842 list=1 tree=0)
[2025-11-27T20:46:28.945Z][pid 30692][tid 33260] INFO Explorer pane fallback timer armed (view=00000000012A0842 delay=500)
[2025-11-27T20:46:28.945Z][pid 30692][tid 33260] INFO Explorer panes not ready: list view missing (view=00000000012A0842)
[2025-11-27T20:46:28.945Z][pid 30692][tid 33260] INFO Explorer pane retry timer armed (view=00000000012A0842 delay=500 attempts=1)
[2025-11-27T20:46:29.025Z][pid 30692][tid 33260] INFO Installed explorer list host subclass (host=00000000009B25E8)
[2025-11-27T20:46:29.025Z][pid 30692][tid 33260] INFO Installed explorer list host subclass (host=0000000000362D48)
[2025-11-27T20:46:29.025Z][pid 30692][tid 33260] INFO Installed explorer list host subclass (host=000000000510363E)
[2025-11-27T20:46:29.025Z][pid 30692][tid 33260] INFO Installed explorer list host subclass (host=00000000014F0A54)
[2025-11-27T20:46:29.025Z][pid 30692][tid 33260] INFO Installed explorer list host subclass (host=00000000047C3426)
[2025-11-27T20:46:29.025Z][pid 30692][tid 33260] WARN Status bar subclass skipped: cross-thread window (hwnd=0000000000FD09DC thread=30692)
[2025-11-27T20:46:29.026Z][pid 30692][tid 33260] WARN Status bar theme update skipped: cross-thread window (hwnd=0000000000FD09DC ownerThread=30692)
[2025-11-27T20:46:29.026Z][pid 30692][tid 33260] WARN Status bar subclass skipped: cross-thread window (hwnd=0000000000FD09DC thread=30692)
[2025-11-27T20:46:29.026Z][pid 30692][tid 33260] WARN Status bar theme update skipped: cross-thread window (hwnd=0000000000FD09DC ownerThread=30692)
[2025-11-27T20:46:29.087Z][pid 30692][tid 33260] WARN Status bar subclass skipped: cross-thread window (hwnd=0000000000FD09DC thread=30692)
[2025-11-27T20:46:29.088Z][pid 30692][tid 33260] WARN Status bar theme update skipped: cross-thread window (hwnd=0000000000FD09DC ownerThread=30692)
[2025-11-27T20:46:29.100Z][pid 30692][tid 33260] WARN Status bar subclass skipped: cross-thread window (hwnd=0000000000FD09DC thread=30692)
[2025-11-27T20:46:29.101Z][pid 30692][tid 33260] WARN Status bar theme update skipped: cross-thread window (hwnd=0000000000FD09DC ownerThread=30692)
[2025-11-27T20:46:29.155Z][pid 30692][tid 33260] WARN Status bar subclass skipped: cross-thread window (hwnd=0000000000FD09DC thread=30692)
[2025-11-27T20:46:29.155Z][pid 30692][tid 33260] WARN Status bar theme update skipped: cross-thread window (hwnd=0000000000FD09DC ownerThread=30692)
[2025-11-27T20:46:30.733Z][pid 30692][tid 33260] WARN Status bar subclass skipped: cross-thread window (hwnd=0000000000FD09DC thread=30692)
[2025-11-27T20:46:30.733Z][pid 30692][tid 33260] WARN Status bar theme update skipped: cross-thread window (hwnd=0000000000FD09DC ownerThread=30692)
[2025-11-27T20:46:30.734Z][pid 30692][tid 33260] WARN Status bar subclass skipped: cross-thread window (hwnd=0000000000FD09DC thread=30692)
[2025-11-27T20:46:30.734Z][pid 30692][tid 33260] WARN Status bar theme update skipped: cross-thread window (hwnd=0000000000FD09DC ownerThread=30692)
[2025-11-27T20:46:30.757Z][pid 30692][tid 33260] WARN Status bar subclass skipped: cross-thread window (hwnd=0000000000FD09DC thread=30692)
[2025-11-27T20:46:30.758Z][pid 30692][tid 33260] WARN Status bar theme update skipped: cross-thread window (hwnd=0000000000FD09DC ownerThread=30692)
[2025-11-27T20:46:30.758Z][pid 30692][tid 33260] WARN Status bar subclass skipped: cross-thread window (hwnd=0000000000FD09DC thread=30692)
[2025-11-27T20:46:30.759Z][pid 30692][tid 33260] WARN Status bar theme update skipped: cross-thread window (hwnd=0000000000FD09DC ownerThread=30692)
[2025-11-27T20:46:30.759Z][pid 30692][tid 33260] WARN Status bar subclass skipped: cross-thread window (hwnd=0000000000FD09DC thread=30692)
[2025-11-27T20:46:30.759Z][pid 30692][tid 33260] WARN Status bar theme update skipped: cross-thread window (hwnd=0000000000FD09DC ownerThread=30692)
[2025-11-27T20:46:30.762Z][pid 30692][tid 33260] WARN Status bar subclass skipped: cross-thread window (hwnd=0000000000FD09DC thread=30692)
[2025-11-27T20:46:30.762Z][pid 30692][tid 33260] WARN Status bar theme update skipped: cross-thread window (hwnd=0000000000FD09DC ownerThread=30692)
[2025-11-27T20:46:30.763Z][pid 30692][tid 33260] WARN Status bar subclass skipped: cross-thread window (hwnd=0000000000FD09DC thread=30692)
[2025-11-27T20:46:30.763Z][pid 30692][tid 33260] WARN Status bar theme update skipped: cross-thread window (hwnd=0000000000FD09DC ownerThread=30692)
[2025-11-27T20:46:30.764Z][pid 30692][tid 33260] INFO TabBand::UpdateTabsUI applying 2 items
[2025-11-27T20:46:30.766Z][pid 30692][tid 33260] INFO Tab diff: +1 -1 move=0 update=0 rows=1 incremental=false
[2025-11-27T20:46:30.769Z][pid 30692][tid 33260] INFO Breadcrumb QueryService(IShellBrowser) failed: 0x80004001
[2025-11-27T20:46:30.770Z][pid 30692][tid 33260] INFO Breadcrumb ribbon frame discovered via IShellBrowser (hwnd=00000000014F0A54)
[2025-11-27T20:46:30.770Z][pid 30692][tid 33260] INFO Breadcrumb ribbon frame discovered via IWebBrowser2 (hwnd=00000000014F0A54)
[2025-11-27T20:46:30.770Z][pid 30692][tid 33260] INFO Breadcrumb toolbar located via window enumeration (hwnd=0000000000110472)
[2025-11-27T20:46:30.770Z][pid 30692][tid 33260] INFO Explorer pane creation watch cleared (view=0000000000000000)
[2025-11-27T20:46:30.770Z][pid 30692][tid 33260] WARN Status bar subclass removal skipped: cross-thread window (hwnd=0000000000FD09DC thread=30692)
[2025-11-27T20:46:30.770Z][pid 30692][tid 33260] WARN Status bar reset skipped: cross-thread access (hwnd=0000000000FD09DC ownerThread=30692)
[2025-11-27T20:46:30.770Z][pid 30692][tid 33260] INFO Cleared Open In New Tab pending state
[2025-11-27T20:46:30.770Z][pid 30692][tid 33260] INFO Installed shell view window subclass (view=00000000018432B2)
[2025-11-27T20:46:30.771Z][pid 30692][tid 33260] INFO Installed explorer frame subclass (frame=00000000009B25E8)
[2025-11-27T20:46:30.771Z][pid 30692][tid 33260] INFO Cleared Open In New Tab pending state
[2025-11-27T20:46:30.771Z][pid 30692][tid 33260] INFO Explorer view base subclass ready (view=00000000018432B2 frame=00000000009B25E8)
[2025-11-27T20:46:30.771Z][pid 30692][tid 33260] VERBOSE DirectUI IUIElement unavailable (hr=0x80004001)
[2025-11-27T20:46:30.771Z][pid 30692][tid 33260] INFO Installed explorer DirectUI host subclass (direct=00000000015A278E)
[2025-11-27T20:46:30.771Z][pid 30692][tid 33260] INFO Installed explorer tree view subclass (tree=00000000038B1610)
[2025-11-27T20:46:30.771Z][pid 30692][tid 33260] INFO Explorer status bar discovered (hwnd=0000000000FD09DC)
[2025-11-27T20:46:30.771Z][pid 30692][tid 33260] WARN Status bar subclass skipped: cross-thread window (hwnd=0000000000FD09DC thread=30692)
[2025-11-27T20:46:30.772Z][pid 30692][tid 33260] WARN Status bar theme update skipped: cross-thread window (hwnd=0000000000FD09DC ownerThread=30692)
[2025-11-27T20:46:30.772Z][pid 30692][tid 33260] INFO Registered glow surface edit (hwnd=0000000000A627A6)
[2025-11-27T20:46:30.772Z][pid 30692][tid 33260] WARN Status bar theme update skipped: cross-thread window (hwnd=0000000000FD09DC ownerThread=30692)
[2025-11-27T20:46:30.772Z][pid 30692][tid 33260] INFO Explorer pane creation watch armed (view=00000000018432B2 list=1 tree=0)
[2025-11-27T20:46:30.772Z][pid 30692][tid 33260] INFO Explorer pane fallback timer armed (view=00000000018432B2 delay=500)
[2025-11-27T20:46:30.772Z][pid 30692][tid 33260] INFO Explorer panes not ready: list view missing (view=00000000018432B2)
[2025-11-27T20:46:30.772Z][pid 30692][tid 33260] INFO Explorer pane retry timer armed (view=00000000018432B2 delay=500 attempts=1)
[2025-11-27T20:46:30.772Z][pid 30692][tid 33260] INFO TabBand::UpdateTabsUI applying 2 items
[2025-11-27T20:46:30.774Z][pid 30692][tid 33260] INFO Breadcrumb QueryService(IShellBrowser) failed: 0x80004001
[2025-11-27T20:46:30.775Z][pid 30692][tid 33260] INFO Breadcrumb ribbon frame discovered via IShellBrowser (hwnd=00000000014F0A54)
[2025-11-27T20:46:30.775Z][pid 30692][tid 33260] INFO Breadcrumb ribbon frame discovered via IWebBrowser2 (hwnd=00000000014F0A54)
[2025-11-27T20:46:30.775Z][pid 30692][tid 33260] INFO Breadcrumb toolbar located via window enumeration (hwnd=0000000000110472)
[2025-11-27T20:46:30.775Z][pid 30692][tid 33260] INFO Explorer pane creation watch cleared (view=00000000018432B2)
[2025-11-27T20:46:30.775Z][pid 30692][tid 33260] WARN Status bar subclass removal skipped: cross-thread window (hwnd=0000000000FD09DC thread=30692)
[2025-11-27T20:46:30.775Z][pid 30692][tid 33260] WARN Status bar reset skipped: cross-thread access (hwnd=0000000000FD09DC ownerThread=30692)
[2025-11-27T20:46:30.776Z][pid 30692][tid 33260] INFO Cleared Open In New Tab pending state
[2025-11-27T20:46:30.776Z][pid 30692][tid 33260] INFO Installed shell view window subclass (view=00000000018432B2)
[2025-11-27T20:46:30.776Z][pid 30692][tid 33260] INFO Installed explorer frame subclass (frame=00000000009B25E8)
[2025-11-27T20:46:30.776Z][pid 30692][tid 33260] INFO Cleared Open In New Tab pending state
[2025-11-27T20:46:30.776Z][pid 30692][tid 33260] INFO Explorer view base subclass ready (view=00000000018432B2 frame=00000000009B25E8)
[2025-11-27T20:46:30.776Z][pid 30692][tid 33260] VERBOSE DirectUI IUIElement unavailable (hr=0x80004001)
[2025-11-27T20:46:30.776Z][pid 30692][tid 33260] INFO Installed explorer DirectUI host subclass (direct=00000000015A278E)
[2025-11-27T20:46:30.776Z][pid 30692][tid 33260] INFO Installed explorer tree view subclass (tree=00000000038B1610)
[2025-11-27T20:46:30.776Z][pid 30692][tid 33260] INFO Explorer status bar discovered (hwnd=0000000000FD09DC)
[2025-11-27T20:46:30.777Z][pid 30692][tid 33260] WARN Status bar subclass skipped: cross-thread window (hwnd=0000000000FD09DC thread=30692)
[2025-11-27T20:46:30.777Z][pid 30692][tid 33260] WARN Status bar theme update skipped: cross-thread window (hwnd=0000000000FD09DC ownerThread=30692)
[2025-11-27T20:46:30.777Z][pid 30692][tid 33260] INFO Registered glow surface edit (hwnd=0000000000A627A6)
[2025-11-27T20:46:30.777Z][pid 30692][tid 33260] WARN Status bar theme update skipped: cross-thread window (hwnd=0000000000FD09DC ownerThread=30692)
[2025-11-27T20:46:30.777Z][pid 30692][tid 33260] INFO Explorer pane creation watch armed (view=00000000018432B2 list=1 tree=0)
[2025-11-27T20:46:30.777Z][pid 30692][tid 33260] INFO Explorer pane fallback timer armed (view=00000000018432B2 delay=500)
[2025-11-27T20:46:30.777Z][pid 30692][tid 33260] INFO Explorer panes not ready: list view missing (view=00000000018432B2)
[2025-11-27T20:46:30.778Z][pid 30692][tid 33260] INFO Explorer pane retry timer armed (view=00000000018432B2 delay=500 attempts=1)
[2025-11-27T20:46:30.832Z][pid 30692][tid 33260] INFO TabBand::UpdateTabsUI applying 2 items
[2025-11-27T20:46:30.834Z][pid 30692][tid 33260] INFO Breadcrumb QueryService(IShellBrowser) failed: 0x80004001
[2025-11-27T20:46:30.834Z][pid 30692][tid 33260] INFO Breadcrumb ribbon frame discovered via IShellBrowser (hwnd=00000000014F0A54)
[2025-11-27T20:46:30.834Z][pid 30692][tid 33260] INFO Breadcrumb ribbon frame discovered via IWebBrowser2 (hwnd=00000000014F0A54)
[2025-11-27T20:46:30.834Z][pid 30692][tid 33260] INFO Breadcrumb toolbar located via window enumeration (hwnd=0000000000110472)
[2025-11-27T20:46:30.834Z][pid 30692][tid 33260] INFO Explorer pane creation watch cleared (view=00000000018432B2)
[2025-11-27T20:46:30.834Z][pid 30692][tid 33260] WARN Status bar subclass removal skipped: cross-thread window (hwnd=0000000000FD09DC thread=30692)
[2025-11-27T20:46:30.834Z][pid 30692][tid 33260] WARN Status bar reset skipped: cross-thread access (hwnd=0000000000FD09DC ownerThread=30692)
[2025-11-27T20:46:30.834Z][pid 30692][tid 33260] INFO Cleared Open In New Tab pending state
[2025-11-27T20:46:30.834Z][pid 30692][tid 33260] INFO Installed shell view window subclass (view=00000000018432B2)
[2025-11-27T20:46:30.835Z][pid 30692][tid 33260] INFO Installed explorer frame subclass (frame=00000000009B25E8)
[2025-11-27T20:46:30.835Z][pid 30692][tid 33260] INFO Cleared Open In New Tab pending state
[2025-11-27T20:46:30.835Z][pid 30692][tid 33260] INFO Explorer view base subclass ready (view=00000000018432B2 frame=00000000009B25E8)
[2025-11-27T20:46:30.835Z][pid 30692][tid 33260] VERBOSE DirectUI IUIElement unavailable (hr=0x80004001)
[2025-11-27T20:46:30.835Z][pid 30692][tid 33260] INFO Installed explorer DirectUI host subclass (direct=00000000015A278E)
[2025-11-27T20:46:30.835Z][pid 30692][tid 33260] INFO Installed explorer tree view subclass (tree=00000000038B1610)
[2025-11-27T20:46:30.835Z][pid 30692][tid 33260] INFO Explorer status bar discovered (hwnd=0000000000FD09DC)
[2025-11-27T20:46:30.836Z][pid 30692][tid 33260] WARN Status bar subclass skipped: cross-thread window (hwnd=0000000000FD09DC thread=30692)
[2025-11-27T20:46:30.836Z][pid 30692][tid 33260] WARN Status bar theme update skipped: cross-thread window (hwnd=0000000000FD09DC ownerThread=30692)
[2025-11-27T20:46:30.836Z][pid 30692][tid 33260] INFO Registered glow surface edit (hwnd=0000000000A627A6)
[2025-11-27T20:46:30.836Z][pid 30692][tid 33260] WARN Status bar theme update skipped: cross-thread window (hwnd=0000000000FD09DC ownerThread=30692)
[2025-11-27T20:46:30.837Z][pid 30692][tid 33260] INFO Explorer pane creation watch armed (view=00000000018432B2 list=1 tree=0)
[2025-11-27T20:46:30.837Z][pid 30692][tid 33260] INFO Explorer pane fallback timer armed (view=00000000018432B2 delay=500)
[2025-11-27T20:46:30.837Z][pid 30692][tid 33260] INFO Explorer panes not ready: list view missing (view=00000000018432B2)
[2025-11-27T20:46:30.837Z][pid 30692][tid 33260] INFO Explorer pane retry timer armed (view=00000000018432B2 delay=500 attempts=1)
[2025-11-27T20:46:30.863Z][pid 30692][tid 33260] INFO Installed explorer list host subclass (host=00000000009B25E8)
[2025-11-27T20:46:30.863Z][pid 30692][tid 33260] INFO Installed explorer list host subclass (host=0000000000362D48)
[2025-11-27T20:46:30.863Z][pid 30692][tid 33260] INFO Installed explorer list host subclass (host=000000000510363E)
[2025-11-27T20:46:30.863Z][pid 30692][tid 33260] INFO Installed explorer list host subclass (host=00000000014F0A54)
[2025-11-27T20:46:30.863Z][pid 30692][tid 33260] INFO Installed explorer list host subclass (host=00000000047C3426)
[2025-11-27T20:46:30.863Z][pid 30692][tid 33260] WARN Status bar subclass skipped: cross-thread window (hwnd=0000000000FD09DC thread=30692)
[2025-11-27T20:46:30.864Z][pid 30692][tid 33260] WARN Status bar theme update skipped: cross-thread window (hwnd=0000000000FD09DC ownerThread=30692)
[2025-11-27T20:46:30.864Z][pid 30692][tid 33260] WARN Status bar subclass skipped: cross-thread window (hwnd=0000000000FD09DC thread=30692)
[2025-11-27T20:46:30.864Z][pid 30692][tid 33260] WARN Status bar theme update skipped: cross-thread window (hwnd=0000000000FD09DC ownerThread=30692)
[2025-11-27T20:46:30.911Z][pid 30692][tid 33260] WARN Status bar subclass skipped: cross-thread window (hwnd=0000000000FD09DC thread=30692)
[2025-11-27T20:46:30.911Z][pid 30692][tid 33260] WARN Status bar theme update skipped: cross-thread window (hwnd=0000000000FD09DC ownerThread=30692)
[2025-11-27T20:46:30.934Z][pid 30692][tid 33260] WARN Status bar subclass skipped: cross-thread window (hwnd=0000000000FD09DC thread=30692)
[2025-11-27T20:46:30.935Z][pid 30692][tid 33260] WARN Status bar theme update skipped: cross-thread window (hwnd=0000000000FD09DC ownerThread=30692)
[2025-11-27T20:46:31.009Z][pid 30692][tid 33260] WARN Status bar subclass skipped: cross-thread window (hwnd=0000000000FD09DC thread=30692)
[2025-11-27T20:46:31.009Z][pid 30692][tid 33260] WARN Status bar theme update skipped: cross-thread window (hwnd=0000000000FD09DC ownerThread=30692)
[2025-11-27T20:46:31.017Z][pid 30692][tid 33260] WARN Status bar subclass skipped: cross-thread window (hwnd=0000000000FD09DC thread=30692)
[2025-11-27T20:46:31.017Z][pid 30692][tid 33260] WARN Status bar theme update skipped: cross-thread window (hwnd=0000000000FD09DC ownerThread=30692)
[2025-11-27T20:46:31.023Z][pid 30692][tid 33260] WARN Status bar subclass skipped: cross-thread window (hwnd=0000000000FD09DC thread=30692)
[2025-11-27T20:46:31.023Z][pid 30692][tid 33260] WARN Status bar theme update skipped: cross-thread window (hwnd=0000000000FD09DC ownerThread=30692)
[2025-11-27T20:46:31.033Z][pid 30692][tid 33260] WARN Status bar subclass skipped: cross-thread window (hwnd=0000000000FD09DC thread=30692)
[2025-11-27T20:46:31.033Z][pid 30692][tid 33260] WARN Status bar theme update skipped: cross-thread window (hwnd=0000000000FD09DC ownerThread=30692)
[2025-11-27T20:46:31.044Z][pid 30692][tid 33260] WARN Status bar subclass skipped: cross-thread window (hwnd=0000000000FD09DC thread=30692)
[2025-11-27T20:46:31.044Z][pid 30692][tid 33260] WARN Status bar theme update skipped: cross-thread window (hwnd=0000000000FD09DC ownerThread=30692)
[2025-11-27T20:46:31.055Z][pid 30692][tid 33260] WARN Status bar subclass skipped: cross-thread window (hwnd=0000000000FD09DC thread=30692)
[2025-11-27T20:46:31.055Z][pid 30692][tid 33260] WARN Status bar theme update skipped: cross-thread window (hwnd=0000000000FD09DC ownerThread=30692)
[2025-11-27T20:46:31.070Z][pid 30692][tid 33260] WARN Status bar subclass skipped: cross-thread window (hwnd=0000000000FD09DC thread=30692)
[2025-11-27T20:46:31.070Z][pid 30692][tid 33260] WARN Status bar theme update skipped: cross-thread window (hwnd=0000000000FD09DC ownerThread=30692)
[2025-11-27T20:46:31.092Z][pid 30692][tid 33260] WARN Status bar subclass skipped: cross-thread window (hwnd=0000000000FD09DC thread=30692)
[2025-11-27T20:46:31.092Z][pid 30692][tid 33260] WARN Status bar theme update skipped: cross-thread window (hwnd=0000000000FD09DC ownerThread=30692)
[2025-11-27T20:46:31.249Z][pid 30692][tid 33260] WARN Status bar subclass skipped: cross-thread window (hwnd=0000000000FD09DC thread=30692)
[2025-11-27T20:46:31.249Z][pid 30692][tid 33260] WARN Status bar theme update skipped: cross-thread window (hwnd=0000000000FD09DC ownerThread=30692)
[2025-11-27T20:46:31.280Z][pid 30692][tid 33260] WARN Status bar subclass skipped: cross-thread window (hwnd=0000000000FD09DC thread=30692)
[2025-11-27T20:46:31.280Z][pid 30692][tid 33260] WARN Status bar theme update skipped: cross-thread window (hwnd=0000000000FD09DC ownerThread=30692)
[2025-11-27T20:46:31.303Z][pid 30692][tid 33260] WARN Status bar subclass skipped: cross-thread window (hwnd=0000000000FD09DC thread=30692)
[2025-11-27T20:46:31.303Z][pid 30692][tid 33260] WARN Status bar theme update skipped: cross-thread window (hwnd=0000000000FD09DC ownerThread=30692)
[2025-11-27T20:46:31.327Z][pid 30692][tid 33260] WARN Status bar subclass skipped: cross-thread window (hwnd=0000000000FD09DC thread=30692)
[2025-11-27T20:46:31.328Z][pid 30692][tid 33260] WARN Status bar theme update skipped: cross-thread window (hwnd=0000000000FD09DC ownerThread=30692)
[2025-11-27T20:46:31.365Z][pid 30692][tid 33260] WARN Status bar subclass skipped: cross-thread window (hwnd=0000000000FD09DC thread=30692)
[2025-11-27T20:46:31.365Z][pid 30692][tid 33260] WARN Status bar theme update skipped: cross-thread window (hwnd=0000000000FD09DC ownerThread=30692)
[2025-11-27T20:46:31.553Z][pid 30692][tid 33260] WARN Status bar subclass skipped: cross-thread window (hwnd=0000000000FD09DC thread=30692)
[2025-11-27T20:46:31.553Z][pid 30692][tid 33260] WARN Status bar theme update skipped: cross-thread window (hwnd=0000000000FD09DC ownerThread=30692)
[2025-11-27T20:46:31.866Z][pid 30692][tid 33260] WARN Status bar subclass skipped: cross-thread window (hwnd=0000000000FD09DC thread=30692)
[2025-11-27T20:46:31.866Z][pid 30692][tid 33260] WARN Status bar theme update skipped: cross-thread window (hwnd=0000000000FD09DC ownerThread=30692)
[2025-11-27T20:46:32.086Z][pid 30692][tid 33260] WARN Status bar subclass skipped: cross-thread window (hwnd=0000000000FD09DC thread=30692)
[2025-11-27T20:46:32.086Z][pid 30692][tid 33260] WARN Status bar theme update skipped: cross-thread window (hwnd=0000000000FD09DC ownerThread=30692)
[2025-11-27T20:46:32.151Z][pid 30692][tid 33260] WARN Status bar subclass skipped: cross-thread window (hwnd=0000000000FD09DC thread=30692)
[2025-11-27T20:46:32.151Z][pid 30692][tid 33260] WARN Status bar theme update skipped: cross-thread window (hwnd=0000000000FD09DC ownerThread=30692)
[2025-11-27T20:46:32.178Z][pid 30692][tid 33260] WARN Status bar subclass skipped: cross-thread window (hwnd=0000000000FD09DC thread=30692)
[2025-11-27T20:46:32.178Z][pid 30692][tid 33260] WARN Status bar theme update skipped: cross-thread window (hwnd=0000000000FD09DC ownerThread=30692)
[2025-11-27T20:46:32.426Z][pid 30692][tid 33260] WARN Status bar subclass skipped: cross-thread window (hwnd=0000000000FD09DC thread=30692)
[2025-11-27T20:46:32.426Z][pid 30692][tid 33260] WARN Status bar theme update skipped: cross-thread window (hwnd=0000000000FD09DC ownerThread=30692)
[2025-11-27T20:46:32.659Z][pid 30692][tid 33260] WARN Status bar subclass skipped: cross-thread window (hwnd=0000000000FD09DC thread=30692)
[2025-11-27T20:46:32.660Z][pid 30692][tid 33260] WARN Status bar theme update skipped: cross-thread window (hwnd=0000000000FD09DC ownerThread=30692)
[2025-11-27T20:46:32.661Z][pid 30692][tid 33260] WARN Status bar subclass skipped: cross-thread window (hwnd=0000000000FD09DC thread=30692)
[2025-11-27T20:46:32.661Z][pid 30692][tid 33260] WARN Status bar theme update skipped: cross-thread window (hwnd=0000000000FD09DC ownerThread=30692)
[2025-11-27T20:46:32.766Z][pid 30692][tid 33260] WARN Status bar subclass skipped: cross-thread window (hwnd=0000000000FD09DC thread=30692)
[2025-11-27T20:46:32.766Z][pid 30692][tid 33260] WARN Status bar theme update skipped: cross-thread window (hwnd=0000000000FD09DC ownerThread=30692)
[2025-11-27T20:46:32.930Z][pid 30692][tid 33260] WARN Status bar subclass skipped: cross-thread window (hwnd=0000000000FD09DC thread=30692)
[2025-11-27T20:46:32.930Z][pid 30692][tid 33260] WARN Status bar theme update skipped: cross-thread window (hwnd=0000000000FD09DC ownerThread=30692)
[2025-11-27T20:46:32.931Z][pid 30692][tid 33260] WARN Status bar subclass skipped: cross-thread window (hwnd=0000000000FD09DC thread=30692)
[2025-11-27T20:46:32.931Z][pid 30692][tid 33260] WARN Status bar theme update skipped: cross-thread window (hwnd=0000000000FD09DC ownerThread=30692)
[2025-11-27T20:46:32.931Z][pid 30692][tid 33260] WARN Status bar subclass skipped: cross-thread window (hwnd=0000000000FD09DC thread=30692)
[2025-11-27T20:46:32.931Z][pid 30692][tid 33260] WARN Status bar theme update skipped: cross-thread window (hwnd=0000000000FD09DC ownerThread=30692)
[2025-11-27T20:46:32.933Z][pid 30692][tid 33260] WARN Status bar subclass skipped: cross-thread window (hwnd=0000000000FD09DC thread=30692)
[2025-11-27T20:46:32.933Z][pid 30692][tid 33260] WARN Status bar theme update skipped: cross-thread window (hwnd=0000000000FD09DC ownerThread=30692)
[2025-11-27T20:46:32.936Z][pid 30692][tid 33260] WARN Status bar subclass skipped: cross-thread window (hwnd=0000000000FD09DC thread=30692)
[2025-11-27T20:46:32.936Z][pid 30692][tid 33260] WARN Status bar theme update skipped: cross-thread window (hwnd=0000000000FD09DC ownerThread=30692)
[2025-11-27T20:46:32.937Z][pid 30692][tid 33260] WARN Status bar subclass skipped: cross-thread window (hwnd=0000000000FD09DC thread=30692)
[2025-11-27T20:46:32.937Z][pid 30692][tid 33260] WARN Status bar theme update skipped: cross-thread window (hwnd=0000000000FD09DC ownerThread=30692)
[2025-11-27T20:46:32.941Z][pid 30692][tid 33260] WARN Status bar subclass skipped: cross-thread window (hwnd=0000000000FD09DC thread=30692)
[2025-11-27T20:46:32.941Z][pid 30692][tid 33260] WARN Status bar theme update skipped: cross-thread window (hwnd=0000000000FD09DC ownerThread=30692)
[2025-11-27T20:46:32.949Z][pid 30692][tid 33260] INFO TabBand::UpdateTabsUI applying 2 items
[2025-11-27T20:46:32.953Z][pid 30692][tid 33260] INFO Tab diff: +1 -1 move=0 update=0 rows=1 incremental=false
[2025-11-27T20:46:32.957Z][pid 30692][tid 33260] INFO Breadcrumb QueryService(IShellBrowser) failed: 0x80004001
[2025-11-27T20:46:32.957Z][pid 30692][tid 33260] INFO Breadcrumb ribbon frame discovered via IShellBrowser (hwnd=00000000014F0A54)
[2025-11-27T20:46:32.957Z][pid 30692][tid 33260] INFO Breadcrumb ribbon frame discovered via IWebBrowser2 (hwnd=00000000014F0A54)
[2025-11-27T20:46:32.957Z][pid 30692][tid 33260] INFO Breadcrumb toolbar located via window enumeration (hwnd=0000000000110472)
[2025-11-27T20:46:32.957Z][pid 30692][tid 33260] INFO Explorer pane creation watch cleared (view=0000000000000000)
[2025-11-27T20:46:32.957Z][pid 30692][tid 33260] WARN Status bar subclass removal skipped: cross-thread window (hwnd=0000000000FD09DC thread=30692)
[2025-11-27T20:46:32.958Z][pid 30692][tid 33260] WARN Status bar reset skipped: cross-thread access (hwnd=0000000000FD09DC ownerThread=30692)
[2025-11-27T20:46:32.958Z][pid 30692][tid 33260] INFO Cleared Open In New Tab pending state
[2025-11-27T20:46:32.958Z][pid 30692][tid 33260] INFO Installed shell view window subclass (view=0000000001332894)
[2025-11-27T20:46:32.958Z][pid 30692][tid 33260] INFO Installed explorer frame subclass (frame=00000000009B25E8)
[2025-11-27T20:46:32.958Z][pid 30692][tid 33260] INFO Cleared Open In New Tab pending state
[2025-11-27T20:46:32.958Z][pid 30692][tid 33260] INFO Explorer view base subclass ready (view=0000000001332894 frame=00000000009B25E8)
[2025-11-27T20:46:32.958Z][pid 30692][tid 33260] VERBOSE DirectUI IUIElement unavailable (hr=0x80004001)
[2025-11-27T20:46:32.958Z][pid 30692][tid 33260] INFO Installed explorer DirectUI host subclass (direct=00000000012D0842)
[2025-11-27T20:46:32.958Z][pid 30692][tid 33260] INFO Installed explorer tree view subclass (tree=00000000038B1610)
[2025-11-27T20:46:32.958Z][pid 30692][tid 33260] INFO Explorer status bar discovered (hwnd=0000000000FD09DC)
[2025-11-27T20:46:32.959Z][pid 30692][tid 33260] WARN Status bar subclass skipped: cross-thread window (hwnd=0000000000FD09DC thread=30692)
[2025-11-27T20:46:32.959Z][pid 30692][tid 33260] WARN Status bar theme update skipped: cross-thread window (hwnd=0000000000FD09DC ownerThread=30692)
[2025-11-27T20:46:32.959Z][pid 30692][tid 33260] INFO Registered glow surface edit (hwnd=0000000000A627A6)
[2025-11-27T20:46:32.959Z][pid 30692][tid 33260] WARN Status bar theme update skipped: cross-thread window (hwnd=0000000000FD09DC ownerThread=30692)
[2025-11-27T20:46:32.959Z][pid 30692][tid 33260] INFO Explorer pane creation watch armed (view=0000000001332894 list=1 tree=0)
[2025-11-27T20:46:32.959Z][pid 30692][tid 33260] INFO Explorer pane fallback timer armed (view=0000000001332894 delay=500)
[2025-11-27T20:46:32.959Z][pid 30692][tid 33260] INFO Explorer panes not ready: list view missing (view=0000000001332894)
[2025-11-27T20:46:32.959Z][pid 30692][tid 33260] INFO Explorer pane retry timer armed (view=0000000001332894 delay=500 attempts=1)
[2025-11-27T20:46:32.960Z][pid 30692][tid 33260] INFO TabBand::UpdateTabsUI applying 2 items
[2025-11-27T20:46:32.960Z][pid 30692][tid 33260] INFO Breadcrumb QueryService(IShellBrowser) failed: 0x80004001
[2025-11-27T20:46:32.960Z][pid 30692][tid 33260] INFO Breadcrumb ribbon frame discovered via IShellBrowser (hwnd=00000000014F0A54)
[2025-11-27T20:46:32.960Z][pid 30692][tid 33260] INFO Breadcrumb ribbon frame discovered via IWebBrowser2 (hwnd=00000000014F0A54)
[2025-11-27T20:46:32.960Z][pid 30692][tid 33260] INFO Breadcrumb toolbar located via window enumeration (hwnd=0000000000110472)
[2025-11-27T20:46:32.961Z][pid 30692][tid 33260] INFO Explorer pane creation watch cleared (view=0000000001332894)
[2025-11-27T20:46:32.961Z][pid 30692][tid 33260] WARN Status bar subclass removal skipped: cross-thread window (hwnd=0000000000FD09DC thread=30692)
[2025-11-27T20:46:32.961Z][pid 30692][tid 33260] WARN Status bar reset skipped: cross-thread access (hwnd=0000000000FD09DC ownerThread=30692)
[2025-11-27T20:46:32.961Z][pid 30692][tid 33260] INFO Cleared Open In New Tab pending state
[2025-11-27T20:46:32.961Z][pid 30692][tid 33260] INFO Installed shell view window subclass (view=0000000001332894)
[2025-11-27T20:46:32.961Z][pid 30692][tid 33260] INFO Installed explorer frame subclass (frame=00000000009B25E8)
[2025-11-27T20:46:32.961Z][pid 30692][tid 33260] INFO Cleared Open In New Tab pending state
[2025-11-27T20:46:32.961Z][pid 30692][tid 33260] INFO Explorer view base subclass ready (view=0000000001332894 frame=00000000009B25E8)
[2025-11-27T20:46:32.961Z][pid 30692][tid 33260] VERBOSE DirectUI IUIElement unavailable (hr=0x80004001)
[2025-11-27T20:46:32.962Z][pid 30692][tid 33260] INFO Installed explorer DirectUI host subclass (direct=00000000012D0842)
[2025-11-27T20:46:32.962Z][pid 30692][tid 33260] INFO Installed explorer tree view subclass (tree=00000000038B1610)
[2025-11-27T20:46:32.962Z][pid 30692][tid 33260] INFO Explorer status bar discovered (hwnd=0000000000FD09DC)
[2025-11-27T20:46:32.962Z][pid 30692][tid 33260] WARN Status bar subclass skipped: cross-thread window (hwnd=0000000000FD09DC thread=30692)
[2025-11-27T20:46:32.962Z][pid 30692][tid 33260] WARN Status bar theme update skipped: cross-thread window (hwnd=0000000000FD09DC ownerThread=30692)
[2025-11-27T20:46:32.963Z][pid 30692][tid 33260] INFO Registered glow surface edit (hwnd=0000000000A627A6)
[2025-11-27T20:46:32.963Z][pid 30692][tid 33260] WARN Status bar theme update skipped: cross-thread window (hwnd=0000000000FD09DC ownerThread=30692)
[2025-11-27T20:46:32.963Z][pid 30692][tid 33260] INFO Explorer pane creation watch armed (view=0000000001332894 list=1 tree=0)
[2025-11-27T20:46:32.963Z][pid 30692][tid 33260] INFO Explorer pane fallback timer armed (view=0000000001332894 delay=500)
[2025-11-27T20:46:32.963Z][pid 30692][tid 33260] INFO Explorer panes not ready: list view missing (view=0000000001332894)
[2025-11-27T20:46:32.963Z][pid 30692][tid 33260] INFO Explorer pane retry timer armed (view=0000000001332894 delay=500 attempts=1)
[2025-11-27T20:46:33.027Z][pid 30692][tid 33260] INFO TabBand::UpdateTabsUI applying 2 items
[2025-11-27T20:46:33.029Z][pid 30692][tid 33260] INFO Breadcrumb QueryService(IShellBrowser) failed: 0x80004001
[2025-11-27T20:46:33.029Z][pid 30692][tid 33260] INFO Breadcrumb ribbon frame discovered via IShellBrowser (hwnd=00000000014F0A54)
[2025-11-27T20:46:33.029Z][pid 30692][tid 33260] INFO Breadcrumb ribbon frame discovered via IWebBrowser2 (hwnd=00000000014F0A54)
[2025-11-27T20:46:33.029Z][pid 30692][tid 33260] INFO Breadcrumb toolbar located via window enumeration (hwnd=0000000000110472)
[2025-11-27T20:46:33.029Z][pid 30692][tid 33260] INFO Explorer pane creation watch cleared (view=0000000001332894)
[2025-11-27T20:46:33.030Z][pid 30692][tid 33260] WARN Status bar subclass removal skipped: cross-thread window (hwnd=0000000000FD09DC thread=30692)
[2025-11-27T20:46:33.030Z][pid 30692][tid 33260] WARN Status bar reset skipped: cross-thread access (hwnd=0000000000FD09DC ownerThread=30692)
[2025-11-27T20:46:33.030Z][pid 30692][tid 33260] INFO Cleared Open In New Tab pending state
[2025-11-27T20:46:33.030Z][pid 30692][tid 33260] INFO Installed shell view window subclass (view=0000000001332894)
[2025-11-27T20:46:33.030Z][pid 30692][tid 33260] INFO Installed explorer frame subclass (frame=00000000009B25E8)
[2025-11-27T20:46:33.030Z][pid 30692][tid 33260] INFO Cleared Open In New Tab pending state
[2025-11-27T20:46:33.030Z][pid 30692][tid 33260] INFO Explorer view base subclass ready (view=0000000001332894 frame=00000000009B25E8)
[2025-11-27T20:46:33.030Z][pid 30692][tid 33260] VERBOSE DirectUI IUIElement unavailable (hr=0x80004001)
[2025-11-27T20:46:33.030Z][pid 30692][tid 33260] INFO Installed explorer DirectUI host subclass (direct=00000000012D0842)
[2025-11-27T20:46:33.030Z][pid 30692][tid 33260] INFO Installed explorer tree view subclass (tree=00000000038B1610)
[2025-11-27T20:46:33.031Z][pid 30692][tid 33260] INFO Explorer status bar discovered (hwnd=0000000000FD09DC)
[2025-11-27T20:46:33.031Z][pid 30692][tid 33260] WARN Status bar subclass skipped: cross-thread window (hwnd=0000000000FD09DC thread=30692)
[2025-11-27T20:46:33.031Z][pid 30692][tid 33260] WARN Status bar theme update skipped: cross-thread window (hwnd=0000000000FD09DC ownerThread=30692)
[2025-11-27T20:46:33.031Z][pid 30692][tid 33260] INFO Registered glow surface edit (hwnd=0000000000A627A6)
[2025-11-27T20:46:33.031Z][pid 30692][tid 33260] WARN Status bar theme update skipped: cross-thread window (hwnd=0000000000FD09DC ownerThread=30692)
[2025-11-27T20:46:33.031Z][pid 30692][tid 33260] INFO Explorer pane creation watch armed (view=0000000001332894 list=1 tree=0)
[2025-11-27T20:46:33.031Z][pid 30692][tid 33260] INFO Explorer pane fallback timer armed (view=0000000001332894 delay=500)
[2025-11-27T20:46:33.031Z][pid 30692][tid 33260] INFO Explorer panes not ready: list view missing (view=0000000001332894)
[2025-11-27T20:46:33.032Z][pid 30692][tid 33260] INFO Explorer pane retry timer armed (view=0000000001332894 delay=500 attempts=1)
[2025-11-27T20:46:33.058Z][pid 30692][tid 33260] INFO Installed explorer list host subclass (host=00000000009B25E8)
[2025-11-27T20:46:33.059Z][pid 30692][tid 33260] INFO Installed explorer list host subclass (host=0000000000362D48)
[2025-11-27T20:46:33.059Z][pid 30692][tid 33260] INFO Installed explorer list host subclass (host=000000000510363E)
[2025-11-27T20:46:33.059Z][pid 30692][tid 33260] INFO Installed explorer list host subclass (host=00000000014F0A54)
[2025-11-27T20:46:33.060Z][pid 30692][tid 33260] INFO Installed explorer list host subclass (host=00000000047C3426)
[2025-11-27T20:46:33.060Z][pid 30692][tid 33260] WARN Status bar subclass skipped: cross-thread window (hwnd=0000000000FD09DC thread=30692)
[2025-11-27T20:46:33.060Z][pid 30692][tid 33260] WARN Status bar theme update skipped: cross-thread window (hwnd=0000000000FD09DC ownerThread=30692)
[2025-11-27T20:46:33.061Z][pid 30692][tid 33260] WARN Status bar subclass skipped: cross-thread window (hwnd=0000000000FD09DC thread=30692)
[2025-11-27T20:46:33.061Z][pid 30692][tid 33260] WARN Status bar theme update skipped: cross-thread window (hwnd=0000000000FD09DC ownerThread=30692)
[2025-11-27T20:46:33.118Z][pid 30692][tid 33260] WARN Status bar subclass skipped: cross-thread window (hwnd=0000000000FD09DC thread=30692)
[2025-11-27T20:46:33.118Z][pid 30692][tid 33260] WARN Status bar theme update skipped: cross-thread window (hwnd=0000000000FD09DC ownerThread=30692)
[2025-11-27T20:46:33.228Z][pid 30692][tid 33260] WARN Status bar subclass skipped: cross-thread window (hwnd=0000000000FD09DC thread=30692)
[2025-11-27T20:46:33.228Z][pid 30692][tid 33260] WARN Status bar theme update skipped: cross-thread window (hwnd=0000000000FD09DC ownerThread=30692)
[2025-11-27T20:46:33.265Z][pid 30692][tid 33260] WARN Status bar subclass skipped: cross-thread window (hwnd=0000000000FD09DC thread=30692)
[2025-11-27T20:46:33.265Z][pid 30692][tid 33260] WARN Status bar theme update skipped: cross-thread window (hwnd=0000000000FD09DC ownerThread=30692)
[2025-11-27T20:46:33.298Z][pid 30692][tid 33260] WARN Status bar subclass skipped: cross-thread window (hwnd=0000000000FD09DC thread=30692)
[2025-11-27T20:46:33.298Z][pid 30692][tid 33260] WARN Status bar theme update skipped: cross-thread window (hwnd=0000000000FD09DC ownerThread=30692)
[2025-11-27T20:46:33.335Z][pid 30692][tid 33260] WARN Status bar subclass skipped: cross-thread window (hwnd=0000000000FD09DC thread=30692)
[2025-11-27T20:46:33.335Z][pid 30692][tid 33260] WARN Status bar theme update skipped: cross-thread window (hwnd=0000000000FD09DC ownerThread=30692)
[2025-11-27T20:46:33.347Z][pid 30692][tid 33260] WARN Status bar subclass skipped: cross-thread window (hwnd=0000000000FD09DC thread=30692)
[2025-11-27T20:46:33.347Z][pid 30692][tid 33260] WARN Status bar theme update skipped: cross-thread window (hwnd=0000000000FD09DC ownerThread=30692)
[2025-11-27T20:46:33.473Z][pid 30692][tid 33260] WARN Status bar subclass skipped: cross-thread window (hwnd=0000000000FD09DC thread=30692)
[2025-11-27T20:46:33.474Z][pid 30692][tid 33260] WARN Status bar theme update skipped: cross-thread window (hwnd=0000000000FD09DC ownerThread=30692)
[2025-11-27T20:46:33.525Z][pid 30692][tid 33260] WARN Status bar theme update skipped: cross-thread window (hwnd=0000000000FD09DC ownerThread=30692)
[2025-11-27T20:46:33.536Z][pid 30692][tid 33260] WARN Status bar subclass skipped: cross-thread window (hwnd=0000000000FD09DC thread=30692)
[2025-11-27T20:46:33.536Z][pid 30692][tid 33260] WARN Status bar theme update skipped: cross-thread window (hwnd=0000000000FD09DC ownerThread=30692)
[2025-11-27T20:46:33.545Z][pid 30692][tid 33260] WARN Status bar subclass skipped: cross-thread window (hwnd=0000000000FD09DC thread=30692)
[2025-11-27T20:46:33.545Z][pid 30692][tid 33260] WARN Status bar theme update skipped: cross-thread window (hwnd=0000000000FD09DC ownerThread=30692)
[2025-11-27T20:46:33.608Z][pid 30692][tid 33260] WARN Status bar subclass skipped: cross-thread window (hwnd=0000000000FD09DC thread=30692)
[2025-11-27T20:46:33.608Z][pid 30692][tid 33260] WARN Status bar theme update skipped: cross-thread window (hwnd=0000000000FD09DC ownerThread=30692)
[2025-11-27T20:46:33.650Z][pid 30692][tid 33260] WARN Status bar subclass skipped: cross-thread window (hwnd=0000000000FD09DC thread=30692)
[2025-11-27T20:46:33.650Z][pid 30692][tid 33260] WARN Status bar theme update skipped: cross-thread window (hwnd=0000000000FD09DC ownerThread=30692)
[2025-11-27T20:46:33.712Z][pid 30692][tid 33260] WARN Status bar subclass skipped: cross-thread window (hwnd=0000000000FD09DC thread=30692)
[2025-11-27T20:46:33.713Z][pid 30692][tid 33260] WARN Status bar theme update skipped: cross-thread window (hwnd=0000000000FD09DC ownerThread=30692)
[2025-11-27T20:46:33.746Z][pid 30692][tid 33260] WARN Status bar subclass skipped: cross-thread window (hwnd=0000000000FD09DC thread=30692)
[2025-11-27T20:46:33.746Z][pid 30692][tid 33260] WARN Status bar theme update skipped: cross-thread window (hwnd=0000000000FD09DC ownerThread=30692)
[2025-11-27T20:46:33.750Z][pid 30692][tid 33260] WARN Status bar subclass skipped: cross-thread window (hwnd=0000000000FD09DC thread=30692)
[2025-11-27T20:46:33.750Z][pid 30692][tid 33260] WARN Status bar theme update skipped: cross-thread window (hwnd=0000000000FD09DC ownerThread=30692)
[2025-11-27T20:46:33.763Z][pid 30692][tid 33260] WARN Status bar subclass skipped: cross-thread window (hwnd=0000000000FD09DC thread=30692)
[2025-11-27T20:46:33.763Z][pid 30692][tid 33260] WARN Status bar theme update skipped: cross-thread window (hwnd=0000000000FD09DC ownerThread=30692)
[2025-11-27T20:46:33.792Z][pid 30692][tid 33260] WARN Status bar subclass skipped: cross-thread window (hwnd=0000000000FD09DC thread=30692)
[2025-11-27T20:46:33.792Z][pid 30692][tid 33260] WARN Status bar theme update skipped: cross-thread window (hwnd=0000000000FD09DC ownerThread=30692)
[2025-11-27T20:46:33.817Z][pid 30692][tid 33260] WARN Status bar subclass skipped: cross-thread window (hwnd=0000000000FD09DC thread=30692)
[2025-11-27T20:46:33.818Z][pid 30692][tid 33260] WARN Status bar theme update skipped: cross-thread window (hwnd=0000000000FD09DC ownerThread=30692)
[2025-11-27T20:46:33.836Z][pid 30692][tid 33260] WARN Status bar subclass skipped: cross-thread window (hwnd=0000000000FD09DC thread=30692)
[2025-11-27T20:46:33.836Z][pid 30692][tid 33260] WARN Status bar theme update skipped: cross-thread window (hwnd=0000000000FD09DC ownerThread=30692)
[2025-11-27T20:46:33.857Z][pid 30692][tid 33260] WARN Status bar subclass skipped: cross-thread window (hwnd=0000000000FD09DC thread=30692)
[2025-11-27T20:46:33.857Z][pid 30692][tid 33260] WARN Status bar theme update skipped: cross-thread window (hwnd=0000000000FD09DC ownerThread=30692)
[2025-11-27T20:46:34.015Z][pid 30692][tid 33260] WARN Status bar subclass skipped: cross-thread window (hwnd=0000000000FD09DC thread=30692)
[2025-11-27T20:46:34.015Z][pid 30692][tid 33260] WARN Status bar theme update skipped: cross-thread window (hwnd=0000000000FD09DC ownerThread=30692)
[2025-11-27T20:46:34.044Z][pid 30692][tid 33260] WARN Status bar subclass skipped: cross-thread window (hwnd=0000000000FD09DC thread=30692)
[2025-11-27T20:46:34.044Z][pid 30692][tid 33260] WARN Status bar theme update skipped: cross-thread window (hwnd=0000000000FD09DC ownerThread=30692)
[2025-11-27T20:46:34.048Z][pid 30692][tid 33260] WARN Status bar subclass skipped: cross-thread window (hwnd=0000000000FD09DC thread=30692)
[2025-11-27T20:46:34.048Z][pid 30692][tid 33260] WARN Status bar theme update skipped: cross-thread window (hwnd=0000000000FD09DC ownerThread=30692)
[2025-11-27T20:46:34.078Z][pid 30692][tid 33260] WARN Status bar subclass skipped: cross-thread window (hwnd=0000000000FD09DC thread=30692)
[2025-11-27T20:46:34.079Z][pid 30692][tid 33260] WARN Status bar theme update skipped: cross-thread window (hwnd=0000000000FD09DC ownerThread=30692)
[2025-11-27T20:46:36.666Z][pid 30692][tid 33260] WARN Status bar subclass skipped: cross-thread window (hwnd=0000000000FD09DC thread=30692)
[2025-11-27T20:46:36.667Z][pid 30692][tid 33260] WARN Status bar theme update skipped: cross-thread window (hwnd=0000000000FD09DC ownerThread=30692)
[2025-11-27T20:46:36.675Z][pid 30692][tid 33260] WARN Status bar subclass skipped: cross-thread window (hwnd=0000000000FD09DC thread=30692)
[2025-11-27T20:46:36.676Z][pid 30692][tid 33260] WARN Status bar theme update skipped: cross-thread window (hwnd=0000000000FD09DC ownerThread=30692)
[2025-11-27T20:46:36.723Z][pid 30692][tid 33260] WARN Status bar subclass skipped: cross-thread window (hwnd=0000000000FD09DC thread=30692)
[2025-11-27T20:46:36.723Z][pid 30692][tid 33260] WARN Status bar theme update skipped: cross-thread window (hwnd=0000000000FD09DC ownerThread=30692)
[2025-11-27T20:46:38.412Z][pid 30692][tid 33260] WARN Status bar subclass skipped: cross-thread window (hwnd=0000000000FD09DC thread=30692)
[2025-11-27T20:46:38.412Z][pid 30692][tid 33260] WARN Status bar theme update skipped: cross-thread window (hwnd=0000000000FD09DC ownerThread=30692)
[2025-11-27T20:46:38.415Z][pid 30692][tid 33260] WARN Status bar subclass skipped: cross-thread window (hwnd=0000000000FD09DC thread=30692)
[2025-11-27T20:46:38.415Z][pid 30692][tid 33260] WARN Status bar theme update skipped: cross-thread window (hwnd=0000000000FD09DC ownerThread=30692)
[2025-11-27T20:46:38.466Z][pid 30692][tid 33260] WARN Status bar subclass skipped: cross-thread window (hwnd=0000000000FD09DC thread=30692)
[2025-11-27T20:46:38.466Z][pid 30692][tid 33260] WARN Status bar theme update skipped: cross-thread window (hwnd=0000000000FD09DC ownerThread=30692)
[2025-11-27T20:47:24.975Z][pid 30692][tid 33260] WARN Status bar subclass skipped: cross-thread window (hwnd=0000000000FD09DC thread=30692)
[2025-11-27T20:47:24.975Z][pid 30692][tid 33260] WARN Status bar theme update skipped: cross-thread window (hwnd=0000000000FD09DC ownerThread=30692)
[2025-11-27T20:47:25.002Z][pid 30692][tid 33260] WARN Status bar subclass skipped: cross-thread window (hwnd=0000000000FD09DC thread=30692)
[2025-11-27T20:47:25.002Z][pid 30692][tid 33260] WARN Status bar theme update skipped: cross-thread window (hwnd=0000000000FD09DC ownerThread=30692)
[2025-11-27T20:47:25.028Z][pid 30692][tid 33260] WARN Status bar subclass skipped: cross-thread window (hwnd=0000000000FD09DC thread=30692)
[2025-11-27T20:47:25.029Z][pid 30692][tid 33260] WARN Status bar theme update skipped: cross-thread window (hwnd=0000000000FD09DC ownerThread=30692)
[2025-11-27T20:47:25.288Z][pid 30692][tid 33260] WARN Status bar subclass skipped: cross-thread window (hwnd=0000000000FD09DC thread=30692)
[2025-11-27T20:47:25.288Z][pid 30692][tid 33260] WARN Status bar theme update skipped: cross-thread window (hwnd=0000000000FD09DC ownerThread=30692)
[2025-11-27T20:47:25.510Z][pid 30692][tid 33260] WARN Status bar subclass skipped: cross-thread window (hwnd=0000000000FD09DC thread=30692)
[2025-11-27T20:47:25.510Z][pid 30692][tid 33260] WARN Status bar theme update skipped: cross-thread window (hwnd=0000000000FD09DC ownerThread=30692)
[2025-11-27T20:54:31.881Z][pid 30692][tid 33260] ERROR ShellTabs access violation [fault 1]: read at 00007FF988662058 (F:\development\steam\emulator_bot\shelltabs\build\bin\Release\ShellTabs.dll+0x62058) targeting 000000001CA64650 on thread 33260
[2025-11-27T20:54:31.881Z][pid 30692][tid 33260] ERROR [fault 1] Exception record: code=0xC0000005 flags=0x00000000 address=00007FF988662058 (F:\development\steam\emulator_bot\shelltabs\build\bin\Release\ShellTabs.dll+0x62058) parameters=2
[2025-11-27T20:54:31.881Z][pid 30692][tid 33260] ERROR [fault 1] Exception parameters: 0x0000000000000000, 0x0000000000000003
[2025-11-27T20:54:31.881Z][pid 30692][tid 33260] ERROR [fault 1] Registers: RIP=00007FF988662058 RSP=0000000005E6EC00 RBP=0000000005E6EC30 RAX=0000000029E36020 RBX=0000000029E36088 RCX=0000000000002000 RDX=000000002A072000
[2025-11-27T20:54:31.881Z][pid 30692][tid 33260] ERROR [fault 1] Registers (cont'd): RSI=0000000000EC2CFE RDI=0000000000000003 R8=0000000000000003 R9=0000000000000000 R10=00000FFF310CD198 R11=FFFFFFFFFFFFFFFF
[2025-11-27T20:54:31.881Z][pid 30692][tid 33260] ERROR [fault 1] Registers (cont'd): R12=000000002A072000 R13=0000000000000003 R14=0000000029C5EBD0 R15=0000000005E6EE18 Flags=0x00010246
[2025-11-27T20:54:32.060Z][pid 30692][tid 33260] ERROR [fault 1] Stack trace (40 frames)
[2025-11-27T20:54:32.066Z][pid 30692][tid 33260] ERROR [fault 1]   #00 00007FF9F29A9B5C C:\Windows\SYSTEM32\ntdll.dll+0x79B5C | RtlDeleteAce+0x3CC
[2025-11-27T20:54:32.066Z][pid 30692][tid 33260] ERROR [fault 1]   #01 00007FF9F2982376 C:\Windows\SYSTEM32\ntdll.dll+0x52376 | RtlRaiseException+0x2A6
[2025-11-27T20:54:32.066Z][pid 30692][tid 33260] ERROR [fault 1]   #02 00007FF9F29D143E C:\Windows\SYSTEM32\ntdll.dll+0xA143E | KiUserExceptionDispatcher+0x2E
[2025-11-27T20:54:32.066Z][pid 30692][tid 33260] ERROR [fault 1]   #03 00007FF988662058 F:\development\steam\emulator_bot\shelltabs\build\bin\Release\ShellTabs.dll+0x62058 | DllUnregisterServer+0x58AD8
[2025-11-27T20:54:32.067Z][pid 30692][tid 33260] ERROR [fault 1]   #04 00007FF988654FB5 F:\development\steam\emulator_bot\shelltabs\build\bin\Release\ShellTabs.dll+0x54FB5 | DllUnregisterServer+0x4BA35
[2025-11-27T20:54:32.067Z][pid 30692][tid 33260] ERROR [fault 1]   #05 00007FF98864E696 F:\development\steam\emulator_bot\shelltabs\build\bin\Release\ShellTabs.dll+0x4E696 | DllUnregisterServer+0x45116
[2025-11-27T20:54:32.067Z][pid 30692][tid 33260] ERROR [fault 1]   #06 00007FF988668DAF F:\development\steam\emulator_bot\shelltabs\build\bin\Release\ShellTabs.dll+0x68DAF | DllUnregisterServer+0x5F82F
[2025-11-27T20:54:32.068Z][pid 30692][tid 33260] ERROR [fault 1]   #07 00007FF9F244EF5C C:\Windows\System32\USER32.dll+0xEF5C | CallWindowProcW+0x60C
[2025-11-27T20:54:32.068Z][pid 30692][tid 33260] ERROR [fault 1]   #08 00007FF9F244E8CC C:\Windows\System32\USER32.dll+0xE8CC | DispatchMessageW+0x6EC
[2025-11-27T20:54:32.068Z][pid 30692][tid 33260] ERROR [fault 1]   #09 00007FF9F24610C3 C:\Windows\System32\USER32.dll+0x210C3 | SendMessageTimeoutW+0x143
[2025-11-27T20:54:32.068Z][pid 30692][tid 33260] ERROR [fault 1]   #10 00007FF9F29D13E4 C:\Windows\SYSTEM32\ntdll.dll+0xA13E4 | KiUserCallbackDispatcher+0x24
[2025-11-27T20:54:32.069Z][pid 30692][tid 33260] ERROR [fault 1]   #11 00007FF9F04E1124 C:\Windows\System32\win32u.dll+0x1124 | NtUserMessageCall+0x14
[2025-11-27T20:54:32.069Z][pid 30692][tid 33260] ERROR [fault 1]   #12 00007FF9F244E0A2 C:\Windows\System32\USER32.dll+0xE0A2 | SendMessageW+0xA12
[2025-11-27T20:54:32.069Z][pid 30692][tid 33260] ERROR [fault 1]   #13 00007FF9F244D814 C:\Windows\System32\USER32.dll+0xD814 | SendMessageW+0x184
[2025-11-27T20:54:32.071Z][pid 30692][tid 33260] ERROR [fault 1]   #14 00007FF9F16698D0 C:\Windows\System32\SHELL32.dll+0x498D0 | PathCleanupSpec+0x8A0
[2025-11-27T20:54:32.071Z][pid 30692][tid 33260] ERROR [fault 1]   #15 00007FF9F244EF5C C:\Windows\System32\USER32.dll+0xEF5C | CallWindowProcW+0x60C
[2025-11-27T20:54:32.071Z][pid 30692][tid 33260] ERROR [fault 1]   #16 00007FF9F244E8CC C:\Windows\System32\USER32.dll+0xE8CC | DispatchMessageW+0x6EC
[2025-11-27T20:54:32.071Z][pid 30692][tid 33260] ERROR [fault 1]   #17 00007FF9F24610C3 C:\Windows\System32\USER32.dll+0x210C3 | SendMessageTimeoutW+0x143
[2025-11-27T20:54:32.071Z][pid 30692][tid 33260] ERROR [fault 1]   #18 00007FF9F29D13E4 C:\Windows\SYSTEM32\ntdll.dll+0xA13E4 | KiUserCallbackDispatcher+0x24
[2025-11-27T20:54:32.071Z][pid 30692][tid 33260] ERROR [fault 1]   #19 00007FF9F04E2BE4 C:\Windows\System32\win32u.dll+0x2BE4 | NtUserRealInternalGetMessage+0x14
[2025-11-27T20:54:32.072Z][pid 30692][tid 33260] ERROR [fault 1]   #20 00007FF9BCFBD559 C:\Windows\system32\DUser.dll+0xD559 | GetMessageExA+0x369
[2025-11-27T20:54:32.072Z][pid 30692][tid 33260] ERROR [fault 1]   #21 00007FF9BCFBD348 C:\Windows\system32\DUser.dll+0xD348 | GetMessageExA+0x158
[2025-11-27T20:54:32.072Z][pid 30692][tid 33260] ERROR [fault 1]   #22 00007FF9F24640D4 C:\Windows\System32\USER32.dll+0x240D4 | GetFocus+0xC4
[2025-11-27T20:54:32.072Z][pid 30692][tid 33260] ERROR [fault 1]   #23 00007FF9F29D13E4 C:\Windows\SYSTEM32\ntdll.dll+0xA13E4 | KiUserCallbackDispatcher+0x24
[2025-11-27T20:54:32.072Z][pid 30692][tid 33260] ERROR [fault 1]   #24 00007FF9F04E1064 C:\Windows\System32\win32u.dll+0x1064 | NtUserPeekMessage+0x14
[2025-11-27T20:54:32.072Z][pid 30692][tid 33260] ERROR [fault 1]   #25 00007FF9F244A333 C:\Windows\System32\USER32.dll+0xA333 | PeekMessageW+0x1E3
[2025-11-27T20:54:32.072Z][pid 30692][tid 33260] ERROR [fault 1]   #26 00007FF9F244A293 C:\Windows\System32\USER32.dll+0xA293 | PeekMessageW+0x143
[2025-11-27T20:54:32.073Z][pid 30692][tid 33260] ERROR [fault 1]   #27 00007FF9C5ACA16C C:\Windows\SYSTEM32\explorerframe.dll+0x1A16C | Ordinal129+0x1A16C
[2025-11-27T20:54:32.073Z][pid 30692][tid 33260] ERROR [fault 1]   #28 00007FF9C5ACA09E C:\Windows\SYSTEM32\explorerframe.dll+0x1A09E | Ordinal129+0x1A09E
[2025-11-27T20:54:32.073Z][pid 30692][tid 33260] ERROR [fault 1]   #29 00007FF9C5AC9FB4 C:\Windows\SYSTEM32\explorerframe.dll+0x19FB4 | Ordinal129+0x19FB4
[2025-11-27T20:54:32.073Z][pid 30692][tid 33260] ERROR [fault 1]   #30 00007FF9C5AC9F52 C:\Windows\SYSTEM32\explorerframe.dll+0x19F52 | Ordinal129+0x19F52
[2025-11-27T20:54:32.073Z][pid 30692][tid 33260] ERROR [fault 1]   #31 00007FF9C5AD5BA2 C:\Windows\SYSTEM32\explorerframe.dll+0x25BA2 | Ordinal129+0x25BA2
[2025-11-27T20:54:32.074Z][pid 30692][tid 33260] ERROR [fault 1]   #32 00007FF9EE155A7C C:\Windows\SYSTEM32\windows.storage.dll+0x135A7C | Ordinal830+0x21AC
[2025-11-27T20:54:32.075Z][pid 30692][tid 33260] ERROR [fault 1]   #33 00007FF9EE1556C1 C:\Windows\SYSTEM32\windows.storage.dll+0x1356C1 | Ordinal830+0x1DF1
[2025-11-27T20:54:32.075Z][pid 30692][tid 33260] ERROR [fault 1]   #34 00007FF9EE1B69D4 C:\Windows\SYSTEM32\windows.storage.dll+0x1969D4 | SHGetFolderPathAndSubDirW+0xC14
[2025-11-27T20:54:32.075Z][pid 30692][tid 33260] ERROR [fault 1]   #35 00007FF9F1F7BD19 C:\Windows\System32\shcore.dll+0x2BD19 | Ordinal172+0x1E9
[2025-11-27T20:54:32.076Z][pid 30692][tid 33260] ERROR [fault 1]   #36 00007FF9F10C7374 C:\Windows\System32\KERNEL32.DLL+0x17374 | BaseThreadInitThunk+0x14
[2025-11-27T20:54:32.077Z][pid 30692][tid 33260] ERROR [fault 1]   #37 00007FF9F297CC91 C:\Windows\SYSTEM32\ntdll.dll+0x4CC91 | RtlUserThreadStart+0x21
[2025-11-27T20:54:32.077Z][pid 30692][tid 33260] WARN [fault 1] Triggering ShellTabs fault mitigation (code=0xC0000005)
[2025-11-27T20:54:32.077Z][pid 30692][tid 33260] ERROR Unhandled exception 0xC0000005 at 00007FF988662058
[2025-11-27T20:54:32.077Z][pid 30692][tid 33260] ERROR [fault 2] Exception record: code=0xC0000005 flags=0x00000000 address=00007FF988662058 (F:\development\steam\emulator_bot\shelltabs\build\bin\Release\ShellTabs.dll+0x62058) parameters=2
[2025-11-27T20:54:32.077Z][pid 30692][tid 33260] ERROR [fault 2] Exception parameters: 0x0000000000000000, 0x0000000000000003
[2025-11-27T20:54:32.077Z][pid 30692][tid 33260] ERROR [fault 2] Registers: RIP=00007FF988662058 RSP=0000000005E6EC00 RBP=0000000005E6EC30 RAX=0000000029E36020 RBX=0000000029E36088 RCX=0000000000002000 RDX=000000002A072000
[2025-11-27T20:54:32.077Z][pid 30692][tid 33260] ERROR [fault 2] Registers (cont'd): RSI=0000000000EC2CFE RDI=0000000000000003 R8=0000000000000003 R9=0000000000000000 R10=00000FFF310CD198 R11=FFFFFFFFFFFFFFFF
[2025-11-27T20:54:32.077Z][pid 30692][tid 33260] ERROR [fault 2] Registers (cont'd): R12=000000002A072000 R13=0000000000000003 R14=0000000029C5EBD0 R15=0000000005E6EE18 Flags=0x00010246
