=== ShellTabs logging started for C:\Windows\Explorer.exe ===
[2025-11-28T16:46:41.219Z][pid 39844][tid 31628] INFO DllMain PROCESS_ATTACH for C:\Windows\Explorer.exe
[2025-11-28T16:46:41.402Z][pid 39844][tid 31628] INFO CompositionIntercept: hooks initialized
[2025-11-28T16:46:41.947Z][pid 39844][tid 31628] INFO ThemeHooks: installed theme detours (including line drawing hooks)
[2025-11-28T16:46:41.948Z][pid 39844][tid 31628] INFO Custom ribbon tab disabled pending regression fix
[2025-11-28T16:46:41.948Z][pid 39844][tid 31628] INFO InitCommonControlsEx succeeded
[2025-11-28T16:46:42.086Z][pid 39844][tid 11304] INFO TabBand constructed (this=0000000002AA2E00)
[2025-11-28T16:46:42.086Z][pid 39844][tid 11304] INFO TabBand::SetSite begin (this=0000000002AA2E00, site=000000000B4C0FB8)
[2025-11-28T16:46:42.086Z][pid 39844][tid 11304] INFO TabBand::DisconnectSite (this=0000000002AA2E00)
[2025-11-28T16:46:42.086Z][pid 39844][tid 11304] INFO TabBand::EnsureSessionStore resolving storage (this=0000000002AA2E00)
[2025-11-28T16:46:42.086Z][pid 39844][tid 11304] INFO TabBand::EnsureSessionStore window token unavailable; deferring initialization
[2025-11-28T16:46:42.087Z][pid 39844][tid 11304] INFO TabBand::SetSite resolved browser interfaces
[2025-11-28T16:46:42.087Z][pid 39844][tid 11304] INFO TabBand::SetSite EnsureWindow
[2025-11-28T16:46:42.087Z][pid 39844][tid 11304] INFO TabBand::EnsureWindow creating band window (this=0000000002AA2E00)
[2025-11-28T16:46:42.088Z][pid 39844][tid 11304] INFO TabBand::EnsureSessionStore resolving storage (this=0000000002AA2E00)
[2025-11-28T16:46:42.095Z][pid 39844][tid 11304] INFO TabBand::ResolveWindowToken adopted crashed session token 98C5B6B4-38E1-43FD-A716-0F78D44AECFD
[2025-11-28T16:46:42.095Z][pid 39844][tid 11304] INFO TabBand::EnsureSessionStore window token 98C5B6B4-38E1-43FD-A716-0F78D44AECFD
[2025-11-28T16:46:42.095Z][pid 39844][tid 11304] INFO TabBand::EnsureSessionStore using storage path C:\Users\ben\AppData\Roaming\ShellTabs\session-98C5B6B4-38E1-43FD-A716-0F78D44AECFD.db
[2025-11-28T16:46:42.096Z][pid 39844][tid 11304] INFO TabBand session crash marker created (post-init)
[2025-11-28T16:46:42.099Z][pid 39844][tid 11304] INFO TabBand::EnsureWindow created window hwnd=00000000010A24C0
[2025-11-28T16:46:42.099Z][pid 39844][tid 11304] INFO TabBand::SetSite EnsureSessionStore
[2025-11-28T16:46:42.099Z][pid 39844][tid 11304] INFO TabBand::SetSite BrowserEvents connected
[2025-11-28T16:46:42.099Z][pid 39844][tid 11304] INFO TabBand::SetSite InitializeTabs
[2025-11-28T16:46:42.100Z][pid 39844][tid 11304] INFO TabBand::InitializeTabs - begin
[2025-11-28T16:46:42.100Z][pid 39844][tid 11304] INFO TabBand::InitializeTabs - end
[2025-11-28T16:46:42.100Z][pid 39844][tid 11304] INFO TabBand::SetSite UpdateTabsUI (initial)
[2025-11-28T16:46:42.100Z][pid 39844][tid 11304] INFO TabBand::UpdateTabsUI applying 1 items
[2025-11-28T16:46:42.100Z][pid 39844][tid 31536] INFO TabBand::RunBackgroundInitialization begin (this=0000000002AA2E00, seq=1)
[2025-11-28T16:46:42.100Z][pid 39844][tid 11304] INFO TabBand::SetSite completed successfully
[2025-11-28T16:46:42.101Z][pid 39844][tid 31536] INFO TabBand session crash marker created
[2025-11-28T16:46:42.101Z][pid 39844][tid 31536] INFO SessionStore restored snapshot from C:\Users\ben\AppData\Roaming\ShellTabs\session-98C5B6B4-38E1-43FD-A716-0F78D44AECFD.db (primary)
[2025-11-28T16:46:42.151Z][pid 39844][tid 11304] INFO CExplorerBHO::SetSite attaching to site=000000000B5E62B8
[2025-11-28T16:46:42.151Z][pid 39844][tid 11304] INFO Cleared Open In New Tab pending state
[2025-11-28T16:46:42.152Z][pid 39844][tid 11304] INFO EnsureBandVisible: invoking ShowBrowserBar for host=0000000000EA2E7E (attempt 1)
[2025-11-28T16:46:42.154Z][pid 39844][tid 11304] INFO EnsureBandVisible: ShowBrowserBar succeeded for host=0000000000EA2E7E on attempt 1
[2025-11-28T16:46:42.155Z][pid 39844][tid 11304] INFO Installed progress gradient subclass on hwnd=0000000000982E46
[2025-11-28T16:46:42.155Z][pid 39844][tid 11304] INFO Installed travel band subclass (band=00000000034128B0 toolbar=0000000005B3017A)
[2025-11-28T16:46:42.155Z][pid 39844][tid 11304] INFO Breadcrumb CBT hook installed for thread 11304
[2025-11-28T16:46:42.155Z][pid 39844][tid 11304] INFO Breadcrumb gradients enabled; locating toolbar (installed=0 background=0 text=1)
[2025-11-28T16:46:42.156Z][pid 39844][tid 11304] INFO Breadcrumb QueryService(IShellBrowser) failed: 0x80004001
[2025-11-28T16:46:42.156Z][pid 39844][tid 11304] INFO Breadcrumb ribbon frame discovered via IShellBrowser (hwnd=0000000000452DC0)
[2025-11-28T16:46:42.156Z][pid 39844][tid 11304] INFO Breadcrumb toolbar located via deep enumeration (hwnd=0000000004EF145A)
[2025-11-28T16:46:42.156Z][pid 39844][tid 11304] INFO Installed breadcrumb gradient subclass on hwnd=0000000004EF145A
[2025-11-28T16:46:42.156Z][pid 39844][tid 11304] INFO Installed progress gradient subclass on hwnd=0000000000982E46
[2025-11-28T16:46:42.157Z][pid 39844][tid 11304] INFO Breadcrumb gradients enabled; locating toolbar (installed=1 background=0 text=1)
[2025-11-28T16:46:42.157Z][pid 39844][tid 11304] INFO Breadcrumb QueryService(IShellBrowser) failed: 0x80004001
[2025-11-28T16:46:42.157Z][pid 39844][tid 11304] INFO Breadcrumb ribbon frame discovered via IShellBrowser (hwnd=0000000000452DC0)
[2025-11-28T16:46:42.157Z][pid 39844][tid 11304] INFO Breadcrumb toolbar located via deep enumeration (hwnd=0000000004EF145A)
[2025-11-28T16:46:42.158Z][pid 39844][tid 11304] INFO Cleared Open In New Tab pending state
[2025-11-28T16:46:42.390Z][pid 39844][tid 11304] INFO TabBand::HandleInitializationResult applying sequence 1
[2025-11-28T16:46:42.391Z][pid 39844][tid 11304] INFO TabBand::RestoreSession loaded 1 groups
[2025-11-28T16:46:42.392Z][pid 39844][tid 11304] INFO TabBand::UpdateTabsUI applying 1 items
[2025-11-28T16:46:42.393Z][pid 39844][tid 11304] INFO Breadcrumb QueryService(IShellBrowser) failed: 0x80004001
[2025-11-28T16:46:42.393Z][pid 39844][tid 11304] INFO Breadcrumb ribbon frame discovered via IShellBrowser (hwnd=0000000000452DC0)
[2025-11-28T16:46:42.393Z][pid 39844][tid 11304] INFO Breadcrumb ribbon frame discovered via IWebBrowser2 (hwnd=0000000000452DC0)
[2025-11-28T16:46:42.393Z][pid 39844][tid 11304] INFO Breadcrumb toolbar located via window enumeration (hwnd=0000000001B00936)
[2025-11-28T16:46:42.393Z][pid 39844][tid 11304] INFO Installed breadcrumb gradient subclass on hwnd=0000000001B00936
[2025-11-28T16:46:42.394Z][pid 39844][tid 11304] INFO Installed progress gradient subclass on hwnd=0000000000982E46
[2025-11-28T16:46:42.394Z][pid 39844][tid 11304] INFO Cleared Open In New Tab pending state
[2025-11-28T16:46:42.446Z][pid 39844][tid 11304] INFO TabBand::UpdateTabsUI applying 1 items
[2025-11-28T16:46:42.447Z][pid 39844][tid 11304] INFO Breadcrumb gradients enabled; locating toolbar (installed=1 background=0 text=1)
[2025-11-28T16:46:42.447Z][pid 39844][tid 11304] INFO Breadcrumb QueryService(IShellBrowser) failed: 0x80004001
[2025-11-28T16:46:42.447Z][pid 39844][tid 11304] INFO Breadcrumb ribbon frame discovered via IShellBrowser (hwnd=0000000000452DC0)
[2025-11-28T16:46:42.448Z][pid 39844][tid 11304] INFO Breadcrumb ribbon frame discovered via IWebBrowser2 (hwnd=0000000000452DC0)
[2025-11-28T16:46:42.448Z][pid 39844][tid 11304] INFO Breadcrumb toolbar located via window enumeration (hwnd=0000000001B00936)
[2025-11-28T16:46:42.449Z][pid 39844][tid 11304] INFO Cleared Open In New Tab pending state
[2025-11-28T16:46:42.449Z][pid 39844][tid 11304] INFO Installed shell view window subclass (view=0000000004CC276E)
[2025-11-28T16:46:42.449Z][pid 39844][tid 11304] INFO Installed explorer frame subclass (frame=0000000000EA2E7E)
[2025-11-28T16:46:42.449Z][pid 39844][tid 11304] INFO Cleared Open In New Tab pending state
[2025-11-28T16:46:42.449Z][pid 39844][tid 11304] INFO Explorer view base subclass ready (view=0000000004CC276E frame=0000000000EA2E7E)
[2025-11-28T16:46:42.449Z][pid 39844][tid 11304] VERBOSE DirectUI IUIElement unavailable (hr=0x80004001)
[2025-11-28T16:46:42.449Z][pid 39844][tid 11304] INFO Installed explorer DirectUI host subclass (direct=000000000165278E)
[2025-11-28T16:46:42.450Z][pid 39844][tid 11304] INFO Explorer pane creation watch armed (view=0000000004CC276E list=1 tree=1)
[2025-11-28T16:46:42.450Z][pid 39844][tid 11304] INFO Explorer pane fallback timer armed (view=0000000004CC276E delay=500)
[2025-11-28T16:46:42.450Z][pid 39844][tid 11304] INFO Explorer panes not ready: list view missing (view=0000000004CC276E)
[2025-11-28T16:46:42.450Z][pid 39844][tid 11304] INFO Explorer panes not ready: tree view missing (view=0000000004CC276E)
[2025-11-28T16:46:42.450Z][pid 39844][tid 11304] INFO Explorer pane retry timer armed (view=0000000004CC276E delay=500 attempts=1)
[2025-11-28T16:46:42.450Z][pid 39844][tid 11304] INFO TabBand::UpdateTabsUI applying 1 items
[2025-11-28T16:46:42.451Z][pid 39844][tid 11304] INFO Breadcrumb QueryService(IShellBrowser) failed: 0x80004001
[2025-11-28T16:46:42.451Z][pid 39844][tid 11304] INFO Breadcrumb ribbon frame discovered via IShellBrowser (hwnd=0000000000452DC0)
[2025-11-28T16:46:42.451Z][pid 39844][tid 11304] INFO Breadcrumb ribbon frame discovered via IWebBrowser2 (hwnd=0000000000452DC0)
[2025-11-28T16:46:42.451Z][pid 39844][tid 11304] INFO Breadcrumb toolbar located via window enumeration (hwnd=0000000001B00936)
[2025-11-28T16:46:42.451Z][pid 39844][tid 11304] INFO Explorer pane creation watch cleared (view=0000000004CC276E)
[2025-11-28T16:46:42.451Z][pid 39844][tid 11304] INFO Cleared Open In New Tab pending state
[2025-11-28T16:46:42.452Z][pid 39844][tid 11304] INFO Installed shell view window subclass (view=0000000004CC276E)
[2025-11-28T16:46:42.452Z][pid 39844][tid 11304] INFO Installed explorer frame subclass (frame=0000000000EA2E7E)
[2025-11-28T16:46:42.452Z][pid 39844][tid 11304] INFO Cleared Open In New Tab pending state
[2025-11-28T16:46:42.452Z][pid 39844][tid 11304] INFO Explorer view base subclass ready (view=0000000004CC276E frame=0000000000EA2E7E)
[2025-11-28T16:46:42.452Z][pid 39844][tid 11304] VERBOSE DirectUI IUIElement unavailable (hr=0x80004001)
[2025-11-28T16:46:42.452Z][pid 39844][tid 11304] INFO Installed explorer DirectUI host subclass (direct=000000000165278E)
[2025-11-28T16:46:42.455Z][pid 39844][tid 11304] INFO Explorer pane creation watch armed (view=0000000004CC276E list=1 tree=1)
[2025-11-28T16:46:42.455Z][pid 39844][tid 11304] INFO Explorer pane fallback timer armed (view=0000000004CC276E delay=500)
[2025-11-28T16:46:42.455Z][pid 39844][tid 11304] INFO Explorer panes not ready: list view missing (view=0000000004CC276E)
[2025-11-28T16:46:42.455Z][pid 39844][tid 11304] INFO Explorer panes not ready: tree view missing (view=0000000004CC276E)
[2025-11-28T16:46:42.455Z][pid 39844][tid 11304] INFO Explorer pane retry timer armed (view=0000000004CC276E delay=500 attempts=1)
[2025-11-28T16:46:42.473Z][pid 39844][tid 11304] INFO TabBand::UpdateTabsUI applying 1 items
[2025-11-28T16:46:42.480Z][pid 39844][tid 11304] INFO TabBand::UpdateTabsUI applying 1 items
[2025-11-28T16:46:42.480Z][pid 39844][tid 11304] INFO Breadcrumb QueryService(IShellBrowser) failed: 0x80004001
[2025-11-28T16:46:42.480Z][pid 39844][tid 11304] INFO Breadcrumb ribbon frame discovered via IShellBrowser (hwnd=0000000000452DC0)
[2025-11-28T16:46:42.481Z][pid 39844][tid 11304] INFO Breadcrumb ribbon frame discovered via IWebBrowser2 (hwnd=0000000000452DC0)
[2025-11-28T16:46:42.481Z][pid 39844][tid 11304] INFO Breadcrumb toolbar located via window enumeration (hwnd=0000000001B00936)
[2025-11-28T16:46:42.481Z][pid 39844][tid 11304] INFO Explorer pane creation watch cleared (view=0000000004CC276E)
[2025-11-28T16:46:42.481Z][pid 39844][tid 11304] INFO Cleared Open In New Tab pending state
[2025-11-28T16:46:42.481Z][pid 39844][tid 11304] INFO Installed shell view window subclass (view=0000000004CC276E)
[2025-11-28T16:46:42.481Z][pid 39844][tid 11304] INFO Installed explorer frame subclass (frame=0000000000EA2E7E)
[2025-11-28T16:46:42.481Z][pid 39844][tid 11304] INFO Cleared Open In New Tab pending state
[2025-11-28T16:46:42.481Z][pid 39844][tid 11304] INFO Explorer view base subclass ready (view=0000000004CC276E frame=0000000000EA2E7E)
[2025-11-28T16:46:42.482Z][pid 39844][tid 11304] VERBOSE DirectUI IUIElement unavailable (hr=0x80004001)
[2025-11-28T16:46:42.482Z][pid 39844][tid 11304] INFO Installed explorer DirectUI host subclass (direct=000000000165278E)
[2025-11-28T16:46:42.482Z][pid 39844][tid 11304] INFO Explorer pane creation watch armed (view=0000000004CC276E list=1 tree=1)
[2025-11-28T16:46:42.482Z][pid 39844][tid 11304] INFO Explorer pane fallback timer armed (view=0000000004CC276E delay=500)
[2025-11-28T16:46:42.482Z][pid 39844][tid 11304] INFO Explorer panes not ready: list view missing (view=0000000004CC276E)
[2025-11-28T16:46:42.483Z][pid 39844][tid 11304] INFO Explorer panes not ready: tree view missing (view=0000000004CC276E)
[2025-11-28T16:46:42.483Z][pid 39844][tid 11304] INFO Explorer pane retry timer armed (view=0000000004CC276E delay=500 attempts=1)
[2025-11-28T16:46:42.506Z][pid 39844][tid 11304] INFO Installed explorer list host subclass (host=0000000000EA2E7E)
[2025-11-28T16:46:42.506Z][pid 39844][tid 11304] INFO Installed explorer list host subclass (host=0000000000E4280A)
[2025-11-28T16:46:42.506Z][pid 39844][tid 11304] INFO Installed explorer list host subclass (host=00000000009D27E0)
[2025-11-28T16:46:42.506Z][pid 39844][tid 11304] INFO Installed explorer list host subclass (host=0000000000452DC0)
[2025-11-28T16:46:42.506Z][pid 39844][tid 11304] INFO Installed explorer list host subclass (host=0000000000BA25C0)
[2025-11-28T16:46:42.532Z][pid 39844][tid 11304] INFO Cleared Open In New Tab pending state
[2025-11-28T16:46:42.534Z][pid 39844][tid 11304] INFO CExplorerBHO::SetSite detaching from site
[2025-11-28T16:46:42.534Z][pid 39844][tid 11304] INFO Breadcrumb CBT hook removed for thread 11304
[2025-11-28T16:46:42.534Z][pid 39844][tid 11304] INFO Explorer pane creation watch cleared (view=0000000000000000)
[2025-11-28T16:46:42.534Z][pid 39844][tid 11304] INFO Cleared Open In New Tab pending state
[2025-11-28T16:46:42.534Z][pid 39844][tid 11304] INFO Cleared Open In New Tab pending state
[2025-11-28T16:46:42.536Z][pid 39844][tid 11304] INFO TabBand::DisconnectSite (this=0000000002AA2E00)
[2025-11-28T16:46:42.537Z][pid 39844][tid 11304] INFO TabBand::SetSite begin (this=0000000002AA2E00, site=0000000000000000)
[2025-11-28T16:46:42.537Z][pid 39844][tid 11304] INFO TabBand::SetSite site unchanged
[2025-11-28T16:46:42.537Z][pid 39844][tid 11304] INFO TabBand destroyed (this=0000000002AA2E00)
[2025-11-28T16:46:42.537Z][pid 39844][tid 11304] INFO TabBand::DisconnectSite (this=0000000002AA2E00)
[2025-11-28T16:46:42.537Z][pid 39844][tid 11304] INFO TabBand::EnsureSessionStore resolving storage (this=0000000002AA2E00)
[2025-11-28T16:46:42.537Z][pid 39844][tid 11304] INFO TabBand::EnsureSessionStore window token unavailable; deferring initialization
[2025-11-28T16:46:47.486Z][pid 39844][tid 11304] INFO TabBand constructed (this=000000000B7F0B60)
[2025-11-28T16:46:47.486Z][pid 39844][tid 11304] INFO TabBand::SetSite begin (this=000000000B7F0B60, site=000000001CBCD638)
[2025-11-28T16:46:47.486Z][pid 39844][tid 11304] INFO TabBand::DisconnectSite (this=000000000B7F0B60)
[2025-11-28T16:46:47.486Z][pid 39844][tid 11304] INFO TabBand::EnsureSessionStore resolving storage (this=000000000B7F0B60)
[2025-11-28T16:46:47.486Z][pid 39844][tid 11304] INFO TabBand::EnsureSessionStore window token unavailable; deferring initialization
[2025-11-28T16:46:47.487Z][pid 39844][tid 11304] INFO TabBand::SetSite resolved browser interfaces
[2025-11-28T16:46:47.487Z][pid 39844][tid 11304] INFO TabBand::SetSite EnsureWindow
[2025-11-28T16:46:47.487Z][pid 39844][tid 11304] INFO TabBand::EnsureWindow creating band window (this=000000000B7F0B60)
[2025-11-28T16:46:47.488Z][pid 39844][tid 11304] INFO TabBand::EnsureSessionStore resolving storage (this=000000000B7F0B60)
[2025-11-28T16:46:47.488Z][pid 39844][tid 11304] INFO TabBand::ResolveWindowToken adopted crashed session token BF77F14B-1EAD-49FC-8FCB-C133D5160180
[2025-11-28T16:46:47.489Z][pid 39844][tid 11304] INFO TabBand::EnsureSessionStore window token BF77F14B-1EAD-49FC-8FCB-C133D5160180
[2025-11-28T16:46:47.489Z][pid 39844][tid 11304] INFO TabBand::EnsureSessionStore using storage path C:\Users\ben\AppData\Roaming\ShellTabs\session-BF77F14B-1EAD-49FC-8FCB-C133D5160180.db
[2025-11-28T16:46:47.489Z][pid 39844][tid 11304] INFO TabBand session crash marker created (post-init)
[2025-11-28T16:46:47.490Z][pid 39844][tid 11304] INFO TabBand::EnsureWindow created window hwnd=0000000000B327A4
[2025-11-28T16:46:47.491Z][pid 39844][tid 11304] INFO TabBand::SetSite EnsureSessionStore
[2025-11-28T16:46:47.491Z][pid 39844][tid 11304] INFO TabBand::SetSite BrowserEvents connected
[2025-11-28T16:46:47.491Z][pid 39844][tid 11304] INFO TabBand::SetSite InitializeTabs
[2025-11-28T16:46:47.491Z][pid 39844][tid 11304] INFO TabBand::InitializeTabs - begin
[2025-11-28T16:46:47.491Z][pid 39844][tid 11304] INFO TabBand::InitializeTabs - end
[2025-11-28T16:46:47.491Z][pid 39844][tid 11304] INFO TabBand::SetSite UpdateTabsUI (initial)
[2025-11-28T16:46:47.491Z][pid 39844][tid 11304] INFO TabBand::UpdateTabsUI applying 1 items
[2025-11-28T16:46:47.491Z][pid 39844][tid 13304] INFO TabBand::RunBackgroundInitialization begin (this=000000000B7F0B60, seq=1)
[2025-11-28T16:46:47.491Z][pid 39844][tid 11304] INFO TabBand::SetSite completed successfully
[2025-11-28T16:46:47.492Z][pid 39844][tid 13304] INFO TabBand session crash marker created
[2025-11-28T16:46:47.492Z][pid 39844][tid 13304] INFO SessionStore restored snapshot from C:\Users\ben\AppData\Roaming\ShellTabs\session-BF77F14B-1EAD-49FC-8FCB-C133D5160180.db (primary)
[2025-11-28T16:46:47.519Z][pid 39844][tid 11304] INFO CExplorerBHO::SetSite attaching to site=000000001C385798
[2025-11-28T16:46:47.519Z][pid 39844][tid 11304] INFO Cleared Open In New Tab pending state
[2025-11-28T16:46:47.519Z][pid 39844][tid 11304] INFO EnsureBandVisible: invoking ShowBrowserBar for host=00000000034328B0 (attempt 1)
[2025-11-28T16:46:47.522Z][pid 39844][tid 11304] INFO EnsureBandVisible: ShowBrowserBar succeeded for host=00000000034328B0 on attempt 1
[2025-11-28T16:46:47.522Z][pid 39844][tid 11304] INFO Installed progress gradient subclass on hwnd=0000000000C30954
[2025-11-28T16:46:47.523Z][pid 39844][tid 11304] INFO Installed travel band subclass (band=0000000003D02D90 toolbar=0000000001CC24EC)
[2025-11-28T16:46:47.523Z][pid 39844][tid 11304] INFO Breadcrumb CBT hook installed for thread 11304
[2025-11-28T16:46:47.523Z][pid 39844][tid 11304] INFO Breadcrumb gradients enabled; locating toolbar (installed=0 background=0 text=1)
[2025-11-28T16:46:47.523Z][pid 39844][tid 11304] INFO Breadcrumb QueryService(IShellBrowser) failed: 0x80004001
[2025-11-28T16:46:47.523Z][pid 39844][tid 11304] INFO Breadcrumb ribbon frame discovered via IShellBrowser (hwnd=0000000004F0145A)
[2025-11-28T16:46:47.523Z][pid 39844][tid 11304] INFO Breadcrumb toolbar located via deep enumeration (hwnd=0000000001EA3672)
[2025-11-28T16:46:47.523Z][pid 39844][tid 11304] INFO Installed breadcrumb gradient subclass on hwnd=0000000001EA3672
[2025-11-28T16:46:47.524Z][pid 39844][tid 11304] INFO Installed progress gradient subclass on hwnd=0000000000C30954
[2025-11-28T16:46:47.524Z][pid 39844][tid 11304] INFO Breadcrumb gradients enabled; locating toolbar (installed=1 background=0 text=1)
[2025-11-28T16:46:47.524Z][pid 39844][tid 11304] INFO Breadcrumb QueryService(IShellBrowser) failed: 0x80004001
[2025-11-28T16:46:47.524Z][pid 39844][tid 11304] INFO Breadcrumb ribbon frame discovered via IShellBrowser (hwnd=0000000004F0145A)
[2025-11-28T16:46:47.524Z][pid 39844][tid 11304] INFO Breadcrumb toolbar located via deep enumeration (hwnd=0000000001EA3672)
[2025-11-28T16:46:47.525Z][pid 39844][tid 11304] INFO Cleared Open In New Tab pending state
[2025-11-28T16:46:47.608Z][pid 39844][tid 11304] INFO TabBand::HandleInitializationResult applying sequence 1
[2025-11-28T16:46:47.608Z][pid 39844][tid 11304] INFO TabBand::RestoreSession loaded 1 groups
[2025-11-28T16:46:47.610Z][pid 39844][tid 11304] INFO TabBand::UpdateTabsUI applying 3 items
[2025-11-28T16:46:47.611Z][pid 39844][tid 11304] INFO Breadcrumb QueryService(IShellBrowser) failed: 0x80004001
[2025-11-28T16:46:47.611Z][pid 39844][tid 11304] INFO Breadcrumb ribbon frame discovered via IShellBrowser (hwnd=0000000004F0145A)
[2025-11-28T16:46:47.611Z][pid 39844][tid 11304] INFO Breadcrumb ribbon frame discovered via IWebBrowser2 (hwnd=0000000004F0145A)
[2025-11-28T16:46:47.611Z][pid 39844][tid 11304] INFO Breadcrumb toolbar located via window enumeration (hwnd=0000000000BB25C0)
[2025-11-28T16:46:47.611Z][pid 39844][tid 11304] INFO Installed breadcrumb gradient subclass on hwnd=0000000000BB25C0
[2025-11-28T16:46:47.611Z][pid 39844][tid 11304] INFO Installed progress gradient subclass on hwnd=0000000000C30954
[2025-11-28T16:46:47.612Z][pid 39844][tid 11304] INFO Cleared Open In New Tab pending state
[2025-11-28T16:46:47.663Z][pid 39844][tid 11304] INFO TabBand::UpdateTabsUI applying 3 items
[2025-11-28T16:46:47.664Z][pid 39844][tid 11304] INFO Breadcrumb gradients enabled; locating toolbar (installed=1 background=0 text=1)
[2025-11-28T16:46:47.664Z][pid 39844][tid 11304] INFO Breadcrumb QueryService(IShellBrowser) failed: 0x80004001
[2025-11-28T16:46:47.664Z][pid 39844][tid 11304] INFO Breadcrumb ribbon frame discovered via IShellBrowser (hwnd=0000000004F0145A)
[2025-11-28T16:46:47.664Z][pid 39844][tid 11304] INFO Breadcrumb ribbon frame discovered via IWebBrowser2 (hwnd=0000000004F0145A)
[2025-11-28T16:46:47.664Z][pid 39844][tid 11304] INFO Breadcrumb toolbar located via window enumeration (hwnd=0000000000BB25C0)
[2025-11-28T16:46:47.664Z][pid 39844][tid 11304] INFO Cleared Open In New Tab pending state
[2025-11-28T16:46:47.664Z][pid 39844][tid 11304] INFO Installed shell view window subclass (view=000000000602252A)
[2025-11-28T16:46:47.664Z][pid 39844][tid 11304] INFO Installed explorer frame subclass (frame=00000000034328B0)
[2025-11-28T16:46:47.665Z][pid 39844][tid 11304] INFO Cleared Open In New Tab pending state
[2025-11-28T16:46:47.665Z][pid 39844][tid 11304] INFO Explorer view base subclass ready (view=000000000602252A frame=00000000034328B0)
[2025-11-28T16:46:47.665Z][pid 39844][tid 11304] VERBOSE DirectUI IUIElement unavailable (hr=0x80004001)
[2025-11-28T16:46:47.665Z][pid 39844][tid 11304] INFO Installed explorer DirectUI host subclass (direct=0000000000AF2542)
[2025-11-28T16:46:47.665Z][pid 39844][tid 11304] INFO Installed explorer tree view subclass (tree=0000000004FD2C72)
[2025-11-28T16:46:47.665Z][pid 39844][tid 11304] INFO Explorer pane creation watch armed (view=000000000602252A list=1 tree=0)
[2025-11-28T16:46:47.665Z][pid 39844][tid 11304] INFO Explorer pane fallback timer armed (view=000000000602252A delay=500)
[2025-11-28T16:46:47.665Z][pid 39844][tid 11304] INFO Explorer panes not ready: list view missing (view=000000000602252A)
[2025-11-28T16:46:47.666Z][pid 39844][tid 11304] INFO Explorer pane retry timer armed (view=000000000602252A delay=500 attempts=1)
[2025-11-28T16:46:47.666Z][pid 39844][tid 11304] INFO TabBand::UpdateTabsUI applying 3 items
[2025-11-28T16:46:47.666Z][pid 39844][tid 11304] INFO Breadcrumb QueryService(IShellBrowser) failed: 0x80004001
[2025-11-28T16:46:47.666Z][pid 39844][tid 11304] INFO Breadcrumb ribbon frame discovered via IShellBrowser (hwnd=0000000004F0145A)
[2025-11-28T16:46:47.666Z][pid 39844][tid 11304] INFO Breadcrumb ribbon frame discovered via IWebBrowser2 (hwnd=0000000004F0145A)
[2025-11-28T16:46:47.666Z][pid 39844][tid 11304] INFO Breadcrumb toolbar located via window enumeration (hwnd=0000000000BB25C0)
[2025-11-28T16:46:47.667Z][pid 39844][tid 11304] INFO Explorer pane creation watch cleared (view=000000000602252A)
[2025-11-28T16:46:47.667Z][pid 39844][tid 11304] INFO Cleared Open In New Tab pending state
[2025-11-28T16:46:47.667Z][pid 39844][tid 11304] INFO Installed shell view window subclass (view=000000000602252A)
[2025-11-28T16:46:47.667Z][pid 39844][tid 11304] INFO Installed explorer frame subclass (frame=00000000034328B0)
[2025-11-28T16:46:47.667Z][pid 39844][tid 11304] INFO Cleared Open In New Tab pending state
[2025-11-28T16:46:47.667Z][pid 39844][tid 11304] INFO Explorer view base subclass ready (view=000000000602252A frame=00000000034328B0)
[2025-11-28T16:46:47.667Z][pid 39844][tid 11304] VERBOSE DirectUI IUIElement unavailable (hr=0x80004001)
[2025-11-28T16:46:47.667Z][pid 39844][tid 11304] INFO Installed explorer DirectUI host subclass (direct=0000000000AF2542)
[2025-11-28T16:46:47.668Z][pid 39844][tid 11304] INFO Installed explorer tree view subclass (tree=0000000004FD2C72)
[2025-11-28T16:46:47.668Z][pid 39844][tid 11304] INFO Explorer pane creation watch armed (view=000000000602252A list=1 tree=0)
[2025-11-28T16:46:47.668Z][pid 39844][tid 11304] INFO Explorer pane fallback timer armed (view=000000000602252A delay=500)
[2025-11-28T16:46:47.668Z][pid 39844][tid 11304] INFO Explorer panes not ready: list view missing (view=000000000602252A)
[2025-11-28T16:46:47.668Z][pid 39844][tid 11304] INFO Explorer pane retry timer armed (view=000000000602252A delay=500 attempts=1)
[2025-11-28T16:46:47.748Z][pid 39844][tid 11304] INFO TabBand::UpdateTabsUI applying 3 items
[2025-11-28T16:46:47.756Z][pid 39844][tid 11304] INFO TabBand::UpdateTabsUI applying 3 items
[2025-11-28T16:46:47.757Z][pid 39844][tid 11304] INFO Breadcrumb QueryService(IShellBrowser) failed: 0x80004001
[2025-11-28T16:46:47.757Z][pid 39844][tid 11304] INFO Breadcrumb ribbon frame discovered via IShellBrowser (hwnd=0000000004F0145A)
[2025-11-28T16:46:47.757Z][pid 39844][tid 11304] INFO Breadcrumb ribbon frame discovered via IWebBrowser2 (hwnd=0000000004F0145A)
[2025-11-28T16:46:47.757Z][pid 39844][tid 11304] INFO Breadcrumb toolbar located via window enumeration (hwnd=0000000000BB25C0)
[2025-11-28T16:46:47.758Z][pid 39844][tid 11304] INFO Explorer pane creation watch cleared (view=000000000602252A)
[2025-11-28T16:46:47.758Z][pid 39844][tid 11304] INFO Cleared Open In New Tab pending state
[2025-11-28T16:46:47.758Z][pid 39844][tid 11304] INFO Installed shell view window subclass (view=000000000602252A)
[2025-11-28T16:46:47.758Z][pid 39844][tid 11304] INFO Installed explorer frame subclass (frame=00000000034328B0)
[2025-11-28T16:46:47.758Z][pid 39844][tid 11304] INFO Cleared Open In New Tab pending state
[2025-11-28T16:46:47.758Z][pid 39844][tid 11304] INFO Explorer view base subclass ready (view=000000000602252A frame=00000000034328B0)
[2025-11-28T16:46:47.758Z][pid 39844][tid 11304] VERBOSE DirectUI IUIElement unavailable (hr=0x80004001)
[2025-11-28T16:46:47.758Z][pid 39844][tid 11304] INFO Installed explorer DirectUI host subclass (direct=0000000000AF2542)
[2025-11-28T16:46:47.758Z][pid 39844][tid 11304] INFO Installed explorer tree view subclass (tree=0000000004FD2C72)
[2025-11-28T16:46:47.759Z][pid 39844][tid 11304] INFO Explorer pane creation watch armed (view=000000000602252A list=1 tree=0)
[2025-11-28T16:46:47.759Z][pid 39844][tid 11304] INFO Explorer pane fallback timer armed (view=000000000602252A delay=500)
[2025-11-28T16:46:47.759Z][pid 39844][tid 11304] INFO Explorer panes not ready: list view missing (view=000000000602252A)
[2025-11-28T16:46:47.759Z][pid 39844][tid 11304] INFO Explorer pane retry timer armed (view=000000000602252A delay=500 attempts=1)
[2025-11-28T16:46:47.785Z][pid 39844][tid 11304] INFO Installed explorer list host subclass (host=00000000034328B0)
[2025-11-28T16:46:47.786Z][pid 39844][tid 11304] INFO Installed explorer list host subclass (host=0000000002E6288A)
[2025-11-28T16:46:47.786Z][pid 39844][tid 11304] INFO Installed explorer list host subclass (host=000000000118286C)
[2025-11-28T16:46:47.786Z][pid 39844][tid 11304] INFO Installed explorer list host subclass (host=0000000004F0145A)
[2025-11-28T16:46:47.786Z][pid 39844][tid 11304] INFO Installed explorer list host subclass (host=000000000120280E)
[2025-11-28T16:46:47.804Z][pid 39844][tid 11304] INFO Explorer pane creation watch armed (view=000000000602252A list=1 tree=1)
[2025-11-28T16:46:47.804Z][pid 39844][tid 11304] INFO Explorer panes not ready: tree view missing (view=000000000602252A)
[2025-11-28T16:46:47.811Z][pid 39844][tid 11304] INFO Cleared Open In New Tab pending state
[2025-11-28T16:46:47.814Z][pid 39844][tid 11304] INFO CExplorerBHO::SetSite detaching from site
[2025-11-28T16:46:47.815Z][pid 39844][tid 11304] INFO Breadcrumb CBT hook removed for thread 11304
[2025-11-28T16:46:47.815Z][pid 39844][tid 11304] INFO Explorer pane creation watch cleared (view=0000000000000000)
[2025-11-28T16:46:47.815Z][pid 39844][tid 11304] INFO Cleared Open In New Tab pending state
[2025-11-28T16:46:47.815Z][pid 39844][tid 11304] INFO Cleared Open In New Tab pending state
[2025-11-28T16:46:47.818Z][pid 39844][tid 11304] INFO TabBand::DisconnectSite (this=000000000B7F0B60)
[2025-11-28T16:46:47.820Z][pid 39844][tid 11304] INFO TabBand::SetSite begin (this=000000000B7F0B60, site=0000000000000000)
[2025-11-28T16:46:47.820Z][pid 39844][tid 11304] INFO TabBand::SetSite site unchanged
[2025-11-28T16:46:47.820Z][pid 39844][tid 11304] INFO TabBand destroyed (this=000000000B7F0B60)
[2025-11-28T16:46:47.820Z][pid 39844][tid 11304] INFO TabBand::DisconnectSite (this=000000000B7F0B60)
[2025-11-28T16:46:47.820Z][pid 39844][tid 11304] INFO TabBand::EnsureSessionStore resolving storage (this=000000000B7F0B60)
[2025-11-28T16:46:47.821Z][pid 39844][tid 11304] INFO TabBand::EnsureSessionStore window token unavailable; deferring initialization
[2025-11-28T16:46:47.899Z][pid 39844][tid 29812] INFO TabBand constructed (this=000000000BA679E0)
[2025-11-28T16:46:47.899Z][pid 39844][tid 29812] INFO TabBand::SetSite begin (this=000000000BA679E0, site=000000001CBCD638)
[2025-11-28T16:46:47.899Z][pid 39844][tid 29812] INFO TabBand::DisconnectSite (this=000000000BA679E0)
[2025-11-28T16:46:47.899Z][pid 39844][tid 29812] INFO TabBand::EnsureSessionStore resolving storage (this=000000000BA679E0)
[2025-11-28T16:46:47.899Z][pid 39844][tid 29812] INFO TabBand::EnsureSessionStore window token unavailable; deferring initialization
[2025-11-28T16:46:47.900Z][pid 39844][tid 29812] INFO TabBand::SetSite resolved browser interfaces
[2025-11-28T16:46:47.900Z][pid 39844][tid 29812] INFO TabBand::SetSite EnsureWindow
[2025-11-28T16:46:47.900Z][pid 39844][tid 29812] INFO TabBand::EnsureWindow creating band window (this=000000000BA679E0)
[2025-11-28T16:46:47.901Z][pid 39844][tid 29812] INFO TabBand::EnsureSessionStore resolving storage (this=000000000BA679E0)
[2025-11-28T16:46:47.901Z][pid 39844][tid 29812] INFO TabBand::ResolveWindowToken adopted crashed session token 7DAF6705-F036-4F50-AA1B-1ACBA6FD79AB
[2025-11-28T16:46:47.901Z][pid 39844][tid 29812] INFO TabBand::EnsureSessionStore window token 7DAF6705-F036-4F50-AA1B-1ACBA6FD79AB
[2025-11-28T16:46:47.901Z][pid 39844][tid 29812] INFO TabBand::EnsureSessionStore using storage path C:\Users\ben\AppData\Roaming\ShellTabs\session-7DAF6705-F036-4F50-AA1B-1ACBA6FD79AB.db
[2025-11-28T16:46:47.901Z][pid 39844][tid 29812] INFO TabBand session crash marker created (post-init)
[2025-11-28T16:46:47.903Z][pid 39844][tid 29812] INFO TabBand::EnsureWindow created window hwnd=000000000121280E
[2025-11-28T16:46:47.903Z][pid 39844][tid 29812] INFO TabBand::SetSite EnsureSessionStore
[2025-11-28T16:46:47.903Z][pid 39844][tid 29812] INFO TabBand::SetSite BrowserEvents connected
[2025-11-28T16:46:47.903Z][pid 39844][tid 29812] INFO TabBand::SetSite InitializeTabs
[2025-11-28T16:46:47.903Z][pid 39844][tid 29812] INFO TabBand::InitializeTabs - begin
[2025-11-28T16:46:47.903Z][pid 39844][tid 29812] INFO TabBand::InitializeTabs - end
[2025-11-28T16:46:47.904Z][pid 39844][tid 29812] INFO TabBand::SetSite UpdateTabsUI (initial)
[2025-11-28T16:46:47.904Z][pid 39844][tid 29812] INFO TabBand::UpdateTabsUI applying 1 items
[2025-11-28T16:46:47.904Z][pid 39844][tid 29812] INFO TabBand::SetSite completed successfully
[2025-11-28T16:46:47.904Z][pid 39844][tid 19376] INFO TabBand::RunBackgroundInitialization begin (this=000000000BA679E0, seq=1)
[2025-11-28T16:46:47.904Z][pid 39844][tid 19376] INFO TabBand session crash marker created
[2025-11-28T16:46:47.905Z][pid 39844][tid 19376] INFO SessionStore restored snapshot from C:\Users\ben\AppData\Roaming\ShellTabs\session-7DAF6705-F036-4F50-AA1B-1ACBA6FD79AB.db (primary)
[2025-11-28T16:46:47.931Z][pid 39844][tid 29812] INFO CExplorerBHO::SetSite attaching to site=000000000B3A0A18
[2025-11-28T16:46:47.931Z][pid 39844][tid 29812] INFO Cleared Open In New Tab pending state
[2025-11-28T16:46:47.931Z][pid 39844][tid 29812] INFO EnsureBandVisible: invoking ShowBrowserBar for host=0000000000CE265E (attempt 1)
[2025-11-28T16:46:47.935Z][pid 39844][tid 29812] INFO EnsureBandVisible: ShowBrowserBar succeeded for host=0000000000CE265E on attempt 1
[2025-11-28T16:46:47.936Z][pid 39844][tid 29812] INFO Installed progress gradient subclass on hwnd=00000000009F27E0
[2025-11-28T16:46:47.937Z][pid 39844][tid 29812] INFO Installed travel band subclass (band=0000000002C127B4 toolbar=00000000010809DC)
[2025-11-28T16:46:47.937Z][pid 39844][tid 29812] INFO Breadcrumb CBT hook installed for thread 29812
[2025-11-28T16:46:47.937Z][pid 39844][tid 29812] INFO Breadcrumb gradients enabled; locating toolbar (installed=0 background=0 text=1)
[2025-11-28T16:46:47.937Z][pid 39844][tid 29812] INFO Breadcrumb QueryService(IShellBrowser) failed: 0x80004001
[2025-11-28T16:46:47.937Z][pid 39844][tid 29812] INFO Breadcrumb ribbon frame discovered via IShellBrowser (hwnd=00000000017B1814)
[2025-11-28T16:46:47.937Z][pid 39844][tid 29812] INFO Breadcrumb toolbar located via deep enumeration (hwnd=00000000084027AC)
[2025-11-28T16:46:47.938Z][pid 39844][tid 29812] INFO Installed breadcrumb gradient subclass on hwnd=00000000084027AC
[2025-11-28T16:46:47.938Z][pid 39844][tid 29812] INFO Installed progress gradient subclass on hwnd=00000000009F27E0
[2025-11-28T16:46:47.938Z][pid 39844][tid 29812] INFO Breadcrumb gradients enabled; locating toolbar (installed=1 background=0 text=1)
[2025-11-28T16:46:47.938Z][pid 39844][tid 29812] INFO Breadcrumb QueryService(IShellBrowser) failed: 0x80004001
[2025-11-28T16:46:47.938Z][pid 39844][tid 29812] INFO Breadcrumb ribbon frame discovered via IShellBrowser (hwnd=00000000017B1814)
[2025-11-28T16:46:47.939Z][pid 39844][tid 29812] INFO Breadcrumb toolbar located via deep enumeration (hwnd=00000000084027AC)
[2025-11-28T16:46:47.939Z][pid 39844][tid 29812] INFO Cleared Open In New Tab pending state
[2025-11-28T16:46:48.024Z][pid 39844][tid 29812] INFO TabBand::HandleInitializationResult applying sequence 1
[2025-11-28T16:46:48.024Z][pid 39844][tid 29812] INFO TabBand::RestoreSession loaded 1 groups
[2025-11-28T16:46:48.025Z][pid 39844][tid 29812] INFO TabBand::UpdateTabsUI applying 2 items
[2025-11-28T16:46:48.026Z][pid 39844][tid 29812] INFO Breadcrumb QueryService(IShellBrowser) failed: 0x80004001
[2025-11-28T16:46:48.026Z][pid 39844][tid 29812] INFO Breadcrumb ribbon frame discovered via IShellBrowser (hwnd=00000000017B1814)
[2025-11-28T16:46:48.026Z][pid 39844][tid 29812] INFO Breadcrumb ribbon frame discovered via IWebBrowser2 (hwnd=00000000017B1814)
[2025-11-28T16:46:48.026Z][pid 39844][tid 29812] INFO Breadcrumb toolbar located via window enumeration (hwnd=0000000003D12D90)
[2025-11-28T16:46:48.026Z][pid 39844][tid 29812] INFO Installed breadcrumb gradient subclass on hwnd=0000000003D12D90
[2025-11-28T16:46:48.027Z][pid 39844][tid 29812] INFO Installed progress gradient subclass on hwnd=00000000009F27E0
[2025-11-28T16:46:48.027Z][pid 39844][tid 29812] INFO Cleared Open In New Tab pending state
[2025-11-28T16:46:48.119Z][pid 39844][tid 29812] INFO TabBand::UpdateTabsUI applying 2 items
[2025-11-28T16:46:48.120Z][pid 39844][tid 29812] INFO Breadcrumb gradients enabled; locating toolbar (installed=1 background=0 text=1)
[2025-11-28T16:46:48.120Z][pid 39844][tid 29812] INFO Breadcrumb QueryService(IShellBrowser) failed: 0x80004001
[2025-11-28T16:46:48.120Z][pid 39844][tid 29812] INFO Breadcrumb ribbon frame discovered via IShellBrowser (hwnd=00000000017B1814)
[2025-11-28T16:46:48.121Z][pid 39844][tid 29812] INFO Breadcrumb ribbon frame discovered via IWebBrowser2 (hwnd=00000000017B1814)
[2025-11-28T16:46:48.121Z][pid 39844][tid 29812] INFO Breadcrumb toolbar located via window enumeration (hwnd=0000000003D12D90)
[2025-11-28T16:46:48.122Z][pid 39844][tid 29812] INFO Cleared Open In New Tab pending state
[2025-11-28T16:46:48.122Z][pid 39844][tid 29812] INFO Installed shell view window subclass (view=0000000002103294)
[2025-11-28T16:46:48.123Z][pid 39844][tid 29812] INFO Installed explorer frame subclass (frame=0000000000CE265E)
[2025-11-28T16:46:48.123Z][pid 39844][tid 29812] INFO Cleared Open In New Tab pending state
[2025-11-28T16:46:48.123Z][pid 39844][tid 29812] INFO Explorer view base subclass ready (view=0000000002103294 frame=0000000000CE265E)
[2025-11-28T16:46:48.123Z][pid 39844][tid 29812] VERBOSE DirectUI IUIElement unavailable (hr=0x80004001)
[2025-11-28T16:46:48.123Z][pid 39844][tid 29812] INFO Installed explorer DirectUI host subclass (direct=00000000014E32B8)
[2025-11-28T16:46:48.123Z][pid 39844][tid 29812] INFO Installed explorer tree view subclass (tree=00000000026224AE)
[2025-11-28T16:46:48.123Z][pid 39844][tid 29812] INFO Explorer pane creation watch armed (view=0000000002103294 list=1 tree=0)
[2025-11-28T16:46:48.124Z][pid 39844][tid 29812] INFO Explorer pane fallback timer armed (view=0000000002103294 delay=500)
[2025-11-28T16:46:48.124Z][pid 39844][tid 29812] INFO Explorer panes not ready: list view missing (view=0000000002103294)
[2025-11-28T16:46:48.124Z][pid 39844][tid 29812] INFO Explorer pane retry timer armed (view=0000000002103294 delay=500 attempts=1)
[2025-11-28T16:46:48.124Z][pid 39844][tid 29812] INFO TabBand::UpdateTabsUI applying 2 items
[2025-11-28T16:46:48.124Z][pid 39844][tid 29812] INFO Breadcrumb QueryService(IShellBrowser) failed: 0x80004001
[2025-11-28T16:46:48.124Z][pid 39844][tid 29812] INFO Breadcrumb ribbon frame discovered via IShellBrowser (hwnd=00000000017B1814)
[2025-11-28T16:46:48.124Z][pid 39844][tid 29812] INFO Breadcrumb ribbon frame discovered via IWebBrowser2 (hwnd=00000000017B1814)
[2025-11-28T16:46:48.125Z][pid 39844][tid 29812] INFO Breadcrumb toolbar located via window enumeration (hwnd=0000000003D12D90)
[2025-11-28T16:46:48.125Z][pid 39844][tid 29812] INFO Explorer pane creation watch cleared (view=0000000002103294)
[2025-11-28T16:46:48.125Z][pid 39844][tid 29812] INFO Cleared Open In New Tab pending state
[2025-11-28T16:46:48.125Z][pid 39844][tid 29812] INFO Installed shell view window subclass (view=0000000002103294)
[2025-11-28T16:46:48.125Z][pid 39844][tid 29812] INFO Installed explorer frame subclass (frame=0000000000CE265E)
[2025-11-28T16:46:48.125Z][pid 39844][tid 29812] INFO Cleared Open In New Tab pending state
[2025-11-28T16:46:48.126Z][pid 39844][tid 29812] INFO Explorer view base subclass ready (view=0000000002103294 frame=0000000000CE265E)
[2025-11-28T16:46:48.126Z][pid 39844][tid 29812] VERBOSE DirectUI IUIElement unavailable (hr=0x80004001)
[2025-11-28T16:46:48.126Z][pid 39844][tid 29812] INFO Installed explorer DirectUI host subclass (direct=00000000014E32B8)
[2025-11-28T16:46:48.126Z][pid 39844][tid 29812] INFO Installed explorer tree view subclass (tree=00000000026224AE)
[2025-11-28T16:46:48.126Z][pid 39844][tid 29812] INFO Explorer pane creation watch armed (view=0000000002103294 list=1 tree=0)
[2025-11-28T16:46:48.126Z][pid 39844][tid 29812] INFO Explorer pane fallback timer armed (view=0000000002103294 delay=500)
[2025-11-28T16:46:48.126Z][pid 39844][tid 29812] INFO Explorer panes not ready: list view missing (view=0000000002103294)
[2025-11-28T16:46:48.126Z][pid 39844][tid 29812] INFO Explorer pane retry timer armed (view=0000000002103294 delay=500 attempts=1)
[2025-11-28T16:46:48.148Z][pid 39844][tid 29812] INFO TabBand::UpdateTabsUI applying 2 items
[2025-11-28T16:46:48.153Z][pid 39844][tid 29812] INFO TabBand::UpdateTabsUI applying 2 items
[2025-11-28T16:46:48.154Z][pid 39844][tid 29812] INFO Breadcrumb QueryService(IShellBrowser) failed: 0x80004001
[2025-11-28T16:46:48.154Z][pid 39844][tid 29812] INFO Breadcrumb ribbon frame discovered via IShellBrowser (hwnd=00000000017B1814)
[2025-11-28T16:46:48.154Z][pid 39844][tid 29812] INFO Breadcrumb ribbon frame discovered via IWebBrowser2 (hwnd=00000000017B1814)
[2025-11-28T16:46:48.154Z][pid 39844][tid 29812] INFO Breadcrumb toolbar located via window enumeration (hwnd=0000000003D12D90)
[2025-11-28T16:46:48.155Z][pid 39844][tid 29812] INFO Explorer pane creation watch cleared (view=0000000002103294)
[2025-11-28T16:46:48.155Z][pid 39844][tid 29812] INFO Cleared Open In New Tab pending state
[2025-11-28T16:46:48.155Z][pid 39844][tid 29812] INFO Installed shell view window subclass (view=0000000002103294)
[2025-11-28T16:46:48.155Z][pid 39844][tid 29812] INFO Installed explorer frame subclass (frame=0000000000CE265E)
[2025-11-28T16:46:48.155Z][pid 39844][tid 29812] INFO Cleared Open In New Tab pending state
[2025-11-28T16:46:48.155Z][pid 39844][tid 29812] INFO Explorer view base subclass ready (view=0000000002103294 frame=0000000000CE265E)
[2025-11-28T16:46:48.155Z][pid 39844][tid 29812] VERBOSE DirectUI IUIElement unavailable (hr=0x80004001)
[2025-11-28T16:46:48.155Z][pid 39844][tid 29812] INFO Installed explorer DirectUI host subclass (direct=00000000014E32B8)
[2025-11-28T16:46:48.156Z][pid 39844][tid 29812] INFO Installed explorer tree view subclass (tree=00000000026224AE)
[2025-11-28T16:46:48.156Z][pid 39844][tid 29812] INFO Explorer pane creation watch armed (view=0000000002103294 list=1 tree=0)
[2025-11-28T16:46:48.156Z][pid 39844][tid 29812] INFO Explorer pane fallback timer armed (view=0000000002103294 delay=500)
[2025-11-28T16:46:48.156Z][pid 39844][tid 29812] INFO Explorer panes not ready: list view missing (view=0000000002103294)
[2025-11-28T16:46:48.156Z][pid 39844][tid 29812] INFO Explorer pane retry timer armed (view=0000000002103294 delay=500 attempts=1)
[2025-11-28T16:46:48.161Z][pid 39844][tid 29812] INFO Installed explorer list host subclass (host=0000000000CE265E)
[2025-11-28T16:46:48.162Z][pid 39844][tid 29812] INFO Installed explorer list host subclass (host=0000000005C8245E)
[2025-11-28T16:46:48.162Z][pid 39844][tid 29812] INFO Installed explorer list host subclass (host=0000000000E42688)
[2025-11-28T16:46:48.162Z][pid 39844][tid 29812] INFO Installed explorer list host subclass (host=00000000017B1814)
[2025-11-28T16:46:48.162Z][pid 39844][tid 29812] INFO Installed explorer list host subclass (host=0000000001B20936)
[2025-11-28T16:46:48.217Z][pid 39844][tid 29812] INFO Explorer pane creation watch armed (view=0000000002103294 list=1 tree=1)
[2025-11-28T16:46:48.217Z][pid 39844][tid 29812] INFO Explorer panes not ready: tree view missing (view=0000000002103294)
[2025-11-28T16:46:48.226Z][pid 39844][tid 29812] INFO Cleared Open In New Tab pending state
[2025-11-28T16:46:48.228Z][pid 39844][tid 29812] INFO CExplorerBHO::SetSite detaching from site
[2025-11-28T16:46:48.228Z][pid 39844][tid 29812] INFO Breadcrumb CBT hook removed for thread 29812
[2025-11-28T16:46:48.229Z][pid 39844][tid 29812] INFO Explorer pane creation watch cleared (view=0000000000000000)
[2025-11-28T16:46:48.230Z][pid 39844][tid 29812] INFO Cleared Open In New Tab pending state
[2025-11-28T16:46:48.230Z][pid 39844][tid 29812] INFO Cleared Open In New Tab pending state
[2025-11-28T16:46:48.236Z][pid 39844][tid 29812] INFO TabBand::DisconnectSite (this=000000000BA679E0)
[2025-11-28T16:46:48.241Z][pid 39844][tid 29812] INFO TabBand::SetSite begin (this=000000000BA679E0, site=0000000000000000)
[2025-11-28T16:46:48.242Z][pid 39844][tid 29812] INFO TabBand::SetSite site unchanged
[2025-11-28T16:46:48.242Z][pid 39844][tid 29812] INFO TabBand destroyed (this=000000000BA679E0)
[2025-11-28T16:46:48.242Z][pid 39844][tid 29812] INFO TabBand::DisconnectSite (this=000000000BA679E0)
[2025-11-28T16:46:48.242Z][pid 39844][tid 29812] INFO TabBand::EnsureSessionStore resolving storage (this=000000000BA679E0)
[2025-11-28T16:46:48.242Z][pid 39844][tid 29812] INFO TabBand::EnsureSessionStore window token unavailable; deferring initialization
[2025-11-28T16:46:48.290Z][pid 39844][tid 11304] INFO TabBand constructed (this=000000000BB44B20)
[2025-11-28T16:46:48.290Z][pid 39844][tid 11304] INFO TabBand::SetSite begin (this=000000000BB44B20, site=000000001CBCD638)
[2025-11-28T16:46:48.291Z][pid 39844][tid 11304] INFO TabBand::DisconnectSite (this=000000000BB44B20)
[2025-11-28T16:46:48.291Z][pid 39844][tid 11304] INFO TabBand::EnsureSessionStore resolving storage (this=000000000BB44B20)
[2025-11-28T16:46:48.291Z][pid 39844][tid 11304] INFO TabBand::EnsureSessionStore window token unavailable; deferring initialization
[2025-11-28T16:46:48.291Z][pid 39844][tid 11304] INFO TabBand::SetSite resolved browser interfaces
[2025-11-28T16:46:48.291Z][pid 39844][tid 11304] INFO TabBand::SetSite EnsureWindow
[2025-11-28T16:46:48.291Z][pid 39844][tid 11304] INFO TabBand::EnsureWindow creating band window (this=000000000BB44B20)
[2025-11-28T16:46:48.294Z][pid 39844][tid 11304] INFO TabBand::EnsureSessionStore resolving storage (this=000000000BB44B20)
[2025-11-28T16:46:48.294Z][pid 39844][tid 11304] INFO TabBand::ResolveWindowToken adopted crashed session token 50218E18-8090-4F81-BA49-1DD1EB445B0E
[2025-11-28T16:46:48.295Z][pid 39844][tid 11304] INFO TabBand::EnsureSessionStore window token 50218E18-8090-4F81-BA49-1DD1EB445B0E
[2025-11-28T16:46:48.295Z][pid 39844][tid 11304] INFO TabBand::EnsureSessionStore using storage path C:\Users\ben\AppData\Roaming\ShellTabs\session-50218E18-8090-4F81-BA49-1DD1EB445B0E.db
[2025-11-28T16:46:48.295Z][pid 39844][tid 11304] INFO TabBand session crash marker created (post-init)
[2025-11-28T16:46:48.299Z][pid 39844][tid 11304] INFO TabBand::EnsureWindow created window hwnd=0000000000902588
[2025-11-28T16:46:48.299Z][pid 39844][tid 11304] INFO TabBand::SetSite EnsureSessionStore
[2025-11-28T16:46:48.299Z][pid 39844][tid 11304] INFO TabBand::SetSite BrowserEvents connected
[2025-11-28T16:46:48.299Z][pid 39844][tid 11304] INFO TabBand::SetSite InitializeTabs
[2025-11-28T16:46:48.299Z][pid 39844][tid 11304] INFO TabBand::InitializeTabs - begin
[2025-11-28T16:46:48.300Z][pid 39844][tid 11304] INFO TabBand::InitializeTabs - end
[2025-11-28T16:46:48.300Z][pid 39844][tid 11304] INFO TabBand::SetSite UpdateTabsUI (initial)
[2025-11-28T16:46:48.300Z][pid 39844][tid 11304] INFO TabBand::UpdateTabsUI applying 1 items
[2025-11-28T16:46:48.300Z][pid 39844][tid 30984] INFO TabBand::RunBackgroundInitialization begin (this=000000000BB44B20, seq=1)
[2025-11-28T16:46:48.300Z][pid 39844][tid 11304] INFO TabBand::SetSite completed successfully
[2025-11-28T16:46:48.300Z][pid 39844][tid 30984] INFO TabBand session crash marker created
[2025-11-28T16:46:48.301Z][pid 39844][tid 30984] INFO SessionStore restored snapshot from C:\Users\ben\AppData\Roaming\ShellTabs\session-50218E18-8090-4F81-BA49-1DD1EB445B0E.db (primary)
[2025-11-28T16:46:48.327Z][pid 39844][tid 11304] INFO CExplorerBHO::SetSite attaching to site=000000000A6EE8D8
[2025-11-28T16:46:48.327Z][pid 39844][tid 11304] INFO Cleared Open In New Tab pending state
[2025-11-28T16:46:48.327Z][pid 39844][tid 11304] INFO EnsureBandVisible: invoking ShowBrowserBar for host=0000000000840832 (attempt 1)
[2025-11-28T16:46:48.330Z][pid 39844][tid 11304] INFO EnsureBandVisible: ShowBrowserBar succeeded for host=0000000000840832 on attempt 1
[2025-11-28T16:46:48.330Z][pid 39844][tid 11304] INFO Installed progress gradient subclass on hwnd=0000000000B425E2
[2025-11-28T16:46:48.330Z][pid 39844][tid 11304] INFO Installed travel band subclass (band=00000000011A286C toolbar=00000000024605AA)
[2025-11-28T16:46:48.331Z][pid 39844][tid 11304] INFO Breadcrumb CBT hook installed for thread 11304
[2025-11-28T16:46:48.331Z][pid 39844][tid 11304] INFO Breadcrumb gradients enabled; locating toolbar (installed=0 background=0 text=1)
[2025-11-28T16:46:48.331Z][pid 39844][tid 11304] INFO Breadcrumb QueryService(IShellBrowser) failed: 0x80004001
[2025-11-28T16:46:48.331Z][pid 39844][tid 11304] INFO Breadcrumb ribbon frame discovered via IShellBrowser (hwnd=0000000000C50954)
[2025-11-28T16:46:48.331Z][pid 39844][tid 11304] INFO Breadcrumb toolbar located via deep enumeration (hwnd=0000000001EA0A46)
[2025-11-28T16:46:48.331Z][pid 39844][tid 11304] INFO Installed breadcrumb gradient subclass on hwnd=0000000001EA0A46
[2025-11-28T16:46:48.331Z][pid 39844][tid 11304] INFO Installed progress gradient subclass on hwnd=0000000000B425E2
[2025-11-28T16:46:48.332Z][pid 39844][tid 11304] INFO Breadcrumb gradients enabled; locating toolbar (installed=1 background=0 text=1)
[2025-11-28T16:46:48.332Z][pid 39844][tid 11304] INFO Breadcrumb QueryService(IShellBrowser) failed: 0x80004001
[2025-11-28T16:46:48.332Z][pid 39844][tid 11304] INFO Breadcrumb ribbon frame discovered via IShellBrowser (hwnd=0000000000C50954)
[2025-11-28T16:46:48.332Z][pid 39844][tid 11304] INFO Breadcrumb toolbar located via deep enumeration (hwnd=0000000001EA0A46)
[2025-11-28T16:46:48.332Z][pid 39844][tid 11304] INFO Cleared Open In New Tab pending state
[2025-11-28T16:46:48.411Z][pid 39844][tid 11304] INFO TabBand::HandleInitializationResult applying sequence 1
[2025-11-28T16:46:48.411Z][pid 39844][tid 11304] INFO TabBand::RestoreSession loaded 1 groups
[2025-11-28T16:46:48.412Z][pid 39844][tid 11304] INFO TabBand::UpdateTabsUI applying 1 items
[2025-11-28T16:46:48.413Z][pid 39844][tid 11304] INFO Breadcrumb QueryService(IShellBrowser) failed: 0x80004001
[2025-11-28T16:46:48.413Z][pid 39844][tid 11304] INFO Breadcrumb ribbon frame discovered via IShellBrowser (hwnd=0000000000C50954)
[2025-11-28T16:46:48.414Z][pid 39844][tid 11304] INFO Breadcrumb ribbon frame discovered via IWebBrowser2 (hwnd=0000000000C50954)
[2025-11-28T16:46:48.414Z][pid 39844][tid 11304] INFO Breadcrumb toolbar located via window enumeration (hwnd=0000000004112682)
[2025-11-28T16:46:48.414Z][pid 39844][tid 11304] INFO Installed breadcrumb gradient subclass on hwnd=0000000004112682
[2025-11-28T16:46:48.414Z][pid 39844][tid 11304] INFO Installed progress gradient subclass on hwnd=0000000000B425E2
[2025-11-28T16:46:48.414Z][pid 39844][tid 11304] INFO Cleared Open In New Tab pending state
[2025-11-28T16:46:48.484Z][pid 39844][tid 11304] INFO TabBand::UpdateTabsUI applying 1 items
[2025-11-28T16:46:48.485Z][pid 39844][tid 11304] INFO Breadcrumb gradients enabled; locating toolbar (installed=1 background=0 text=1)
[2025-11-28T16:46:48.486Z][pid 39844][tid 11304] INFO Breadcrumb QueryService(IShellBrowser) failed: 0x80004001
[2025-11-28T16:46:48.486Z][pid 39844][tid 11304] INFO Breadcrumb ribbon frame discovered via IShellBrowser (hwnd=0000000000C50954)
[2025-11-28T16:46:48.486Z][pid 39844][tid 11304] INFO Breadcrumb ribbon frame discovered via IWebBrowser2 (hwnd=0000000000C50954)
[2025-11-28T16:46:48.486Z][pid 39844][tid 11304] INFO Breadcrumb toolbar located via window enumeration (hwnd=0000000004112682)
[2025-11-28T16:46:48.486Z][pid 39844][tid 11304] INFO Cleared Open In New Tab pending state
[2025-11-28T16:46:48.486Z][pid 39844][tid 11304] INFO Installed shell view window subclass (view=0000000005B7017A)
[2025-11-28T16:46:48.486Z][pid 39844][tid 11304] INFO Installed explorer frame subclass (frame=0000000000840832)
[2025-11-28T16:46:48.486Z][pid 39844][tid 11304] INFO Cleared Open In New Tab pending state
[2025-11-28T16:46:48.487Z][pid 39844][tid 11304] INFO Explorer view base subclass ready (view=0000000005B7017A frame=0000000000840832)
[2025-11-28T16:46:48.487Z][pid 39844][tid 11304] VERBOSE DirectUI IUIElement unavailable (hr=0x80004001)
[2025-11-28T16:46:48.487Z][pid 39844][tid 11304] INFO Installed explorer DirectUI host subclass (direct=00000000009A087E)
[2025-11-28T16:46:48.487Z][pid 39844][tid 11304] INFO Installed explorer tree view subclass (tree=0000000007D406E6)
[2025-11-28T16:46:48.487Z][pid 39844][tid 11304] INFO Explorer pane creation watch armed (view=0000000005B7017A list=1 tree=0)
[2025-11-28T16:46:48.487Z][pid 39844][tid 11304] INFO Explorer pane fallback timer armed (view=0000000005B7017A delay=500)
[2025-11-28T16:46:48.487Z][pid 39844][tid 11304] INFO Explorer panes not ready: list view missing (view=0000000005B7017A)
[2025-11-28T16:46:48.487Z][pid 39844][tid 11304] INFO Explorer pane retry timer armed (view=0000000005B7017A delay=500 attempts=1)
[2025-11-28T16:46:48.488Z][pid 39844][tid 11304] INFO TabBand::UpdateTabsUI applying 1 items
[2025-11-28T16:46:48.488Z][pid 39844][tid 11304] INFO Breadcrumb QueryService(IShellBrowser) failed: 0x80004001
[2025-11-28T16:46:48.488Z][pid 39844][tid 11304] INFO Breadcrumb ribbon frame discovered via IShellBrowser (hwnd=0000000000C50954)
[2025-11-28T16:46:48.488Z][pid 39844][tid 11304] INFO Breadcrumb ribbon frame discovered via IWebBrowser2 (hwnd=0000000000C50954)
[2025-11-28T16:46:48.488Z][pid 39844][tid 11304] INFO Breadcrumb toolbar located via window enumeration (hwnd=0000000004112682)
[2025-11-28T16:46:48.489Z][pid 39844][tid 11304] INFO Explorer pane creation watch cleared (view=0000000005B7017A)
[2025-11-28T16:46:48.489Z][pid 39844][tid 11304] INFO Cleared Open In New Tab pending state
[2025-11-28T16:46:48.489Z][pid 39844][tid 11304] INFO Installed shell view window subclass (view=0000000005B7017A)
[2025-11-28T16:46:48.489Z][pid 39844][tid 11304] INFO Installed explorer frame subclass (frame=0000000000840832)
[2025-11-28T16:46:48.489Z][pid 39844][tid 11304] INFO Cleared Open In New Tab pending state
[2025-11-28T16:46:48.489Z][pid 39844][tid 11304] INFO Explorer view base subclass ready (view=0000000005B7017A frame=0000000000840832)
[2025-11-28T16:46:48.489Z][pid 39844][tid 11304] VERBOSE DirectUI IUIElement unavailable (hr=0x80004001)
[2025-11-28T16:46:48.489Z][pid 39844][tid 11304] INFO Installed explorer DirectUI host subclass (direct=00000000009A087E)
[2025-11-28T16:46:48.489Z][pid 39844][tid 11304] INFO Installed explorer tree view subclass (tree=0000000007D406E6)
[2025-11-28T16:46:48.490Z][pid 39844][tid 11304] INFO Explorer pane creation watch armed (view=0000000005B7017A list=1 tree=0)
[2025-11-28T16:46:48.490Z][pid 39844][tid 11304] INFO Explorer pane fallback timer armed (view=0000000005B7017A delay=500)
[2025-11-28T16:46:48.490Z][pid 39844][tid 11304] INFO Explorer panes not ready: list view missing (view=0000000005B7017A)
[2025-11-28T16:46:48.490Z][pid 39844][tid 11304] INFO Explorer pane retry timer armed (view=0000000005B7017A delay=500 attempts=1)
[2025-11-28T16:46:48.502Z][pid 39844][tid 11304] INFO TabBand::UpdateTabsUI applying 1 items
[2025-11-28T16:46:48.506Z][pid 39844][tid 11304] INFO TabBand::UpdateTabsUI applying 1 items
[2025-11-28T16:46:48.507Z][pid 39844][tid 11304] INFO Breadcrumb QueryService(IShellBrowser) failed: 0x80004001
[2025-11-28T16:46:48.507Z][pid 39844][tid 11304] INFO Breadcrumb ribbon frame discovered via IShellBrowser (hwnd=0000000000C50954)
[2025-11-28T16:46:48.507Z][pid 39844][tid 11304] INFO Breadcrumb ribbon frame discovered via IWebBrowser2 (hwnd=0000000000C50954)
[2025-11-28T16:46:48.507Z][pid 39844][tid 11304] INFO Breadcrumb toolbar located via window enumeration (hwnd=0000000004112682)
[2025-11-28T16:46:48.507Z][pid 39844][tid 11304] INFO Explorer pane creation watch cleared (view=0000000005B7017A)
[2025-11-28T16:46:48.507Z][pid 39844][tid 11304] INFO Cleared Open In New Tab pending state
[2025-11-28T16:46:48.507Z][pid 39844][tid 11304] INFO Installed shell view window subclass (view=0000000005B7017A)
[2025-11-28T16:46:48.507Z][pid 39844][tid 11304] INFO Installed explorer frame subclass (frame=0000000000840832)
[2025-11-28T16:46:48.507Z][pid 39844][tid 11304] INFO Cleared Open In New Tab pending state
[2025-11-28T16:46:48.508Z][pid 39844][tid 11304] INFO Explorer view base subclass ready (view=0000000005B7017A frame=0000000000840832)
[2025-11-28T16:46:48.508Z][pid 39844][tid 11304] VERBOSE DirectUI IUIElement unavailable (hr=0x80004001)
[2025-11-28T16:46:48.508Z][pid 39844][tid 11304] INFO Installed explorer DirectUI host subclass (direct=00000000009A087E)
[2025-11-28T16:46:48.508Z][pid 39844][tid 11304] INFO Installed explorer tree view subclass (tree=0000000007D406E6)
[2025-11-28T16:46:48.509Z][pid 39844][tid 11304] INFO Explorer pane creation watch armed (view=0000000005B7017A list=1 tree=0)
[2025-11-28T16:46:48.509Z][pid 39844][tid 11304] INFO Explorer pane fallback timer armed (view=0000000005B7017A delay=500)
[2025-11-28T16:46:48.509Z][pid 39844][tid 11304] INFO Explorer panes not ready: list view missing (view=0000000005B7017A)
[2025-11-28T16:46:48.509Z][pid 39844][tid 11304] INFO Explorer pane retry timer armed (view=0000000005B7017A delay=500 attempts=1)
[2025-11-28T16:46:48.513Z][pid 39844][tid 11304] INFO Installed explorer list host subclass (host=0000000000840832)
[2025-11-28T16:46:48.513Z][pid 39844][tid 11304] INFO Installed explorer list host subclass (host=00000000084127AC)
[2025-11-28T16:46:48.513Z][pid 39844][tid 11304] INFO Installed explorer list host subclass (host=0000000000482DC0)
[2025-11-28T16:46:48.513Z][pid 39844][tid 11304] INFO Installed explorer list host subclass (host=0000000000C50954)
[2025-11-28T16:46:48.513Z][pid 39844][tid 11304] INFO Installed explorer list host subclass (host=00000000055C2D00)
[2025-11-28T16:46:48.522Z][pid 39844][tid 11304] INFO Explorer pane creation watch armed (view=0000000005B7017A list=1 tree=1)
[2025-11-28T16:46:48.522Z][pid 39844][tid 11304] INFO Explorer panes not ready: tree view missing (view=0000000005B7017A)
[2025-11-28T16:46:48.523Z][pid 39844][tid 11304] INFO Cleared Open In New Tab pending state
[2025-11-28T16:46:48.525Z][pid 39844][tid 11304] INFO CExplorerBHO::SetSite detaching from site
[2025-11-28T16:46:48.525Z][pid 39844][tid 11304] INFO Breadcrumb CBT hook removed for thread 11304
[2025-11-28T16:46:48.525Z][pid 39844][tid 11304] INFO Explorer pane creation watch cleared (view=0000000000000000)
[2025-11-28T16:46:48.525Z][pid 39844][tid 11304] INFO Cleared Open In New Tab pending state
[2025-11-28T16:46:48.525Z][pid 39844][tid 11304] INFO Cleared Open In New Tab pending state
[2025-11-28T16:46:48.527Z][pid 39844][tid 11304] INFO TabBand::DisconnectSite (this=000000000BB44B20)
[2025-11-28T16:46:48.528Z][pid 39844][tid 11304] INFO TabBand::SetSite begin (this=000000000BB44B20, site=0000000000000000)
[2025-11-28T16:46:48.528Z][pid 39844][tid 11304] INFO TabBand::SetSite site unchanged
[2025-11-28T16:46:48.528Z][pid 39844][tid 11304] INFO TabBand destroyed (this=000000000BB44B20)
[2025-11-28T16:46:48.529Z][pid 39844][tid 11304] INFO TabBand::DisconnectSite (this=000000000BB44B20)
[2025-11-28T16:46:48.529Z][pid 39844][tid 11304] INFO TabBand::EnsureSessionStore resolving storage (this=000000000BB44B20)
[2025-11-28T16:46:48.529Z][pid 39844][tid 11304] INFO TabBand::EnsureSessionStore window token unavailable; deferring initialization
[2025-11-28T16:47:03.047Z][pid 39844][tid 29812] INFO TabBand constructed (this=000000000BDBC420)
[2025-11-28T16:47:03.048Z][pid 39844][tid 29812] INFO TabBand::SetSite begin (this=000000000BDBC420, site=000000000B34BD48)
[2025-11-28T16:47:03.048Z][pid 39844][tid 29812] INFO TabBand::DisconnectSite (this=000000000BDBC420)
[2025-11-28T16:47:03.048Z][pid 39844][tid 29812] INFO TabBand::EnsureSessionStore resolving storage (this=000000000BDBC420)
[2025-11-28T16:47:03.048Z][pid 39844][tid 29812] INFO TabBand::EnsureSessionStore window token unavailable; deferring initialization
[2025-11-28T16:47:03.048Z][pid 39844][tid 29812] INFO TabBand::SetSite resolved browser interfaces
[2025-11-28T16:47:03.048Z][pid 39844][tid 29812] INFO TabBand::SetSite EnsureWindow
[2025-11-28T16:47:03.048Z][pid 39844][tid 29812] INFO TabBand::EnsureWindow creating band window (this=000000000BDBC420)
[2025-11-28T16:47:03.051Z][pid 39844][tid 29812] INFO TabBand::EnsureSessionStore resolving storage (this=000000000BDBC420)
[2025-11-28T16:47:03.051Z][pid 39844][tid 29812] INFO TabBand::ResolveWindowToken adopted crashed session token 9CE27DEF-10FA-429B-BB5C-84C59CA98E8B
[2025-11-28T16:47:03.052Z][pid 39844][tid 29812] INFO TabBand::EnsureSessionStore window token 9CE27DEF-10FA-429B-BB5C-84C59CA98E8B
[2025-11-28T16:47:03.052Z][pid 39844][tid 29812] INFO TabBand::EnsureSessionStore using storage path C:\Users\ben\AppData\Roaming\ShellTabs\session-9CE27DEF-10FA-429B-BB5C-84C59CA98E8B.db
[2025-11-28T16:47:03.052Z][pid 39844][tid 29812] INFO TabBand session crash marker created (post-init)
[2025-11-28T16:47:03.053Z][pid 39844][tid 29812] INFO TabBand::EnsureWindow created window hwnd=0000000005002C72
[2025-11-28T16:47:03.053Z][pid 39844][tid 29812] INFO TabBand::SetSite EnsureSessionStore
[2025-11-28T16:47:03.053Z][pid 39844][tid 29812] INFO TabBand::SetSite BrowserEvents connected
[2025-11-28T16:47:03.054Z][pid 39844][tid 29812] INFO TabBand::SetSite InitializeTabs
[2025-11-28T16:47:03.054Z][pid 39844][tid 29812] INFO TabBand::InitializeTabs - begin
[2025-11-28T16:47:03.054Z][pid 39844][tid 29812] INFO TabBand::InitializeTabs - end
[2025-11-28T16:47:03.054Z][pid 39844][tid 29812] INFO TabBand::SetSite UpdateTabsUI (initial)
[2025-11-28T16:47:03.054Z][pid 39844][tid 29812] INFO TabBand::UpdateTabsUI applying 1 items
[2025-11-28T16:47:03.054Z][pid 39844][tid 29812] INFO TabBand::SetSite completed successfully
[2025-11-28T16:47:03.054Z][pid 39844][tid 27428] INFO TabBand::RunBackgroundInitialization begin (this=000000000BDBC420, seq=1)
[2025-11-28T16:47:03.055Z][pid 39844][tid 27428] INFO TabBand session crash marker created
[2025-11-28T16:47:03.055Z][pid 39844][tid 27428] INFO SessionStore restored snapshot from C:\Users\ben\AppData\Roaming\ShellTabs\session-9CE27DEF-10FA-429B-BB5C-84C59CA98E8B.db (primary)
[2025-11-28T16:47:03.081Z][pid 39844][tid 29812] INFO CExplorerBHO::SetSite attaching to site=000000000B78A4A8
[2025-11-28T16:47:03.081Z][pid 39844][tid 29812] INFO Cleared Open In New Tab pending state
[2025-11-28T16:47:03.081Z][pid 39844][tid 29812] INFO EnsureBandVisible: invoking ShowBrowserBar for host=0000000000860832 (attempt 1)
[2025-11-28T16:47:03.084Z][pid 39844][tid 29812] INFO EnsureBandVisible: ShowBrowserBar succeeded for host=0000000000860832 on attempt 1
[2025-11-28T16:47:03.085Z][pid 39844][tid 29812] INFO Installed progress gradient subclass on hwnd=0000000000B22542
[2025-11-28T16:47:03.085Z][pid 39844][tid 29812] INFO Installed travel band subclass (band=00000000009C28A4 toolbar=000000000605252A)
[2025-11-28T16:47:03.085Z][pid 39844][tid 29812] INFO Breadcrumb CBT hook installed for thread 29812
[2025-11-28T16:47:03.085Z][pid 39844][tid 29812] INFO Breadcrumb gradients enabled; locating toolbar (installed=0 background=0 text=1)
[2025-11-28T16:47:03.086Z][pid 39844][tid 29812] INFO Breadcrumb QueryService(IShellBrowser) failed: 0x80004001
[2025-11-28T16:47:03.086Z][pid 39844][tid 29812] INFO Breadcrumb ribbon frame discovered via IShellBrowser (hwnd=0000000000B525E2)
[2025-11-28T16:47:03.086Z][pid 39844][tid 29812] INFO Breadcrumb toolbar located via deep enumeration (hwnd=0000000005CA245E)
[2025-11-28T16:47:03.086Z][pid 39844][tid 29812] INFO Installed breadcrumb gradient subclass on hwnd=0000000005CA245E
[2025-11-28T16:47:03.086Z][pid 39844][tid 29812] INFO Installed progress gradient subclass on hwnd=0000000000B22542
[2025-11-28T16:47:03.086Z][pid 39844][tid 29812] INFO Breadcrumb gradients enabled; locating toolbar (installed=1 background=0 text=1)
[2025-11-28T16:47:03.087Z][pid 39844][tid 29812] INFO Breadcrumb QueryService(IShellBrowser) failed: 0x80004001
[2025-11-28T16:47:03.087Z][pid 39844][tid 29812] INFO Breadcrumb ribbon frame discovered via IShellBrowser (hwnd=0000000000B525E2)
[2025-11-28T16:47:03.087Z][pid 39844][tid 29812] INFO Breadcrumb toolbar located via deep enumeration (hwnd=0000000005CA245E)
[2025-11-28T16:47:03.087Z][pid 39844][tid 29812] INFO Cleared Open In New Tab pending state
[2025-11-28T16:47:03.216Z][pid 39844][tid 29812] INFO TabBand::HandleInitializationResult applying sequence 1
[2025-11-28T16:47:03.216Z][pid 39844][tid 29812] INFO TabBand::RestoreSession loaded 1 groups
[2025-11-28T16:47:03.217Z][pid 39844][tid 29812] INFO TabBand::UpdateTabsUI applying 1 items
[2025-11-28T16:47:03.219Z][pid 39844][tid 29812] INFO Breadcrumb QueryService(IShellBrowser) failed: 0x80004001
[2025-11-28T16:47:03.219Z][pid 39844][tid 29812] INFO Breadcrumb ribbon frame discovered via IShellBrowser (hwnd=0000000000B525E2)
[2025-11-28T16:47:03.219Z][pid 39844][tid 29812] INFO Breadcrumb ribbon frame discovered via IWebBrowser2 (hwnd=0000000000B525E2)
[2025-11-28T16:47:03.220Z][pid 39844][tid 29812] INFO Breadcrumb toolbar located via window enumeration (hwnd=00000000015E1FFA)
[2025-11-28T16:47:03.220Z][pid 39844][tid 29812] INFO Installed breadcrumb gradient subclass on hwnd=00000000015E1FFA
[2025-11-28T16:47:03.220Z][pid 39844][tid 29812] INFO Installed progress gradient subclass on hwnd=0000000000B22542
[2025-11-28T16:47:03.220Z][pid 39844][tid 29812] INFO Cleared Open In New Tab pending state
[2025-11-28T16:47:03.309Z][pid 39844][tid 29812] INFO TabBand::UpdateTabsUI applying 1 items
[2025-11-28T16:47:03.310Z][pid 39844][tid 29812] INFO Breadcrumb gradients enabled; locating toolbar (installed=1 background=0 text=1)
[2025-11-28T16:47:03.310Z][pid 39844][tid 29812] INFO Breadcrumb QueryService(IShellBrowser) failed: 0x80004001
[2025-11-28T16:47:03.310Z][pid 39844][tid 29812] INFO Breadcrumb ribbon frame discovered via IShellBrowser (hwnd=0000000000B525E2)
[2025-11-28T16:47:03.310Z][pid 39844][tid 29812] INFO Breadcrumb ribbon frame discovered via IWebBrowser2 (hwnd=0000000000B525E2)
[2025-11-28T16:47:03.311Z][pid 39844][tid 29812] INFO Breadcrumb toolbar located via window enumeration (hwnd=00000000015E1FFA)
[2025-11-28T16:47:03.311Z][pid 39844][tid 29812] INFO Cleared Open In New Tab pending state
[2025-11-28T16:47:03.311Z][pid 39844][tid 29812] INFO Installed shell view window subclass (view=0000000001750056)
[2025-11-28T16:47:03.311Z][pid 39844][tid 29812] INFO Installed explorer frame subclass (frame=0000000000860832)
[2025-11-28T16:47:03.311Z][pid 39844][tid 29812] INFO Cleared Open In New Tab pending state
[2025-11-28T16:47:03.311Z][pid 39844][tid 29812] INFO Explorer view base subclass ready (view=0000000001750056 frame=0000000000860832)
[2025-11-28T16:47:03.311Z][pid 39844][tid 29812] VERBOSE DirectUI IUIElement unavailable (hr=0x80004001)
[2025-11-28T16:47:03.311Z][pid 39844][tid 29812] INFO Installed explorer DirectUI host subclass (direct=00000000018E32D0)
[2025-11-28T16:47:03.312Z][pid 39844][tid 29812] INFO Installed explorer tree view subclass (tree=0000000002C327B4)
[2025-11-28T16:47:03.312Z][pid 39844][tid 29812] INFO Explorer pane creation watch armed (view=0000000001750056 list=1 tree=0)
[2025-11-28T16:47:03.312Z][pid 39844][tid 29812] INFO Explorer pane fallback timer armed (view=0000000001750056 delay=500)
[2025-11-28T16:47:03.312Z][pid 39844][tid 29812] INFO Explorer panes not ready: list view missing (view=0000000001750056)
[2025-11-28T16:47:03.312Z][pid 39844][tid 29812] INFO Explorer pane retry timer armed (view=0000000001750056 delay=500 attempts=1)
[2025-11-28T16:47:03.312Z][pid 39844][tid 29812] INFO TabBand::UpdateTabsUI applying 1 items
[2025-11-28T16:47:03.313Z][pid 39844][tid 29812] INFO Breadcrumb QueryService(IShellBrowser) failed: 0x80004001
[2025-11-28T16:47:03.313Z][pid 39844][tid 29812] INFO Breadcrumb ribbon frame discovered via IShellBrowser (hwnd=0000000000B525E2)
[2025-11-28T16:47:03.313Z][pid 39844][tid 29812] INFO Breadcrumb ribbon frame discovered via IWebBrowser2 (hwnd=0000000000B525E2)
[2025-11-28T16:47:03.313Z][pid 39844][tid 29812] INFO Breadcrumb toolbar located via window enumeration (hwnd=00000000015E1FFA)
[2025-11-28T16:47:03.313Z][pid 39844][tid 29812] INFO Explorer pane creation watch cleared (view=0000000001750056)
[2025-11-28T16:47:03.313Z][pid 39844][tid 29812] INFO Cleared Open In New Tab pending state
[2025-11-28T16:47:03.314Z][pid 39844][tid 29812] INFO Installed shell view window subclass (view=0000000001750056)
[2025-11-28T16:47:03.314Z][pid 39844][tid 29812] INFO Installed explorer frame subclass (frame=0000000000860832)
[2025-11-28T16:47:03.314Z][pid 39844][tid 29812] INFO Cleared Open In New Tab pending state
[2025-11-28T16:47:03.314Z][pid 39844][tid 29812] INFO Explorer view base subclass ready (view=0000000001750056 frame=0000000000860832)
[2025-11-28T16:47:03.314Z][pid 39844][tid 29812] VERBOSE DirectUI IUIElement unavailable (hr=0x80004001)
[2025-11-28T16:47:03.314Z][pid 39844][tid 29812] INFO Installed explorer DirectUI host subclass (direct=00000000018E32D0)
[2025-11-28T16:47:03.316Z][pid 39844][tid 29812] INFO Installed explorer tree view subclass (tree=0000000002C327B4)
[2025-11-28T16:47:03.320Z][pid 39844][tid 29812] INFO Explorer pane creation watch armed (view=0000000001750056 list=1 tree=0)
[2025-11-28T16:47:03.320Z][pid 39844][tid 29812] INFO Explorer pane fallback timer armed (view=0000000001750056 delay=500)
[2025-11-28T16:47:03.320Z][pid 39844][tid 29812] INFO Explorer panes not ready: list view missing (view=0000000001750056)
[2025-11-28T16:47:03.320Z][pid 39844][tid 29812] INFO Explorer pane retry timer armed (view=0000000001750056 delay=500 attempts=1)
[2025-11-28T16:47:03.345Z][pid 39844][tid 29812] INFO TabBand::UpdateTabsUI applying 1 items
[2025-11-28T16:47:03.358Z][pid 39844][tid 29812] INFO TabBand::UpdateTabsUI applying 1 items
[2025-11-28T16:47:03.359Z][pid 39844][tid 29812] INFO Breadcrumb QueryService(IShellBrowser) failed: 0x80004001
[2025-11-28T16:47:03.359Z][pid 39844][tid 29812] INFO Breadcrumb ribbon frame discovered via IShellBrowser (hwnd=0000000000B525E2)
[2025-11-28T16:47:03.360Z][pid 39844][tid 29812] INFO Breadcrumb ribbon frame discovered via IWebBrowser2 (hwnd=0000000000B525E2)
[2025-11-28T16:47:03.361Z][pid 39844][tid 29812] INFO Breadcrumb toolbar located via window enumeration (hwnd=00000000015E1FFA)
[2025-11-28T16:47:03.362Z][pid 39844][tid 29812] INFO Explorer pane creation watch cleared (view=0000000001750056)
[2025-11-28T16:47:03.362Z][pid 39844][tid 29812] INFO Cleared Open In New Tab pending state
[2025-11-28T16:47:03.362Z][pid 39844][tid 29812] INFO Installed shell view window subclass (view=0000000001750056)
[2025-11-28T16:47:03.363Z][pid 39844][tid 29812] INFO Installed explorer frame subclass (frame=0000000000860832)
[2025-11-28T16:47:03.363Z][pid 39844][tid 29812] INFO Cleared Open In New Tab pending state
[2025-11-28T16:47:03.363Z][pid 39844][tid 29812] INFO Explorer view base subclass ready (view=0000000001750056 frame=0000000000860832)
[2025-11-28T16:47:03.363Z][pid 39844][tid 29812] VERBOSE DirectUI IUIElement unavailable (hr=0x80004001)
[2025-11-28T16:47:03.363Z][pid 39844][tid 29812] INFO Installed explorer DirectUI host subclass (direct=00000000018E32D0)
[2025-11-28T16:47:03.364Z][pid 39844][tid 29812] INFO Installed explorer tree view subclass (tree=0000000002C327B4)
[2025-11-28T16:47:03.366Z][pid 39844][tid 29812] INFO Explorer pane creation watch armed (view=0000000001750056 list=1 tree=0)
[2025-11-28T16:47:03.367Z][pid 39844][tid 29812] INFO Explorer pane fallback timer armed (view=0000000001750056 delay=500)
[2025-11-28T16:47:03.367Z][pid 39844][tid 29812] INFO Explorer panes not ready: list view missing (view=0000000001750056)
[2025-11-28T16:47:03.367Z][pid 39844][tid 29812] INFO Explorer pane retry timer armed (view=0000000001750056 delay=500 attempts=1)
[2025-11-28T16:47:03.377Z][pid 39844][tid 29812] INFO Installed explorer list host subclass (host=0000000000860832)
[2025-11-28T16:47:03.377Z][pid 39844][tid 29812] INFO Installed explorer list host subclass (host=000000000169278E)
[2025-11-28T16:47:03.378Z][pid 39844][tid 29812] INFO Installed explorer list host subclass (host=00000000008E002C)
[2025-11-28T16:47:03.378Z][pid 39844][tid 29812] INFO Installed explorer list host subclass (host=0000000000B525E2)
[2025-11-28T16:47:03.378Z][pid 39844][tid 29812] INFO Installed explorer list host subclass (host=000000000050247E)
[2025-11-28T16:47:03.414Z][pid 39844][tid 29812] INFO Explorer pane creation watch armed (view=0000000001750056 list=1 tree=1)
[2025-11-28T16:47:03.414Z][pid 39844][tid 29812] INFO Explorer panes not ready: tree view missing (view=0000000001750056)
[2025-11-28T16:47:03.416Z][pid 39844][tid 29812] INFO Cleared Open In New Tab pending state
[2025-11-28T16:47:03.417Z][pid 39844][tid 29812] INFO CExplorerBHO::SetSite detaching from site
[2025-11-28T16:47:03.417Z][pid 39844][tid 29812] INFO Breadcrumb CBT hook removed for thread 29812
[2025-11-28T16:47:03.417Z][pid 39844][tid 29812] INFO Explorer pane creation watch cleared (view=0000000000000000)
[2025-11-28T16:47:03.417Z][pid 39844][tid 29812] INFO Cleared Open In New Tab pending state
[2025-11-28T16:47:03.417Z][pid 39844][tid 29812] INFO Cleared Open In New Tab pending state
[2025-11-28T16:47:03.434Z][pid 39844][tid 29812] INFO TabBand::DisconnectSite (this=000000000BDBC420)
[2025-11-28T16:47:03.440Z][pid 39844][tid 29812] INFO TabBand::SetSite begin (this=000000000BDBC420, site=0000000000000000)
[2025-11-28T16:47:03.440Z][pid 39844][tid 29812] INFO TabBand::SetSite site unchanged
[2025-11-28T16:47:03.441Z][pid 39844][tid 29812] INFO TabBand destroyed (this=000000000BDBC420)
[2025-11-28T16:47:03.441Z][pid 39844][tid 29812] INFO TabBand::DisconnectSite (this=000000000BDBC420)
[2025-11-28T16:47:03.441Z][pid 39844][tid 29812] INFO TabBand::EnsureSessionStore resolving storage (this=000000000BDBC420)
[2025-11-28T16:47:03.441Z][pid 39844][tid 29812] INFO TabBand::EnsureSessionStore window token unavailable; deferring initialization
[2025-11-28T16:47:03.447Z][pid 39844][tid 11304] INFO TabBand constructed (this=000000000BB32FD0)
[2025-11-28T16:47:03.447Z][pid 39844][tid 11304] INFO TabBand::SetSite begin (this=000000000BB32FD0, site=000000000B34AFA8)
[2025-11-28T16:47:03.448Z][pid 39844][tid 11304] INFO TabBand::DisconnectSite (this=000000000BB32FD0)
[2025-11-28T16:47:03.448Z][pid 39844][tid 11304] INFO TabBand::EnsureSessionStore resolving storage (this=000000000BB32FD0)
[2025-11-28T16:47:03.448Z][pid 39844][tid 11304] INFO TabBand::EnsureSessionStore window token unavailable; deferring initialization
[2025-11-28T16:47:03.448Z][pid 39844][tid 11304] INFO TabBand::SetSite resolved browser interfaces
[2025-11-28T16:47:03.448Z][pid 39844][tid 11304] INFO TabBand::SetSite EnsureWindow
[2025-11-28T16:47:03.448Z][pid 39844][tid 11304] INFO TabBand::EnsureWindow creating band window (this=000000000BB32FD0)
[2025-11-28T16:47:03.450Z][pid 39844][tid 11304] INFO TabBand::EnsureSessionStore resolving storage (this=000000000BB32FD0)
[2025-11-28T16:47:03.450Z][pid 39844][tid 11304] INFO TabBand::ResolveWindowToken adopted crashed session token 7C3852FE-E1E9-4191-9D9D-17AC998186A1
[2025-11-28T16:47:03.451Z][pid 39844][tid 11304] INFO TabBand::EnsureSessionStore window token 7C3852FE-E1E9-4191-9D9D-17AC998186A1
[2025-11-28T16:47:03.451Z][pid 39844][tid 11304] INFO TabBand::EnsureSessionStore using storage path C:\Users\ben\AppData\Roaming\ShellTabs\session-7C3852FE-E1E9-4191-9D9D-17AC998186A1.db
[2025-11-28T16:47:03.451Z][pid 39844][tid 11304] INFO TabBand session crash marker created (post-init)
[2025-11-28T16:47:03.454Z][pid 39844][tid 11304] INFO TabBand::EnsureWindow created window hwnd=0000000005CB245E
[2025-11-28T16:47:03.454Z][pid 39844][tid 11304] INFO TabBand::SetSite EnsureSessionStore
[2025-11-28T16:47:03.454Z][pid 39844][tid 11304] INFO TabBand::SetSite BrowserEvents connected
[2025-11-28T16:47:03.454Z][pid 39844][tid 11304] INFO TabBand::SetSite InitializeTabs
[2025-11-28T16:47:03.454Z][pid 39844][tid 11304] INFO TabBand::InitializeTabs - begin
[2025-11-28T16:47:03.454Z][pid 39844][tid 11304] INFO TabBand::InitializeTabs - end
[2025-11-28T16:47:03.455Z][pid 39844][tid 11304] INFO TabBand::SetSite UpdateTabsUI (initial)
[2025-11-28T16:47:03.455Z][pid 39844][tid 11304] INFO TabBand::UpdateTabsUI applying 1 items
[2025-11-28T16:47:03.455Z][pid 39844][tid 39816] INFO TabBand::RunBackgroundInitialization begin (this=000000000BB32FD0, seq=1)
[2025-11-28T16:47:03.455Z][pid 39844][tid 11304] INFO TabBand::SetSite completed successfully
[2025-11-28T16:47:03.455Z][pid 39844][tid 39816] INFO TabBand session crash marker created
[2025-11-28T16:47:03.456Z][pid 39844][tid 39816] INFO SessionStore restored snapshot from C:\Users\ben\AppData\Roaming\ShellTabs\session-7C3852FE-E1E9-4191-9D9D-17AC998186A1.db (primary)
[2025-11-28T16:47:03.471Z][pid 39844][tid 11304] INFO CExplorerBHO::SetSite attaching to site=000000000B3A0B68
[2025-11-28T16:47:03.471Z][pid 39844][tid 11304] INFO Cleared Open In New Tab pending state
[2025-11-28T16:47:03.472Z][pid 39844][tid 11304] INFO EnsureBandVisible: invoking ShowBrowserBar for host=00000000084327AC (attempt 1)
[2025-11-28T16:47:03.475Z][pid 39844][tid 11304] INFO EnsureBandVisible: ShowBrowserBar succeeded for host=00000000084327AC on attempt 1
[2025-11-28T16:47:03.475Z][pid 39844][tid 11304] INFO Installed progress gradient subclass on hwnd=00000000007B26AE
[2025-11-28T16:47:03.475Z][pid 39844][tid 11304] INFO Installed travel band subclass (band=0000000001B50936 toolbar=0000000004F4145A)
[2025-11-28T16:47:03.476Z][pid 39844][tid 11304] INFO Breadcrumb CBT hook installed for thread 11304
[2025-11-28T16:47:03.476Z][pid 39844][tid 11304] INFO Breadcrumb gradients enabled; locating toolbar (installed=0 background=0 text=1)
[2025-11-28T16:47:03.476Z][pid 39844][tid 11304] INFO Breadcrumb QueryService(IShellBrowser) failed: 0x80004001
[2025-11-28T16:47:03.476Z][pid 39844][tid 11304] INFO Breadcrumb ribbon frame discovered via IShellBrowser (hwnd=00000000018F32D0)
[2025-11-28T16:47:03.476Z][pid 39844][tid 11304] INFO Breadcrumb toolbar located via deep enumeration (hwnd=00000000055E2D00)
[2025-11-28T16:47:03.477Z][pid 39844][tid 11304] INFO Installed breadcrumb gradient subclass on hwnd=00000000055E2D00
[2025-11-28T16:47:03.477Z][pid 39844][tid 11304] INFO Installed progress gradient subclass on hwnd=00000000007B26AE
[2025-11-28T16:47:03.477Z][pid 39844][tid 11304] INFO Breadcrumb gradients enabled; locating toolbar (installed=1 background=0 text=1)
[2025-11-28T16:47:03.477Z][pid 39844][tid 11304] INFO Breadcrumb QueryService(IShellBrowser) failed: 0x80004001
[2025-11-28T16:47:03.477Z][pid 39844][tid 11304] INFO Breadcrumb ribbon frame discovered via IShellBrowser (hwnd=00000000018F32D0)
[2025-11-28T16:47:03.478Z][pid 39844][tid 11304] INFO Breadcrumb toolbar located via deep enumeration (hwnd=00000000055E2D00)
[2025-11-28T16:47:03.479Z][pid 39844][tid 11304] INFO Cleared Open In New Tab pending state
[2025-11-28T16:47:03.650Z][pid 39844][tid 11304] INFO TabBand::HandleInitializationResult applying sequence 1
[2025-11-28T16:47:03.651Z][pid 39844][tid 11304] INFO TabBand::RestoreSession loaded 1 groups
[2025-11-28T16:47:03.652Z][pid 39844][tid 11304] INFO TabBand::UpdateTabsUI applying 2 items
[2025-11-28T16:47:03.654Z][pid 39844][tid 11304] INFO Breadcrumb QueryService(IShellBrowser) failed: 0x80004001
[2025-11-28T16:47:03.654Z][pid 39844][tid 11304] INFO Breadcrumb ribbon frame discovered via IShellBrowser (hwnd=00000000018F32D0)
[2025-11-28T16:47:03.654Z][pid 39844][tid 11304] INFO Breadcrumb ribbon frame discovered via IWebBrowser2 (hwnd=00000000018F32D0)
[2025-11-28T16:47:03.654Z][pid 39844][tid 11304] INFO Breadcrumb toolbar located via window enumeration (hwnd=0000000000C9263C)
[2025-11-28T16:47:03.654Z][pid 39844][tid 11304] INFO Installed breadcrumb gradient subclass on hwnd=0000000000C9263C
[2025-11-28T16:47:03.654Z][pid 39844][tid 11304] INFO Installed progress gradient subclass on hwnd=00000000007B26AE
[2025-11-28T16:47:03.654Z][pid 39844][tid 11304] INFO Cleared Open In New Tab pending state
[2025-11-28T16:47:03.721Z][pid 39844][tid 29812] INFO TabBand constructed (this=000000000B7354E0)
[2025-11-28T16:47:03.722Z][pid 39844][tid 29812] INFO TabBand::SetSite begin (this=000000000B7354E0, site=000000000B34A208)
[2025-11-28T16:47:03.722Z][pid 39844][tid 29812] INFO TabBand::DisconnectSite (this=000000000B7354E0)
[2025-11-28T16:47:03.722Z][pid 39844][tid 29812] INFO TabBand::EnsureSessionStore resolving storage (this=000000000B7354E0)
[2025-11-28T16:47:03.722Z][pid 39844][tid 29812] INFO TabBand::EnsureSessionStore window token unavailable; deferring initialization
[2025-11-28T16:47:03.722Z][pid 39844][tid 29812] INFO TabBand::SetSite resolved browser interfaces
[2025-11-28T16:47:03.722Z][pid 39844][tid 29812] INFO TabBand::SetSite EnsureWindow
[2025-11-28T16:47:03.722Z][pid 39844][tid 29812] INFO TabBand::EnsureWindow creating band window (this=000000000B7354E0)
[2025-11-28T16:47:03.725Z][pid 39844][tid 29812] INFO TabBand::EnsureSessionStore resolving storage (this=000000000B7354E0)
[2025-11-28T16:47:03.725Z][pid 39844][tid 29812] INFO TabBand::ResolveWindowToken adopted crashed session token F6996F7F-299B-4347-A7B8-903E9FFFEB27
[2025-11-28T16:47:03.725Z][pid 39844][tid 29812] INFO TabBand::EnsureSessionStore window token F6996F7F-299B-4347-A7B8-903E9FFFEB27
[2025-11-28T16:47:03.725Z][pid 39844][tid 29812] INFO TabBand::EnsureSessionStore using storage path C:\Users\ben\AppData\Roaming\ShellTabs\session-F6996F7F-299B-4347-A7B8-903E9FFFEB27.db
[2025-11-28T16:47:03.726Z][pid 39844][tid 29812] INFO TabBand session crash marker created (post-init)
[2025-11-28T16:47:03.728Z][pid 39844][tid 29812] INFO TabBand::EnsureWindow created window hwnd=0000000004CC2C66
[2025-11-28T16:47:03.728Z][pid 39844][tid 29812] INFO TabBand::SetSite EnsureSessionStore
[2025-11-28T16:47:03.728Z][pid 39844][tid 29812] INFO TabBand::SetSite BrowserEvents connected
[2025-11-28T16:47:03.728Z][pid 39844][tid 29812] INFO TabBand::SetSite InitializeTabs
[2025-11-28T16:47:03.728Z][pid 39844][tid 29812] INFO TabBand::InitializeTabs - begin
[2025-11-28T16:47:03.728Z][pid 39844][tid 29812] INFO TabBand::InitializeTabs - end
[2025-11-28T16:47:03.728Z][pid 39844][tid 29812] INFO TabBand::SetSite UpdateTabsUI (initial)
[2025-11-28T16:47:03.728Z][pid 39844][tid 29812] INFO TabBand::UpdateTabsUI applying 1 items
[2025-11-28T16:47:03.728Z][pid 39844][tid 28784] INFO TabBand::RunBackgroundInitialization begin (this=000000000B7354E0, seq=1)
[2025-11-28T16:47:03.729Z][pid 39844][tid 29812] INFO TabBand::SetSite completed successfully
[2025-11-28T16:47:03.729Z][pid 39844][tid 28784] INFO TabBand session crash marker created
[2025-11-28T16:47:03.729Z][pid 39844][tid 28784] INFO SessionStore restored snapshot from C:\Users\ben\AppData\Roaming\ShellTabs\session-F6996F7F-299B-4347-A7B8-903E9FFFEB27.db (primary)
[2025-11-28T16:47:03.743Z][pid 39844][tid 29812] INFO CExplorerBHO::SetSite attaching to site=000000000BA6B4F8
[2025-11-28T16:47:03.743Z][pid 39844][tid 29812] INFO Cleared Open In New Tab pending state
[2025-11-28T16:47:03.743Z][pid 39844][tid 29812] INFO EnsureBandVisible: invoking ShowBrowserBar for host=00000000026E2DF8 (attempt 1)
[2025-11-28T16:47:03.743Z][pid 39844][tid 29812] INFO EnsureBandVisible: ShowBrowserBar succeeded for host=00000000026E2DF8 on attempt 1
[2025-11-28T16:47:03.744Z][pid 39844][tid 29812] INFO Installed progress gradient subclass on hwnd=0000000001002CFE
[2025-11-28T16:47:03.744Z][pid 39844][tid 29812] INFO Installed travel band subclass (band=0000000000862340 toolbar=0000000000A82522)
[2025-11-28T16:47:03.744Z][pid 39844][tid 29812] INFO Breadcrumb CBT hook installed for thread 29812
[2025-11-28T16:47:03.744Z][pid 39844][tid 29812] INFO Breadcrumb gradients enabled; locating toolbar (installed=0 background=0 text=1)
[2025-11-28T16:47:03.744Z][pid 39844][tid 29812] INFO Breadcrumb QueryService(IShellBrowser) failed: 0x80004001
[2025-11-28T16:47:03.744Z][pid 39844][tid 29812] INFO Breadcrumb ribbon frame discovered via IShellBrowser (hwnd=00000000017D2774)
[2025-11-28T16:47:03.745Z][pid 39844][tid 29812] INFO Breadcrumb toolbar located via deep enumeration (hwnd=0000000001C72AD6)
[2025-11-28T16:47:03.745Z][pid 39844][tid 29812] INFO Installed breadcrumb gradient subclass on hwnd=0000000001C72AD6
[2025-11-28T16:47:03.745Z][pid 39844][tid 29812] INFO Installed progress gradient subclass on hwnd=0000000001002CFE
[2025-11-28T16:47:03.746Z][pid 39844][tid 29812] INFO Breadcrumb gradients enabled; locating toolbar (installed=1 background=0 text=1)
[2025-11-28T16:47:03.746Z][pid 39844][tid 29812] INFO Breadcrumb QueryService(IShellBrowser) failed: 0x80004001
[2025-11-28T16:47:03.746Z][pid 39844][tid 29812] INFO Breadcrumb ribbon frame discovered via IShellBrowser (hwnd=00000000017D2774)
[2025-11-28T16:47:03.746Z][pid 39844][tid 29812] INFO Breadcrumb toolbar located via deep enumeration (hwnd=0000000001C72AD6)
[2025-11-28T16:47:03.747Z][pid 39844][tid 29812] INFO Cleared Open In New Tab pending state
[2025-11-28T16:47:03.757Z][pid 39844][tid 11304] INFO TabBand::UpdateTabsUI applying 2 items
[2025-11-28T16:47:03.759Z][pid 39844][tid 11304] INFO Breadcrumb gradients enabled; locating toolbar (installed=1 background=0 text=1)
[2025-11-28T16:47:03.759Z][pid 39844][tid 11304] INFO Breadcrumb QueryService(IShellBrowser) failed: 0x80004001
[2025-11-28T16:47:03.759Z][pid 39844][tid 11304] INFO Breadcrumb ribbon frame discovered via IShellBrowser (hwnd=00000000018F32D0)
[2025-11-28T16:47:03.760Z][pid 39844][tid 11304] INFO Breadcrumb ribbon frame discovered via IWebBrowser2 (hwnd=00000000018F32D0)
[2025-11-28T16:47:03.760Z][pid 39844][tid 11304] INFO Breadcrumb toolbar located via window enumeration (hwnd=0000000000C9263C)
[2025-11-28T16:47:03.761Z][pid 39844][tid 11304] INFO Cleared Open In New Tab pending state
[2025-11-28T16:47:03.761Z][pid 39844][tid 11304] INFO Installed shell view window subclass (view=0000000002870196)
[2025-11-28T16:47:03.761Z][pid 39844][tid 11304] INFO Installed explorer frame subclass (frame=00000000084327AC)
[2025-11-28T16:47:03.761Z][pid 39844][tid 11304] INFO Cleared Open In New Tab pending state
[2025-11-28T16:47:03.761Z][pid 39844][tid 11304] INFO Explorer view base subclass ready (view=0000000002870196 frame=00000000084327AC)
[2025-11-28T16:47:03.761Z][pid 39844][tid 11304] VERBOSE DirectUI IUIElement unavailable (hr=0x80004001)
[2025-11-28T16:47:03.761Z][pid 39844][tid 11304] INFO Installed explorer DirectUI host subclass (direct=0000000000A227E0)
[2025-11-28T16:47:03.762Z][pid 39844][tid 11304] INFO Explorer pane creation watch armed (view=0000000002870196 list=1 tree=1)
[2025-11-28T16:47:03.762Z][pid 39844][tid 11304] INFO Explorer pane fallback timer armed (view=0000000002870196 delay=500)
[2025-11-28T16:47:03.762Z][pid 39844][tid 11304] INFO Explorer panes not ready: list view missing (view=0000000002870196)
[2025-11-28T16:47:03.762Z][pid 39844][tid 11304] INFO Explorer panes not ready: tree view missing (view=0000000002870196)
[2025-11-28T16:47:03.762Z][pid 39844][tid 11304] INFO Explorer pane retry timer armed (view=0000000002870196 delay=500 attempts=1)
[2025-11-28T16:47:03.762Z][pid 39844][tid 11304] INFO TabBand::UpdateTabsUI applying 2 items
[2025-11-28T16:47:03.763Z][pid 39844][tid 11304] INFO Breadcrumb QueryService(IShellBrowser) failed: 0x80004001
[2025-11-28T16:47:03.763Z][pid 39844][tid 11304] INFO Breadcrumb ribbon frame discovered via IShellBrowser (hwnd=00000000018F32D0)
[2025-11-28T16:47:03.763Z][pid 39844][tid 11304] INFO Breadcrumb ribbon frame discovered via IWebBrowser2 (hwnd=00000000018F32D0)
[2025-11-28T16:47:03.763Z][pid 39844][tid 11304] INFO Breadcrumb toolbar located via window enumeration (hwnd=0000000000C9263C)
[2025-11-28T16:47:03.763Z][pid 39844][tid 11304] INFO Explorer pane creation watch cleared (view=0000000002870196)
[2025-11-28T16:47:03.764Z][pid 39844][tid 11304] INFO Cleared Open In New Tab pending state
[2025-11-28T16:47:03.764Z][pid 39844][tid 11304] INFO Installed shell view window subclass (view=0000000002870196)
[2025-11-28T16:47:03.764Z][pid 39844][tid 11304] INFO Installed explorer frame subclass (frame=00000000084327AC)
[2025-11-28T16:47:03.764Z][pid 39844][tid 11304] INFO Cleared Open In New Tab pending state
[2025-11-28T16:47:03.764Z][pid 39844][tid 11304] INFO Explorer view base subclass ready (view=0000000002870196 frame=00000000084327AC)
[2025-11-28T16:47:03.764Z][pid 39844][tid 11304] VERBOSE DirectUI IUIElement unavailable (hr=0x80004001)
[2025-11-28T16:47:03.764Z][pid 39844][tid 11304] INFO Installed explorer DirectUI host subclass (direct=0000000000A227E0)
[2025-11-28T16:47:03.765Z][pid 39844][tid 11304] INFO Explorer pane creation watch armed (view=0000000002870196 list=1 tree=1)
[2025-11-28T16:47:03.765Z][pid 39844][tid 11304] INFO Explorer pane fallback timer armed (view=0000000002870196 delay=500)
[2025-11-28T16:47:03.765Z][pid 39844][tid 11304] INFO Explorer panes not ready: list view missing (view=0000000002870196)
[2025-11-28T16:47:03.765Z][pid 39844][tid 11304] INFO Explorer panes not ready: tree view missing (view=0000000002870196)
[2025-11-28T16:47:03.765Z][pid 39844][tid 11304] INFO Explorer pane retry timer armed (view=0000000002870196 delay=500 attempts=1)
[2025-11-28T16:47:03.781Z][pid 39844][tid 11304] INFO TabBand::UpdateTabsUI applying 2 items
[2025-11-28T16:47:03.787Z][pid 39844][tid 11304] INFO TabBand::UpdateTabsUI applying 2 items
[2025-11-28T16:47:03.788Z][pid 39844][tid 11304] INFO Breadcrumb QueryService(IShellBrowser) failed: 0x80004001
[2025-11-28T16:47:03.788Z][pid 39844][tid 11304] INFO Breadcrumb ribbon frame discovered via IShellBrowser (hwnd=00000000018F32D0)
[2025-11-28T16:47:03.788Z][pid 39844][tid 11304] INFO Breadcrumb ribbon frame discovered via IWebBrowser2 (hwnd=00000000018F32D0)
[2025-11-28T16:47:03.789Z][pid 39844][tid 11304] INFO Breadcrumb toolbar located via window enumeration (hwnd=0000000000C9263C)
[2025-11-28T16:47:03.789Z][pid 39844][tid 11304] INFO Explorer pane creation watch cleared (view=0000000002870196)
[2025-11-28T16:47:03.789Z][pid 39844][tid 11304] INFO Cleared Open In New Tab pending state
[2025-11-28T16:47:03.789Z][pid 39844][tid 11304] INFO Installed shell view window subclass (view=0000000002870196)
[2025-11-28T16:47:03.789Z][pid 39844][tid 11304] INFO Installed explorer frame subclass (frame=00000000084327AC)
[2025-11-28T16:47:03.789Z][pid 39844][tid 11304] INFO Cleared Open In New Tab pending state
[2025-11-28T16:47:03.789Z][pid 39844][tid 11304] INFO Explorer view base subclass ready (view=0000000002870196 frame=00000000084327AC)
[2025-11-28T16:47:03.789Z][pid 39844][tid 11304] VERBOSE DirectUI IUIElement unavailable (hr=0x80004001)
[2025-11-28T16:47:03.789Z][pid 39844][tid 11304] INFO Installed explorer DirectUI host subclass (direct=0000000000A227E0)
[2025-11-28T16:47:03.790Z][pid 39844][tid 11304] INFO Explorer pane creation watch armed (view=0000000002870196 list=1 tree=1)
[2025-11-28T16:47:03.790Z][pid 39844][tid 11304] INFO Explorer pane fallback timer armed (view=0000000002870196 delay=500)
[2025-11-28T16:47:03.790Z][pid 39844][tid 11304] INFO Explorer panes not ready: list view missing (view=0000000002870196)
[2025-11-28T16:47:03.790Z][pid 39844][tid 11304] INFO Explorer panes not ready: tree view missing (view=0000000002870196)
[2025-11-28T16:47:03.790Z][pid 39844][tid 11304] INFO Explorer pane retry timer armed (view=0000000002870196 delay=500 attempts=1)
[2025-11-28T16:47:03.826Z][pid 39844][tid 11304] INFO Installed explorer list host subclass (host=00000000084327AC)
[2025-11-28T16:47:03.827Z][pid 39844][tid 11304] INFO Installed explorer list host subclass (host=0000000002892720)
[2025-11-28T16:47:03.827Z][pid 39844][tid 11304] INFO Installed explorer list host subclass (host=0000000001F72DDC)
[2025-11-28T16:47:03.827Z][pid 39844][tid 11304] INFO Installed explorer list host subclass (host=00000000018F32D0)
[2025-11-28T16:47:03.827Z][pid 39844][tid 11304] INFO Installed explorer list host subclass (host=0000000000E2276A)
[2025-11-28T16:47:03.896Z][pid 39844][tid 11304] INFO Cleared Open In New Tab pending state
[2025-11-28T16:47:03.899Z][pid 39844][tid 11304] INFO CExplorerBHO::SetSite detaching from site
[2025-11-28T16:47:03.899Z][pid 39844][tid 11304] INFO Breadcrumb CBT hook removed for thread 11304
[2025-11-28T16:47:03.899Z][pid 39844][tid 11304] INFO Explorer pane creation watch cleared (view=0000000000000000)
[2025-11-28T16:47:03.899Z][pid 39844][tid 11304] INFO Cleared Open In New Tab pending state
[2025-11-28T16:47:03.900Z][pid 39844][tid 11304] INFO Cleared Open In New Tab pending state
[2025-11-28T16:47:03.901Z][pid 39844][tid 11304] INFO TabBand::DisconnectSite (this=000000000BB32FD0)
[2025-11-28T16:47:03.907Z][pid 39844][tid 11304] INFO TabBand::SetSite begin (this=000000000BB32FD0, site=0000000000000000)
[2025-11-28T16:47:03.907Z][pid 39844][tid 11304] INFO TabBand::SetSite site unchanged
[2025-11-28T16:47:03.907Z][pid 39844][tid 11304] INFO TabBand destroyed (this=000000000BB32FD0)
[2025-11-28T16:47:03.907Z][pid 39844][tid 11304] INFO TabBand::DisconnectSite (this=000000000BB32FD0)
[2025-11-28T16:47:03.908Z][pid 39844][tid 11304] INFO TabBand::EnsureSessionStore resolving storage (this=000000000BB32FD0)
[2025-11-28T16:47:03.908Z][pid 39844][tid 11304] INFO TabBand::EnsureSessionStore window token unavailable; deferring initialization
[2025-11-28T16:47:04.003Z][pid 39844][tid 29812] INFO TabBand::HandleInitializationResult applying sequence 1
[2025-11-28T16:47:04.004Z][pid 39844][tid 29812] INFO TabBand::RestoreSession loaded 1 groups
[2025-11-28T16:47:04.004Z][pid 39844][tid 29812] INFO TabBand::UpdateTabsUI applying 1 items
[2025-11-28T16:47:04.007Z][pid 39844][tid 29812] INFO Breadcrumb QueryService(IShellBrowser) failed: 0x80004001
[2025-11-28T16:47:04.007Z][pid 39844][tid 29812] INFO Breadcrumb ribbon frame discovered via IShellBrowser (hwnd=00000000017D2774)
[2025-11-28T16:47:04.007Z][pid 39844][tid 29812] INFO Breadcrumb ribbon frame discovered via IWebBrowser2 (hwnd=00000000017D2774)
[2025-11-28T16:47:04.008Z][pid 39844][tid 29812] INFO Breadcrumb toolbar located via window enumeration (hwnd=0000000002133294)
[2025-11-28T16:47:04.008Z][pid 39844][tid 29812] INFO Installed breadcrumb gradient subclass on hwnd=0000000002133294
[2025-11-28T16:47:04.009Z][pid 39844][tid 29812] INFO Installed progress gradient subclass on hwnd=0000000001002CFE
[2025-11-28T16:47:04.009Z][pid 39844][tid 29812] INFO Cleared Open In New Tab pending state
[2025-11-28T16:47:04.056Z][pid 39844][tid 20728] INFO TabBand constructed (this=000000000BB32FD0)
[2025-11-28T16:47:04.056Z][pid 39844][tid 20728] INFO TabBand::SetSite begin (this=000000000BB32FD0, site=000000000B349468)
[2025-11-28T16:47:04.056Z][pid 39844][tid 20728] INFO TabBand::DisconnectSite (this=000000000BB32FD0)
[2025-11-28T16:47:04.057Z][pid 39844][tid 20728] INFO TabBand::EnsureSessionStore resolving storage (this=000000000BB32FD0)
[2025-11-28T16:47:04.057Z][pid 39844][tid 20728] INFO TabBand::EnsureSessionStore window token unavailable; deferring initialization
[2025-11-28T16:47:04.057Z][pid 39844][tid 20728] INFO TabBand::SetSite resolved browser interfaces
[2025-11-28T16:47:04.057Z][pid 39844][tid 20728] INFO TabBand::SetSite EnsureWindow
[2025-11-28T16:47:04.057Z][pid 39844][tid 20728] INFO TabBand::EnsureWindow creating band window (this=000000000BB32FD0)
[2025-11-28T16:47:04.059Z][pid 39844][tid 20728] INFO TabBand::EnsureSessionStore resolving storage (this=000000000BB32FD0)
[2025-11-28T16:47:04.059Z][pid 39844][tid 20728] INFO TabBand::ResolveWindowToken adopted crashed session token FEEBE0E5-5590-490A-8372-38FF65FAB5AD
[2025-11-28T16:47:04.059Z][pid 39844][tid 20728] INFO TabBand::EnsureSessionStore window token FEEBE0E5-5590-490A-8372-38FF65FAB5AD
[2025-11-28T16:47:04.059Z][pid 39844][tid 20728] INFO TabBand::EnsureSessionStore using storage path C:\Users\ben\AppData\Roaming\ShellTabs\session-FEEBE0E5-5590-490A-8372-38FF65FAB5AD.db
[2025-11-28T16:47:04.060Z][pid 39844][tid 20728] INFO TabBand session crash marker created (post-init)
[2025-11-28T16:47:04.062Z][pid 39844][tid 20728] INFO TabBand::EnsureWindow created window hwnd=0000000002C527B4
[2025-11-28T16:47:04.062Z][pid 39844][tid 20728] INFO TabBand::SetSite EnsureSessionStore
[2025-11-28T16:47:04.062Z][pid 39844][tid 20728] INFO TabBand::SetSite BrowserEvents connected
[2025-11-28T16:47:04.062Z][pid 39844][tid 20728] INFO TabBand::SetSite InitializeTabs
[2025-11-28T16:47:04.062Z][pid 39844][tid 20728] INFO TabBand::InitializeTabs - begin
[2025-11-28T16:47:04.062Z][pid 39844][tid 20728] INFO TabBand::InitializeTabs - end
[2025-11-28T16:47:04.062Z][pid 39844][tid 20728] INFO TabBand::SetSite UpdateTabsUI (initial)
[2025-11-28T16:47:04.063Z][pid 39844][tid 20728] INFO TabBand::UpdateTabsUI applying 1 items
[2025-11-28T16:47:04.063Z][pid 39844][tid 36932] INFO TabBand::RunBackgroundInitialization begin (this=000000000BB32FD0, seq=1)
[2025-11-28T16:47:04.063Z][pid 39844][tid 20728] INFO TabBand::SetSite completed successfully
[2025-11-28T16:47:04.063Z][pid 39844][tid 36932] INFO TabBand session crash marker created
[2025-11-28T16:47:04.063Z][pid 39844][tid 36932] INFO SessionStore restored snapshot from C:\Users\ben\AppData\Roaming\ShellTabs\session-FEEBE0E5-5590-490A-8372-38FF65FAB5AD.db (primary)
[2025-11-28T16:47:04.079Z][pid 39844][tid 20728] INFO CExplorerBHO::SetSite attaching to site=000000000BD8B728
[2025-11-28T16:47:04.079Z][pid 39844][tid 20728] INFO Cleared Open In New Tab pending state
[2025-11-28T16:47:04.080Z][pid 39844][tid 20728] INFO EnsureBandVisible: invoking ShowBrowserBar for host=0000000000EF262E (attempt 1)
[2025-11-28T16:47:04.080Z][pid 39844][tid 20728] INFO EnsureBandVisible: ShowBrowserBar succeeded for host=0000000000EF262E on attempt 1
[2025-11-28T16:47:04.081Z][pid 39844][tid 20728] INFO Installed progress gradient subclass on hwnd=0000000001260980
[2025-11-28T16:47:04.081Z][pid 39844][tid 20728] INFO Installed travel band subclass (band=0000000000932588 toolbar=0000000000BD2608)
[2025-11-28T16:47:04.081Z][pid 39844][tid 20728] INFO Breadcrumb CBT hook installed for thread 20728
[2025-11-28T16:47:04.081Z][pid 39844][tid 20728] INFO Breadcrumb gradients enabled; locating toolbar (installed=0 background=0 text=1)
[2025-11-28T16:47:04.081Z][pid 39844][tid 20728] INFO Breadcrumb QueryService(IShellBrowser) failed: 0x80004001
[2025-11-28T16:47:04.081Z][pid 39844][tid 20728] INFO Breadcrumb ribbon frame discovered via IShellBrowser (hwnd=0000000000E625A4)
[2025-11-28T16:47:04.082Z][pid 39844][tid 20728] INFO Breadcrumb toolbar located via deep enumeration (hwnd=0000000005022C72)
[2025-11-28T16:47:04.082Z][pid 39844][tid 20728] INFO Installed breadcrumb gradient subclass on hwnd=0000000005022C72
[2025-11-28T16:47:04.082Z][pid 39844][tid 20728] INFO Installed progress gradient subclass on hwnd=0000000001260980
[2025-11-28T16:47:04.082Z][pid 39844][tid 20728] INFO Breadcrumb gradients enabled; locating toolbar (installed=1 background=0 text=1)
[2025-11-28T16:47:04.083Z][pid 39844][tid 20728] INFO Breadcrumb QueryService(IShellBrowser) failed: 0x80004001
[2025-11-28T16:47:04.083Z][pid 39844][tid 20728] INFO Breadcrumb ribbon frame discovered via IShellBrowser (hwnd=0000000000E625A4)
[2025-11-28T16:47:04.083Z][pid 39844][tid 20728] INFO Breadcrumb toolbar located via deep enumeration (hwnd=0000000005022C72)
[2025-11-28T16:47:04.083Z][pid 39844][tid 20728] INFO Cleared Open In New Tab pending state
[2025-11-28T16:47:04.151Z][pid 39844][tid 29812] INFO TabBand::UpdateTabsUI applying 1 items
[2025-11-28T16:47:04.152Z][pid 39844][tid 29812] INFO Breadcrumb gradients enabled; locating toolbar (installed=1 background=0 text=1)
[2025-11-28T16:47:04.152Z][pid 39844][tid 29812] INFO Breadcrumb QueryService(IShellBrowser) failed: 0x80004001
[2025-11-28T16:47:04.152Z][pid 39844][tid 29812] INFO Breadcrumb ribbon frame discovered via IShellBrowser (hwnd=00000000017D2774)
[2025-11-28T16:47:04.152Z][pid 39844][tid 29812] INFO Breadcrumb ribbon frame discovered via IWebBrowser2 (hwnd=00000000017D2774)
[2025-11-28T16:47:04.153Z][pid 39844][tid 29812] INFO Breadcrumb toolbar located via window enumeration (hwnd=0000000002133294)
[2025-11-28T16:47:04.153Z][pid 39844][tid 29812] INFO Cleared Open In New Tab pending state
[2025-11-28T16:47:04.153Z][pid 39844][tid 29812] INFO Installed shell view window subclass (view=00000000019032D0)
[2025-11-28T16:47:04.153Z][pid 39844][tid 29812] INFO Installed explorer frame subclass (frame=00000000026E2DF8)
[2025-11-28T16:47:04.153Z][pid 39844][tid 29812] INFO Cleared Open In New Tab pending state
[2025-11-28T16:47:04.153Z][pid 39844][tid 29812] INFO Explorer view base subclass ready (view=00000000019032D0 frame=00000000026E2DF8)
[2025-11-28T16:47:04.154Z][pid 39844][tid 29812] VERBOSE DirectUI IUIElement unavailable (hr=0x80004001)
[2025-11-28T16:47:04.154Z][pid 39844][tid 29812] INFO Installed explorer DirectUI host subclass (direct=0000000000AA26CE)
[2025-11-28T16:47:04.154Z][pid 39844][tid 29812] INFO Installed explorer tree view subclass (tree=0000000000BA2654)
[2025-11-28T16:47:04.155Z][pid 39844][tid 29812] INFO Explorer pane creation watch armed (view=00000000019032D0 list=1 tree=0)
[2025-11-28T16:47:04.155Z][pid 39844][tid 29812] INFO Explorer pane fallback timer armed (view=00000000019032D0 delay=500)
[2025-11-28T16:47:04.155Z][pid 39844][tid 29812] INFO Explorer panes not ready: list view missing (view=00000000019032D0)
[2025-11-28T16:47:04.156Z][pid 39844][tid 29812] INFO Explorer pane retry timer armed (view=00000000019032D0 delay=500 attempts=1)
[2025-11-28T16:47:04.156Z][pid 39844][tid 29812] INFO TabBand::UpdateTabsUI applying 1 items
[2025-11-28T16:47:04.156Z][pid 39844][tid 29812] INFO Breadcrumb QueryService(IShellBrowser) failed: 0x80004001
[2025-11-28T16:47:04.156Z][pid 39844][tid 29812] INFO Breadcrumb ribbon frame discovered via IShellBrowser (hwnd=00000000017D2774)
[2025-11-28T16:47:04.157Z][pid 39844][tid 29812] INFO Breadcrumb ribbon frame discovered via IWebBrowser2 (hwnd=00000000017D2774)
[2025-11-28T16:47:04.157Z][pid 39844][tid 29812] INFO Breadcrumb toolbar located via window enumeration (hwnd=0000000002133294)
[2025-11-28T16:47:04.158Z][pid 39844][tid 29812] INFO Explorer pane creation watch cleared (view=00000000019032D0)
[2025-11-28T16:47:04.158Z][pid 39844][tid 29812] INFO Cleared Open In New Tab pending state
[2025-11-28T16:47:04.159Z][pid 39844][tid 29812] INFO Installed shell view window subclass (view=00000000019032D0)
[2025-11-28T16:47:04.159Z][pid 39844][tid 29812] INFO Installed explorer frame subclass (frame=00000000026E2DF8)
[2025-11-28T16:47:04.159Z][pid 39844][tid 29812] INFO Cleared Open In New Tab pending state
[2025-11-28T16:47:04.159Z][pid 39844][tid 29812] INFO Explorer view base subclass ready (view=00000000019032D0 frame=00000000026E2DF8)
[2025-11-28T16:47:04.159Z][pid 39844][tid 29812] VERBOSE DirectUI IUIElement unavailable (hr=0x80004001)
[2025-11-28T16:47:04.159Z][pid 39844][tid 29812] INFO Installed explorer DirectUI host subclass (direct=0000000000AA26CE)
[2025-11-28T16:47:04.159Z][pid 39844][tid 29812] INFO Installed explorer tree view subclass (tree=0000000000BA2654)
[2025-11-28T16:47:04.160Z][pid 39844][tid 29812] INFO Explorer pane creation watch armed (view=00000000019032D0 list=1 tree=0)
[2025-11-28T16:47:04.160Z][pid 39844][tid 29812] INFO Explorer pane fallback timer armed (view=00000000019032D0 delay=500)
[2025-11-28T16:47:04.160Z][pid 39844][tid 29812] INFO Explorer panes not ready: list view missing (view=00000000019032D0)
[2025-11-28T16:47:04.160Z][pid 39844][tid 29812] INFO Explorer pane retry timer armed (view=00000000019032D0 delay=500 attempts=1)
[2025-11-28T16:47:04.176Z][pid 39844][tid 29812] INFO TabBand::UpdateTabsUI applying 1 items
[2025-11-28T16:47:04.182Z][pid 39844][tid 29812] INFO TabBand::UpdateTabsUI applying 1 items
[2025-11-28T16:47:04.183Z][pid 39844][tid 29812] INFO Breadcrumb QueryService(IShellBrowser) failed: 0x80004001
[2025-11-28T16:47:04.183Z][pid 39844][tid 29812] INFO Breadcrumb ribbon frame discovered via IShellBrowser (hwnd=00000000017D2774)
[2025-11-28T16:47:04.183Z][pid 39844][tid 29812] INFO Breadcrumb ribbon frame discovered via IWebBrowser2 (hwnd=00000000017D2774)
[2025-11-28T16:47:04.183Z][pid 39844][tid 29812] INFO Breadcrumb toolbar located via window enumeration (hwnd=0000000002133294)
[2025-11-28T16:47:04.184Z][pid 39844][tid 29812] INFO Explorer pane creation watch cleared (view=00000000019032D0)
[2025-11-28T16:47:04.184Z][pid 39844][tid 29812] INFO Cleared Open In New Tab pending state
[2025-11-28T16:47:04.184Z][pid 39844][tid 29812] INFO Installed shell view window subclass (view=00000000019032D0)
[2025-11-28T16:47:04.184Z][pid 39844][tid 29812] INFO Installed explorer frame subclass (frame=00000000026E2DF8)
[2025-11-28T16:47:04.184Z][pid 39844][tid 29812] INFO Cleared Open In New Tab pending state
[2025-11-28T16:47:04.184Z][pid 39844][tid 29812] INFO Explorer view base subclass ready (view=00000000019032D0 frame=00000000026E2DF8)
[2025-11-28T16:47:04.184Z][pid 39844][tid 29812] VERBOSE DirectUI IUIElement unavailable (hr=0x80004001)
[2025-11-28T16:47:04.184Z][pid 39844][tid 29812] INFO Installed explorer DirectUI host subclass (direct=0000000000AA26CE)
[2025-11-28T16:47:04.184Z][pid 39844][tid 29812] INFO Installed explorer tree view subclass (tree=0000000000BA2654)
[2025-11-28T16:47:04.186Z][pid 39844][tid 29812] INFO Explorer pane creation watch armed (view=00000000019032D0 list=1 tree=0)
[2025-11-28T16:47:04.186Z][pid 39844][tid 29812] INFO Explorer pane fallback timer armed (view=00000000019032D0 delay=500)
[2025-11-28T16:47:04.186Z][pid 39844][tid 29812] INFO Explorer panes not ready: list view missing (view=00000000019032D0)
[2025-11-28T16:47:04.186Z][pid 39844][tid 29812] INFO Explorer pane retry timer armed (view=00000000019032D0 delay=500 attempts=1)
[2025-11-28T16:47:04.193Z][pid 39844][tid 29812] INFO Installed explorer list host subclass (host=00000000026E2DF8)
[2025-11-28T16:47:04.193Z][pid 39844][tid 29812] INFO Installed explorer list host subclass (host=0000000001611FFA)
[2025-11-28T16:47:04.193Z][pid 39844][tid 29812] INFO Installed explorer list host subclass (host=0000000001C827E8)
[2025-11-28T16:47:04.193Z][pid 39844][tid 29812] INFO Installed explorer list host subclass (host=00000000017D2774)
[2025-11-28T16:47:04.194Z][pid 39844][tid 29812] INFO Installed explorer list host subclass (host=0000000000A926A6)
[2025-11-28T16:47:04.228Z][pid 39844][tid 29812] INFO Explorer pane creation watch armed (view=00000000019032D0 list=1 tree=1)
[2025-11-28T16:47:04.228Z][pid 39844][tid 29812] INFO Explorer panes not ready: tree view missing (view=00000000019032D0)
[2025-11-28T16:47:04.241Z][pid 39844][tid 29812] INFO Cleared Open In New Tab pending state
[2025-11-28T16:47:04.244Z][pid 39844][tid 29812] INFO CExplorerBHO::SetSite detaching from site
[2025-11-28T16:47:04.244Z][pid 39844][tid 29812] INFO Breadcrumb CBT hook removed for thread 29812
[2025-11-28T16:47:04.245Z][pid 39844][tid 29812] INFO Explorer pane creation watch cleared (view=0000000000000000)
[2025-11-28T16:47:04.245Z][pid 39844][tid 29812] INFO Cleared Open In New Tab pending state
[2025-11-28T16:47:04.245Z][pid 39844][tid 29812] INFO Cleared Open In New Tab pending state
[2025-11-28T16:47:04.247Z][pid 39844][tid 29812] INFO TabBand::DisconnectSite (this=000000000B7354E0)
[2025-11-28T16:47:04.250Z][pid 39844][tid 29812] INFO TabBand::SetSite begin (this=000000000B7354E0, site=0000000000000000)
[2025-11-28T16:47:04.251Z][pid 39844][tid 29812] INFO TabBand::SetSite site unchanged
[2025-11-28T16:47:04.251Z][pid 39844][tid 29812] INFO TabBand destroyed (this=000000000B7354E0)
[2025-11-28T16:47:04.251Z][pid 39844][tid 29812] INFO TabBand::DisconnectSite (this=000000000B7354E0)
[2025-11-28T16:47:04.251Z][pid 39844][tid 29812] INFO TabBand::EnsureSessionStore resolving storage (this=000000000B7354E0)
[2025-11-28T16:47:04.251Z][pid 39844][tid 29812] INFO TabBand::EnsureSessionStore window token unavailable; deferring initialization
[2025-11-28T16:47:04.330Z][pid 39844][tid 11304] INFO TabBand constructed (this=000000000B7354E0)
[2025-11-28T16:47:04.331Z][pid 39844][tid 11304] INFO TabBand::SetSite begin (this=000000000B7354E0, site=000000000B348D98)
[2025-11-28T16:47:04.331Z][pid 39844][tid 11304] INFO TabBand::DisconnectSite (this=000000000B7354E0)
[2025-11-28T16:47:04.331Z][pid 39844][tid 11304] INFO TabBand::EnsureSessionStore resolving storage (this=000000000B7354E0)
[2025-11-28T16:47:04.331Z][pid 39844][tid 11304] INFO TabBand::EnsureSessionStore window token unavailable; deferring initialization
[2025-11-28T16:47:04.331Z][pid 39844][tid 11304] INFO TabBand::SetSite resolved browser interfaces
[2025-11-28T16:47:04.331Z][pid 39844][tid 11304] INFO TabBand::SetSite EnsureWindow
[2025-11-28T16:47:04.331Z][pid 39844][tid 11304] INFO TabBand::EnsureWindow creating band window (this=000000000B7354E0)
[2025-11-28T16:47:04.334Z][pid 39844][tid 11304] INFO TabBand::EnsureSessionStore resolving storage (this=000000000B7354E0)
[2025-11-28T16:47:04.334Z][pid 39844][tid 20728] INFO TabBand::HandleInitializationResult applying sequence 1
[2025-11-28T16:47:04.335Z][pid 39844][tid 11304] INFO TabBand::ResolveWindowToken adopted crashed session token F37898CD-63A1-4376-8584-D686941CDD4D
[2025-11-28T16:47:04.335Z][pid 39844][tid 11304] INFO TabBand::EnsureSessionStore window token F37898CD-63A1-4376-8584-D686941CDD4D
[2025-11-28T16:47:04.335Z][pid 39844][tid 11304] INFO TabBand::EnsureSessionStore using storage path C:\Users\ben\AppData\Roaming\ShellTabs\session-F37898CD-63A1-4376-8584-D686941CDD4D.db
[2025-11-28T16:47:04.335Z][pid 39844][tid 20728] INFO TabBand::RestoreSession loaded 1 groups
[2025-11-28T16:47:04.335Z][pid 39844][tid 11304] INFO TabBand session crash marker created (post-init)
[2025-11-28T16:47:04.337Z][pid 39844][tid 20728] INFO TabBand::UpdateTabsUI applying 1 items
[2025-11-28T16:47:04.337Z][pid 39844][tid 11304] INFO TabBand::EnsureWindow created window hwnd=0000000000AC261C
[2025-11-28T16:47:04.338Z][pid 39844][tid 11304] INFO TabBand::SetSite EnsureSessionStore
[2025-11-28T16:47:04.338Z][pid 39844][tid 11304] INFO TabBand::SetSite BrowserEvents connected
[2025-11-28T16:47:04.338Z][pid 39844][tid 11304] INFO TabBand::SetSite InitializeTabs
[2025-11-28T16:47:04.338Z][pid 39844][tid 20728] INFO Breadcrumb QueryService(IShellBrowser) failed: 0x80004001
[2025-11-28T16:47:04.338Z][pid 39844][tid 11304] INFO TabBand::InitializeTabs - begin
[2025-11-28T16:47:04.338Z][pid 39844][tid 20728] INFO Breadcrumb ribbon frame discovered via IShellBrowser (hwnd=0000000000E625A4)
[2025-11-28T16:47:04.338Z][pid 39844][tid 11304] INFO TabBand::InitializeTabs - end
[2025-11-28T16:47:04.338Z][pid 39844][tid 20728] INFO Breadcrumb ribbon frame discovered via IWebBrowser2 (hwnd=0000000000E625A4)
[2025-11-28T16:47:04.338Z][pid 39844][tid 11304] INFO TabBand::SetSite UpdateTabsUI (initial)
[2025-11-28T16:47:04.338Z][pid 39844][tid 11304] INFO TabBand::UpdateTabsUI applying 1 items
[2025-11-28T16:47:04.338Z][pid 39844][tid 20728] INFO Breadcrumb toolbar located via window enumeration (hwnd=0000000000CA263C)
[2025-11-28T16:47:04.338Z][pid 39844][tid 26544] INFO TabBand::RunBackgroundInitialization begin (this=000000000B7354E0, seq=1)
[2025-11-28T16:47:04.338Z][pid 39844][tid 11304] INFO TabBand::SetSite completed successfully
[2025-11-28T16:47:04.338Z][pid 39844][tid 20728] INFO Installed breadcrumb gradient subclass on hwnd=0000000000CA263C
[2025-11-28T16:47:04.339Z][pid 39844][tid 26544] INFO TabBand session crash marker created
[2025-11-28T16:47:04.339Z][pid 39844][tid 26544] INFO SessionStore restored snapshot from C:\Users\ben\AppData\Roaming\ShellTabs\session-F37898CD-63A1-4376-8584-D686941CDD4D.db (primary)
[2025-11-28T16:47:04.341Z][pid 39844][tid 20728] INFO Installed progress gradient subclass on hwnd=0000000001260980
[2025-11-28T16:47:04.342Z][pid 39844][tid 20728] INFO Cleared Open In New Tab pending state
[2025-11-28T16:47:04.352Z][pid 39844][tid 11304] INFO CExplorerBHO::SetSite attaching to site=000000000BC05128
[2025-11-28T16:47:04.352Z][pid 39844][tid 11304] INFO Cleared Open In New Tab pending state
[2025-11-28T16:47:04.352Z][pid 39844][tid 11304] INFO EnsureBandVisible: invoking ShowBrowserBar for host=0000000005920662 (attempt 1)
[2025-11-28T16:47:04.352Z][pid 39844][tid 11304] INFO EnsureBandVisible: ShowBrowserBar succeeded for host=0000000005920662 on attempt 1
[2025-11-28T16:47:04.352Z][pid 39844][tid 11304] INFO Installed progress gradient subclass on hwnd=0000000000A427E0
[2025-11-28T16:47:04.353Z][pid 39844][tid 11304] INFO Installed travel band subclass (band=0000000001C927E8 toolbar=0000000001621FFA)
[2025-11-28T16:47:04.353Z][pid 39844][tid 11304] INFO Breadcrumb CBT hook installed for thread 11304
[2025-11-28T16:47:04.353Z][pid 39844][tid 11304] INFO Breadcrumb gradients enabled; locating toolbar (installed=0 background=0 text=1)
[2025-11-28T16:47:04.353Z][pid 39844][tid 11304] INFO Breadcrumb QueryService(IShellBrowser) failed: 0x80004001
[2025-11-28T16:47:04.353Z][pid 39844][tid 11304] INFO Breadcrumb ribbon frame discovered via IShellBrowser (hwnd=00000000084527AC)
[2025-11-28T16:47:04.353Z][pid 39844][tid 11304] INFO Breadcrumb toolbar located via deep enumeration (hwnd=00000000010C2464)
[2025-11-28T16:47:04.353Z][pid 39844][tid 11304] INFO Installed breadcrumb gradient subclass on hwnd=00000000010C2464
[2025-11-28T16:47:04.353Z][pid 39844][tid 11304] INFO Installed progress gradient subclass on hwnd=0000000000A427E0
[2025-11-28T16:47:04.354Z][pid 39844][tid 11304] INFO Breadcrumb gradients enabled; locating toolbar (installed=1 background=0 text=1)
[2025-11-28T16:47:04.354Z][pid 39844][tid 11304] INFO Breadcrumb QueryService(IShellBrowser) failed: 0x80004001
[2025-11-28T16:47:04.355Z][pid 39844][tid 11304] INFO Breadcrumb ribbon frame discovered via IShellBrowser (hwnd=00000000084527AC)
[2025-11-28T16:47:04.355Z][pid 39844][tid 11304] INFO Breadcrumb toolbar located via deep enumeration (hwnd=00000000010C2464)
[2025-11-28T16:47:04.357Z][pid 39844][tid 11304] INFO Cleared Open In New Tab pending state
[2025-11-28T16:47:04.606Z][pid 39844][tid 11304] INFO TabBand::HandleInitializationResult applying sequence 1
[2025-11-28T16:47:04.614Z][pid 39844][tid 11304] INFO TabBand::RestoreSession loaded 1 groups
[2025-11-28T16:47:04.624Z][pid 39844][tid 11304] INFO TabBand::UpdateTabsUI applying 1 items
[2025-11-28T16:47:04.630Z][pid 39844][tid 11304] INFO Breadcrumb QueryService(IShellBrowser) failed: 0x80004001
[2025-11-28T16:47:04.630Z][pid 39844][tid 11304] INFO Breadcrumb ribbon frame discovered via IShellBrowser (hwnd=00000000084527AC)
[2025-11-28T16:47:04.631Z][pid 39844][tid 11304] INFO Breadcrumb ribbon frame discovered via IWebBrowser2 (hwnd=00000000084527AC)
[2025-11-28T16:47:04.632Z][pid 39844][tid 11304] INFO Breadcrumb toolbar located via window enumeration (hwnd=00000000018032C8)
[2025-11-28T16:47:04.633Z][pid 39844][tid 11304] INFO Installed breadcrumb gradient subclass on hwnd=00000000018032C8
[2025-11-28T16:47:04.635Z][pid 39844][tid 11304] INFO Installed progress gradient subclass on hwnd=0000000000A427E0
[2025-11-28T16:47:04.637Z][pid 39844][tid 11304] INFO Cleared Open In New Tab pending state
[2025-11-28T16:47:04.639Z][pid 39844][tid 29812] INFO TabBand constructed (this=000000000BFE2B80)
[2025-11-28T16:47:04.639Z][pid 39844][tid 29812] INFO TabBand::SetSite begin (this=000000000BFE2B80, site=000000000B349B38)
[2025-11-28T16:47:04.639Z][pid 39844][tid 29812] INFO TabBand::DisconnectSite (this=000000000BFE2B80)
[2025-11-28T16:47:04.639Z][pid 39844][tid 29812] INFO TabBand::EnsureSessionStore resolving storage (this=000000000BFE2B80)
[2025-11-28T16:47:04.639Z][pid 39844][tid 29812] INFO TabBand::EnsureSessionStore window token unavailable; deferring initialization
[2025-11-28T16:47:04.639Z][pid 39844][tid 29812] INFO TabBand::SetSite resolved browser interfaces
[2025-11-28T16:47:04.640Z][pid 39844][tid 29812] INFO TabBand::SetSite EnsureWindow
[2025-11-28T16:47:04.640Z][pid 39844][tid 29812] INFO TabBand::EnsureWindow creating band window (this=000000000BFE2B80)
[2025-11-28T16:47:04.642Z][pid 39844][tid 29812] INFO TabBand::EnsureSessionStore resolving storage (this=000000000BFE2B80)
[2025-11-28T16:47:04.643Z][pid 39844][tid 29812] INFO TabBand::ResolveWindowToken adopted crashed session token CB3144E6-731B-4CB3-B69B-AFB9B206AED8
[2025-11-28T16:47:04.643Z][pid 39844][tid 29812] INFO TabBand::EnsureSessionStore window token CB3144E6-731B-4CB3-B69B-AFB9B206AED8
[2025-11-28T16:47:04.643Z][pid 39844][tid 29812] INFO TabBand::EnsureSessionStore using storage path C:\Users\ben\AppData\Roaming\ShellTabs\session-CB3144E6-731B-4CB3-B69B-AFB9B206AED8.db
[2025-11-28T16:47:04.643Z][pid 39844][tid 29812] INFO TabBand session crash marker created (post-init)
[2025-11-28T16:47:04.649Z][pid 39844][tid 29812] INFO TabBand::EnsureWindow created window hwnd=0000000005DE0224
[2025-11-28T16:47:04.649Z][pid 39844][tid 29812] INFO TabBand::SetSite EnsureSessionStore
[2025-11-28T16:47:04.649Z][pid 39844][tid 29812] INFO TabBand::SetSite BrowserEvents connected
[2025-11-28T16:47:04.649Z][pid 39844][tid 29812] INFO TabBand::SetSite InitializeTabs
[2025-11-28T16:47:04.649Z][pid 39844][tid 29812] INFO TabBand::InitializeTabs - begin
[2025-11-28T16:47:04.649Z][pid 39844][tid 29812] INFO TabBand::InitializeTabs - end
[2025-11-28T16:47:04.649Z][pid 39844][tid 29812] INFO TabBand::SetSite UpdateTabsUI (initial)
[2025-11-28T16:47:04.650Z][pid 39844][tid 29812] INFO TabBand::UpdateTabsUI applying 1 items
[2025-11-28T16:47:04.650Z][pid 39844][tid 6188] INFO TabBand::RunBackgroundInitialization begin (this=000000000BFE2B80, seq=1)
[2025-11-28T16:47:04.650Z][pid 39844][tid 29812] INFO TabBand::SetSite completed successfully
[2025-11-28T16:47:04.650Z][pid 39844][tid 6188] INFO TabBand session crash marker created
[2025-11-28T16:47:04.651Z][pid 39844][tid 6188] INFO SessionStore restored snapshot from C:\Users\ben\AppData\Roaming\ShellTabs\session-CB3144E6-731B-4CB3-B69B-AFB9B206AED8.db (primary)
[2025-11-28T16:47:04.669Z][pid 39844][tid 29812] INFO CExplorerBHO::SetSite attaching to site=000000000B56E118
[2025-11-28T16:47:04.669Z][pid 39844][tid 29812] INFO Cleared Open In New Tab pending state
[2025-11-28T16:47:04.669Z][pid 39844][tid 29812] INFO EnsureBandVisible: invoking ShowBrowserBar for host=0000000003BD2880 (attempt 1)
[2025-11-28T16:47:04.669Z][pid 39844][tid 29812] INFO EnsureBandVisible: ShowBrowserBar succeeded for host=0000000003BD2880 on attempt 1
[2025-11-28T16:47:04.670Z][pid 39844][tid 29812] INFO Installed progress gradient subclass on hwnd=00000000009E087E
[2025-11-28T16:47:04.670Z][pid 39844][tid 29812] INFO Installed travel band subclass (band=0000000000BC2E98 toolbar=00000000009F2E46)
[2025-11-28T16:47:04.670Z][pid 39844][tid 29812] INFO Breadcrumb CBT hook installed for thread 29812
[2025-11-28T16:47:04.670Z][pid 39844][tid 29812] INFO Breadcrumb gradients enabled; locating toolbar (installed=0 background=0 text=1)
[2025-11-28T16:47:04.671Z][pid 39844][tid 29812] INFO Breadcrumb QueryService(IShellBrowser) failed: 0x80004001
[2025-11-28T16:47:04.671Z][pid 39844][tid 29812] INFO Breadcrumb ribbon frame discovered via IShellBrowser (hwnd=00000000046F0712)
[2025-11-28T16:47:04.671Z][pid 39844][tid 29812] INFO Breadcrumb toolbar located via deep enumeration (hwnd=000000000207051E)
[2025-11-28T16:47:04.671Z][pid 39844][tid 29812] INFO Installed breadcrumb gradient subclass on hwnd=000000000207051E
[2025-11-28T16:47:04.671Z][pid 39844][tid 29812] INFO Installed progress gradient subclass on hwnd=00000000009E087E
[2025-11-28T16:47:04.672Z][pid 39844][tid 29812] INFO Breadcrumb gradients enabled; locating toolbar (installed=1 background=0 text=1)
[2025-11-28T16:47:04.672Z][pid 39844][tid 29812] INFO Breadcrumb QueryService(IShellBrowser) failed: 0x80004001
[2025-11-28T16:47:04.672Z][pid 39844][tid 29812] INFO Breadcrumb ribbon frame discovered via IShellBrowser (hwnd=00000000046F0712)
[2025-11-28T16:47:04.672Z][pid 39844][tid 29812] INFO Breadcrumb toolbar located via deep enumeration (hwnd=000000000207051E)
[2025-11-28T16:47:04.673Z][pid 39844][tid 29812] INFO Cleared Open In New Tab pending state
[2025-11-28T16:47:04.739Z][pid 39844][tid 20728] INFO TabBand::UpdateTabsUI applying 1 items
[2025-11-28T16:47:04.742Z][pid 39844][tid 20728] INFO Breadcrumb gradients enabled; locating toolbar (installed=1 background=0 text=1)
[2025-11-28T16:47:04.742Z][pid 39844][tid 20728] INFO Breadcrumb QueryService(IShellBrowser) failed: 0x80004001
[2025-11-28T16:47:04.742Z][pid 39844][tid 20728] INFO Breadcrumb ribbon frame discovered via IShellBrowser (hwnd=0000000000E625A4)
[2025-11-28T16:47:04.743Z][pid 39844][tid 20728] INFO Breadcrumb ribbon frame discovered via IWebBrowser2 (hwnd=0000000000E625A4)
[2025-11-28T16:47:04.745Z][pid 39844][tid 20728] INFO Breadcrumb toolbar located via window enumeration (hwnd=0000000000CA263C)
[2025-11-28T16:47:04.748Z][pid 39844][tid 20728] INFO Cleared Open In New Tab pending state
[2025-11-28T16:47:04.748Z][pid 39844][tid 20728] INFO Installed shell view window subclass (view=0000000002FE2474)
[2025-11-28T16:47:04.748Z][pid 39844][tid 20728] INFO Installed explorer frame subclass (frame=0000000000EF262E)
[2025-11-28T16:47:04.748Z][pid 39844][tid 20728] INFO Cleared Open In New Tab pending state
[2025-11-28T16:47:04.748Z][pid 39844][tid 20728] INFO Explorer view base subclass ready (view=0000000002FE2474 frame=0000000000EF262E)
[2025-11-28T16:47:04.749Z][pid 39844][tid 20728] VERBOSE DirectUI IUIElement unavailable (hr=0x80004001)
[2025-11-28T16:47:04.749Z][pid 39844][tid 20728] INFO Installed explorer DirectUI host subclass (direct=0000000002232842)
[2025-11-28T16:47:04.749Z][pid 39844][tid 20728] INFO Installed explorer tree view subclass (tree=0000000002BB27B0)
[2025-11-28T16:47:04.750Z][pid 39844][tid 20728] INFO Explorer pane creation watch armed (view=0000000002FE2474 list=1 tree=0)
[2025-11-28T16:47:04.750Z][pid 39844][tid 20728] INFO Explorer pane fallback timer armed (view=0000000002FE2474 delay=500)
[2025-11-28T16:47:04.750Z][pid 39844][tid 20728] INFO Explorer panes not ready: list view missing (view=0000000002FE2474)
[2025-11-28T16:47:04.750Z][pid 39844][tid 20728] INFO Explorer pane retry timer armed (view=0000000002FE2474 delay=500 attempts=1)
[2025-11-28T16:47:04.751Z][pid 39844][tid 20728] INFO TabBand::UpdateTabsUI applying 1 items
[2025-11-28T16:47:04.752Z][pid 39844][tid 20728] INFO Breadcrumb QueryService(IShellBrowser) failed: 0x80004001
[2025-11-28T16:47:04.753Z][pid 39844][tid 20728] INFO Breadcrumb ribbon frame discovered via IShellBrowser (hwnd=0000000000E625A4)
[2025-11-28T16:47:04.753Z][pid 39844][tid 20728] INFO Breadcrumb ribbon frame discovered via IWebBrowser2 (hwnd=0000000000E625A4)
[2025-11-28T16:47:04.753Z][pid 39844][tid 20728] INFO Breadcrumb toolbar located via window enumeration (hwnd=0000000000CA263C)
[2025-11-28T16:47:04.754Z][pid 39844][tid 20728] INFO Explorer pane creation watch cleared (view=0000000002FE2474)
[2025-11-28T16:47:04.754Z][pid 39844][tid 20728] INFO Cleared Open In New Tab pending state
[2025-11-28T16:47:04.754Z][pid 39844][tid 20728] INFO Installed shell view window subclass (view=0000000002FE2474)
[2025-11-28T16:47:04.754Z][pid 39844][tid 20728] INFO Installed explorer frame subclass (frame=0000000000EF262E)
[2025-11-28T16:47:04.754Z][pid 39844][tid 20728] INFO Cleared Open In New Tab pending state
[2025-11-28T16:47:04.754Z][pid 39844][tid 20728] INFO Explorer view base subclass ready (view=0000000002FE2474 frame=0000000000EF262E)
[2025-11-28T16:47:04.754Z][pid 39844][tid 20728] VERBOSE DirectUI IUIElement unavailable (hr=0x80004001)
[2025-11-28T16:47:04.754Z][pid 39844][tid 20728] INFO Installed explorer DirectUI host subclass (direct=0000000002232842)
[2025-11-28T16:47:04.755Z][pid 39844][tid 20728] INFO Installed explorer tree view subclass (tree=0000000002BB27B0)
[2025-11-28T16:47:04.756Z][pid 39844][tid 20728] INFO Explorer pane creation watch armed (view=0000000002FE2474 list=1 tree=0)
[2025-11-28T16:47:04.757Z][pid 39844][tid 20728] INFO Explorer pane fallback timer armed (view=0000000002FE2474 delay=500)
[2025-11-28T16:47:04.757Z][pid 39844][tid 20728] INFO Explorer panes not ready: list view missing (view=0000000002FE2474)
[2025-11-28T16:47:04.757Z][pid 39844][tid 20728] INFO Explorer pane retry timer armed (view=0000000002FE2474 delay=500 attempts=1)
[2025-11-28T16:47:04.779Z][pid 39844][tid 11304] INFO TabBand::UpdateTabsUI applying 1 items
[2025-11-28T16:47:04.780Z][pid 39844][tid 11304] INFO Breadcrumb gradients enabled; locating toolbar (installed=1 background=0 text=1)
[2025-11-28T16:47:04.780Z][pid 39844][tid 11304] INFO Breadcrumb QueryService(IShellBrowser) failed: 0x80004001
[2025-11-28T16:47:04.780Z][pid 39844][tid 11304] INFO Breadcrumb ribbon frame discovered via IShellBrowser (hwnd=00000000084527AC)
[2025-11-28T16:47:04.780Z][pid 39844][tid 11304] INFO Breadcrumb ribbon frame discovered via IWebBrowser2 (hwnd=00000000084527AC)
[2025-11-28T16:47:04.780Z][pid 39844][tid 11304] INFO Breadcrumb toolbar located via window enumeration (hwnd=00000000018032C8)
[2025-11-28T16:47:04.780Z][pid 39844][tid 11304] INFO Cleared Open In New Tab pending state
[2025-11-28T16:47:04.781Z][pid 39844][tid 11304] INFO Installed shell view window subclass (view=0000000001AF2CB0)
[2025-11-28T16:47:04.781Z][pid 39844][tid 11304] INFO Installed explorer frame subclass (frame=0000000005920662)
[2025-11-28T16:47:04.781Z][pid 39844][tid 11304] INFO Cleared Open In New Tab pending state
[2025-11-28T16:47:04.781Z][pid 39844][tid 11304] INFO Explorer view base subclass ready (view=0000000001AF2CB0 frame=0000000005920662)
[2025-11-28T16:47:04.781Z][pid 39844][tid 11304] VERBOSE DirectUI IUIElement unavailable (hr=0x80004001)
[2025-11-28T16:47:04.781Z][pid 39844][tid 11304] INFO Installed explorer DirectUI host subclass (direct=0000000001EF2830)
[2025-11-28T16:47:04.781Z][pid 39844][tid 11304] INFO Installed explorer tree view subclass (tree=0000000002F0271C)
[2025-11-28T16:47:04.782Z][pid 39844][tid 11304] INFO Explorer pane creation watch armed (view=0000000001AF2CB0 list=1 tree=0)
[2025-11-28T16:47:04.782Z][pid 39844][tid 11304] INFO Explorer pane fallback timer armed (view=0000000001AF2CB0 delay=500)
[2025-11-28T16:47:04.782Z][pid 39844][tid 11304] INFO Explorer panes not ready: list view missing (view=0000000001AF2CB0)
[2025-11-28T16:47:04.782Z][pid 39844][tid 11304] INFO Explorer pane retry timer armed (view=0000000001AF2CB0 delay=500 attempts=1)
[2025-11-28T16:47:04.782Z][pid 39844][tid 11304] INFO TabBand::UpdateTabsUI applying 1 items
[2025-11-28T16:47:04.783Z][pid 39844][tid 11304] INFO Breadcrumb QueryService(IShellBrowser) failed: 0x80004001
[2025-11-28T16:47:04.783Z][pid 39844][tid 11304] INFO Breadcrumb ribbon frame discovered via IShellBrowser (hwnd=00000000084527AC)
[2025-11-28T16:47:04.783Z][pid 39844][tid 11304] INFO Breadcrumb ribbon frame discovered via IWebBrowser2 (hwnd=00000000084527AC)
[2025-11-28T16:47:04.783Z][pid 39844][tid 11304] INFO Breadcrumb toolbar located via window enumeration (hwnd=00000000018032C8)
[2025-11-28T16:47:04.784Z][pid 39844][tid 11304] INFO Explorer pane creation watch cleared (view=0000000001AF2CB0)
[2025-11-28T16:47:04.784Z][pid 39844][tid 20728] INFO TabBand::UpdateTabsUI applying 1 items
[2025-11-28T16:47:04.784Z][pid 39844][tid 11304] INFO Cleared Open In New Tab pending state
[2025-11-28T16:47:04.784Z][pid 39844][tid 11304] INFO Installed shell view window subclass (view=0000000001AF2CB0)
[2025-11-28T16:47:04.784Z][pid 39844][tid 11304] INFO Installed explorer frame subclass (frame=0000000005920662)
[2025-11-28T16:47:04.784Z][pid 39844][tid 11304] INFO Cleared Open In New Tab pending state
[2025-11-28T16:47:04.784Z][pid 39844][tid 11304] INFO Explorer view base subclass ready (view=0000000001AF2CB0 frame=0000000005920662)
[2025-11-28T16:47:04.785Z][pid 39844][tid 11304] VERBOSE DirectUI IUIElement unavailable (hr=0x80004001)
[2025-11-28T16:47:04.785Z][pid 39844][tid 11304] INFO Installed explorer DirectUI host subclass (direct=0000000001EF2830)
[2025-11-28T16:47:04.786Z][pid 39844][tid 11304] INFO Installed explorer tree view subclass (tree=0000000002F0271C)
[2025-11-28T16:47:04.790Z][pid 39844][tid 11304] INFO Explorer pane creation watch armed (view=0000000001AF2CB0 list=1 tree=0)
[2025-11-28T16:47:04.790Z][pid 39844][tid 11304] INFO Explorer pane fallback timer armed (view=0000000001AF2CB0 delay=500)
[2025-11-28T16:47:04.791Z][pid 39844][tid 11304] INFO Explorer panes not ready: list view missing (view=0000000001AF2CB0)
[2025-11-28T16:47:04.791Z][pid 39844][tid 11304] INFO Explorer pane retry timer armed (view=0000000001AF2CB0 delay=500 attempts=1)
[2025-11-28T16:47:04.791Z][pid 39844][tid 20728] INFO TabBand::UpdateTabsUI applying 1 items
[2025-11-28T16:47:04.792Z][pid 39844][tid 20728] INFO Breadcrumb QueryService(IShellBrowser) failed: 0x80004001
[2025-11-28T16:47:04.793Z][pid 39844][tid 20728] INFO Breadcrumb ribbon frame discovered via IShellBrowser (hwnd=0000000000E625A4)
[2025-11-28T16:47:04.793Z][pid 39844][tid 20728] INFO Breadcrumb ribbon frame discovered via IWebBrowser2 (hwnd=0000000000E625A4)
[2025-11-28T16:47:04.794Z][pid 39844][tid 20728] INFO Breadcrumb toolbar located via window enumeration (hwnd=0000000000CA263C)
[2025-11-28T16:47:04.795Z][pid 39844][tid 20728] INFO Explorer pane creation watch cleared (view=0000000002FE2474)
[2025-11-28T16:47:04.795Z][pid 39844][tid 20728] INFO Cleared Open In New Tab pending state
[2025-11-28T16:47:04.795Z][pid 39844][tid 20728] INFO Installed shell view window subclass (view=0000000002FE2474)
[2025-11-28T16:47:04.795Z][pid 39844][tid 20728] INFO Installed explorer frame subclass (frame=0000000000EF262E)
[2025-11-28T16:47:04.795Z][pid 39844][tid 20728] INFO Cleared Open In New Tab pending state
[2025-11-28T16:47:04.795Z][pid 39844][tid 20728] INFO Explorer view base subclass ready (view=0000000002FE2474 frame=0000000000EF262E)
[2025-11-28T16:47:04.795Z][pid 39844][tid 20728] VERBOSE DirectUI IUIElement unavailable (hr=0x80004001)
[2025-11-28T16:47:04.796Z][pid 39844][tid 20728] INFO Installed explorer DirectUI host subclass (direct=0000000002232842)
[2025-11-28T16:47:04.796Z][pid 39844][tid 20728] INFO Installed explorer tree view subclass (tree=0000000002BB27B0)
[2025-11-28T16:47:04.797Z][pid 39844][tid 20728] INFO Explorer pane creation watch armed (view=0000000002FE2474 list=1 tree=0)
[2025-11-28T16:47:04.798Z][pid 39844][tid 20728] INFO Explorer pane fallback timer armed (view=0000000002FE2474 delay=500)
[2025-11-28T16:47:04.798Z][pid 39844][tid 20728] INFO Explorer panes not ready: list view missing (view=0000000002FE2474)
[2025-11-28T16:47:04.798Z][pid 39844][tid 20728] INFO Explorer pane retry timer armed (view=0000000002FE2474 delay=500 attempts=1)
[2025-11-28T16:47:04.801Z][pid 39844][tid 11304] INFO TabBand::UpdateTabsUI applying 1 items
[2025-11-28T16:47:04.815Z][pid 39844][tid 20728] INFO Installed explorer list host subclass (host=0000000000EF262E)
[2025-11-28T16:47:04.816Z][pid 39844][tid 20728] INFO Installed explorer list host subclass (host=0000000001872748)
[2025-11-28T16:47:04.816Z][pid 39844][tid 20728] INFO Installed explorer list host subclass (host=00000000019B32BC)
[2025-11-28T16:47:04.816Z][pid 39844][tid 11304] INFO TabBand::UpdateTabsUI applying 1 items
[2025-11-28T16:47:04.816Z][pid 39844][tid 20728] INFO Installed explorer list host subclass (host=0000000000E625A4)
[2025-11-28T16:47:04.817Z][pid 39844][tid 20728] INFO Installed explorer list host subclass (host=0000000000690948)
[2025-11-28T16:47:04.818Z][pid 39844][tid 11304] INFO Breadcrumb QueryService(IShellBrowser) failed: 0x80004001
[2025-11-28T16:47:04.818Z][pid 39844][tid 11304] INFO Breadcrumb ribbon frame discovered via IShellBrowser (hwnd=00000000084527AC)
[2025-11-28T16:47:04.819Z][pid 39844][tid 11304] INFO Breadcrumb ribbon frame discovered via IWebBrowser2 (hwnd=00000000084527AC)
[2025-11-28T16:47:04.819Z][pid 39844][tid 11304] INFO Breadcrumb toolbar located via window enumeration (hwnd=00000000018032C8)
[2025-11-28T16:47:04.821Z][pid 39844][tid 11304] INFO Explorer pane creation watch cleared (view=0000000001AF2CB0)
[2025-11-28T16:47:04.821Z][pid 39844][tid 11304] INFO Cleared Open In New Tab pending state
[2025-11-28T16:47:04.821Z][pid 39844][tid 11304] INFO Installed shell view window subclass (view=0000000001AF2CB0)
[2025-11-28T16:47:04.822Z][pid 39844][tid 11304] INFO Installed explorer frame subclass (frame=0000000005920662)
[2025-11-28T16:47:04.822Z][pid 39844][tid 11304] INFO Cleared Open In New Tab pending state
[2025-11-28T16:47:04.822Z][pid 39844][tid 11304] INFO Explorer view base subclass ready (view=0000000001AF2CB0 frame=0000000005920662)
[2025-11-28T16:47:04.822Z][pid 39844][tid 11304] VERBOSE DirectUI IUIElement unavailable (hr=0x80004001)
[2025-11-28T16:47:04.822Z][pid 39844][tid 11304] INFO Installed explorer DirectUI host subclass (direct=0000000001EF2830)
[2025-11-28T16:47:04.823Z][pid 39844][tid 11304] INFO Installed explorer tree view subclass (tree=0000000002F0271C)
[2025-11-28T16:47:04.825Z][pid 39844][tid 11304] INFO Explorer pane creation watch armed (view=0000000001AF2CB0 list=1 tree=0)
[2025-11-28T16:47:04.825Z][pid 39844][tid 11304] INFO Explorer pane fallback timer armed (view=0000000001AF2CB0 delay=500)
[2025-11-28T16:47:04.825Z][pid 39844][tid 11304] INFO Explorer panes not ready: list view missing (view=0000000001AF2CB0)
[2025-11-28T16:47:04.826Z][pid 39844][tid 11304] INFO Explorer pane retry timer armed (view=0000000001AF2CB0 delay=500 attempts=1)
[2025-11-28T16:47:04.838Z][pid 39844][tid 11304] INFO Installed explorer list host subclass (host=0000000005920662)
[2025-11-28T16:47:04.838Z][pid 39844][tid 11304] INFO Installed explorer list host subclass (host=000000000131328E)
[2025-11-28T16:47:04.839Z][pid 39844][tid 11304] INFO Installed explorer list host subclass (host=0000000000CD278A)
[2025-11-28T16:47:04.839Z][pid 39844][tid 11304] INFO Installed explorer list host subclass (host=00000000084527AC)
[2025-11-28T16:47:04.839Z][pid 39844][tid 11304] INFO Installed explorer list host subclass (host=0000000001D82802)
[2025-11-28T16:47:04.857Z][pid 39844][tid 20728] INFO Explorer pane creation watch armed (view=0000000002FE2474 list=1 tree=1)
[2025-11-28T16:47:04.857Z][pid 39844][tid 20728] INFO Explorer panes not ready: tree view missing (view=0000000002FE2474)
[2025-11-28T16:47:04.866Z][pid 39844][tid 20728] INFO Cleared Open In New Tab pending state
[2025-11-28T16:47:04.867Z][pid 39844][tid 20728] INFO CExplorerBHO::SetSite detaching from site
[2025-11-28T16:47:04.867Z][pid 39844][tid 20728] INFO Breadcrumb CBT hook removed for thread 20728
[2025-11-28T16:47:04.868Z][pid 39844][tid 20728] INFO Explorer pane creation watch cleared (view=0000000000000000)
[2025-11-28T16:47:04.869Z][pid 39844][tid 20728] INFO Cleared Open In New Tab pending state
[2025-11-28T16:47:04.869Z][pid 39844][tid 20728] INFO Cleared Open In New Tab pending state
[2025-11-28T16:47:04.871Z][pid 39844][tid 20728] INFO TabBand::DisconnectSite (this=000000000BB32FD0)
[2025-11-28T16:47:04.878Z][pid 39844][tid 20728] INFO TabBand::SetSite begin (this=000000000BB32FD0, site=0000000000000000)
[2025-11-28T16:47:04.878Z][pid 39844][tid 20728] INFO TabBand::SetSite site unchanged
[2025-11-28T16:47:04.878Z][pid 39844][tid 20728] INFO TabBand destroyed (this=000000000BB32FD0)
[2025-11-28T16:47:04.878Z][pid 39844][tid 20728] INFO TabBand::DisconnectSite (this=000000000BB32FD0)
[2025-11-28T16:47:04.878Z][pid 39844][tid 20728] INFO TabBand::EnsureSessionStore resolving storage (this=000000000BB32FD0)
[2025-11-28T16:47:04.878Z][pid 39844][tid 20728] INFO TabBand::EnsureSessionStore window token unavailable; deferring initialization
[2025-11-28T16:47:04.883Z][pid 39844][tid 11304] INFO Explorer pane creation watch armed (view=0000000001AF2CB0 list=1 tree=1)
[2025-11-28T16:47:04.883Z][pid 39844][tid 11304] INFO Explorer panes not ready: tree view missing (view=0000000001AF2CB0)
[2025-11-28T16:47:04.893Z][pid 39844][tid 11304] INFO Cleared Open In New Tab pending state
[2025-11-28T16:47:04.895Z][pid 39844][tid 11304] INFO CExplorerBHO::SetSite detaching from site
[2025-11-28T16:47:04.895Z][pid 39844][tid 11304] INFO Breadcrumb CBT hook removed for thread 11304
[2025-11-28T16:47:04.895Z][pid 39844][tid 11304] INFO Explorer pane creation watch cleared (view=0000000000000000)
[2025-11-28T16:47:04.895Z][pid 39844][tid 11304] INFO Cleared Open In New Tab pending state
[2025-11-28T16:47:04.896Z][pid 39844][tid 11304] INFO Cleared Open In New Tab pending state
[2025-11-28T16:47:04.898Z][pid 39844][tid 11304] INFO TabBand::DisconnectSite (this=000000000B7354E0)
[2025-11-28T16:47:04.903Z][pid 39844][tid 11304] INFO TabBand::SetSite begin (this=000000000B7354E0, site=0000000000000000)
[2025-11-28T16:47:04.903Z][pid 39844][tid 11304] INFO TabBand::SetSite site unchanged
[2025-11-28T16:47:04.903Z][pid 39844][tid 11304] INFO TabBand destroyed (this=000000000B7354E0)
[2025-11-28T16:47:04.903Z][pid 39844][tid 11304] INFO TabBand::DisconnectSite (this=000000000B7354E0)
[2025-11-28T16:47:04.903Z][pid 39844][tid 11304] INFO TabBand::EnsureSessionStore resolving storage (this=000000000B7354E0)
[2025-11-28T16:47:04.903Z][pid 39844][tid 11304] INFO TabBand::EnsureSessionStore window token unavailable; deferring initialization
[2025-11-28T16:47:04.915Z][pid 39844][tid 29812] INFO TabBand::HandleInitializationResult applying sequence 1
[2025-11-28T16:47:04.919Z][pid 39844][tid 29812] INFO TabBand::RestoreSession loaded 2 groups
[2025-11-28T16:47:04.927Z][pid 39844][tid 29812] INFO TabBand::UpdateTabsUI applying 7 items
[2025-11-28T16:47:04.930Z][pid 39844][tid 29812] INFO Breadcrumb QueryService(IShellBrowser) failed: 0x80004001
[2025-11-28T16:47:04.930Z][pid 39844][tid 29812] INFO Breadcrumb ribbon frame discovered via IShellBrowser (hwnd=00000000046F0712)
[2025-11-28T16:47:04.931Z][pid 39844][tid 29812] INFO Breadcrumb ribbon frame discovered via IWebBrowser2 (hwnd=00000000046F0712)
[2025-11-28T16:47:04.932Z][pid 39844][tid 29812] INFO Breadcrumb toolbar located via window enumeration (hwnd=0000000003C81810)
[2025-11-28T16:47:04.933Z][pid 39844][tid 29812] INFO Installed breadcrumb gradient subclass on hwnd=0000000003C81810
[2025-11-28T16:47:04.933Z][pid 39844][tid 29812] INFO Installed progress gradient subclass on hwnd=00000000009E087E
[2025-11-28T16:47:04.934Z][pid 39844][tid 29812] INFO Cleared Open In New Tab pending state
[2025-11-28T16:47:05.070Z][pid 39844][tid 29812] INFO TabBand::UpdateTabsUI applying 7 items
[2025-11-28T16:47:05.071Z][pid 39844][tid 29812] INFO Breadcrumb gradients enabled; locating toolbar (installed=1 background=0 text=1)
[2025-11-28T16:47:05.071Z][pid 39844][tid 29812] INFO Breadcrumb QueryService(IShellBrowser) failed: 0x80004001
[2025-11-28T16:47:05.071Z][pid 39844][tid 29812] INFO Breadcrumb ribbon frame discovered via IShellBrowser (hwnd=00000000046F0712)
[2025-11-28T16:47:05.071Z][pid 39844][tid 29812] INFO Breadcrumb ribbon frame discovered via IWebBrowser2 (hwnd=00000000046F0712)
[2025-11-28T16:47:05.072Z][pid 39844][tid 29812] INFO Breadcrumb toolbar located via window enumeration (hwnd=0000000003C81810)
[2025-11-28T16:47:05.072Z][pid 39844][tid 29812] INFO Cleared Open In New Tab pending state
[2025-11-28T16:47:05.072Z][pid 39844][tid 29812] INFO Installed shell view window subclass (view=00000000024C05AA)
[2025-11-28T16:47:05.072Z][pid 39844][tid 29812] INFO Installed explorer frame subclass (frame=0000000003BD2880)
[2025-11-28T16:47:05.072Z][pid 39844][tid 29812] INFO Cleared Open In New Tab pending state
[2025-11-28T16:47:05.072Z][pid 39844][tid 29812] INFO Explorer view base subclass ready (view=00000000024C05AA frame=0000000003BD2880)
[2025-11-28T16:47:05.072Z][pid 39844][tid 29812] VERBOSE DirectUI IUIElement unavailable (hr=0x80004001)
[2025-11-28T16:47:05.073Z][pid 39844][tid 29812] INFO Installed explorer DirectUI host subclass (direct=0000000005930662)
[2025-11-28T16:47:05.073Z][pid 39844][tid 29812] INFO Installed explorer tree view subclass (tree=00000000026724AE)
[2025-11-28T16:47:05.073Z][pid 39844][tid 29812] INFO Explorer pane creation watch armed (view=00000000024C05AA list=1 tree=0)
[2025-11-28T16:47:05.074Z][pid 39844][tid 29812] INFO Explorer pane fallback timer armed (view=00000000024C05AA delay=500)
[2025-11-28T16:47:05.074Z][pid 39844][tid 29812] INFO Explorer panes not ready: list view missing (view=00000000024C05AA)
[2025-11-28T16:47:05.074Z][pid 39844][tid 29812] INFO Explorer pane retry timer armed (view=00000000024C05AA delay=500 attempts=1)
[2025-11-28T16:47:05.074Z][pid 39844][tid 29812] INFO TabBand::UpdateTabsUI applying 7 items
[2025-11-28T16:47:05.074Z][pid 39844][tid 29812] INFO Breadcrumb QueryService(IShellBrowser) failed: 0x80004001
[2025-11-28T16:47:05.074Z][pid 39844][tid 29812] INFO Breadcrumb ribbon frame discovered via IShellBrowser (hwnd=00000000046F0712)
[2025-11-28T16:47:05.075Z][pid 39844][tid 29812] INFO Breadcrumb ribbon frame discovered via IWebBrowser2 (hwnd=00000000046F0712)
[2025-11-28T16:47:05.075Z][pid 39844][tid 29812] INFO Breadcrumb toolbar located via window enumeration (hwnd=0000000003C81810)
[2025-11-28T16:47:05.075Z][pid 39844][tid 29812] INFO Explorer pane creation watch cleared (view=00000000024C05AA)
[2025-11-28T16:47:05.075Z][pid 39844][tid 29812] INFO Cleared Open In New Tab pending state
[2025-11-28T16:47:05.076Z][pid 39844][tid 29812] INFO Installed shell view window subclass (view=00000000024C05AA)
[2025-11-28T16:47:05.076Z][pid 39844][tid 29812] INFO Installed explorer frame subclass (frame=0000000003BD2880)
[2025-11-28T16:47:05.076Z][pid 39844][tid 29812] INFO Cleared Open In New Tab pending state
[2025-11-28T16:47:05.076Z][pid 39844][tid 29812] INFO Explorer view base subclass ready (view=00000000024C05AA frame=0000000003BD2880)
[2025-11-28T16:47:05.076Z][pid 39844][tid 29812] VERBOSE DirectUI IUIElement unavailable (hr=0x80004001)
[2025-11-28T16:47:05.076Z][pid 39844][tid 29812] INFO Installed explorer DirectUI host subclass (direct=0000000005930662)
[2025-11-28T16:47:05.076Z][pid 39844][tid 29812] INFO Installed explorer tree view subclass (tree=00000000026724AE)
[2025-11-28T16:47:05.077Z][pid 39844][tid 29812] INFO Explorer pane creation watch armed (view=00000000024C05AA list=1 tree=0)
[2025-11-28T16:47:05.077Z][pid 39844][tid 29812] INFO Explorer pane fallback timer armed (view=00000000024C05AA delay=500)
[2025-11-28T16:47:05.077Z][pid 39844][tid 29812] INFO Explorer panes not ready: list view missing (view=00000000024C05AA)
[2025-11-28T16:47:05.077Z][pid 39844][tid 29812] INFO Explorer pane retry timer armed (view=00000000024C05AA delay=500 attempts=1)
[2025-11-28T16:47:05.098Z][pid 39844][tid 29812] INFO TabBand::UpdateTabsUI applying 7 items
[2025-11-28T16:47:05.110Z][pid 39844][tid 29812] INFO TabBand::UpdateTabsUI applying 7 items
[2025-11-28T16:47:05.111Z][pid 39844][tid 29812] INFO Breadcrumb QueryService(IShellBrowser) failed: 0x80004001
[2025-11-28T16:47:05.112Z][pid 39844][tid 29812] INFO Breadcrumb ribbon frame discovered via IShellBrowser (hwnd=00000000046F0712)
[2025-11-28T16:47:05.112Z][pid 39844][tid 29812] INFO Breadcrumb ribbon frame discovered via IWebBrowser2 (hwnd=00000000046F0712)
[2025-11-28T16:47:05.113Z][pid 39844][tid 29812] INFO Breadcrumb toolbar located via window enumeration (hwnd=0000000003C81810)
[2025-11-28T16:47:05.113Z][pid 39844][tid 29812] INFO Explorer pane creation watch cleared (view=00000000024C05AA)
[2025-11-28T16:47:05.113Z][pid 39844][tid 29812] INFO Cleared Open In New Tab pending state
[2025-11-28T16:47:05.113Z][pid 39844][tid 29812] INFO Installed shell view window subclass (view=00000000024C05AA)
[2025-11-28T16:47:05.113Z][pid 39844][tid 29812] INFO Installed explorer frame subclass (frame=0000000003BD2880)
[2025-11-28T16:47:05.113Z][pid 39844][tid 29812] INFO Cleared Open In New Tab pending state
[2025-11-28T16:47:05.114Z][pid 39844][tid 29812] INFO Explorer view base subclass ready (view=00000000024C05AA frame=0000000003BD2880)
[2025-11-28T16:47:05.114Z][pid 39844][tid 29812] VERBOSE DirectUI IUIElement unavailable (hr=0x80004001)
[2025-11-28T16:47:05.114Z][pid 39844][tid 29812] INFO Installed explorer DirectUI host subclass (direct=0000000005930662)
[2025-11-28T16:47:05.114Z][pid 39844][tid 29812] INFO Installed explorer tree view subclass (tree=00000000026724AE)
[2025-11-28T16:47:05.114Z][pid 39844][tid 29812] INFO Explorer pane creation watch armed (view=00000000024C05AA list=1 tree=0)
[2025-11-28T16:47:05.115Z][pid 39844][tid 29812] INFO Explorer pane fallback timer armed (view=00000000024C05AA delay=500)
[2025-11-28T16:47:05.115Z][pid 39844][tid 29812] INFO Explorer panes not ready: list view missing (view=00000000024C05AA)
[2025-11-28T16:47:05.115Z][pid 39844][tid 29812] INFO Explorer pane retry timer armed (view=00000000024C05AA delay=500 attempts=1)
[2025-11-28T16:47:05.123Z][pid 39844][tid 29812] INFO Installed explorer list host subclass (host=0000000003BD2880)
[2025-11-28T16:47:05.123Z][pid 39844][tid 29812] INFO Installed explorer list host subclass (host=000000000066267E)
[2025-11-28T16:47:05.124Z][pid 39844][tid 29812] INFO Installed explorer list host subclass (host=00000000016D278E)
[2025-11-28T16:47:05.125Z][pid 39844][tid 29812] INFO Installed explorer list host subclass (host=00000000046F0712)
[2025-11-28T16:47:05.125Z][pid 39844][tid 29812] INFO Installed explorer list host subclass (host=00000000019632B2)
[2025-11-28T16:47:05.150Z][pid 39844][tid 29812] INFO Explorer pane creation watch armed (view=00000000024C05AA list=1 tree=1)
[2025-11-28T16:47:05.150Z][pid 39844][tid 29812] INFO Explorer panes not ready: tree view missing (view=00000000024C05AA)
[2025-11-28T16:47:05.152Z][pid 39844][tid 29812] INFO Cleared Open In New Tab pending state
[2025-11-28T16:47:05.154Z][pid 39844][tid 29812] INFO CExplorerBHO::SetSite detaching from site
[2025-11-28T16:47:05.154Z][pid 39844][tid 29812] INFO Breadcrumb CBT hook removed for thread 29812
[2025-11-28T16:47:05.154Z][pid 39844][tid 29812] INFO Explorer pane creation watch cleared (view=0000000000000000)
[2025-11-28T16:47:05.154Z][pid 39844][tid 29812] INFO Cleared Open In New Tab pending state
[2025-11-28T16:47:05.155Z][pid 39844][tid 29812] INFO Cleared Open In New Tab pending state
[2025-11-28T16:47:05.158Z][pid 39844][tid 29812] INFO TabBand::DisconnectSite (this=000000000BFE2B80)
[2025-11-28T16:47:05.159Z][pid 39844][tid 29812] INFO TabBand::SetSite begin (this=000000000BFE2B80, site=0000000000000000)
[2025-11-28T16:47:05.159Z][pid 39844][tid 29812] INFO TabBand::SetSite site unchanged
[2025-11-28T16:47:05.159Z][pid 39844][tid 29812] INFO TabBand destroyed (this=000000000BFE2B80)
[2025-11-28T16:47:05.159Z][pid 39844][tid 29812] INFO TabBand::DisconnectSite (this=000000000BFE2B80)
[2025-11-28T16:47:05.159Z][pid 39844][tid 29812] INFO TabBand::EnsureSessionStore resolving storage (this=000000000BFE2B80)
[2025-11-28T16:47:05.159Z][pid 39844][tid 29812] INFO TabBand::EnsureSessionStore window token unavailable; deferring initialization
[2025-11-28T16:47:06.460Z][pid 39844][tid 20728] INFO TabBand constructed (this=000000000C2A4840)
[2025-11-28T16:47:06.460Z][pid 39844][tid 20728] INFO TabBand::SetSite begin (this=000000000C2A4840, site=000000000B348D98)
[2025-11-28T16:47:06.460Z][pid 39844][tid 20728] INFO TabBand::DisconnectSite (this=000000000C2A4840)
[2025-11-28T16:47:06.460Z][pid 39844][tid 20728] INFO TabBand::EnsureSessionStore resolving storage (this=000000000C2A4840)
[2025-11-28T16:47:06.460Z][pid 39844][tid 20728] INFO TabBand::EnsureSessionStore window token unavailable; deferring initialization
[2025-11-28T16:47:06.461Z][pid 39844][tid 20728] INFO TabBand::SetSite resolved browser interfaces
[2025-11-28T16:47:06.461Z][pid 39844][tid 20728] INFO TabBand::SetSite EnsureWindow
[2025-11-28T16:47:06.461Z][pid 39844][tid 20728] INFO TabBand::EnsureWindow creating band window (this=000000000C2A4840)
[2025-11-28T16:47:06.463Z][pid 39844][tid 20728] INFO TabBand::EnsureSessionStore resolving storage (this=000000000C2A4840)
[2025-11-28T16:47:06.463Z][pid 39844][tid 20728] INFO TabBand::ResolveWindowToken adopted crashed session token 617EBA74-812B-4ECB-9538-573BB4981ED1
[2025-11-28T16:47:06.463Z][pid 39844][tid 20728] INFO TabBand::EnsureSessionStore window token 617EBA74-812B-4ECB-9538-573BB4981ED1
[2025-11-28T16:47:06.463Z][pid 39844][tid 20728] INFO TabBand::EnsureSessionStore using storage path C:\Users\ben\AppData\Roaming\ShellTabs\session-617EBA74-812B-4ECB-9538-573BB4981ED1.db
[2025-11-28T16:47:06.464Z][pid 39844][tid 20728] INFO TabBand session crash marker created (post-init)
[2025-11-28T16:47:06.465Z][pid 39844][tid 20728] INFO TabBand::EnsureWindow created window hwnd=0000000001EA048A
[2025-11-28T16:47:06.465Z][pid 39844][tid 20728] INFO TabBand::SetSite EnsureSessionStore
[2025-11-28T16:47:06.465Z][pid 39844][tid 20728] INFO TabBand::SetSite BrowserEvents connected
[2025-11-28T16:47:06.465Z][pid 39844][tid 20728] INFO TabBand::SetSite InitializeTabs
[2025-11-28T16:47:06.465Z][pid 39844][tid 20728] INFO TabBand::InitializeTabs - begin
[2025-11-28T16:47:06.466Z][pid 39844][tid 20728] INFO TabBand::InitializeTabs - end
[2025-11-28T16:47:06.466Z][pid 39844][tid 20728] INFO TabBand::SetSite UpdateTabsUI (initial)
[2025-11-28T16:47:06.466Z][pid 39844][tid 20728] INFO TabBand::UpdateTabsUI applying 1 items
[2025-11-28T16:47:06.466Z][pid 39844][tid 20728] INFO TabBand::SetSite completed successfully
[2025-11-28T16:47:06.466Z][pid 39844][tid 27052] INFO TabBand::RunBackgroundInitialization begin (this=000000000C2A4840, seq=1)
[2025-11-28T16:47:06.466Z][pid 39844][tid 27052] INFO TabBand session crash marker created
[2025-11-28T16:47:06.467Z][pid 39844][tid 27052] INFO SessionStore restored snapshot from C:\Users\ben\AppData\Roaming\ShellTabs\session-617EBA74-812B-4ECB-9538-573BB4981ED1.db (primary)
[2025-11-28T16:47:06.475Z][pid 39844][tid 20728] INFO CExplorerBHO::SetSite attaching to site=000000000B3A0E08
[2025-11-28T16:47:06.476Z][pid 39844][tid 20728] INFO Cleared Open In New Tab pending state
[2025-11-28T16:47:06.476Z][pid 39844][tid 20728] INFO EnsureBandVisible: invoking ShowBrowserBar for host=0000000006052E3E (attempt 1)
[2025-11-28T16:47:06.479Z][pid 39844][tid 20728] INFO EnsureBandVisible: ShowBrowserBar succeeded for host=0000000006052E3E on attempt 1
[2025-11-28T16:47:06.480Z][pid 39844][tid 20728] INFO Installed progress gradient subclass on hwnd=0000000003742E4A
[2025-11-28T16:47:06.480Z][pid 39844][tid 20728] INFO Installed travel band subclass (band=0000000002DA019E toolbar=00000000033005DE)
[2025-11-28T16:47:06.480Z][pid 39844][tid 20728] INFO Breadcrumb CBT hook installed for thread 20728
[2025-11-28T16:47:06.480Z][pid 39844][tid 20728] INFO Breadcrumb gradients enabled; locating toolbar (installed=0 background=0 text=1)
[2025-11-28T16:47:06.480Z][pid 39844][tid 20728] INFO Breadcrumb QueryService(IShellBrowser) failed: 0x80004001
[2025-11-28T16:47:06.480Z][pid 39844][tid 20728] INFO Breadcrumb ribbon frame discovered via IShellBrowser (hwnd=00000000036A283A)
[2025-11-28T16:47:06.480Z][pid 39844][tid 20728] INFO Breadcrumb toolbar located via deep enumeration (hwnd=0000000001B126FC)
[2025-11-28T16:47:06.480Z][pid 39844][tid 20728] INFO Installed breadcrumb gradient subclass on hwnd=0000000001B126FC
[2025-11-28T16:47:06.481Z][pid 39844][tid 20728] INFO Installed progress gradient subclass on hwnd=0000000003742E4A
[2025-11-28T16:47:06.481Z][pid 39844][tid 20728] INFO Breadcrumb gradients enabled; locating toolbar (installed=1 background=0 text=1)
[2025-11-28T16:47:06.481Z][pid 39844][tid 20728] INFO Breadcrumb QueryService(IShellBrowser) failed: 0x80004001
[2025-11-28T16:47:06.481Z][pid 39844][tid 20728] INFO Breadcrumb ribbon frame discovered via IShellBrowser (hwnd=00000000036A283A)
[2025-11-28T16:47:06.481Z][pid 39844][tid 20728] INFO Breadcrumb toolbar located via deep enumeration (hwnd=0000000001B126FC)
[2025-11-28T16:47:06.481Z][pid 39844][tid 20728] INFO Cleared Open In New Tab pending state
[2025-11-28T16:47:06.587Z][pid 39844][tid 20728] INFO TabBand::HandleInitializationResult applying sequence 1
[2025-11-28T16:47:06.587Z][pid 39844][tid 20728] INFO TabBand::RestoreSession loaded 1 groups
[2025-11-28T16:47:06.588Z][pid 39844][tid 20728] INFO TabBand::UpdateTabsUI applying 1 items
[2025-11-28T16:47:06.588Z][pid 39844][tid 20728] INFO Breadcrumb QueryService(IShellBrowser) failed: 0x80004001
[2025-11-28T16:47:06.588Z][pid 39844][tid 20728] INFO Breadcrumb ribbon frame discovered via IShellBrowser (hwnd=00000000036A283A)
[2025-11-28T16:47:06.589Z][pid 39844][tid 20728] INFO Breadcrumb ribbon frame discovered via IWebBrowser2 (hwnd=00000000036A283A)
[2025-11-28T16:47:06.589Z][pid 39844][tid 20728] INFO Breadcrumb toolbar located via window enumeration (hwnd=0000000000A02E46)
[2025-11-28T16:47:06.589Z][pid 39844][tid 20728] INFO Installed breadcrumb gradient subclass on hwnd=0000000000A02E46
[2025-11-28T16:47:06.589Z][pid 39844][tid 20728] INFO Installed progress gradient subclass on hwnd=0000000003742E4A
[2025-11-28T16:47:06.589Z][pid 39844][tid 20728] INFO Cleared Open In New Tab pending state
[2025-11-28T16:47:06.684Z][pid 39844][tid 20728] INFO TabBand::UpdateTabsUI applying 1 items
[2025-11-28T16:47:06.685Z][pid 39844][tid 20728] INFO Breadcrumb gradients enabled; locating toolbar (installed=1 background=0 text=1)
[2025-11-28T16:47:06.685Z][pid 39844][tid 20728] INFO Breadcrumb QueryService(IShellBrowser) failed: 0x80004001
[2025-11-28T16:47:06.685Z][pid 39844][tid 20728] INFO Breadcrumb ribbon frame discovered via IShellBrowser (hwnd=00000000036A283A)
[2025-11-28T16:47:06.685Z][pid 39844][tid 20728] INFO Breadcrumb ribbon frame discovered via IWebBrowser2 (hwnd=00000000036A283A)
[2025-11-28T16:47:06.685Z][pid 39844][tid 20728] INFO Breadcrumb toolbar located via window enumeration (hwnd=0000000000A02E46)
[2025-11-28T16:47:06.685Z][pid 39844][tid 20728] INFO Cleared Open In New Tab pending state
[2025-11-28T16:47:06.685Z][pid 39844][tid 20728] INFO Installed shell view window subclass (view=00000000010F09DC)
[2025-11-28T16:47:06.686Z][pid 39844][tid 20728] INFO Installed explorer frame subclass (frame=0000000006052E3E)
[2025-11-28T16:47:06.686Z][pid 39844][tid 20728] INFO Cleared Open In New Tab pending state
[2025-11-28T16:47:06.686Z][pid 39844][tid 20728] INFO Explorer view base subclass ready (view=00000000010F09DC frame=0000000006052E3E)
[2025-11-28T16:47:06.686Z][pid 39844][tid 20728] VERBOSE DirectUI IUIElement unavailable (hr=0x80004001)
[2025-11-28T16:47:06.686Z][pid 39844][tid 20728] INFO Installed explorer DirectUI host subclass (direct=0000000000A627E0)
[2025-11-28T16:47:06.686Z][pid 39844][tid 20728] INFO Installed explorer tree view subclass (tree=0000000002252842)
[2025-11-28T16:47:06.686Z][pid 39844][tid 20728] INFO Explorer pane creation watch armed (view=00000000010F09DC list=1 tree=0)
[2025-11-28T16:47:06.687Z][pid 39844][tid 20728] INFO Explorer pane fallback timer armed (view=00000000010F09DC delay=500)
[2025-11-28T16:47:06.687Z][pid 39844][tid 20728] INFO Explorer panes not ready: list view missing (view=00000000010F09DC)
[2025-11-28T16:47:06.687Z][pid 39844][tid 20728] INFO Explorer pane retry timer armed (view=00000000010F09DC delay=500 attempts=1)
[2025-11-28T16:47:06.687Z][pid 39844][tid 20728] INFO TabBand::UpdateTabsUI applying 1 items
[2025-11-28T16:47:06.687Z][pid 39844][tid 20728] INFO Breadcrumb QueryService(IShellBrowser) failed: 0x80004001
[2025-11-28T16:47:06.687Z][pid 39844][tid 20728] INFO Breadcrumb ribbon frame discovered via IShellBrowser (hwnd=00000000036A283A)
[2025-11-28T16:47:06.688Z][pid 39844][tid 20728] INFO Breadcrumb ribbon frame discovered via IWebBrowser2 (hwnd=00000000036A283A)
[2025-11-28T16:47:06.688Z][pid 39844][tid 20728] INFO Breadcrumb toolbar located via window enumeration (hwnd=0000000000A02E46)
[2025-11-28T16:47:06.688Z][pid 39844][tid 20728] INFO Explorer pane creation watch cleared (view=00000000010F09DC)
[2025-11-28T16:47:06.688Z][pid 39844][tid 20728] INFO Cleared Open In New Tab pending state
[2025-11-28T16:47:06.688Z][pid 39844][tid 20728] INFO Installed shell view window subclass (view=00000000010F09DC)
[2025-11-28T16:47:06.688Z][pid 39844][tid 20728] INFO Installed explorer frame subclass (frame=0000000006052E3E)
[2025-11-28T16:47:06.688Z][pid 39844][tid 20728] INFO Cleared Open In New Tab pending state
[2025-11-28T16:47:06.688Z][pid 39844][tid 20728] INFO Explorer view base subclass ready (view=00000000010F09DC frame=0000000006052E3E)
[2025-11-28T16:47:06.689Z][pid 39844][tid 20728] VERBOSE DirectUI IUIElement unavailable (hr=0x80004001)
[2025-11-28T16:47:06.689Z][pid 39844][tid 20728] INFO Installed explorer DirectUI host subclass (direct=0000000000A627E0)
[2025-11-28T16:47:06.689Z][pid 39844][tid 20728] INFO Installed explorer tree view subclass (tree=0000000002252842)
[2025-11-28T16:47:06.689Z][pid 39844][tid 20728] INFO Explorer pane creation watch armed (view=00000000010F09DC list=1 tree=0)
[2025-11-28T16:47:06.690Z][pid 39844][tid 20728] INFO Explorer pane fallback timer armed (view=00000000010F09DC delay=500)
[2025-11-28T16:47:06.690Z][pid 39844][tid 20728] INFO Explorer panes not ready: list view missing (view=00000000010F09DC)
[2025-11-28T16:47:06.690Z][pid 39844][tid 20728] INFO Explorer pane retry timer armed (view=00000000010F09DC delay=500 attempts=1)
[2025-11-28T16:47:06.701Z][pid 39844][tid 20728] INFO TabBand::UpdateTabsUI applying 1 items
[2025-11-28T16:47:06.711Z][pid 39844][tid 20728] INFO TabBand::UpdateTabsUI applying 1 items
[2025-11-28T16:47:06.712Z][pid 39844][tid 20728] INFO Breadcrumb QueryService(IShellBrowser) failed: 0x80004001
[2025-11-28T16:47:06.712Z][pid 39844][tid 20728] INFO Breadcrumb ribbon frame discovered via IShellBrowser (hwnd=00000000036A283A)
[2025-11-28T16:47:06.712Z][pid 39844][tid 20728] INFO Breadcrumb ribbon frame discovered via IWebBrowser2 (hwnd=00000000036A283A)
[2025-11-28T16:47:06.713Z][pid 39844][tid 20728] INFO Breadcrumb toolbar located via window enumeration (hwnd=0000000000A02E46)
[2025-11-28T16:47:06.715Z][pid 39844][tid 20728] INFO Explorer pane creation watch cleared (view=00000000010F09DC)
[2025-11-28T16:47:06.715Z][pid 39844][tid 20728] INFO Cleared Open In New Tab pending state
[2025-11-28T16:47:06.715Z][pid 39844][tid 20728] INFO Installed shell view window subclass (view=00000000010F09DC)
[2025-11-28T16:47:06.716Z][pid 39844][tid 20728] INFO Installed explorer frame subclass (frame=0000000006052E3E)
[2025-11-28T16:47:06.716Z][pid 39844][tid 20728] INFO Cleared Open In New Tab pending state
[2025-11-28T16:47:06.716Z][pid 39844][tid 20728] INFO Explorer view base subclass ready (view=00000000010F09DC frame=0000000006052E3E)
[2025-11-28T16:47:06.716Z][pid 39844][tid 20728] VERBOSE DirectUI IUIElement unavailable (hr=0x80004001)
[2025-11-28T16:47:06.716Z][pid 39844][tid 20728] INFO Installed explorer DirectUI host subclass (direct=0000000000A627E0)
[2025-11-28T16:47:06.717Z][pid 39844][tid 20728] INFO Installed explorer tree view subclass (tree=0000000002252842)
[2025-11-28T16:47:06.719Z][pid 39844][tid 20728] INFO Explorer pane creation watch armed (view=00000000010F09DC list=1 tree=0)
[2025-11-28T16:47:06.719Z][pid 39844][tid 20728] INFO Explorer pane fallback timer armed (view=00000000010F09DC delay=500)
[2025-11-28T16:47:06.719Z][pid 39844][tid 20728] INFO Explorer panes not ready: list view missing (view=00000000010F09DC)
[2025-11-28T16:47:06.719Z][pid 39844][tid 20728] INFO Explorer pane retry timer armed (view=00000000010F09DC delay=500 attempts=1)
[2025-11-28T16:47:06.730Z][pid 39844][tid 20728] INFO Installed explorer list host subclass (host=0000000006052E3E)
[2025-11-28T16:47:06.730Z][pid 39844][tid 20728] INFO Installed explorer list host subclass (host=0000000000412566)
[2025-11-28T16:47:06.730Z][pid 39844][tid 20728] INFO Installed explorer list host subclass (host=00000000016F278E)
[2025-11-28T16:47:06.730Z][pid 39844][tid 20728] INFO Installed explorer list host subclass (host=00000000036A283A)
[2025-11-28T16:47:06.731Z][pid 39844][tid 20728] INFO Installed explorer list host subclass (host=0000000002ED288A)
[2025-11-28T16:47:06.760Z][pid 39844][tid 20728] INFO Explorer pane creation watch armed (view=00000000010F09DC list=1 tree=1)
[2025-11-28T16:47:06.760Z][pid 39844][tid 20728] INFO Explorer panes not ready: tree view missing (view=00000000010F09DC)
[2025-11-28T16:47:06.778Z][pid 39844][tid 20728] INFO Cleared Open In New Tab pending state
[2025-11-28T16:47:06.782Z][pid 39844][tid 20728] INFO CExplorerBHO::SetSite detaching from site
[2025-11-28T16:47:06.782Z][pid 39844][tid 20728] INFO Breadcrumb CBT hook removed for thread 20728
[2025-11-28T16:47:06.783Z][pid 39844][tid 20728] INFO Explorer pane creation watch cleared (view=0000000000000000)
[2025-11-28T16:47:06.783Z][pid 39844][tid 20728] INFO Cleared Open In New Tab pending state
[2025-11-28T16:47:06.783Z][pid 39844][tid 20728] INFO Cleared Open In New Tab pending state
[2025-11-28T16:47:06.789Z][pid 39844][tid 11304] INFO TabBand constructed (this=000000000BFE2B80)
[2025-11-28T16:47:06.789Z][pid 39844][tid 11304] INFO TabBand::SetSite begin (this=000000000BFE2B80, site=000000000B34BD48)
[2025-11-28T16:47:06.789Z][pid 39844][tid 20728] INFO TabBand::DisconnectSite (this=000000000C2A4840)
[2025-11-28T16:47:06.789Z][pid 39844][tid 11304] INFO TabBand::DisconnectSite (this=000000000BFE2B80)
[2025-11-28T16:47:06.789Z][pid 39844][tid 11304] INFO TabBand::EnsureSessionStore resolving storage (this=000000000BFE2B80)
[2025-11-28T16:47:06.789Z][pid 39844][tid 11304] INFO TabBand::EnsureSessionStore window token unavailable; deferring initialization
[2025-11-28T16:47:06.789Z][pid 39844][tid 11304] INFO TabBand::SetSite resolved browser interfaces
[2025-11-28T16:47:06.790Z][pid 39844][tid 11304] INFO TabBand::SetSite EnsureWindow
[2025-11-28T16:47:06.790Z][pid 39844][tid 11304] INFO TabBand::EnsureWindow creating band window (this=000000000BFE2B80)
[2025-11-28T16:47:06.792Z][pid 39844][tid 11304] INFO TabBand::EnsureSessionStore resolving storage (this=000000000BFE2B80)
[2025-11-28T16:47:06.792Z][pid 39844][tid 11304] INFO TabBand::ResolveWindowToken adopted crashed session token CEF1BDA9-97B1-4071-8519-3D67099B015D
[2025-11-28T16:47:06.792Z][pid 39844][tid 11304] INFO TabBand::EnsureSessionStore window token CEF1BDA9-97B1-4071-8519-3D67099B015D
[2025-11-28T16:47:06.792Z][pid 39844][tid 20728] INFO TabBand::SetSite begin (this=000000000C2A4840, site=0000000000000000)
[2025-11-28T16:47:06.792Z][pid 39844][tid 20728] INFO TabBand::SetSite site unchanged
[2025-11-28T16:47:06.792Z][pid 39844][tid 11304] INFO TabBand::EnsureSessionStore using storage path C:\Users\ben\AppData\Roaming\ShellTabs\session-CEF1BDA9-97B1-4071-8519-3D67099B015D.db
[2025-11-28T16:47:06.792Z][pid 39844][tid 20728] INFO TabBand destroyed (this=000000000C2A4840)
[2025-11-28T16:47:06.792Z][pid 39844][tid 20728] INFO TabBand::DisconnectSite (this=000000000C2A4840)
[2025-11-28T16:47:06.792Z][pid 39844][tid 20728] INFO TabBand::EnsureSessionStore resolving storage (this=000000000C2A4840)
[2025-11-28T16:47:06.792Z][pid 39844][tid 11304] INFO TabBand session crash marker created (post-init)
[2025-11-28T16:47:06.792Z][pid 39844][tid 20728] INFO TabBand::EnsureSessionStore window token unavailable; deferring initialization
[2025-11-28T16:47:06.796Z][pid 39844][tid 11304] INFO TabBand::EnsureWindow created window hwnd=0000000003CA1810
[2025-11-28T16:47:06.796Z][pid 39844][tid 11304] INFO TabBand::SetSite EnsureSessionStore
[2025-11-28T16:47:06.796Z][pid 39844][tid 11304] INFO TabBand::SetSite BrowserEvents connected
[2025-11-28T16:47:06.796Z][pid 39844][tid 11304] INFO TabBand::SetSite InitializeTabs
[2025-11-28T16:47:06.796Z][pid 39844][tid 11304] INFO TabBand::InitializeTabs - begin
[2025-11-28T16:47:06.796Z][pid 39844][tid 11304] INFO TabBand::InitializeTabs - end
[2025-11-28T16:47:06.796Z][pid 39844][tid 11304] INFO TabBand::SetSite UpdateTabsUI (initial)
[2025-11-28T16:47:06.797Z][pid 39844][tid 11304] INFO TabBand::UpdateTabsUI applying 1 items
[2025-11-28T16:47:06.797Z][pid 39844][tid 38228] INFO TabBand::RunBackgroundInitialization begin (this=000000000BFE2B80, seq=1)
[2025-11-28T16:47:06.797Z][pid 39844][tid 11304] INFO TabBand::SetSite completed successfully
[2025-11-28T16:47:06.797Z][pid 39844][tid 38228] INFO TabBand session crash marker created
[2025-11-28T16:47:06.797Z][pid 39844][tid 38228] INFO SessionStore restored snapshot from C:\Users\ben\AppData\Roaming\ShellTabs\session-CEF1BDA9-97B1-4071-8519-3D67099B015D.db (primary)
[2025-11-28T16:47:06.815Z][pid 39844][tid 11304] INFO CExplorerBHO::SetSite attaching to site=000000000BC05668
[2025-11-28T16:47:06.815Z][pid 39844][tid 11304] INFO Cleared Open In New Tab pending state
[2025-11-28T16:47:06.815Z][pid 39844][tid 11304] INFO EnsureBandVisible: invoking ShowBrowserBar for host=0000000000CB2D1C (attempt 1)
[2025-11-28T16:47:06.818Z][pid 39844][tid 11304] INFO EnsureBandVisible: ShowBrowserBar succeeded for host=0000000000CB2D1C on attempt 1
[2025-11-28T16:47:06.819Z][pid 39844][tid 11304] INFO Installed progress gradient subclass on hwnd=0000000001CC27E8
[2025-11-28T16:47:06.819Z][pid 39844][tid 11304] INFO Installed travel band subclass (band=0000000001042CFE toolbar=000000000501053C)
[2025-11-28T16:47:06.819Z][pid 39844][tid 11304] INFO Breadcrumb CBT hook installed for thread 11304
[2025-11-28T16:47:06.820Z][pid 39844][tid 11304] INFO Breadcrumb gradients enabled; locating toolbar (installed=0 background=0 text=1)
[2025-11-28T16:47:06.820Z][pid 39844][tid 11304] INFO Breadcrumb QueryService(IShellBrowser) failed: 0x80004001
[2025-11-28T16:47:06.820Z][pid 39844][tid 11304] INFO Breadcrumb ribbon frame discovered via IShellBrowser (hwnd=0000000001F10E04)
[2025-11-28T16:47:06.820Z][pid 39844][tid 11304] INFO Breadcrumb toolbar located via deep enumeration (hwnd=0000000000A727E0)
[2025-11-28T16:47:06.821Z][pid 39844][tid 11304] INFO Installed breadcrumb gradient subclass on hwnd=0000000000A727E0
[2025-11-28T16:47:06.822Z][pid 39844][tid 11304] INFO Installed progress gradient subclass on hwnd=0000000001CC27E8
[2025-11-28T16:47:06.823Z][pid 39844][tid 11304] INFO Breadcrumb gradients enabled; locating toolbar (installed=1 background=0 text=1)
[2025-11-28T16:47:06.823Z][pid 39844][tid 11304] INFO Breadcrumb QueryService(IShellBrowser) failed: 0x80004001
[2025-11-28T16:47:06.823Z][pid 39844][tid 11304] INFO Breadcrumb ribbon frame discovered via IShellBrowser (hwnd=0000000001F10E04)
[2025-11-28T16:47:06.824Z][pid 39844][tid 11304] INFO Breadcrumb toolbar located via deep enumeration (hwnd=0000000000A727E0)
[2025-11-28T16:47:06.825Z][pid 39844][tid 11304] INFO Cleared Open In New Tab pending state
[2025-11-28T16:47:06.929Z][pid 39844][tid 11304] INFO TabBand::HandleInitializationResult applying sequence 1
[2025-11-28T16:47:06.929Z][pid 39844][tid 11304] INFO TabBand::RestoreSession loaded 1 groups
[2025-11-28T16:47:06.930Z][pid 39844][tid 11304] INFO TabBand::UpdateTabsUI applying 1 items
[2025-11-28T16:47:06.931Z][pid 39844][tid 11304] INFO Breadcrumb QueryService(IShellBrowser) failed: 0x80004001
[2025-11-28T16:47:06.931Z][pid 39844][tid 11304] INFO Breadcrumb ribbon frame discovered via IShellBrowser (hwnd=0000000001F10E04)
[2025-11-28T16:47:06.931Z][pid 39844][tid 11304] INFO Breadcrumb ribbon frame discovered via IWebBrowser2 (hwnd=0000000001F10E04)
[2025-11-28T16:47:06.931Z][pid 39844][tid 11304] INFO Breadcrumb toolbar located via window enumeration (hwnd=0000000000B02824)
[2025-11-28T16:47:06.931Z][pid 39844][tid 11304] INFO Installed breadcrumb gradient subclass on hwnd=0000000000B02824
[2025-11-28T16:47:06.931Z][pid 39844][tid 11304] INFO Installed progress gradient subclass on hwnd=0000000001CC27E8
[2025-11-28T16:47:06.931Z][pid 39844][tid 11304] INFO Cleared Open In New Tab pending state
[2025-11-28T16:47:07.016Z][pid 39844][tid 11304] INFO TabBand::UpdateTabsUI applying 1 items
[2025-11-28T16:47:07.017Z][pid 39844][tid 11304] INFO Breadcrumb gradients enabled; locating toolbar (installed=1 background=0 text=1)
[2025-11-28T16:47:07.017Z][pid 39844][tid 11304] INFO Breadcrumb QueryService(IShellBrowser) failed: 0x80004001
[2025-11-28T16:47:07.017Z][pid 39844][tid 11304] INFO Breadcrumb ribbon frame discovered via IShellBrowser (hwnd=0000000001F10E04)
[2025-11-28T16:47:07.017Z][pid 39844][tid 11304] INFO Breadcrumb ribbon frame discovered via IWebBrowser2 (hwnd=0000000001F10E04)
[2025-11-28T16:47:07.018Z][pid 39844][tid 11304] INFO Breadcrumb toolbar located via window enumeration (hwnd=0000000000B02824)
[2025-11-28T16:47:07.018Z][pid 39844][tid 11304] INFO Cleared Open In New Tab pending state
[2025-11-28T16:47:07.019Z][pid 39844][tid 11304] INFO Installed shell view window subclass (view=0000000000A12E46)
[2025-11-28T16:47:07.019Z][pid 39844][tid 11304] INFO Installed explorer frame subclass (frame=0000000000CB2D1C)
[2025-11-28T16:47:07.019Z][pid 39844][tid 11304] INFO Cleared Open In New Tab pending state
[2025-11-28T16:47:07.019Z][pid 39844][tid 11304] INFO Explorer view base subclass ready (view=0000000000A12E46 frame=0000000000CB2D1C)
[2025-11-28T16:47:07.020Z][pid 39844][tid 11304] VERBOSE DirectUI IUIElement unavailable (hr=0x80004001)
[2025-11-28T16:47:07.020Z][pid 39844][tid 11304] INFO Installed explorer DirectUI host subclass (direct=0000000002DB090E)
[2025-11-28T16:47:07.021Z][pid 39844][tid 11304] INFO Installed explorer tree view subclass (tree=0000000004710712)
[2025-11-28T16:47:07.021Z][pid 39844][tid 11304] INFO Explorer pane creation watch armed (view=0000000000A12E46 list=1 tree=0)
[2025-11-28T16:47:07.021Z][pid 39844][tid 11304] INFO Explorer pane fallback timer armed (view=0000000000A12E46 delay=500)
[2025-11-28T16:47:07.021Z][pid 39844][tid 11304] INFO Explorer panes not ready: list view missing (view=0000000000A12E46)
[2025-11-28T16:47:07.021Z][pid 39844][tid 11304] INFO Explorer pane retry timer armed (view=0000000000A12E46 delay=500 attempts=1)
[2025-11-28T16:47:07.021Z][pid 39844][tid 11304] INFO TabBand::UpdateTabsUI applying 1 items
[2025-11-28T16:47:07.022Z][pid 39844][tid 11304] INFO Breadcrumb QueryService(IShellBrowser) failed: 0x80004001
[2025-11-28T16:47:07.022Z][pid 39844][tid 11304] INFO Breadcrumb ribbon frame discovered via IShellBrowser (hwnd=0000000001F10E04)
[2025-11-28T16:47:07.022Z][pid 39844][tid 11304] INFO Breadcrumb ribbon frame discovered via IWebBrowser2 (hwnd=0000000001F10E04)
[2025-11-28T16:47:07.022Z][pid 39844][tid 11304] INFO Breadcrumb toolbar located via window enumeration (hwnd=0000000000B02824)
[2025-11-28T16:47:07.022Z][pid 39844][tid 11304] INFO Explorer pane creation watch cleared (view=0000000000A12E46)
[2025-11-28T16:47:07.023Z][pid 39844][tid 11304] INFO Cleared Open In New Tab pending state
[2025-11-28T16:47:07.023Z][pid 39844][tid 11304] INFO Installed shell view window subclass (view=0000000000A12E46)
[2025-11-28T16:47:07.023Z][pid 39844][tid 11304] INFO Installed explorer frame subclass (frame=0000000000CB2D1C)
[2025-11-28T16:47:07.023Z][pid 39844][tid 11304] INFO Cleared Open In New Tab pending state
[2025-11-28T16:47:07.023Z][pid 39844][tid 11304] INFO Explorer view base subclass ready (view=0000000000A12E46 frame=0000000000CB2D1C)
[2025-11-28T16:47:07.023Z][pid 39844][tid 11304] VERBOSE DirectUI IUIElement unavailable (hr=0x80004001)
[2025-11-28T16:47:07.023Z][pid 39844][tid 11304] INFO Installed explorer DirectUI host subclass (direct=0000000002DB090E)
[2025-11-28T16:47:07.023Z][pid 39844][tid 11304] INFO Installed explorer tree view subclass (tree=0000000004710712)
[2025-11-28T16:47:07.024Z][pid 39844][tid 11304] INFO Explorer pane creation watch armed (view=0000000000A12E46 list=1 tree=0)
[2025-11-28T16:47:07.024Z][pid 39844][tid 11304] INFO Explorer pane fallback timer armed (view=0000000000A12E46 delay=500)
[2025-11-28T16:47:07.024Z][pid 39844][tid 11304] INFO Explorer panes not ready: list view missing (view=0000000000A12E46)
[2025-11-28T16:47:07.024Z][pid 39844][tid 11304] INFO Explorer pane retry timer armed (view=0000000000A12E46 delay=500 attempts=1)
[2025-11-28T16:47:07.034Z][pid 39844][tid 11304] INFO TabBand::UpdateTabsUI applying 1 items
[2025-11-28T16:47:07.042Z][pid 39844][tid 11304] INFO TabBand::UpdateTabsUI applying 1 items
[2025-11-28T16:47:07.044Z][pid 39844][tid 11304] INFO Breadcrumb QueryService(IShellBrowser) failed: 0x80004001
[2025-11-28T16:47:07.044Z][pid 39844][tid 11304] INFO Breadcrumb ribbon frame discovered via IShellBrowser (hwnd=0000000001F10E04)
[2025-11-28T16:47:07.044Z][pid 39844][tid 11304] INFO Breadcrumb ribbon frame discovered via IWebBrowser2 (hwnd=0000000001F10E04)
[2025-11-28T16:47:07.044Z][pid 39844][tid 11304] INFO Breadcrumb toolbar located via window enumeration (hwnd=0000000000B02824)
[2025-11-28T16:47:07.046Z][pid 39844][tid 11304] INFO Explorer pane creation watch cleared (view=0000000000A12E46)
[2025-11-28T16:47:07.046Z][pid 39844][tid 11304] INFO Cleared Open In New Tab pending state
[2025-11-28T16:47:07.046Z][pid 39844][tid 11304] INFO Installed shell view window subclass (view=0000000000A12E46)
[2025-11-28T16:47:07.047Z][pid 39844][tid 11304] INFO Installed explorer frame subclass (frame=0000000000CB2D1C)
[2025-11-28T16:47:07.047Z][pid 39844][tid 11304] INFO Cleared Open In New Tab pending state
[2025-11-28T16:47:07.047Z][pid 39844][tid 11304] INFO Explorer view base subclass ready (view=0000000000A12E46 frame=0000000000CB2D1C)
[2025-11-28T16:47:07.047Z][pid 39844][tid 11304] VERBOSE DirectUI IUIElement unavailable (hr=0x80004001)
[2025-11-28T16:47:07.047Z][pid 39844][tid 11304] INFO Installed explorer DirectUI host subclass (direct=0000000002DB090E)
[2025-11-28T16:47:07.048Z][pid 39844][tid 11304] INFO Installed explorer tree view subclass (tree=0000000004710712)
[2025-11-28T16:47:07.052Z][pid 39844][tid 11304] INFO Explorer pane creation watch armed (view=0000000000A12E46 list=1 tree=0)
[2025-11-28T16:47:07.052Z][pid 39844][tid 11304] INFO Explorer pane fallback timer armed (view=0000000000A12E46 delay=500)
[2025-11-28T16:47:07.052Z][pid 39844][tid 11304] INFO Explorer panes not ready: list view missing (view=0000000000A12E46)
[2025-11-28T16:47:07.052Z][pid 39844][tid 11304] INFO Explorer pane retry timer armed (view=0000000000A12E46 delay=500 attempts=1)
[2025-11-28T16:47:07.059Z][pid 39844][tid 11304] INFO Installed explorer list host subclass (host=0000000000CB2D1C)
[2025-11-28T16:47:07.060Z][pid 39844][tid 11304] INFO Installed explorer list host subclass (host=0000000001B226FC)
[2025-11-28T16:47:07.060Z][pid 39844][tid 11304] INFO Installed explorer list host subclass (host=00000000039101D2)
[2025-11-28T16:47:07.060Z][pid 39844][tid 11304] INFO Installed explorer list host subclass (host=0000000001F10E04)
[2025-11-28T16:47:07.061Z][pid 39844][tid 11304] INFO Installed explorer list host subclass (host=0000000000B52542)
[2025-11-28T16:47:07.090Z][pid 39844][tid 11304] INFO Explorer pane creation watch armed (view=0000000000A12E46 list=1 tree=1)
[2025-11-28T16:47:07.090Z][pid 39844][tid 11304] INFO Explorer panes not ready: tree view missing (view=0000000000A12E46)
[2025-11-28T16:47:07.095Z][pid 39844][tid 11304] INFO Cleared Open In New Tab pending state
[2025-11-28T16:47:07.096Z][pid 39844][tid 11304] INFO CExplorerBHO::SetSite detaching from site
[2025-11-28T16:47:07.096Z][pid 39844][tid 11304] INFO Breadcrumb CBT hook removed for thread 11304
[2025-11-28T16:47:07.097Z][pid 39844][tid 11304] INFO Explorer pane creation watch cleared (view=0000000000000000)
[2025-11-28T16:47:07.098Z][pid 39844][tid 11304] INFO Cleared Open In New Tab pending state
[2025-11-28T16:47:07.098Z][pid 39844][tid 11304] INFO Cleared Open In New Tab pending state
[2025-11-28T16:47:07.100Z][pid 39844][tid 11304] INFO TabBand::DisconnectSite (this=000000000BFE2B80)
[2025-11-28T16:47:07.110Z][pid 39844][tid 11304] INFO TabBand::SetSite begin (this=000000000BFE2B80, site=0000000000000000)
[2025-11-28T16:47:07.111Z][pid 39844][tid 11304] INFO TabBand::SetSite site unchanged
[2025-11-28T16:47:07.111Z][pid 39844][tid 11304] INFO TabBand destroyed (this=000000000BFE2B80)
[2025-11-28T16:47:07.111Z][pid 39844][tid 11304] INFO TabBand::DisconnectSite (this=000000000BFE2B80)
[2025-11-28T16:47:07.111Z][pid 39844][tid 11304] INFO TabBand::EnsureSessionStore resolving storage (this=000000000BFE2B80)
[2025-11-28T16:47:07.111Z][pid 39844][tid 11304] INFO TabBand::EnsureSessionStore window token unavailable; deferring initialization
[2025-11-28T16:47:07.129Z][pid 39844][tid 20728] INFO TabBand constructed (this=000000000BFE2B80)
[2025-11-28T16:47:07.129Z][pid 39844][tid 20728] INFO TabBand::SetSite begin (this=000000000BFE2B80, site=000000000B348D98)
[2025-11-28T16:47:07.129Z][pid 39844][tid 20728] INFO TabBand::DisconnectSite (this=000000000BFE2B80)
[2025-11-28T16:47:07.130Z][pid 39844][tid 20728] INFO TabBand::EnsureSessionStore resolving storage (this=000000000BFE2B80)
[2025-11-28T16:47:07.130Z][pid 39844][tid 20728] INFO TabBand::EnsureSessionStore window token unavailable; deferring initialization
[2025-11-28T16:47:07.130Z][pid 39844][tid 20728] INFO TabBand::SetSite resolved browser interfaces
[2025-11-28T16:47:07.130Z][pid 39844][tid 20728] INFO TabBand::SetSite EnsureWindow
[2025-11-28T16:47:07.130Z][pid 39844][tid 20728] INFO TabBand::EnsureWindow creating band window (this=000000000BFE2B80)
[2025-11-28T16:47:07.132Z][pid 39844][tid 20728] INFO TabBand::EnsureSessionStore resolving storage (this=000000000BFE2B80)
[2025-11-28T16:47:07.132Z][pid 39844][tid 20728] INFO TabBand::ResolveWindowToken adopted crashed session token F814A5CA-2577-4F65-9CAB-0DB1A7103E60
[2025-11-28T16:47:07.132Z][pid 39844][tid 20728] INFO TabBand::EnsureSessionStore window token F814A5CA-2577-4F65-9CAB-0DB1A7103E60
[2025-11-28T16:47:07.133Z][pid 39844][tid 20728] INFO TabBand::EnsureSessionStore using storage path C:\Users\ben\AppData\Roaming\ShellTabs\session-F814A5CA-2577-4F65-9CAB-0DB1A7103E60.db
[2025-11-28T16:47:07.133Z][pid 39844][tid 20728] INFO TabBand session crash marker created (post-init)
[2025-11-28T16:47:07.136Z][pid 39844][tid 20728] INFO TabBand::EnsureWindow created window hwnd=0000000001661FFA
[2025-11-28T16:47:07.136Z][pid 39844][tid 20728] INFO TabBand::SetSite EnsureSessionStore
[2025-11-28T16:47:07.136Z][pid 39844][tid 20728] INFO TabBand::SetSite BrowserEvents connected
[2025-11-28T16:47:07.136Z][pid 39844][tid 20728] INFO TabBand::SetSite InitializeTabs
[2025-11-28T16:47:07.136Z][pid 39844][tid 20728] INFO TabBand::InitializeTabs - begin
[2025-11-28T16:47:07.136Z][pid 39844][tid 20728] INFO TabBand::InitializeTabs - end
[2025-11-28T16:47:07.136Z][pid 39844][tid 20728] INFO TabBand::SetSite UpdateTabsUI (initial)
[2025-11-28T16:47:07.136Z][pid 39844][tid 20728] INFO TabBand::UpdateTabsUI applying 1 items
[2025-11-28T16:47:07.137Z][pid 39844][tid 14004] INFO TabBand::RunBackgroundInitialization begin (this=000000000BFE2B80, seq=1)
[2025-11-28T16:47:07.137Z][pid 39844][tid 20728] INFO TabBand::SetSite completed successfully
[2025-11-28T16:47:07.137Z][pid 39844][tid 14004] INFO TabBand session crash marker created
[2025-11-28T16:47:07.137Z][pid 39844][tid 14004] INFO SessionStore restored snapshot from C:\Users\ben\AppData\Roaming\ShellTabs\session-F814A5CA-2577-4F65-9CAB-0DB1A7103E60.db (primary)
[2025-11-28T16:47:07.152Z][pid 39844][tid 20728] INFO CExplorerBHO::SetSite attaching to site=000000000B78A358
[2025-11-28T16:47:07.152Z][pid 39844][tid 20728] INFO Cleared Open In New Tab pending state
[2025-11-28T16:47:07.152Z][pid 39844][tid 20728] INFO EnsureBandVisible: invoking ShowBrowserBar for host=00000000033205DE (attempt 1)
[2025-11-28T16:47:07.154Z][pid 39844][tid 20728] INFO EnsureBandVisible: ShowBrowserBar succeeded for host=00000000033205DE on attempt 1
[2025-11-28T16:47:07.155Z][pid 39844][tid 20728] INFO Installed progress gradient subclass on hwnd=0000000001AD0204
[2025-11-28T16:47:07.155Z][pid 39844][tid 20728] INFO Installed travel band subclass (band=0000000000BA25B2 toolbar=0000000000C42DFA)
[2025-11-28T16:47:07.155Z][pid 39844][tid 20728] INFO Breadcrumb CBT hook installed for thread 20728
[2025-11-28T16:47:07.156Z][pid 39844][tid 20728] INFO Breadcrumb gradients enabled; locating toolbar (installed=0 background=0 text=1)
[2025-11-28T16:47:07.156Z][pid 39844][tid 20728] INFO Breadcrumb QueryService(IShellBrowser) failed: 0x80004001
[2025-11-28T16:47:07.156Z][pid 39844][tid 20728] INFO Breadcrumb ribbon frame discovered via IShellBrowser (hwnd=0000000000CC0954)
[2025-11-28T16:47:07.156Z][pid 39844][tid 20728] INFO Breadcrumb toolbar located via deep enumeration (hwnd=0000000003CB1810)
[2025-11-28T16:47:07.157Z][pid 39844][tid 20728] INFO Installed breadcrumb gradient subclass on hwnd=0000000003CB1810
[2025-11-28T16:47:07.158Z][pid 39844][tid 20728] INFO Installed progress gradient subclass on hwnd=0000000001AD0204
[2025-11-28T16:47:07.158Z][pid 39844][tid 20728] INFO Breadcrumb gradients enabled; locating toolbar (installed=1 background=0 text=1)
[2025-11-28T16:47:07.158Z][pid 39844][tid 20728] INFO Breadcrumb QueryService(IShellBrowser) failed: 0x80004001
[2025-11-28T16:47:07.159Z][pid 39844][tid 20728] INFO Breadcrumb ribbon frame discovered via IShellBrowser (hwnd=0000000000CC0954)
[2025-11-28T16:47:07.159Z][pid 39844][tid 20728] INFO Breadcrumb toolbar located via deep enumeration (hwnd=0000000003CB1810)
[2025-11-28T16:47:07.159Z][pid 39844][tid 20728] INFO Cleared Open In New Tab pending state
[2025-11-28T16:47:07.261Z][pid 39844][tid 20728] INFO TabBand::HandleInitializationResult applying sequence 1
[2025-11-28T16:47:07.261Z][pid 39844][tid 20728] INFO TabBand::RestoreSession loaded 1 groups
[2025-11-28T16:47:07.262Z][pid 39844][tid 20728] INFO TabBand::UpdateTabsUI applying 1 items
[2025-11-28T16:47:07.263Z][pid 39844][tid 20728] INFO Breadcrumb QueryService(IShellBrowser) failed: 0x80004001
[2025-11-28T16:47:07.263Z][pid 39844][tid 20728] INFO Breadcrumb ribbon frame discovered via IShellBrowser (hwnd=0000000000CC0954)
[2025-11-28T16:47:07.263Z][pid 39844][tid 20728] INFO Breadcrumb ribbon frame discovered via IWebBrowser2 (hwnd=0000000000CC0954)
[2025-11-28T16:47:07.263Z][pid 39844][tid 20728] INFO Breadcrumb toolbar located via window enumeration (hwnd=0000000007D806E6)
[2025-11-28T16:47:07.263Z][pid 39844][tid 20728] INFO Installed breadcrumb gradient subclass on hwnd=0000000007D806E6
[2025-11-28T16:47:07.263Z][pid 39844][tid 20728] INFO Installed progress gradient subclass on hwnd=0000000001AD0204
[2025-11-28T16:47:07.264Z][pid 39844][tid 20728] INFO Cleared Open In New Tab pending state
[2025-11-28T16:47:07.325Z][pid 39844][tid 20728] INFO TabBand::UpdateTabsUI applying 1 items
[2025-11-28T16:47:07.326Z][pid 39844][tid 20728] INFO Breadcrumb gradients enabled; locating toolbar (installed=1 background=0 text=1)
[2025-11-28T16:47:07.326Z][pid 39844][tid 20728] INFO Breadcrumb QueryService(IShellBrowser) failed: 0x80004001
[2025-11-28T16:47:07.326Z][pid 39844][tid 20728] INFO Breadcrumb ribbon frame discovered via IShellBrowser (hwnd=0000000000CC0954)
[2025-11-28T16:47:07.326Z][pid 39844][tid 20728] INFO Breadcrumb ribbon frame discovered via IWebBrowser2 (hwnd=0000000000CC0954)
[2025-11-28T16:47:07.326Z][pid 39844][tid 20728] INFO Breadcrumb toolbar located via window enumeration (hwnd=0000000007D806E6)
[2025-11-28T16:47:07.326Z][pid 39844][tid 20728] INFO Cleared Open In New Tab pending state
[2025-11-28T16:47:07.326Z][pid 39844][tid 20728] INFO Installed shell view window subclass (view=0000000001DA2802)
[2025-11-28T16:47:07.326Z][pid 39844][tid 20728] INFO Installed explorer frame subclass (frame=00000000033205DE)
[2025-11-28T16:47:07.327Z][pid 39844][tid 20728] INFO Cleared Open In New Tab pending state
[2025-11-28T16:47:07.327Z][pid 39844][tid 20728] INFO Explorer view base subclass ready (view=0000000001DA2802 frame=00000000033205DE)
[2025-11-28T16:47:07.327Z][pid 39844][tid 20728] VERBOSE DirectUI IUIElement unavailable (hr=0x80004001)
[2025-11-28T16:47:07.327Z][pid 39844][tid 20728] INFO Installed explorer DirectUI host subclass (direct=0000000005052C72)
[2025-11-28T16:47:07.327Z][pid 39844][tid 20728] INFO Installed explorer tree view subclass (tree=0000000001F20E04)
[2025-11-28T16:47:07.327Z][pid 39844][tid 20728] INFO Explorer pane creation watch armed (view=0000000001DA2802 list=1 tree=0)
[2025-11-28T16:47:07.327Z][pid 39844][tid 20728] INFO Explorer pane fallback timer armed (view=0000000001DA2802 delay=500)
[2025-11-28T16:47:07.327Z][pid 39844][tid 20728] INFO Explorer panes not ready: list view missing (view=0000000001DA2802)
[2025-11-28T16:47:07.328Z][pid 39844][tid 20728] INFO Explorer pane retry timer armed (view=0000000001DA2802 delay=500 attempts=1)
[2025-11-28T16:47:07.328Z][pid 39844][tid 20728] INFO TabBand::UpdateTabsUI applying 1 items
[2025-11-28T16:47:07.329Z][pid 39844][tid 20728] INFO Breadcrumb QueryService(IShellBrowser) failed: 0x80004001
[2025-11-28T16:47:07.329Z][pid 39844][tid 20728] INFO Breadcrumb ribbon frame discovered via IShellBrowser (hwnd=0000000000CC0954)
[2025-11-28T16:47:07.330Z][pid 39844][tid 20728] INFO Breadcrumb ribbon frame discovered via IWebBrowser2 (hwnd=0000000000CC0954)
[2025-11-28T16:47:07.330Z][pid 39844][tid 20728] INFO Breadcrumb toolbar located via window enumeration (hwnd=0000000007D806E6)
[2025-11-28T16:47:07.330Z][pid 39844][tid 20728] INFO Explorer pane creation watch cleared (view=0000000001DA2802)
[2025-11-28T16:47:07.330Z][pid 39844][tid 20728] INFO Cleared Open In New Tab pending state
[2025-11-28T16:47:07.330Z][pid 39844][tid 20728] INFO Installed shell view window subclass (view=0000000001DA2802)
[2025-11-28T16:47:07.331Z][pid 39844][tid 20728] INFO Installed explorer frame subclass (frame=00000000033205DE)
[2025-11-28T16:47:07.331Z][pid 39844][tid 20728] INFO Cleared Open In New Tab pending state
[2025-11-28T16:47:07.331Z][pid 39844][tid 20728] INFO Explorer view base subclass ready (view=0000000001DA2802 frame=00000000033205DE)
[2025-11-28T16:47:07.331Z][pid 39844][tid 20728] VERBOSE DirectUI IUIElement unavailable (hr=0x80004001)
[2025-11-28T16:47:07.331Z][pid 39844][tid 20728] INFO Installed explorer DirectUI host subclass (direct=0000000005052C72)
[2025-11-28T16:47:07.331Z][pid 39844][tid 20728] INFO Installed explorer tree view subclass (tree=0000000001F20E04)
[2025-11-28T16:47:07.331Z][pid 39844][tid 20728] INFO Explorer pane creation watch armed (view=0000000001DA2802 list=1 tree=0)
[2025-11-28T16:47:07.331Z][pid 39844][tid 20728] INFO Explorer pane fallback timer armed (view=0000000001DA2802 delay=500)
[2025-11-28T16:47:07.332Z][pid 39844][tid 20728] INFO Explorer panes not ready: list view missing (view=0000000001DA2802)
[2025-11-28T16:47:07.332Z][pid 39844][tid 20728] INFO Explorer pane retry timer armed (view=0000000001DA2802 delay=500 attempts=1)
[2025-11-28T16:47:07.355Z][pid 39844][tid 20728] INFO TabBand::UpdateTabsUI applying 1 items
[2025-11-28T16:47:07.361Z][pid 39844][tid 20728] INFO TabBand::UpdateTabsUI applying 1 items
[2025-11-28T16:47:07.362Z][pid 39844][tid 20728] INFO Breadcrumb QueryService(IShellBrowser) failed: 0x80004001
[2025-11-28T16:47:07.362Z][pid 39844][tid 20728] INFO Breadcrumb ribbon frame discovered via IShellBrowser (hwnd=0000000000CC0954)
[2025-11-28T16:47:07.362Z][pid 39844][tid 20728] INFO Breadcrumb ribbon frame discovered via IWebBrowser2 (hwnd=0000000000CC0954)
[2025-11-28T16:47:07.362Z][pid 39844][tid 20728] INFO Breadcrumb toolbar located via window enumeration (hwnd=0000000007D806E6)
[2025-11-28T16:47:07.362Z][pid 39844][tid 20728] INFO Explorer pane creation watch cleared (view=0000000001DA2802)
[2025-11-28T16:47:07.362Z][pid 39844][tid 20728] INFO Cleared Open In New Tab pending state
[2025-11-28T16:47:07.362Z][pid 39844][tid 20728] INFO Installed shell view window subclass (view=0000000001DA2802)
[2025-11-28T16:47:07.363Z][pid 39844][tid 20728] INFO Installed explorer frame subclass (frame=00000000033205DE)
[2025-11-28T16:47:07.363Z][pid 39844][tid 20728] INFO Cleared Open In New Tab pending state
[2025-11-28T16:47:07.363Z][pid 39844][tid 20728] INFO Explorer view base subclass ready (view=0000000001DA2802 frame=00000000033205DE)
[2025-11-28T16:47:07.363Z][pid 39844][tid 20728] VERBOSE DirectUI IUIElement unavailable (hr=0x80004001)
[2025-11-28T16:47:07.363Z][pid 39844][tid 20728] INFO Installed explorer DirectUI host subclass (direct=0000000005052C72)
[2025-11-28T16:47:07.363Z][pid 39844][tid 20728] INFO Installed explorer tree view subclass (tree=0000000001F20E04)
[2025-11-28T16:47:07.366Z][pid 39844][tid 20728] INFO Explorer pane creation watch armed (view=0000000001DA2802 list=1 tree=0)
[2025-11-28T16:47:07.366Z][pid 39844][tid 20728] INFO Explorer pane fallback timer armed (view=0000000001DA2802 delay=500)
[2025-11-28T16:47:07.366Z][pid 39844][tid 20728] INFO Explorer panes not ready: list view missing (view=0000000001DA2802)
[2025-11-28T16:47:07.366Z][pid 39844][tid 20728] INFO Explorer pane retry timer armed (view=0000000001DA2802 delay=500 attempts=1)
[2025-11-28T16:47:07.372Z][pid 39844][tid 20728] INFO Installed explorer list host subclass (host=00000000033205DE)
[2025-11-28T16:47:07.372Z][pid 39844][tid 20728] INFO Installed explorer list host subclass (host=0000000000512DC0)
[2025-11-28T16:47:07.373Z][pid 39844][tid 20728] INFO Installed explorer list host subclass (host=0000000000F1262E)
[2025-11-28T16:47:07.373Z][pid 39844][tid 20728] INFO Installed explorer list host subclass (host=0000000000CC0954)
[2025-11-28T16:47:07.373Z][pid 39844][tid 20728] INFO Installed explorer list host subclass (host=000000000171278E)
[2025-11-28T16:47:07.386Z][pid 39844][tid 20728] INFO Explorer pane creation watch armed (view=0000000001DA2802 list=1 tree=1)
[2025-11-28T16:47:07.386Z][pid 39844][tid 20728] INFO Explorer panes not ready: tree view missing (view=0000000001DA2802)
[2025-11-28T16:47:07.388Z][pid 39844][tid 20728] INFO Cleared Open In New Tab pending state
[2025-11-28T16:47:07.390Z][pid 39844][tid 20728] INFO CExplorerBHO::SetSite detaching from site
[2025-11-28T16:47:07.390Z][pid 39844][tid 20728] INFO Breadcrumb CBT hook removed for thread 20728
[2025-11-28T16:47:07.392Z][pid 39844][tid 20728] INFO Explorer pane creation watch cleared (view=0000000000000000)
[2025-11-28T16:47:07.393Z][pid 39844][tid 20728] INFO Cleared Open In New Tab pending state
[2025-11-28T16:47:07.393Z][pid 39844][tid 20728] INFO Cleared Open In New Tab pending state
[2025-11-28T16:47:07.397Z][pid 39844][tid 20728] INFO TabBand::DisconnectSite (this=000000000BFE2B80)
[2025-11-28T16:47:07.399Z][pid 39844][tid 20728] INFO TabBand::SetSite begin (this=000000000BFE2B80, site=0000000000000000)
[2025-11-28T16:47:07.399Z][pid 39844][tid 20728] INFO TabBand::SetSite site unchanged
[2025-11-28T16:47:07.399Z][pid 39844][tid 20728] INFO TabBand destroyed (this=000000000BFE2B80)
[2025-11-28T16:47:07.399Z][pid 39844][tid 20728] INFO TabBand::DisconnectSite (this=000000000BFE2B80)
[2025-11-28T16:47:07.399Z][pid 39844][tid 20728] INFO TabBand::EnsureSessionStore resolving storage (this=000000000BFE2B80)
[2025-11-28T16:47:07.399Z][pid 39844][tid 20728] INFO TabBand::EnsureSessionStore window token unavailable; deferring initialization
[2025-11-28T16:47:07.474Z][pid 39844][tid 11304] INFO TabBand constructed (this=000000000BFE2B80)
[2025-11-28T16:47:07.474Z][pid 39844][tid 11304] INFO TabBand::SetSite begin (this=000000000BFE2B80, site=000000000B34A208)
[2025-11-28T16:47:07.474Z][pid 39844][tid 11304] INFO TabBand::DisconnectSite (this=000000000BFE2B80)
[2025-11-28T16:47:07.474Z][pid 39844][tid 11304] INFO TabBand::EnsureSessionStore resolving storage (this=000000000BFE2B80)
[2025-11-28T16:47:07.475Z][pid 39844][tid 11304] INFO TabBand::EnsureSessionStore window token unavailable; deferring initialization
[2025-11-28T16:47:07.475Z][pid 39844][tid 11304] INFO TabBand::SetSite resolved browser interfaces
[2025-11-28T16:47:07.475Z][pid 39844][tid 11304] INFO TabBand::SetSite EnsureWindow
[2025-11-28T16:47:07.475Z][pid 39844][tid 11304] INFO TabBand::EnsureWindow creating band window (this=000000000BFE2B80)
[2025-11-28T16:47:07.477Z][pid 39844][tid 11304] INFO TabBand::EnsureSessionStore resolving storage (this=000000000BFE2B80)
[2025-11-28T16:47:07.477Z][pid 39844][tid 11304] INFO TabBand::ResolveWindowToken adopted crashed session token 15DF2DC3-7A4C-41CB-BE09-CC3B211E1266
[2025-11-28T16:47:07.477Z][pid 39844][tid 11304] INFO TabBand::EnsureSessionStore window token 15DF2DC3-7A4C-41CB-BE09-CC3B211E1266
[2025-11-28T16:47:07.477Z][pid 39844][tid 11304] INFO TabBand::EnsureSessionStore using storage path C:\Users\ben\AppData\Roaming\ShellTabs\session-15DF2DC3-7A4C-41CB-BE09-CC3B211E1266.db
[2025-11-28T16:47:07.478Z][pid 39844][tid 11304] INFO TabBand session crash marker created (post-init)
[2025-11-28T16:47:07.479Z][pid 39844][tid 11304] INFO TabBand::EnsureWindow created window hwnd=0000000003DA2D90
[2025-11-28T16:47:07.479Z][pid 39844][tid 11304] INFO TabBand::SetSite EnsureSessionStore
[2025-11-28T16:47:07.479Z][pid 39844][tid 11304] INFO TabBand::SetSite BrowserEvents connected
[2025-11-28T16:47:07.479Z][pid 39844][tid 11304] INFO TabBand::SetSite InitializeTabs
[2025-11-28T16:47:07.479Z][pid 39844][tid 11304] INFO TabBand::InitializeTabs - begin
[2025-11-28T16:47:07.479Z][pid 39844][tid 11304] INFO TabBand::InitializeTabs - end
[2025-11-28T16:47:07.480Z][pid 39844][tid 11304] INFO TabBand::SetSite UpdateTabsUI (initial)
[2025-11-28T16:47:07.480Z][pid 39844][tid 11304] INFO TabBand::UpdateTabsUI applying 1 items
[2025-11-28T16:47:07.480Z][pid 39844][tid 11304] INFO TabBand::SetSite completed successfully
[2025-11-28T16:47:07.480Z][pid 39844][tid 7032] INFO TabBand::RunBackgroundInitialization begin (this=000000000BFE2B80, seq=1)
[2025-11-28T16:47:07.480Z][pid 39844][tid 7032] INFO TabBand session crash marker created
[2025-11-28T16:47:07.481Z][pid 39844][tid 7032] INFO SessionStore restored snapshot from C:\Users\ben\AppData\Roaming\ShellTabs\session-15DF2DC3-7A4C-41CB-BE09-CC3B211E1266.db (primary)
[2025-11-28T16:47:07.491Z][pid 39844][tid 11304] INFO CExplorerBHO::SetSite attaching to site=000000000BAFEF08
[2025-11-28T16:47:07.491Z][pid 39844][tid 11304] INFO Cleared Open In New Tab pending state
[2025-11-28T16:47:07.491Z][pid 39844][tid 11304] INFO EnsureBandVisible: invoking ShowBrowserBar for host=0000000003CC1810 (attempt 1)
[2025-11-28T16:47:07.494Z][pid 39844][tid 11304] INFO EnsureBandVisible: ShowBrowserBar succeeded for host=0000000003CC1810 on attempt 1
[2025-11-28T16:47:07.494Z][pid 39844][tid 11304] INFO Installed progress gradient subclass on hwnd=0000000000C52DFA
[2025-11-28T16:47:07.494Z][pid 39844][tid 11304] INFO Installed travel band subclass (band=00000000023F09D0 toolbar=0000000001F32838)
[2025-11-28T16:47:07.494Z][pid 39844][tid 11304] INFO Breadcrumb CBT hook installed for thread 11304
[2025-11-28T16:47:07.494Z][pid 39844][tid 11304] INFO Breadcrumb gradients enabled; locating toolbar (installed=0 background=0 text=1)
[2025-11-28T16:47:07.494Z][pid 39844][tid 11304] INFO Breadcrumb QueryService(IShellBrowser) failed: 0x80004001
[2025-11-28T16:47:07.495Z][pid 39844][tid 11304] INFO Breadcrumb ribbon frame discovered via IShellBrowser (hwnd=00000000018905C2)
[2025-11-28T16:47:07.495Z][pid 39844][tid 11304] INFO Breadcrumb toolbar located via deep enumeration (hwnd=0000000000BB25B2)
[2025-11-28T16:47:07.495Z][pid 39844][tid 11304] INFO Installed breadcrumb gradient subclass on hwnd=0000000000BB25B2
[2025-11-28T16:47:07.495Z][pid 39844][tid 11304] INFO Installed progress gradient subclass on hwnd=0000000000C52DFA
[2025-11-28T16:47:07.495Z][pid 39844][tid 11304] INFO Breadcrumb gradients enabled; locating toolbar (installed=1 background=0 text=1)
[2025-11-28T16:47:07.495Z][pid 39844][tid 11304] INFO Breadcrumb QueryService(IShellBrowser) failed: 0x80004001
[2025-11-28T16:47:07.495Z][pid 39844][tid 11304] INFO Breadcrumb ribbon frame discovered via IShellBrowser (hwnd=00000000018905C2)
[2025-11-28T16:47:07.496Z][pid 39844][tid 11304] INFO Breadcrumb toolbar located via deep enumeration (hwnd=0000000000BB25B2)
[2025-11-28T16:47:07.496Z][pid 39844][tid 11304] INFO Cleared Open In New Tab pending state
[2025-11-28T16:47:07.591Z][pid 39844][tid 11304] INFO TabBand::HandleInitializationResult applying sequence 1
[2025-11-28T16:47:07.591Z][pid 39844][tid 11304] INFO TabBand::RestoreSession loaded 1 groups
[2025-11-28T16:47:07.593Z][pid 39844][tid 11304] INFO TabBand::UpdateTabsUI applying 2 items
[2025-11-28T16:47:07.596Z][pid 39844][tid 11304] INFO Breadcrumb QueryService(IShellBrowser) failed: 0x80004001
[2025-11-28T16:47:07.596Z][pid 39844][tid 11304] INFO Breadcrumb ribbon frame discovered via IShellBrowser (hwnd=00000000018905C2)
[2025-11-28T16:47:07.596Z][pid 39844][tid 11304] INFO Breadcrumb ribbon frame discovered via IWebBrowser2 (hwnd=00000000018905C2)
[2025-11-28T16:47:07.596Z][pid 39844][tid 11304] INFO Breadcrumb toolbar located via window enumeration (hwnd=0000000003042474)
[2025-11-28T16:47:07.596Z][pid 39844][tid 11304] INFO Installed breadcrumb gradient subclass on hwnd=0000000003042474
[2025-11-28T16:47:07.596Z][pid 39844][tid 11304] INFO Installed progress gradient subclass on hwnd=0000000000C52DFA
[2025-11-28T16:47:07.596Z][pid 39844][tid 11304] INFO Cleared Open In New Tab pending state
[2025-11-28T16:47:07.712Z][pid 39844][tid 11304] INFO TabBand::UpdateTabsUI applying 2 items
[2025-11-28T16:47:07.713Z][pid 39844][tid 11304] INFO Breadcrumb gradients enabled; locating toolbar (installed=1 background=0 text=1)
[2025-11-28T16:47:07.713Z][pid 39844][tid 11304] INFO Breadcrumb QueryService(IShellBrowser) failed: 0x80004001
[2025-11-28T16:47:07.713Z][pid 39844][tid 11304] INFO Breadcrumb ribbon frame discovered via IShellBrowser (hwnd=00000000018905C2)
[2025-11-28T16:47:07.713Z][pid 39844][tid 11304] INFO Breadcrumb ribbon frame discovered via IWebBrowser2 (hwnd=00000000018905C2)
[2025-11-28T16:47:07.713Z][pid 39844][tid 11304] INFO Breadcrumb toolbar located via window enumeration (hwnd=0000000003042474)
[2025-11-28T16:47:07.713Z][pid 39844][tid 11304] INFO Cleared Open In New Tab pending state
[2025-11-28T16:47:07.713Z][pid 39844][tid 11304] INFO Installed shell view window subclass (view=00000000006426A4)
[2025-11-28T16:47:07.713Z][pid 39844][tid 11304] INFO Installed explorer frame subclass (frame=0000000003CC1810)
[2025-11-28T16:47:07.714Z][pid 39844][tid 11304] INFO Cleared Open In New Tab pending state
[2025-11-28T16:47:07.714Z][pid 39844][tid 11304] INFO Explorer view base subclass ready (view=00000000006426A4 frame=0000000003CC1810)
[2025-11-28T16:47:07.714Z][pid 39844][tid 11304] VERBOSE DirectUI IUIElement unavailable (hr=0x80004001)
[2025-11-28T16:47:07.714Z][pid 39844][tid 11304] INFO Installed explorer DirectUI host subclass (direct=0000000000F2262E)
[2025-11-28T16:47:07.714Z][pid 39844][tid 11304] INFO Installed explorer tree view subclass (tree=0000000001F30E04)
[2025-11-28T16:47:07.716Z][pid 39844][tid 11304] INFO Explorer pane creation watch armed (view=00000000006426A4 list=1 tree=0)
[2025-11-28T16:47:07.716Z][pid 39844][tid 11304] INFO Explorer pane fallback timer armed (view=00000000006426A4 delay=500)
[2025-11-28T16:47:07.716Z][pid 39844][tid 11304] INFO Explorer panes not ready: list view missing (view=00000000006426A4)
[2025-11-28T16:47:07.716Z][pid 39844][tid 11304] INFO Explorer pane retry timer armed (view=00000000006426A4 delay=500 attempts=1)
[2025-11-28T16:47:07.716Z][pid 39844][tid 11304] INFO TabBand::UpdateTabsUI applying 2 items
[2025-11-28T16:47:07.717Z][pid 39844][tid 11304] INFO Breadcrumb QueryService(IShellBrowser) failed: 0x80004001
[2025-11-28T16:47:07.717Z][pid 39844][tid 11304] INFO Breadcrumb ribbon frame discovered via IShellBrowser (hwnd=00000000018905C2)
[2025-11-28T16:47:07.717Z][pid 39844][tid 11304] INFO Breadcrumb ribbon frame discovered via IWebBrowser2 (hwnd=00000000018905C2)
[2025-11-28T16:47:07.717Z][pid 39844][tid 11304] INFO Breadcrumb toolbar located via window enumeration (hwnd=0000000003042474)
[2025-11-28T16:47:07.718Z][pid 39844][tid 11304] INFO Explorer pane creation watch cleared (view=00000000006426A4)
[2025-11-28T16:47:07.718Z][pid 39844][tid 11304] INFO Cleared Open In New Tab pending state
[2025-11-28T16:47:07.718Z][pid 39844][tid 11304] INFO Installed shell view window subclass (view=00000000006426A4)
[2025-11-28T16:47:07.718Z][pid 39844][tid 11304] INFO Installed explorer frame subclass (frame=0000000003CC1810)
[2025-11-28T16:47:07.718Z][pid 39844][tid 11304] INFO Cleared Open In New Tab pending state
[2025-11-28T16:47:07.718Z][pid 39844][tid 11304] INFO Explorer view base subclass ready (view=00000000006426A4 frame=0000000003CC1810)
[2025-11-28T16:47:07.718Z][pid 39844][tid 11304] VERBOSE DirectUI IUIElement unavailable (hr=0x80004001)
[2025-11-28T16:47:07.718Z][pid 39844][tid 11304] INFO Installed explorer DirectUI host subclass (direct=0000000000F2262E)
[2025-11-28T16:47:07.719Z][pid 39844][tid 11304] INFO Installed explorer tree view subclass (tree=0000000001F30E04)
[2025-11-28T16:47:07.719Z][pid 39844][tid 11304] INFO Explorer pane creation watch armed (view=00000000006426A4 list=1 tree=0)
[2025-11-28T16:47:07.719Z][pid 39844][tid 11304] INFO Explorer pane fallback timer armed (view=00000000006426A4 delay=500)
[2025-11-28T16:47:07.719Z][pid 39844][tid 11304] INFO Explorer panes not ready: list view missing (view=00000000006426A4)
[2025-11-28T16:47:07.719Z][pid 39844][tid 11304] INFO Explorer pane retry timer armed (view=00000000006426A4 delay=500 attempts=1)
[2025-11-28T16:47:07.743Z][pid 39844][tid 11304] INFO TabBand::UpdateTabsUI applying 2 items
[2025-11-28T16:47:07.749Z][pid 39844][tid 11304] INFO TabBand::UpdateTabsUI applying 2 items
[2025-11-28T16:47:07.752Z][pid 39844][tid 11304] INFO Breadcrumb QueryService(IShellBrowser) failed: 0x80004001
[2025-11-28T16:47:07.752Z][pid 39844][tid 11304] INFO Breadcrumb ribbon frame discovered via IShellBrowser (hwnd=00000000018905C2)
[2025-11-28T16:47:07.753Z][pid 39844][tid 11304] INFO Breadcrumb ribbon frame discovered via IWebBrowser2 (hwnd=00000000018905C2)
[2025-11-28T16:47:07.754Z][pid 39844][tid 11304] INFO Breadcrumb toolbar located via window enumeration (hwnd=0000000003042474)
[2025-11-28T16:47:07.754Z][pid 39844][tid 11304] INFO Explorer pane creation watch cleared (view=00000000006426A4)
[2025-11-28T16:47:07.754Z][pid 39844][tid 11304] INFO Cleared Open In New Tab pending state
[2025-11-28T16:47:07.754Z][pid 39844][tid 11304] INFO Installed shell view window subclass (view=00000000006426A4)
[2025-11-28T16:47:07.754Z][pid 39844][tid 11304] INFO Installed explorer frame subclass (frame=0000000003CC1810)
[2025-11-28T16:47:07.754Z][pid 39844][tid 11304] INFO Cleared Open In New Tab pending state
[2025-11-28T16:47:07.754Z][pid 39844][tid 11304] INFO Explorer view base subclass ready (view=00000000006426A4 frame=0000000003CC1810)
[2025-11-28T16:47:07.754Z][pid 39844][tid 11304] VERBOSE DirectUI IUIElement unavailable (hr=0x80004001)
[2025-11-28T16:47:07.755Z][pid 39844][tid 11304] INFO Installed explorer DirectUI host subclass (direct=0000000000F2262E)
[2025-11-28T16:47:07.755Z][pid 39844][tid 11304] INFO Installed explorer tree view subclass (tree=0000000001F30E04)
[2025-11-28T16:47:07.755Z][pid 39844][tid 11304] INFO Explorer pane creation watch armed (view=00000000006426A4 list=1 tree=0)
[2025-11-28T16:47:07.755Z][pid 39844][tid 11304] INFO Explorer pane fallback timer armed (view=00000000006426A4 delay=500)
[2025-11-28T16:47:07.755Z][pid 39844][tid 11304] INFO Explorer panes not ready: list view missing (view=00000000006426A4)
[2025-11-28T16:47:07.755Z][pid 39844][tid 11304] INFO Explorer pane retry timer armed (view=00000000006426A4 delay=500 attempts=1)
[2025-11-28T16:47:07.767Z][pid 39844][tid 11304] INFO Installed explorer list host subclass (host=0000000003CC1810)
[2025-11-28T16:47:07.768Z][pid 39844][tid 11304] INFO Installed explorer list host subclass (host=0000000002DD090E)
[2025-11-28T16:47:07.768Z][pid 39844][tid 11304] INFO Installed explorer list host subclass (host=000000000BBA029C)
[2025-11-28T16:47:07.768Z][pid 39844][tid 11304] INFO Installed explorer list host subclass (host=00000000018905C2)
[2025-11-28T16:47:07.768Z][pid 39844][tid 11304] INFO Installed explorer list host subclass (host=0000000000AE26CE)
[2025-11-28T16:47:07.798Z][pid 39844][tid 11304] INFO Explorer pane creation watch armed (view=00000000006426A4 list=1 tree=1)
[2025-11-28T16:47:07.799Z][pid 39844][tid 11304] INFO Explorer panes not ready: tree view missing (view=00000000006426A4)
[2025-11-28T16:47:07.803Z][pid 39844][tid 11304] INFO Cleared Open In New Tab pending state
[2025-11-28T16:47:07.805Z][pid 39844][tid 11304] INFO CExplorerBHO::SetSite detaching from site
[2025-11-28T16:47:07.805Z][pid 39844][tid 11304] INFO Breadcrumb CBT hook removed for thread 11304
[2025-11-28T16:47:07.806Z][pid 39844][tid 11304] INFO Explorer pane creation watch cleared (view=0000000000000000)
[2025-11-28T16:47:07.806Z][pid 39844][tid 11304] INFO Cleared Open In New Tab pending state
[2025-11-28T16:47:07.806Z][pid 39844][tid 11304] INFO Cleared Open In New Tab pending state
[2025-11-28T16:47:07.810Z][pid 39844][tid 11304] INFO TabBand::DisconnectSite (this=000000000BFE2B80)
[2025-11-28T16:47:07.816Z][pid 39844][tid 11304] INFO TabBand::SetSite begin (this=000000000BFE2B80, site=0000000000000000)
[2025-11-28T16:47:07.816Z][pid 39844][tid 11304] INFO TabBand::SetSite site unchanged
[2025-11-28T16:47:07.816Z][pid 39844][tid 11304] INFO TabBand destroyed (this=000000000BFE2B80)
[2025-11-28T16:47:07.816Z][pid 39844][tid 11304] INFO TabBand::DisconnectSite (this=000000000BFE2B80)
[2025-11-28T16:47:07.816Z][pid 39844][tid 11304] INFO TabBand::EnsureSessionStore resolving storage (this=000000000BFE2B80)
[2025-11-28T16:47:07.817Z][pid 39844][tid 11304] INFO TabBand::EnsureSessionStore window token unavailable; deferring initialization
[2025-11-28T16:47:07.866Z][pid 39844][tid 29812] INFO TabBand constructed (this=000000000BFE2B80)
[2025-11-28T16:47:07.866Z][pid 39844][tid 29812] INFO TabBand::SetSite begin (this=000000000BFE2B80, site=000000000B348D98)
[2025-11-28T16:47:07.866Z][pid 39844][tid 29812] INFO TabBand::DisconnectSite (this=000000000BFE2B80)
[2025-11-28T16:47:07.866Z][pid 39844][tid 29812] INFO TabBand::EnsureSessionStore resolving storage (this=000000000BFE2B80)
[2025-11-28T16:47:07.866Z][pid 39844][tid 29812] INFO TabBand::EnsureSessionStore window token unavailable; deferring initialization
[2025-11-28T16:47:07.866Z][pid 39844][tid 29812] INFO TabBand::SetSite resolved browser interfaces
[2025-11-28T16:47:07.866Z][pid 39844][tid 29812] INFO TabBand::SetSite EnsureWindow
[2025-11-28T16:47:07.866Z][pid 39844][tid 29812] INFO TabBand::EnsureWindow creating band window (this=000000000BFE2B80)
[2025-11-28T16:47:07.869Z][pid 39844][tid 29812] INFO TabBand::EnsureSessionStore resolving storage (this=000000000BFE2B80)
[2025-11-28T16:47:07.869Z][pid 39844][tid 29812] INFO TabBand::ResolveWindowToken adopted crashed session token 3B457CB5-C451-409D-8148-09C3E307D8F2
[2025-11-28T16:47:07.869Z][pid 39844][tid 29812] INFO TabBand::EnsureSessionStore window token 3B457CB5-C451-409D-8148-09C3E307D8F2
[2025-11-28T16:47:07.869Z][pid 39844][tid 29812] INFO TabBand::EnsureSessionStore using storage path C:\Users\ben\AppData\Roaming\ShellTabs\session-3B457CB5-C451-409D-8148-09C3E307D8F2.db
[2025-11-28T16:47:07.869Z][pid 39844][tid 29812] INFO TabBand session crash marker created (post-init)
[2025-11-28T16:47:07.872Z][pid 39844][tid 29812] INFO TabBand::EnsureWindow created window hwnd=0000000001681FFA
[2025-11-28T16:47:07.872Z][pid 39844][tid 29812] INFO TabBand::SetSite EnsureSessionStore
[2025-11-28T16:47:07.872Z][pid 39844][tid 29812] INFO TabBand::SetSite BrowserEvents connected
[2025-11-28T16:47:07.872Z][pid 39844][tid 29812] INFO TabBand::SetSite InitializeTabs
[2025-11-28T16:47:07.872Z][pid 39844][tid 29812] INFO TabBand::InitializeTabs - begin
[2025-11-28T16:47:07.872Z][pid 39844][tid 29812] INFO TabBand::InitializeTabs - end
[2025-11-28T16:47:07.872Z][pid 39844][tid 29812] INFO TabBand::SetSite UpdateTabsUI (initial)
[2025-11-28T16:47:07.872Z][pid 39844][tid 29812] INFO TabBand::UpdateTabsUI applying 1 items
[2025-11-28T16:47:07.873Z][pid 39844][tid 29812] INFO TabBand::SetSite completed successfully
[2025-11-28T16:47:07.873Z][pid 39844][tid 25260] INFO TabBand::RunBackgroundInitialization begin (this=000000000BFE2B80, seq=1)
[2025-11-28T16:47:07.873Z][pid 39844][tid 25260] INFO TabBand session crash marker created
[2025-11-28T16:47:07.873Z][pid 39844][tid 25260] INFO SessionStore restored snapshot from C:\Users\ben\AppData\Roaming\ShellTabs\session-3B457CB5-C451-409D-8148-09C3E307D8F2.db (primary)
[2025-11-28T16:47:07.898Z][pid 39844][tid 29812] INFO CExplorerBHO::SetSite attaching to site=000000000B78A5F8
[2025-11-28T16:47:07.899Z][pid 39844][tid 29812] INFO Cleared Open In New Tab pending state
[2025-11-28T16:47:07.899Z][pid 39844][tid 29812] INFO EnsureBandVisible: invoking ShowBrowserBar for host=0000000000B32824 (attempt 1)
[2025-11-28T16:47:07.902Z][pid 39844][tid 29812] INFO EnsureBandVisible: ShowBrowserBar succeeded for host=0000000000B32824 on attempt 1
[2025-11-28T16:47:07.903Z][pid 39844][tid 29812] INFO Installed progress gradient subclass on hwnd=00000000004827C2
[2025-11-28T16:47:07.903Z][pid 39844][tid 29812] INFO Installed travel band subclass (band=0000000000A42E46 toolbar=0000000001DC2802)
[2025-11-28T16:47:07.903Z][pid 39844][tid 29812] INFO Breadcrumb CBT hook installed for thread 29812
[2025-11-28T16:47:07.903Z][pid 39844][tid 29812] INFO Breadcrumb gradients enabled; locating toolbar (installed=0 background=0 text=1)
[2025-11-28T16:47:07.903Z][pid 39844][tid 29812] INFO Breadcrumb QueryService(IShellBrowser) failed: 0x80004001
[2025-11-28T16:47:07.904Z][pid 39844][tid 29812] INFO Breadcrumb ribbon frame discovered via IShellBrowser (hwnd=00000000036E283A)
[2025-11-28T16:47:07.904Z][pid 39844][tid 29812] INFO Breadcrumb toolbar located via deep enumeration (hwnd=0000000000A3087E)
[2025-11-28T16:47:07.904Z][pid 39844][tid 29812] INFO Installed breadcrumb gradient subclass on hwnd=0000000000A3087E
[2025-11-28T16:47:07.904Z][pid 39844][tid 29812] INFO Installed progress gradient subclass on hwnd=00000000004827C2
[2025-11-28T16:47:07.904Z][pid 39844][tid 29812] INFO Breadcrumb gradients enabled; locating toolbar (installed=1 background=0 text=1)
[2025-11-28T16:47:07.904Z][pid 39844][tid 29812] INFO Breadcrumb QueryService(IShellBrowser) failed: 0x80004001
[2025-11-28T16:47:07.905Z][pid 39844][tid 29812] INFO Breadcrumb ribbon frame discovered via IShellBrowser (hwnd=00000000036E283A)
[2025-11-28T16:47:07.905Z][pid 39844][tid 29812] INFO Breadcrumb toolbar located via deep enumeration (hwnd=0000000000A3087E)
[2025-11-28T16:47:07.905Z][pid 39844][tid 29812] INFO Cleared Open In New Tab pending state
[2025-11-28T16:47:07.986Z][pid 39844][tid 29812] INFO TabBand::HandleInitializationResult applying sequence 1
[2025-11-28T16:47:07.986Z][pid 39844][tid 29812] INFO TabBand::RestoreSession loaded 1 groups
[2025-11-28T16:47:07.986Z][pid 39844][tid 29812] INFO TabBand::UpdateTabsUI applying 1 items
[2025-11-28T16:47:07.987Z][pid 39844][tid 29812] INFO Breadcrumb QueryService(IShellBrowser) failed: 0x80004001
[2025-11-28T16:47:07.988Z][pid 39844][tid 29812] INFO Breadcrumb ribbon frame discovered via IShellBrowser (hwnd=00000000036E283A)
[2025-11-28T16:47:07.988Z][pid 39844][tid 29812] INFO Breadcrumb ribbon frame discovered via IWebBrowser2 (hwnd=00000000036E283A)
[2025-11-28T16:47:07.988Z][pid 39844][tid 29812] INFO Breadcrumb toolbar located via window enumeration (hwnd=0000000002DE090E)
[2025-11-28T16:47:07.988Z][pid 39844][tid 29812] INFO Installed breadcrumb gradient subclass on hwnd=0000000002DE090E
[2025-11-28T16:47:07.988Z][pid 39844][tid 29812] INFO Installed progress gradient subclass on hwnd=00000000004827C2
[2025-11-28T16:47:07.988Z][pid 39844][tid 29812] INFO Cleared Open In New Tab pending state
[2025-11-28T16:47:08.106Z][pid 39844][tid 29812] INFO TabBand::UpdateTabsUI applying 1 items
[2025-11-28T16:47:08.107Z][pid 39844][tid 29812] INFO Breadcrumb gradients enabled; locating toolbar (installed=1 background=0 text=1)
[2025-11-28T16:47:08.107Z][pid 39844][tid 29812] INFO Breadcrumb QueryService(IShellBrowser) failed: 0x80004001
[2025-11-28T16:47:08.107Z][pid 39844][tid 29812] INFO Breadcrumb ribbon frame discovered via IShellBrowser (hwnd=00000000036E283A)
[2025-11-28T16:47:08.107Z][pid 39844][tid 29812] INFO Breadcrumb ribbon frame discovered via IWebBrowser2 (hwnd=00000000036E283A)
[2025-11-28T16:47:08.107Z][pid 39844][tid 29812] INFO Breadcrumb toolbar located via window enumeration (hwnd=0000000002DE090E)
[2025-11-28T16:47:08.107Z][pid 39844][tid 29812] INFO Cleared Open In New Tab pending state
[2025-11-28T16:47:08.108Z][pid 39844][tid 29812] INFO Installed shell view window subclass (view=0000000001072CFE)
[2025-11-28T16:47:08.108Z][pid 39844][tid 29812] INFO Installed explorer frame subclass (frame=0000000000B32824)
[2025-11-28T16:47:08.108Z][pid 39844][tid 29812] INFO Cleared Open In New Tab pending state
[2025-11-28T16:47:08.108Z][pid 39844][tid 29812] INFO Explorer view base subclass ready (view=0000000001072CFE frame=0000000000B32824)
[2025-11-28T16:47:08.108Z][pid 39844][tid 29812] VERBOSE DirectUI IUIElement unavailable (hr=0x80004001)
[2025-11-28T16:47:08.108Z][pid 39844][tid 29812] INFO Installed explorer DirectUI host subclass (direct=0000000000AF26CE)
[2025-11-28T16:47:08.108Z][pid 39844][tid 29812] INFO Installed explorer tree view subclass (tree=00000000006526A4)
[2025-11-28T16:47:08.109Z][pid 39844][tid 29812] INFO Explorer pane creation watch armed (view=0000000001072CFE list=1 tree=0)
[2025-11-28T16:47:08.109Z][pid 39844][tid 29812] INFO Explorer pane fallback timer armed (view=0000000001072CFE delay=500)
[2025-11-28T16:47:08.109Z][pid 39844][tid 29812] INFO Explorer panes not ready: list view missing (view=0000000001072CFE)
[2025-11-28T16:47:08.109Z][pid 39844][tid 29812] INFO Explorer pane retry timer armed (view=0000000001072CFE delay=500 attempts=1)
[2025-11-28T16:47:08.109Z][pid 39844][tid 29812] INFO TabBand::UpdateTabsUI applying 1 items
[2025-11-28T16:47:08.109Z][pid 39844][tid 29812] INFO Breadcrumb QueryService(IShellBrowser) failed: 0x80004001
[2025-11-28T16:47:08.109Z][pid 39844][tid 29812] INFO Breadcrumb ribbon frame discovered via IShellBrowser (hwnd=00000000036E283A)
[2025-11-28T16:47:08.110Z][pid 39844][tid 29812] INFO Breadcrumb ribbon frame discovered via IWebBrowser2 (hwnd=00000000036E283A)
[2025-11-28T16:47:08.110Z][pid 39844][tid 29812] INFO Breadcrumb toolbar located via window enumeration (hwnd=0000000002DE090E)
[2025-11-28T16:47:08.110Z][pid 39844][tid 29812] INFO Explorer pane creation watch cleared (view=0000000001072CFE)
[2025-11-28T16:47:08.110Z][pid 39844][tid 29812] INFO Cleared Open In New Tab pending state
[2025-11-28T16:47:08.110Z][pid 39844][tid 29812] INFO Installed shell view window subclass (view=0000000001072CFE)
[2025-11-28T16:47:08.110Z][pid 39844][tid 29812] INFO Installed explorer frame subclass (frame=0000000000B32824)
[2025-11-28T16:47:08.110Z][pid 39844][tid 29812] INFO Cleared Open In New Tab pending state
[2025-11-28T16:47:08.110Z][pid 39844][tid 29812] INFO Explorer view base subclass ready (view=0000000001072CFE frame=0000000000B32824)
[2025-11-28T16:47:08.111Z][pid 39844][tid 29812] VERBOSE DirectUI IUIElement unavailable (hr=0x80004001)
[2025-11-28T16:47:08.111Z][pid 39844][tid 29812] INFO Installed explorer DirectUI host subclass (direct=0000000000AF26CE)
[2025-11-28T16:47:08.111Z][pid 39844][tid 29812] INFO Installed explorer tree view subclass (tree=00000000006526A4)
[2025-11-28T16:47:08.111Z][pid 39844][tid 29812] INFO Explorer pane creation watch armed (view=0000000001072CFE list=1 tree=0)
[2025-11-28T16:47:08.111Z][pid 39844][tid 29812] INFO Explorer pane fallback timer armed (view=0000000001072CFE delay=500)
[2025-11-28T16:47:08.111Z][pid 39844][tid 29812] INFO Explorer panes not ready: list view missing (view=0000000001072CFE)
[2025-11-28T16:47:08.111Z][pid 39844][tid 29812] INFO Explorer pane retry timer armed (view=0000000001072CFE delay=500 attempts=1)
[2025-11-28T16:47:08.123Z][pid 39844][tid 29812] INFO TabBand::UpdateTabsUI applying 1 items
[2025-11-28T16:47:08.132Z][pid 39844][tid 29812] INFO TabBand::UpdateTabsUI applying 1 items
[2025-11-28T16:47:08.134Z][pid 39844][tid 29812] INFO Breadcrumb QueryService(IShellBrowser) failed: 0x80004001
[2025-11-28T16:47:08.134Z][pid 39844][tid 29812] INFO Breadcrumb ribbon frame discovered via IShellBrowser (hwnd=00000000036E283A)
[2025-11-28T16:47:08.134Z][pid 39844][tid 29812] INFO Breadcrumb ribbon frame discovered via IWebBrowser2 (hwnd=00000000036E283A)
[2025-11-28T16:47:08.136Z][pid 39844][tid 29812] INFO Breadcrumb toolbar located via window enumeration (hwnd=0000000002DE090E)
[2025-11-28T16:47:08.138Z][pid 39844][tid 29812] INFO Explorer pane creation watch cleared (view=0000000001072CFE)
[2025-11-28T16:47:08.138Z][pid 39844][tid 29812] INFO Cleared Open In New Tab pending state
[2025-11-28T16:47:08.138Z][pid 39844][tid 29812] INFO Installed shell view window subclass (view=0000000001072CFE)
[2025-11-28T16:47:08.138Z][pid 39844][tid 29812] INFO Installed explorer frame subclass (frame=0000000000B32824)
[2025-11-28T16:47:08.138Z][pid 39844][tid 29812] INFO Cleared Open In New Tab pending state
[2025-11-28T16:47:08.138Z][pid 39844][tid 29812] INFO Explorer view base subclass ready (view=0000000001072CFE frame=0000000000B32824)
[2025-11-28T16:47:08.139Z][pid 39844][tid 29812] VERBOSE DirectUI IUIElement unavailable (hr=0x80004001)
[2025-11-28T16:47:08.139Z][pid 39844][tid 29812] INFO Installed explorer DirectUI host subclass (direct=0000000000AF26CE)
[2025-11-28T16:47:08.139Z][pid 39844][tid 29812] INFO Installed explorer tree view subclass (tree=00000000006526A4)
[2025-11-28T16:47:08.142Z][pid 39844][tid 29812] INFO Explorer pane creation watch armed (view=0000000001072CFE list=1 tree=0)
[2025-11-28T16:47:08.142Z][pid 39844][tid 29812] INFO Explorer pane fallback timer armed (view=0000000001072CFE delay=500)
[2025-11-28T16:47:08.142Z][pid 39844][tid 29812] INFO Explorer panes not ready: list view missing (view=0000000001072CFE)
[2025-11-28T16:47:08.142Z][pid 39844][tid 29812] INFO Explorer pane retry timer armed (view=0000000001072CFE delay=500 attempts=1)
[2025-11-28T16:47:08.150Z][pid 39844][tid 29812] INFO Installed explorer list host subclass (host=0000000000B32824)
[2025-11-28T16:47:08.150Z][pid 39844][tid 29812] INFO Installed explorer list host subclass (host=0000000000B82542)
[2025-11-28T16:47:08.150Z][pid 39844][tid 29812] INFO Installed explorer list host subclass (host=00000000009B2E50)
[2025-11-28T16:47:08.150Z][pid 39844][tid 29812] INFO Installed explorer list host subclass (host=00000000036E283A)
[2025-11-28T16:47:08.151Z][pid 39844][tid 29812] INFO Installed explorer list host subclass (host=00000000012E06AE)
[2025-11-28T16:47:08.181Z][pid 39844][tid 29812] INFO Explorer pane creation watch armed (view=0000000001072CFE list=1 tree=1)
[2025-11-28T16:47:08.181Z][pid 39844][tid 29812] INFO Explorer panes not ready: tree view missing (view=0000000001072CFE)
[2025-11-28T16:47:08.184Z][pid 39844][tid 29812] INFO Cleared Open In New Tab pending state
[2025-11-28T16:47:08.185Z][pid 39844][tid 29812] INFO CExplorerBHO::SetSite detaching from site
[2025-11-28T16:47:08.186Z][pid 39844][tid 29812] INFO Breadcrumb CBT hook removed for thread 29812
[2025-11-28T16:47:08.192Z][pid 39844][tid 29812] INFO Explorer pane creation watch cleared (view=0000000000000000)
[2025-11-28T16:47:08.194Z][pid 39844][tid 29812] INFO Cleared Open In New Tab pending state
[2025-11-28T16:47:08.195Z][pid 39844][tid 29812] INFO Cleared Open In New Tab pending state
[2025-11-28T16:47:08.206Z][pid 39844][tid 29812] INFO TabBand::DisconnectSite (this=000000000BFE2B80)
[2025-11-28T16:47:08.209Z][pid 39844][tid 29812] INFO TabBand::SetSite begin (this=000000000BFE2B80, site=0000000000000000)
[2025-11-28T16:47:08.209Z][pid 39844][tid 29812] INFO TabBand::SetSite site unchanged
[2025-11-28T16:47:08.210Z][pid 39844][tid 29812] INFO TabBand destroyed (this=000000000BFE2B80)
[2025-11-28T16:47:08.210Z][pid 39844][tid 29812] INFO TabBand::DisconnectSite (this=000000000BFE2B80)
[2025-11-28T16:47:08.210Z][pid 39844][tid 29812] INFO TabBand::EnsureSessionStore resolving storage (this=000000000BFE2B80)
[2025-11-28T16:47:08.210Z][pid 39844][tid 29812] INFO TabBand::EnsureSessionStore window token unavailable; deferring initialization
[2025-11-28T16:47:08.212Z][pid 39844][tid 20728] INFO TabBand constructed (this=000000000BFE2B80)
[2025-11-28T16:47:08.212Z][pid 39844][tid 20728] INFO TabBand::SetSite begin (this=000000000BFE2B80, site=000000000B34BD48)
[2025-11-28T16:47:08.213Z][pid 39844][tid 20728] INFO TabBand::DisconnectSite (this=000000000BFE2B80)
[2025-11-28T16:47:08.213Z][pid 39844][tid 20728] INFO TabBand::EnsureSessionStore resolving storage (this=000000000BFE2B80)
[2025-11-28T16:47:08.213Z][pid 39844][tid 20728] INFO TabBand::EnsureSessionStore window token unavailable; deferring initialization
[2025-11-28T16:47:08.213Z][pid 39844][tid 20728] INFO TabBand::SetSite resolved browser interfaces
[2025-11-28T16:47:08.213Z][pid 39844][tid 20728] INFO TabBand::SetSite EnsureWindow
[2025-11-28T16:47:08.213Z][pid 39844][tid 20728] INFO TabBand::EnsureWindow creating band window (this=000000000BFE2B80)
[2025-11-28T16:47:08.215Z][pid 39844][tid 20728] INFO TabBand::EnsureSessionStore resolving storage (this=000000000BFE2B80)
[2025-11-28T16:47:08.215Z][pid 39844][tid 20728] INFO TabBand::ResolveWindowToken adopted crashed session token 811D735C-CAE9-4947-8FCE-6395C48E973E
[2025-11-28T16:47:08.216Z][pid 39844][tid 20728] INFO TabBand::EnsureSessionStore window token 811D735C-CAE9-4947-8FCE-6395C48E973E
[2025-11-28T16:47:08.216Z][pid 39844][tid 20728] INFO TabBand::EnsureSessionStore using storage path C:\Users\ben\AppData\Roaming\ShellTabs\session-811D735C-CAE9-4947-8FCE-6395C48E973E.db
[2025-11-28T16:47:08.216Z][pid 39844][tid 20728] INFO TabBand session crash marker created (post-init)
[2025-11-28T16:47:08.218Z][pid 39844][tid 20728] INFO TabBand::EnsureWindow created window hwnd=0000000000A4087E
[2025-11-28T16:47:08.219Z][pid 39844][tid 20728] INFO TabBand::SetSite EnsureSessionStore
[2025-11-28T16:47:08.219Z][pid 39844][tid 20728] INFO TabBand::SetSite BrowserEvents connected
[2025-11-28T16:47:08.219Z][pid 39844][tid 20728] INFO TabBand::SetSite InitializeTabs
[2025-11-28T16:47:08.219Z][pid 39844][tid 20728] INFO TabBand::InitializeTabs - begin
[2025-11-28T16:47:08.219Z][pid 39844][tid 20728] INFO TabBand::InitializeTabs - end
[2025-11-28T16:47:08.219Z][pid 39844][tid 20728] INFO TabBand::SetSite UpdateTabsUI (initial)
[2025-11-28T16:47:08.219Z][pid 39844][tid 20728] INFO TabBand::UpdateTabsUI applying 1 items
[2025-11-28T16:47:08.219Z][pid 39844][tid 15604] INFO TabBand::RunBackgroundInitialization begin (this=000000000BFE2B80, seq=1)
[2025-11-28T16:47:08.219Z][pid 39844][tid 20728] INFO TabBand::SetSite completed successfully
[2025-11-28T16:47:08.220Z][pid 39844][tid 15604] INFO TabBand session crash marker created
[2025-11-28T16:47:08.220Z][pid 39844][tid 15604] INFO SessionStore restored snapshot from C:\Users\ben\AppData\Roaming\ShellTabs\session-811D735C-CAE9-4947-8FCE-6395C48E973E.db (primary)
[2025-11-28T16:47:08.235Z][pid 39844][tid 20728] INFO CExplorerBHO::SetSite attaching to site=000000000B3A00E8
[2025-11-28T16:47:08.235Z][pid 39844][tid 20728] INFO Cleared Open In New Tab pending state
[2025-11-28T16:47:08.236Z][pid 39844][tid 20728] INFO EnsureBandVisible: invoking ShowBrowserBar for host=0000000000D02D1C (attempt 1)
[2025-11-28T16:47:08.238Z][pid 39844][tid 20728] INFO EnsureBandVisible: ShowBrowserBar succeeded for host=0000000000D02D1C on attempt 1
[2025-11-28T16:47:08.239Z][pid 39844][tid 20728] INFO Installed progress gradient subclass on hwnd=00000000003C0030
[2025-11-28T16:47:08.239Z][pid 39844][tid 20728] INFO Installed travel band subclass (band=0000000002E0019E toolbar=00000000033505DE)
[2025-11-28T16:47:08.239Z][pid 39844][tid 20728] INFO Breadcrumb CBT hook installed for thread 20728
[2025-11-28T16:47:08.239Z][pid 39844][tid 20728] INFO Breadcrumb gradients enabled; locating toolbar (installed=0 background=0 text=1)
[2025-11-28T16:47:08.239Z][pid 39844][tid 20728] INFO Breadcrumb QueryService(IShellBrowser) failed: 0x80004001
[2025-11-28T16:47:08.239Z][pid 39844][tid 20728] INFO Breadcrumb ribbon frame discovered via IShellBrowser (hwnd=00000000004D0024)
[2025-11-28T16:47:08.240Z][pid 39844][tid 20728] INFO Breadcrumb toolbar located via deep enumeration (hwnd=0000000005E40224)
[2025-11-28T16:47:08.240Z][pid 39844][tid 20728] INFO Installed breadcrumb gradient subclass on hwnd=0000000005E40224
[2025-11-28T16:47:08.241Z][pid 39844][tid 20728] INFO Installed progress gradient subclass on hwnd=00000000003C0030
[2025-11-28T16:47:08.242Z][pid 39844][tid 20728] INFO Breadcrumb gradients enabled; locating toolbar (installed=1 background=0 text=1)
[2025-11-28T16:47:08.242Z][pid 39844][tid 20728] INFO Breadcrumb QueryService(IShellBrowser) failed: 0x80004001
[2025-11-28T16:47:08.242Z][pid 39844][tid 20728] INFO Breadcrumb ribbon frame discovered via IShellBrowser (hwnd=00000000004D0024)
[2025-11-28T16:47:08.242Z][pid 39844][tid 20728] INFO Breadcrumb toolbar located via deep enumeration (hwnd=0000000005E40224)
[2025-11-28T16:47:08.243Z][pid 39844][tid 20728] INFO Cleared Open In New Tab pending state
[2025-11-28T16:47:08.338Z][pid 39844][tid 20728] INFO TabBand::HandleInitializationResult applying sequence 1
[2025-11-28T16:47:08.339Z][pid 39844][tid 20728] INFO TabBand::RestoreSession loaded 1 groups
[2025-11-28T16:47:08.340Z][pid 39844][tid 20728] INFO TabBand::UpdateTabsUI applying 2 items
[2025-11-28T16:47:08.340Z][pid 39844][tid 20728] INFO Breadcrumb QueryService(IShellBrowser) failed: 0x80004001
[2025-11-28T16:47:08.340Z][pid 39844][tid 20728] INFO Breadcrumb ribbon frame discovered via IShellBrowser (hwnd=00000000004D0024)
[2025-11-28T16:47:08.341Z][pid 39844][tid 20728] INFO Breadcrumb ribbon frame discovered via IWebBrowser2 (hwnd=00000000004D0024)
[2025-11-28T16:47:08.341Z][pid 39844][tid 20728] INFO Breadcrumb toolbar located via window enumeration (hwnd=0000000001D424EC)
[2025-11-28T16:47:08.341Z][pid 39844][tid 20728] INFO Installed breadcrumb gradient subclass on hwnd=0000000001D424EC
[2025-11-28T16:47:08.342Z][pid 39844][tid 20728] INFO Installed progress gradient subclass on hwnd=00000000003C0030
[2025-11-28T16:47:08.342Z][pid 39844][tid 20728] INFO Cleared Open In New Tab pending state
[2025-11-28T16:47:08.471Z][pid 39844][tid 20728] INFO TabBand::UpdateTabsUI applying 2 items
[2025-11-28T16:47:08.471Z][pid 39844][tid 20728] INFO Breadcrumb gradients enabled; locating toolbar (installed=1 background=0 text=1)
[2025-11-28T16:47:08.472Z][pid 39844][tid 20728] INFO Breadcrumb QueryService(IShellBrowser) failed: 0x80004001
[2025-11-28T16:47:08.472Z][pid 39844][tid 20728] INFO Breadcrumb ribbon frame discovered via IShellBrowser (hwnd=00000000004D0024)
[2025-11-28T16:47:08.472Z][pid 39844][tid 20728] INFO Breadcrumb ribbon frame discovered via IWebBrowser2 (hwnd=00000000004D0024)
[2025-11-28T16:47:08.472Z][pid 39844][tid 20728] INFO Breadcrumb toolbar located via window enumeration (hwnd=0000000001D424EC)
[2025-11-28T16:47:08.472Z][pid 39844][tid 20728] INFO Cleared Open In New Tab pending state
[2025-11-28T16:47:08.472Z][pid 39844][tid 20728] INFO Installed shell view window subclass (view=00000000004927C2)
[2025-11-28T16:47:08.473Z][pid 39844][tid 20728] INFO Installed explorer frame subclass (frame=0000000000D02D1C)
[2025-11-28T16:47:08.473Z][pid 39844][tid 20728] INFO Cleared Open In New Tab pending state
[2025-11-28T16:47:08.473Z][pid 39844][tid 20728] INFO Explorer view base subclass ready (view=00000000004927C2 frame=0000000000D02D1C)
[2025-11-28T16:47:08.473Z][pid 39844][tid 20728] VERBOSE DirectUI IUIElement unavailable (hr=0x80004001)
[2025-11-28T16:47:08.473Z][pid 39844][tid 20728] INFO Installed explorer DirectUI host subclass (direct=0000000001D027E8)
[2025-11-28T16:47:08.473Z][pid 39844][tid 20728] INFO Installed explorer tree view subclass (tree=0000000001B10204)
[2025-11-28T16:47:08.473Z][pid 39844][tid 20728] INFO Explorer pane creation watch armed (view=00000000004927C2 list=1 tree=0)
[2025-11-28T16:47:08.474Z][pid 39844][tid 20728] INFO Explorer pane fallback timer armed (view=00000000004927C2 delay=500)
[2025-11-28T16:47:08.474Z][pid 39844][tid 20728] INFO Explorer panes not ready: list view missing (view=00000000004927C2)
[2025-11-28T16:47:08.474Z][pid 39844][tid 20728] INFO Explorer pane retry timer armed (view=00000000004927C2 delay=500 attempts=1)
[2025-11-28T16:47:08.474Z][pid 39844][tid 20728] INFO TabBand::UpdateTabsUI applying 2 items
[2025-11-28T16:47:08.474Z][pid 39844][tid 20728] INFO Breadcrumb QueryService(IShellBrowser) failed: 0x80004001
[2025-11-28T16:47:08.474Z][pid 39844][tid 20728] INFO Breadcrumb ribbon frame discovered via IShellBrowser (hwnd=00000000004D0024)
[2025-11-28T16:47:08.475Z][pid 39844][tid 20728] INFO Breadcrumb ribbon frame discovered via IWebBrowser2 (hwnd=00000000004D0024)
[2025-11-28T16:47:08.475Z][pid 39844][tid 20728] INFO Breadcrumb toolbar located via window enumeration (hwnd=0000000001D424EC)
[2025-11-28T16:47:08.475Z][pid 39844][tid 20728] INFO Explorer pane creation watch cleared (view=00000000004927C2)
[2025-11-28T16:47:08.475Z][pid 39844][tid 20728] INFO Cleared Open In New Tab pending state
[2025-11-28T16:47:08.475Z][pid 39844][tid 20728] INFO Installed shell view window subclass (view=00000000004927C2)
[2025-11-28T16:47:08.476Z][pid 39844][tid 20728] INFO Installed explorer frame subclass (frame=0000000000D02D1C)
[2025-11-28T16:47:08.476Z][pid 39844][tid 20728] INFO Cleared Open In New Tab pending state
[2025-11-28T16:47:08.476Z][pid 39844][tid 20728] INFO Explorer view base subclass ready (view=00000000004927C2 frame=0000000000D02D1C)
[2025-11-28T16:47:08.476Z][pid 39844][tid 20728] VERBOSE DirectUI IUIElement unavailable (hr=0x80004001)
[2025-11-28T16:47:08.477Z][pid 39844][tid 20728] INFO Installed explorer DirectUI host subclass (direct=0000000001D027E8)
[2025-11-28T16:47:08.477Z][pid 39844][tid 20728] INFO Installed explorer tree view subclass (tree=0000000001B10204)
[2025-11-28T16:47:08.478Z][pid 39844][tid 20728] INFO Explorer pane creation watch armed (view=00000000004927C2 list=1 tree=0)
[2025-11-28T16:47:08.478Z][pid 39844][tid 20728] INFO Explorer pane fallback timer armed (view=00000000004927C2 delay=500)
[2025-11-28T16:47:08.478Z][pid 39844][tid 20728] INFO Explorer panes not ready: list view missing (view=00000000004927C2)
[2025-11-28T16:47:08.478Z][pid 39844][tid 20728] INFO Explorer pane retry timer armed (view=00000000004927C2 delay=500 attempts=1)
[2025-11-28T16:47:08.492Z][pid 39844][tid 20728] INFO TabBand::UpdateTabsUI applying 2 items
[2025-11-28T16:47:08.498Z][pid 39844][tid 20728] INFO TabBand::UpdateTabsUI applying 2 items
[2025-11-28T16:47:08.500Z][pid 39844][tid 20728] INFO Breadcrumb QueryService(IShellBrowser) failed: 0x80004001
[2025-11-28T16:47:08.500Z][pid 39844][tid 20728] INFO Breadcrumb ribbon frame discovered via IShellBrowser (hwnd=00000000004D0024)
[2025-11-28T16:47:08.501Z][pid 39844][tid 20728] INFO Breadcrumb ribbon frame discovered via IWebBrowser2 (hwnd=00000000004D0024)
[2025-11-28T16:47:08.502Z][pid 39844][tid 20728] INFO Breadcrumb toolbar located via window enumeration (hwnd=0000000001D424EC)
[2025-11-28T16:47:08.502Z][pid 39844][tid 20728] INFO Explorer pane creation watch cleared (view=00000000004927C2)
[2025-11-28T16:47:08.502Z][pid 39844][tid 20728] INFO Cleared Open In New Tab pending state
[2025-11-28T16:47:08.503Z][pid 39844][tid 20728] INFO Installed shell view window subclass (view=00000000004927C2)
[2025-11-28T16:47:08.503Z][pid 39844][tid 20728] INFO Installed explorer frame subclass (frame=0000000000D02D1C)
[2025-11-28T16:47:08.503Z][pid 39844][tid 20728] INFO Cleared Open In New Tab pending state
[2025-11-28T16:47:08.503Z][pid 39844][tid 20728] INFO Explorer view base subclass ready (view=00000000004927C2 frame=0000000000D02D1C)
[2025-11-28T16:47:08.503Z][pid 39844][tid 20728] VERBOSE DirectUI IUIElement unavailable (hr=0x80004001)
[2025-11-28T16:47:08.503Z][pid 39844][tid 20728] INFO Installed explorer DirectUI host subclass (direct=0000000001D027E8)
[2025-11-28T16:47:08.503Z][pid 39844][tid 20728] INFO Installed explorer tree view subclass (tree=0000000001B10204)
[2025-11-28T16:47:08.505Z][pid 39844][tid 20728] INFO Explorer pane creation watch armed (view=00000000004927C2 list=1 tree=0)
[2025-11-28T16:47:08.505Z][pid 39844][tid 20728] INFO Explorer pane fallback timer armed (view=00000000004927C2 delay=500)
[2025-11-28T16:47:08.505Z][pid 39844][tid 20728] INFO Explorer panes not ready: list view missing (view=00000000004927C2)
[2025-11-28T16:47:08.506Z][pid 39844][tid 20728] INFO Explorer pane retry timer armed (view=00000000004927C2 delay=500 attempts=1)
[2025-11-28T16:47:08.515Z][pid 39844][tid 20728] INFO Installed explorer list host subclass (host=0000000000D02D1C)
[2025-11-28T16:47:08.515Z][pid 39844][tid 20728] INFO Installed explorer list host subclass (host=00000000036F283A)
[2025-11-28T16:47:08.516Z][pid 39844][tid 20728] INFO Installed explorer list host subclass (host=00000000025305AA)
[2025-11-28T16:47:08.516Z][pid 39844][tid 20728] INFO Installed explorer list host subclass (host=00000000004D0024)
[2025-11-28T16:47:08.516Z][pid 39844][tid 20728] INFO Installed explorer list host subclass (host=000000000054247E)
[2025-11-28T16:47:08.568Z][pid 39844][tid 20728] INFO Explorer pane creation watch armed (view=00000000004927C2 list=1 tree=1)
[2025-11-28T16:47:08.568Z][pid 39844][tid 20728] INFO Explorer panes not ready: tree view missing (view=00000000004927C2)
[2025-11-28T16:47:08.573Z][pid 39844][tid 11304] INFO TabBand constructed (this=000000000C203960)
[2025-11-28T16:47:08.573Z][pid 39844][tid 11304] INFO TabBand::SetSite begin (this=000000000C203960, site=000000000B348D98)
[2025-11-28T16:47:08.573Z][pid 39844][tid 11304] INFO TabBand::DisconnectSite (this=000000000C203960)
[2025-11-28T16:47:08.573Z][pid 39844][tid 11304] INFO TabBand::EnsureSessionStore resolving storage (this=000000000C203960)
[2025-11-28T16:47:08.573Z][pid 39844][tid 11304] INFO TabBand::EnsureSessionStore window token unavailable; deferring initialization
[2025-11-28T16:47:08.573Z][pid 39844][tid 11304] INFO TabBand::SetSite resolved browser interfaces
[2025-11-28T16:47:08.573Z][pid 39844][tid 11304] INFO TabBand::SetSite EnsureWindow
[2025-11-28T16:47:08.573Z][pid 39844][tid 11304] INFO TabBand::EnsureWindow creating band window (this=000000000C203960)
[2025-11-28T16:47:08.575Z][pid 39844][tid 11304] INFO TabBand::EnsureSessionStore resolving storage (this=000000000C203960)
[2025-11-28T16:47:08.575Z][pid 39844][tid 11304] INFO TabBand::ResolveWindowToken adopted crashed session token 9EBE8377-FC37-4FCC-8623-366697CB37E2
[2025-11-28T16:47:08.575Z][pid 39844][tid 11304] INFO TabBand::EnsureSessionStore window token 9EBE8377-FC37-4FCC-8623-366697CB37E2
[2025-11-28T16:47:08.575Z][pid 39844][tid 11304] INFO TabBand::EnsureSessionStore using storage path C:\Users\ben\AppData\Roaming\ShellTabs\session-9EBE8377-FC37-4FCC-8623-366697CB37E2.db
[2025-11-28T16:47:08.576Z][pid 39844][tid 11304] INFO TabBand session crash marker created (post-init)
[2025-11-28T16:47:08.576Z][pid 39844][tid 20728] INFO Cleared Open In New Tab pending state
[2025-11-28T16:47:08.577Z][pid 39844][tid 20728] INFO CExplorerBHO::SetSite detaching from site
[2025-11-28T16:47:08.577Z][pid 39844][tid 20728] INFO Breadcrumb CBT hook removed for thread 20728
[2025-11-28T16:47:08.577Z][pid 39844][tid 20728] INFO Explorer pane creation watch cleared (view=0000000000000000)
[2025-11-28T16:47:08.578Z][pid 39844][tid 20728] INFO Cleared Open In New Tab pending state
[2025-11-28T16:47:08.578Z][pid 39844][tid 20728] INFO Cleared Open In New Tab pending state
[2025-11-28T16:47:08.578Z][pid 39844][tid 11304] INFO TabBand::EnsureWindow created window hwnd=0000000001D127E8
[2025-11-28T16:47:08.578Z][pid 39844][tid 11304] INFO TabBand::SetSite EnsureSessionStore
[2025-11-28T16:47:08.578Z][pid 39844][tid 11304] INFO TabBand::SetSite BrowserEvents connected
[2025-11-28T16:47:08.578Z][pid 39844][tid 11304] INFO TabBand::SetSite InitializeTabs
[2025-11-28T16:47:08.578Z][pid 39844][tid 11304] INFO TabBand::InitializeTabs - begin
[2025-11-28T16:47:08.578Z][pid 39844][tid 11304] INFO TabBand::InitializeTabs - end
[2025-11-28T16:47:08.579Z][pid 39844][tid 11304] INFO TabBand::SetSite UpdateTabsUI (initial)
[2025-11-28T16:47:08.579Z][pid 39844][tid 11304] INFO TabBand::UpdateTabsUI applying 1 items
[2025-11-28T16:47:08.579Z][pid 39844][tid 34460] INFO TabBand::RunBackgroundInitialization begin (this=000000000C203960, seq=1)
[2025-11-28T16:47:08.579Z][pid 39844][tid 11304] INFO TabBand::SetSite completed successfully
[2025-11-28T16:47:08.579Z][pid 39844][tid 34460] INFO TabBand session crash marker created
[2025-11-28T16:47:08.579Z][pid 39844][tid 34460] INFO SessionStore restored snapshot from C:\Users\ben\AppData\Roaming\ShellTabs\session-9EBE8377-FC37-4FCC-8623-366697CB37E2.db (primary)
[2025-11-28T16:47:08.582Z][pid 39844][tid 20728] INFO TabBand::DisconnectSite (this=000000000BFE2B80)
[2025-11-28T16:47:08.585Z][pid 39844][tid 20728] INFO TabBand::SetSite begin (this=000000000BFE2B80, site=0000000000000000)
[2025-11-28T16:47:08.586Z][pid 39844][tid 20728] INFO TabBand::SetSite site unchanged
[2025-11-28T16:47:08.586Z][pid 39844][tid 20728] INFO TabBand destroyed (this=000000000BFE2B80)
[2025-11-28T16:47:08.586Z][pid 39844][tid 20728] INFO TabBand::DisconnectSite (this=000000000BFE2B80)
[2025-11-28T16:47:08.586Z][pid 39844][tid 20728] INFO TabBand::EnsureSessionStore resolving storage (this=000000000BFE2B80)
[2025-11-28T16:47:08.586Z][pid 39844][tid 20728] INFO TabBand::EnsureSessionStore window token unavailable; deferring initialization
[2025-11-28T16:47:08.592Z][pid 39844][tid 11304] INFO CExplorerBHO::SetSite attaching to site=000000000BAFE9C8
[2025-11-28T16:47:08.592Z][pid 39844][tid 11304] INFO Cleared Open In New Tab pending state
[2025-11-28T16:47:08.593Z][pid 39844][tid 11304] INFO EnsureBandVisible: invoking ShowBrowserBar for host=00000000008D13D4 (attempt 1)
[2025-11-28T16:47:08.595Z][pid 39844][tid 11304] INFO EnsureBandVisible: ShowBrowserBar succeeded for host=00000000008D13D4 on attempt 1
[2025-11-28T16:47:08.595Z][pid 39844][tid 11304] INFO Installed progress gradient subclass on hwnd=0000000000A62E46
[2025-11-28T16:47:08.596Z][pid 39844][tid 11304] INFO Installed travel band subclass (band=0000000000AD27E0 toolbar=00000000022A2842)
[2025-11-28T16:47:08.596Z][pid 39844][tid 11304] INFO Breadcrumb CBT hook installed for thread 11304
[2025-11-28T16:47:08.596Z][pid 39844][tid 11304] INFO Breadcrumb gradients enabled; locating toolbar (installed=0 background=0 text=1)
[2025-11-28T16:47:08.596Z][pid 39844][tid 11304] INFO Breadcrumb QueryService(IShellBrowser) failed: 0x80004001
[2025-11-28T16:47:08.596Z][pid 39844][tid 11304] INFO Breadcrumb ribbon frame discovered via IShellBrowser (hwnd=00000000025405AA)
[2025-11-28T16:47:08.597Z][pid 39844][tid 11304] INFO Breadcrumb toolbar located via deep enumeration (hwnd=00000000039601D2)
[2025-11-28T16:47:08.597Z][pid 39844][tid 11304] INFO Installed breadcrumb gradient subclass on hwnd=00000000039601D2
[2025-11-28T16:47:08.597Z][pid 39844][tid 11304] INFO Installed progress gradient subclass on hwnd=0000000000A62E46
[2025-11-28T16:47:08.598Z][pid 39844][tid 11304] INFO Breadcrumb gradients enabled; locating toolbar (installed=1 background=0 text=1)
[2025-11-28T16:47:08.598Z][pid 39844][tid 11304] INFO Breadcrumb QueryService(IShellBrowser) failed: 0x80004001
[2025-11-28T16:47:08.599Z][pid 39844][tid 11304] INFO Breadcrumb ribbon frame discovered via IShellBrowser (hwnd=00000000025405AA)
[2025-11-28T16:47:08.599Z][pid 39844][tid 11304] INFO Breadcrumb toolbar located via deep enumeration (hwnd=00000000039601D2)
[2025-11-28T16:47:08.600Z][pid 39844][tid 11304] INFO Cleared Open In New Tab pending state
[2025-11-28T16:47:08.704Z][pid 39844][tid 11304] INFO TabBand::HandleInitializationResult applying sequence 1
[2025-11-28T16:47:08.705Z][pid 39844][tid 11304] INFO TabBand::RestoreSession loaded 1 groups
[2025-11-28T16:47:08.706Z][pid 39844][tid 11304] INFO TabBand::UpdateTabsUI applying 2 items
[2025-11-28T16:47:08.707Z][pid 39844][tid 11304] INFO Breadcrumb QueryService(IShellBrowser) failed: 0x80004001
[2025-11-28T16:47:08.707Z][pid 39844][tid 11304] INFO Breadcrumb ribbon frame discovered via IShellBrowser (hwnd=00000000025405AA)
[2025-11-28T16:47:08.707Z][pid 39844][tid 11304] INFO Breadcrumb ribbon frame discovered via IWebBrowser2 (hwnd=00000000025405AA)
[2025-11-28T16:47:08.707Z][pid 39844][tid 11304] INFO Breadcrumb toolbar located via window enumeration (hwnd=00000000084B27AC)
[2025-11-28T16:47:08.708Z][pid 39844][tid 11304] INFO Installed breadcrumb gradient subclass on hwnd=00000000084B27AC
[2025-11-28T16:47:08.711Z][pid 39844][tid 11304] INFO Installed progress gradient subclass on hwnd=0000000000A62E46
[2025-11-28T16:47:08.713Z][pid 39844][tid 11304] INFO Cleared Open In New Tab pending state
[2025-11-28T16:47:08.831Z][pid 39844][tid 11304] INFO TabBand::UpdateTabsUI applying 2 items
[2025-11-28T16:47:08.834Z][pid 39844][tid 11304] INFO Breadcrumb gradients enabled; locating toolbar (installed=1 background=0 text=1)
[2025-11-28T16:47:08.834Z][pid 39844][tid 11304] INFO Breadcrumb QueryService(IShellBrowser) failed: 0x80004001
[2025-11-28T16:47:08.834Z][pid 39844][tid 11304] INFO Breadcrumb ribbon frame discovered via IShellBrowser (hwnd=00000000025405AA)
[2025-11-28T16:47:08.834Z][pid 39844][tid 11304] INFO Breadcrumb ribbon frame discovered via IWebBrowser2 (hwnd=00000000025405AA)
[2025-11-28T16:47:08.835Z][pid 39844][tid 11304] INFO Breadcrumb toolbar located via window enumeration (hwnd=00000000084B27AC)
[2025-11-28T16:47:08.835Z][pid 39844][tid 11304] INFO Cleared Open In New Tab pending state
[2025-11-28T16:47:08.835Z][pid 39844][tid 11304] INFO Installed shell view window subclass (view=0000000002A630A0)
[2025-11-28T16:47:08.835Z][pid 39844][tid 11304] INFO Installed explorer frame subclass (frame=00000000008D13D4)
[2025-11-28T16:47:08.836Z][pid 39844][tid 11304] INFO Cleared Open In New Tab pending state
[2025-11-28T16:47:08.836Z][pid 39844][tid 11304] INFO Explorer view base subclass ready (view=0000000002A630A0 frame=00000000008D13D4)
[2025-11-28T16:47:08.836Z][pid 39844][tid 11304] VERBOSE DirectUI IUIElement unavailable (hr=0x80004001)
[2025-11-28T16:47:08.836Z][pid 39844][tid 11304] INFO Installed explorer DirectUI host subclass (direct=00000000003D0030)
[2025-11-28T16:47:08.837Z][pid 39844][tid 11304] INFO Installed explorer tree view subclass (tree=000000000175278E)
[2025-11-28T16:47:08.838Z][pid 39844][tid 11304] INFO Explorer pane creation watch armed (view=0000000002A630A0 list=1 tree=0)
[2025-11-28T16:47:08.838Z][pid 39844][tid 11304] INFO Explorer pane fallback timer armed (view=0000000002A630A0 delay=500)
[2025-11-28T16:47:08.839Z][pid 39844][tid 11304] INFO Explorer panes not ready: list view missing (view=0000000002A630A0)
[2025-11-28T16:47:08.839Z][pid 39844][tid 11304] INFO Explorer pane retry timer armed (view=0000000002A630A0 delay=500 attempts=1)
[2025-11-28T16:47:08.839Z][pid 39844][tid 11304] INFO TabBand::UpdateTabsUI applying 2 items
[2025-11-28T16:47:08.840Z][pid 39844][tid 11304] INFO Breadcrumb QueryService(IShellBrowser) failed: 0x80004001
[2025-11-28T16:47:08.840Z][pid 39844][tid 11304] INFO Breadcrumb ribbon frame discovered via IShellBrowser (hwnd=00000000025405AA)
[2025-11-28T16:47:08.840Z][pid 39844][tid 11304] INFO Breadcrumb ribbon frame discovered via IWebBrowser2 (hwnd=00000000025405AA)
[2025-11-28T16:47:08.841Z][pid 39844][tid 11304] INFO Breadcrumb toolbar located via window enumeration (hwnd=00000000084B27AC)
[2025-11-28T16:47:08.842Z][pid 39844][tid 11304] INFO Explorer pane creation watch cleared (view=0000000002A630A0)
[2025-11-28T16:47:08.842Z][pid 39844][tid 11304] INFO Cleared Open In New Tab pending state
[2025-11-28T16:47:08.842Z][pid 39844][tid 11304] INFO Installed shell view window subclass (view=0000000002A630A0)
[2025-11-28T16:47:08.843Z][pid 39844][tid 11304] INFO Installed explorer frame subclass (frame=00000000008D13D4)
[2025-11-28T16:47:08.843Z][pid 39844][tid 11304] INFO Cleared Open In New Tab pending state
[2025-11-28T16:47:08.843Z][pid 39844][tid 11304] INFO Explorer view base subclass ready (view=0000000002A630A0 frame=00000000008D13D4)
[2025-11-28T16:47:08.843Z][pid 39844][tid 11304] VERBOSE DirectUI IUIElement unavailable (hr=0x80004001)
[2025-11-28T16:47:08.843Z][pid 39844][tid 11304] INFO Installed explorer DirectUI host subclass (direct=00000000003D0030)
[2025-11-28T16:47:08.843Z][pid 39844][tid 11304] INFO Installed explorer tree view subclass (tree=000000000175278E)
[2025-11-28T16:47:08.844Z][pid 39844][tid 11304] INFO Explorer pane creation watch armed (view=0000000002A630A0 list=1 tree=0)
[2025-11-28T16:47:08.844Z][pid 39844][tid 11304] INFO Explorer pane fallback timer armed (view=0000000002A630A0 delay=500)
[2025-11-28T16:47:08.844Z][pid 39844][tid 11304] INFO Explorer panes not ready: list view missing (view=0000000002A630A0)
[2025-11-28T16:47:08.844Z][pid 39844][tid 11304] INFO Explorer pane retry timer armed (view=0000000002A630A0 delay=500 attempts=1)
[2025-11-28T16:47:08.855Z][pid 39844][tid 11304] INFO TabBand::UpdateTabsUI applying 2 items
[2025-11-28T16:47:08.865Z][pid 39844][tid 11304] INFO TabBand::UpdateTabsUI applying 2 items
[2025-11-28T16:47:08.867Z][pid 39844][tid 11304] INFO Breadcrumb QueryService(IShellBrowser) failed: 0x80004001
[2025-11-28T16:47:08.867Z][pid 39844][tid 11304] INFO Breadcrumb ribbon frame discovered via IShellBrowser (hwnd=00000000025405AA)
[2025-11-28T16:47:08.867Z][pid 39844][tid 11304] INFO Breadcrumb ribbon frame discovered via IWebBrowser2 (hwnd=00000000025405AA)
[2025-11-28T16:47:08.868Z][pid 39844][tid 11304] INFO Breadcrumb toolbar located via window enumeration (hwnd=00000000084B27AC)
[2025-11-28T16:47:08.868Z][pid 39844][tid 11304] INFO Explorer pane creation watch cleared (view=0000000002A630A0)
[2025-11-28T16:47:08.869Z][pid 39844][tid 11304] INFO Cleared Open In New Tab pending state
[2025-11-28T16:47:08.869Z][pid 39844][tid 11304] INFO Installed shell view window subclass (view=0000000002A630A0)
[2025-11-28T16:47:08.869Z][pid 39844][tid 11304] INFO Installed explorer frame subclass (frame=00000000008D13D4)
[2025-11-28T16:47:08.870Z][pid 39844][tid 11304] INFO Cleared Open In New Tab pending state
[2025-11-28T16:47:08.870Z][pid 39844][tid 11304] INFO Explorer view base subclass ready (view=0000000002A630A0 frame=00000000008D13D4)
[2025-11-28T16:47:08.870Z][pid 39844][tid 11304] VERBOSE DirectUI IUIElement unavailable (hr=0x80004001)
[2025-11-28T16:47:08.870Z][pid 39844][tid 11304] INFO Installed explorer DirectUI host subclass (direct=00000000003D0030)
[2025-11-28T16:47:08.871Z][pid 39844][tid 11304] INFO Installed explorer tree view subclass (tree=000000000175278E)
[2025-11-28T16:47:08.873Z][pid 39844][tid 11304] INFO Explorer pane creation watch armed (view=0000000002A630A0 list=1 tree=0)
[2025-11-28T16:47:08.873Z][pid 39844][tid 11304] INFO Explorer pane fallback timer armed (view=0000000002A630A0 delay=500)
[2025-11-28T16:47:08.873Z][pid 39844][tid 11304] INFO Explorer panes not ready: list view missing (view=0000000002A630A0)
[2025-11-28T16:47:08.873Z][pid 39844][tid 11304] INFO Explorer pane retry timer armed (view=0000000002A630A0 delay=500 attempts=1)
[2025-11-28T16:47:08.894Z][pid 39844][tid 11304] INFO Installed explorer list host subclass (host=00000000008D13D4)
[2025-11-28T16:47:08.895Z][pid 39844][tid 11304] INFO Installed explorer list host subclass (host=000000000055247E)
[2025-11-28T16:47:08.895Z][pid 39844][tid 11304] INFO Installed explorer list host subclass (host=00000000013306AE)
[2025-11-28T16:47:08.896Z][pid 39844][tid 11304] INFO Installed explorer list host subclass (host=00000000025405AA)
[2025-11-28T16:47:08.896Z][pid 39844][tid 11304] INFO Installed explorer list host subclass (host=0000000000F32E7E)
[2025-11-28T16:47:08.905Z][pid 39844][tid 29812] INFO TabBand constructed (this=000000000BFE2B80)
[2025-11-28T16:47:08.905Z][pid 39844][tid 29812] INFO TabBand::SetSite begin (this=000000000BFE2B80, site=000000000B34AFA8)
[2025-11-28T16:47:08.905Z][pid 39844][tid 29812] INFO TabBand::DisconnectSite (this=000000000BFE2B80)
[2025-11-28T16:47:08.905Z][pid 39844][tid 29812] INFO TabBand::EnsureSessionStore resolving storage (this=000000000BFE2B80)
[2025-11-28T16:47:08.906Z][pid 39844][tid 29812] INFO TabBand::EnsureSessionStore window token unavailable; deferring initialization
[2025-11-28T16:47:08.906Z][pid 39844][tid 29812] INFO TabBand::SetSite resolved browser interfaces
[2025-11-28T16:47:08.906Z][pid 39844][tid 29812] INFO TabBand::SetSite EnsureWindow
[2025-11-28T16:47:08.906Z][pid 39844][tid 29812] INFO TabBand::EnsureWindow creating band window (this=000000000BFE2B80)
[2025-11-28T16:47:08.908Z][pid 39844][tid 29812] INFO TabBand::EnsureSessionStore resolving storage (this=000000000BFE2B80)
[2025-11-28T16:47:08.908Z][pid 39844][tid 29812] INFO TabBand::ResolveWindowToken adopted crashed session token 2AD8E1F9-0D61-4DA7-BFCF-9A8B75747018
[2025-11-28T16:47:08.908Z][pid 39844][tid 29812] INFO TabBand::EnsureSessionStore window token 2AD8E1F9-0D61-4DA7-BFCF-9A8B75747018
[2025-11-28T16:47:08.908Z][pid 39844][tid 29812] INFO TabBand::EnsureSessionStore using storage path C:\Users\ben\AppData\Roaming\ShellTabs\session-2AD8E1F9-0D61-4DA7-BFCF-9A8B75747018.db
[2025-11-28T16:47:08.909Z][pid 39844][tid 29812] INFO TabBand session crash marker created (post-init)
[2025-11-28T16:47:08.915Z][pid 39844][tid 29812] INFO TabBand::EnsureWindow created window hwnd=0000000000D10954
[2025-11-28T16:47:08.915Z][pid 39844][tid 29812] INFO TabBand::SetSite EnsureSessionStore
[2025-11-28T16:47:08.915Z][pid 39844][tid 29812] INFO TabBand::SetSite BrowserEvents connected
[2025-11-28T16:47:08.915Z][pid 39844][tid 29812] INFO TabBand::SetSite InitializeTabs
[2025-11-28T16:47:08.915Z][pid 39844][tid 29812] INFO TabBand::InitializeTabs - begin
[2025-11-28T16:47:08.915Z][pid 39844][tid 29812] INFO TabBand::InitializeTabs - end
[2025-11-28T16:47:08.915Z][pid 39844][tid 29812] INFO TabBand::SetSite UpdateTabsUI (initial)
[2025-11-28T16:47:08.915Z][pid 39844][tid 29812] INFO TabBand::UpdateTabsUI applying 1 items
[2025-11-28T16:47:08.916Z][pid 39844][tid 29812] INFO TabBand::SetSite completed successfully
[2025-11-28T16:47:08.916Z][pid 39844][tid 34748] INFO TabBand::RunBackgroundInitialization begin (this=000000000BFE2B80, seq=1)
[2025-11-28T16:47:08.916Z][pid 39844][tid 34748] INFO TabBand session crash marker created
[2025-11-28T16:47:08.916Z][pid 39844][tid 34748] INFO SessionStore restored snapshot from C:\Users\ben\AppData\Roaming\ShellTabs\session-2AD8E1F9-0D61-4DA7-BFCF-9A8B75747018.db (primary)
[2025-11-28T16:47:08.930Z][pid 39844][tid 29812] INFO CExplorerBHO::SetSite attaching to site=000000000C05E9F8
[2025-11-28T16:47:08.930Z][pid 39844][tid 29812] INFO Cleared Open In New Tab pending state
[2025-11-28T16:47:08.930Z][pid 39844][tid 29812] INFO EnsureBandVisible: invoking ShowBrowserBar for host=00000000027A2DA0 (attempt 1)
[2025-11-28T16:47:08.931Z][pid 39844][tid 29812] INFO EnsureBandVisible: ShowBrowserBar succeeded for host=00000000027A2DA0 on attempt 1
[2025-11-28T16:47:08.932Z][pid 39844][tid 29812] INFO Installed progress gradient subclass on hwnd=0000000001F62838
[2025-11-28T16:47:08.932Z][pid 39844][tid 29812] INFO Installed travel band subclass (band=0000000001092CFE toolbar=00000000014C2CE6)
[2025-11-28T16:47:08.933Z][pid 39844][tid 29812] INFO Breadcrumb CBT hook installed for thread 29812
[2025-11-28T16:47:08.933Z][pid 39844][tid 29812] INFO Breadcrumb gradients enabled; locating toolbar (installed=0 background=0 text=1)
[2025-11-28T16:47:08.933Z][pid 39844][tid 29812] INFO Breadcrumb QueryService(IShellBrowser) failed: 0x80004001
[2025-11-28T16:47:08.933Z][pid 39844][tid 29812] INFO Breadcrumb ribbon frame discovered via IShellBrowser (hwnd=00000000006F267E)
[2025-11-28T16:47:08.933Z][pid 39844][tid 29812] INFO Breadcrumb toolbar located via deep enumeration (hwnd=0000000004FF145A)
[2025-11-28T16:47:08.934Z][pid 39844][tid 29812] INFO Installed breadcrumb gradient subclass on hwnd=0000000004FF145A
[2025-11-28T16:47:08.934Z][pid 39844][tid 29812] INFO Installed progress gradient subclass on hwnd=0000000001F62838
[2025-11-28T16:47:08.934Z][pid 39844][tid 11304] INFO Explorer pane creation watch armed (view=0000000002A630A0 list=1 tree=1)
[2025-11-28T16:47:08.934Z][pid 39844][tid 11304] INFO Explorer panes not ready: tree view missing (view=0000000002A630A0)
[2025-11-28T16:47:08.934Z][pid 39844][tid 29812] INFO Breadcrumb gradients enabled; locating toolbar (installed=1 background=0 text=1)
[2025-11-28T16:47:08.934Z][pid 39844][tid 29812] INFO Breadcrumb QueryService(IShellBrowser) failed: 0x80004001
[2025-11-28T16:47:08.935Z][pid 39844][tid 29812] INFO Breadcrumb ribbon frame discovered via IShellBrowser (hwnd=00000000006F267E)
[2025-11-28T16:47:08.935Z][pid 39844][tid 29812] INFO Breadcrumb toolbar located via deep enumeration (hwnd=0000000004FF145A)
[2025-11-28T16:47:08.935Z][pid 39844][tid 29812] INFO Cleared Open In New Tab pending state
[2025-11-28T16:47:08.941Z][pid 39844][tid 11304] INFO Cleared Open In New Tab pending state
[2025-11-28T16:47:08.944Z][pid 39844][tid 11304] INFO CExplorerBHO::SetSite detaching from site
[2025-11-28T16:47:08.944Z][pid 39844][tid 11304] INFO Breadcrumb CBT hook removed for thread 11304
[2025-11-28T16:47:08.944Z][pid 39844][tid 11304] INFO Explorer pane creation watch cleared (view=0000000000000000)
[2025-11-28T16:47:08.944Z][pid 39844][tid 11304] INFO Cleared Open In New Tab pending state
[2025-11-28T16:47:08.945Z][pid 39844][tid 11304] INFO Cleared Open In New Tab pending state
[2025-11-28T16:47:08.947Z][pid 39844][tid 11304] INFO TabBand::DisconnectSite (this=000000000C203960)
[2025-11-28T16:47:08.950Z][pid 39844][tid 11304] INFO TabBand::SetSite begin (this=000000000C203960, site=0000000000000000)
[2025-11-28T16:47:08.950Z][pid 39844][tid 11304] INFO TabBand::SetSite site unchanged
[2025-11-28T16:47:08.950Z][pid 39844][tid 11304] INFO TabBand destroyed (this=000000000C203960)
[2025-11-28T16:47:08.950Z][pid 39844][tid 11304] INFO TabBand::DisconnectSite (this=000000000C203960)
[2025-11-28T16:47:08.950Z][pid 39844][tid 11304] INFO TabBand::EnsureSessionStore resolving storage (this=000000000C203960)
[2025-11-28T16:47:08.950Z][pid 39844][tid 11304] INFO TabBand::EnsureSessionStore window token unavailable; deferring initialization
[2025-11-28T16:47:09.043Z][pid 39844][tid 29812] INFO TabBand::HandleInitializationResult applying sequence 1
[2025-11-28T16:47:09.043Z][pid 39844][tid 29812] INFO TabBand::RestoreSession loaded 1 groups
[2025-11-28T16:47:09.044Z][pid 39844][tid 29812] INFO TabBand::UpdateTabsUI applying 2 items
[2025-11-28T16:47:09.045Z][pid 39844][tid 29812] INFO Breadcrumb QueryService(IShellBrowser) failed: 0x80004001
[2025-11-28T16:47:09.045Z][pid 39844][tid 29812] INFO Breadcrumb ribbon frame discovered via IShellBrowser (hwnd=00000000006F267E)
[2025-11-28T16:47:09.045Z][pid 39844][tid 29812] INFO Breadcrumb ribbon frame discovered via IWebBrowser2 (hwnd=00000000006F267E)
[2025-11-28T16:47:09.045Z][pid 39844][tid 29812] INFO Breadcrumb toolbar located via window enumeration (hwnd=0000000000942588)
[2025-11-28T16:47:09.045Z][pid 39844][tid 29812] INFO Installed breadcrumb gradient subclass on hwnd=0000000000942588
[2025-11-28T16:47:09.046Z][pid 39844][tid 29812] INFO Installed progress gradient subclass on hwnd=0000000001F62838
[2025-11-28T16:47:09.046Z][pid 39844][tid 29812] INFO Cleared Open In New Tab pending state
[2025-11-28T16:47:09.118Z][pid 39844][tid 29812] INFO TabBand::UpdateTabsUI applying 2 items
[2025-11-28T16:47:09.177Z][pid 39844][tid 29812] INFO Breadcrumb gradients enabled; locating toolbar (installed=1 background=0 text=1)
[2025-11-28T16:47:09.177Z][pid 39844][tid 29812] INFO Breadcrumb QueryService(IShellBrowser) failed: 0x80004001
[2025-11-28T16:47:09.177Z][pid 39844][tid 29812] INFO Breadcrumb ribbon frame discovered via IShellBrowser (hwnd=00000000006F267E)
[2025-11-28T16:47:09.177Z][pid 39844][tid 29812] INFO Breadcrumb ribbon frame discovered via IWebBrowser2 (hwnd=00000000006F267E)
[2025-11-28T16:47:09.178Z][pid 39844][tid 29812] INFO Breadcrumb toolbar located via window enumeration (hwnd=0000000000942588)
[2025-11-28T16:47:09.178Z][pid 39844][tid 29812] INFO Cleared Open In New Tab pending state
[2025-11-28T16:47:09.178Z][pid 39844][tid 29812] INFO Installed shell view window subclass (view=0000000002E2019E)
[2025-11-28T16:47:09.178Z][pid 39844][tid 29812] INFO Installed explorer frame subclass (frame=00000000027A2DA0)
[2025-11-28T16:47:09.178Z][pid 39844][tid 29812] INFO Cleared Open In New Tab pending state
[2025-11-28T16:47:09.178Z][pid 39844][tid 29812] INFO Explorer view base subclass ready (view=0000000002E2019E frame=00000000027A2DA0)
[2025-11-28T16:47:09.178Z][pid 39844][tid 29812] VERBOSE DirectUI IUIElement unavailable (hr=0x80004001)
[2025-11-28T16:47:09.178Z][pid 39844][tid 29812] INFO Installed explorer DirectUI host subclass (direct=0000000004D62C66)
[2025-11-28T16:47:09.178Z][pid 39844][tid 29812] INFO Installed explorer tree view subclass (tree=0000000001CC0154)
[2025-11-28T16:47:09.179Z][pid 39844][tid 29812] INFO Explorer pane creation watch armed (view=0000000002E2019E list=1 tree=0)
[2025-11-28T16:47:09.179Z][pid 39844][tid 29812] INFO Explorer pane fallback timer armed (view=0000000002E2019E delay=500)
[2025-11-28T16:47:09.179Z][pid 39844][tid 29812] INFO Explorer panes not ready: list view missing (view=0000000002E2019E)
[2025-11-28T16:47:09.179Z][pid 39844][tid 29812] INFO Explorer pane retry timer armed (view=0000000002E2019E delay=500 attempts=1)
[2025-11-28T16:47:09.179Z][pid 39844][tid 29812] INFO TabBand::UpdateTabsUI applying 2 items
[2025-11-28T16:47:09.182Z][pid 39844][tid 29812] INFO Breadcrumb QueryService(IShellBrowser) failed: 0x80004001
[2025-11-28T16:47:09.182Z][pid 39844][tid 29812] INFO Breadcrumb ribbon frame discovered via IShellBrowser (hwnd=00000000006F267E)
[2025-11-28T16:47:09.183Z][pid 39844][tid 29812] INFO Breadcrumb ribbon frame discovered via IWebBrowser2 (hwnd=00000000006F267E)
[2025-11-28T16:47:09.184Z][pid 39844][tid 29812] INFO Breadcrumb toolbar located via window enumeration (hwnd=0000000000942588)
[2025-11-28T16:47:09.186Z][pid 39844][tid 29812] INFO Explorer pane creation watch cleared (view=0000000002E2019E)
[2025-11-28T16:47:09.186Z][pid 39844][tid 29812] INFO Cleared Open In New Tab pending state
[2025-11-28T16:47:09.186Z][pid 39844][tid 29812] INFO Installed shell view window subclass (view=0000000002E2019E)
[2025-11-28T16:47:09.187Z][pid 39844][tid 29812] INFO Installed explorer frame subclass (frame=00000000027A2DA0)
[2025-11-28T16:47:09.187Z][pid 39844][tid 29812] INFO Cleared Open In New Tab pending state
[2025-11-28T16:47:09.187Z][pid 39844][tid 29812] INFO Explorer view base subclass ready (view=0000000002E2019E frame=00000000027A2DA0)
[2025-11-28T16:47:09.187Z][pid 39844][tid 29812] VERBOSE DirectUI IUIElement unavailable (hr=0x80004001)
[2025-11-28T16:47:09.187Z][pid 39844][tid 29812] INFO Installed explorer DirectUI host subclass (direct=0000000004D62C66)
[2025-11-28T16:47:09.188Z][pid 39844][tid 29812] INFO Installed explorer tree view subclass (tree=0000000001CC0154)
[2025-11-28T16:47:09.191Z][pid 39844][tid 29812] INFO Explorer pane creation watch armed (view=0000000002E2019E list=1 tree=0)
[2025-11-28T16:47:09.191Z][pid 39844][tid 29812] INFO Explorer pane fallback timer armed (view=0000000002E2019E delay=500)
[2025-11-28T16:47:09.191Z][pid 39844][tid 29812] INFO Explorer panes not ready: list view missing (view=0000000002E2019E)
[2025-11-28T16:47:09.191Z][pid 39844][tid 29812] INFO Explorer pane retry timer armed (view=0000000002E2019E delay=500 attempts=1)
[2025-11-28T16:47:09.200Z][pid 39844][tid 29812] INFO TabBand::UpdateTabsUI applying 2 items
[2025-11-28T16:47:09.209Z][pid 39844][tid 29812] INFO TabBand::UpdateTabsUI applying 2 items
[2025-11-28T16:47:09.213Z][pid 39844][tid 29812] INFO Breadcrumb QueryService(IShellBrowser) failed: 0x80004001
[2025-11-28T16:47:09.213Z][pid 39844][tid 29812] INFO Breadcrumb ribbon frame discovered via IShellBrowser (hwnd=00000000006F267E)
[2025-11-28T16:47:09.214Z][pid 39844][tid 29812] INFO Breadcrumb ribbon frame discovered via IWebBrowser2 (hwnd=00000000006F267E)
[2025-11-28T16:47:09.214Z][pid 39844][tid 29812] INFO Breadcrumb toolbar located via window enumeration (hwnd=0000000000942588)
[2025-11-28T16:47:09.215Z][pid 39844][tid 29812] INFO Explorer pane creation watch cleared (view=0000000002E2019E)
[2025-11-28T16:47:09.215Z][pid 39844][tid 29812] INFO Cleared Open In New Tab pending state
[2025-11-28T16:47:09.215Z][pid 39844][tid 29812] INFO Installed shell view window subclass (view=0000000002E2019E)
[2025-11-28T16:47:09.216Z][pid 39844][tid 29812] INFO Installed explorer frame subclass (frame=00000000027A2DA0)
[2025-11-28T16:47:09.216Z][pid 39844][tid 29812] INFO Cleared Open In New Tab pending state
[2025-11-28T16:47:09.216Z][pid 39844][tid 29812] INFO Explorer view base subclass ready (view=0000000002E2019E frame=00000000027A2DA0)
[2025-11-28T16:47:09.216Z][pid 39844][tid 29812] VERBOSE DirectUI IUIElement unavailable (hr=0x80004001)
[2025-11-28T16:47:09.216Z][pid 39844][tid 29812] INFO Installed explorer DirectUI host subclass (direct=0000000004D62C66)
[2025-11-28T16:47:09.217Z][pid 39844][tid 29812] INFO Installed explorer tree view subclass (tree=0000000001CC0154)
[2025-11-28T16:47:09.221Z][pid 39844][tid 29812] INFO Explorer pane creation watch armed (view=0000000002E2019E list=1 tree=0)
[2025-11-28T16:47:09.222Z][pid 39844][tid 29812] INFO Explorer pane fallback timer armed (view=0000000002E2019E delay=500)
[2025-11-28T16:47:09.222Z][pid 39844][tid 29812] INFO Explorer panes not ready: list view missing (view=0000000002E2019E)
[2025-11-28T16:47:09.222Z][pid 39844][tid 29812] INFO Explorer pane retry timer armed (view=0000000002E2019E delay=500 attempts=1)
[2025-11-28T16:47:09.233Z][pid 39844][tid 29812] INFO Installed explorer list host subclass (host=00000000027A2DA0)
[2025-11-28T16:47:09.234Z][pid 39844][tid 29812] INFO Installed explorer list host subclass (host=00000000060B2E3E)
[2025-11-28T16:47:09.234Z][pid 39844][tid 29812] INFO Installed explorer list host subclass (host=0000000007CE2878)
[2025-11-28T16:47:09.234Z][pid 39844][tid 29812] INFO Installed explorer list host subclass (host=00000000006F267E)
[2025-11-28T16:47:09.234Z][pid 39844][tid 29812] INFO Installed explorer list host subclass (host=0000000001F409F4)
[2025-11-28T16:47:09.268Z][pid 39844][tid 20728] INFO TabBand constructed (this=000000000C203960)
[2025-11-28T16:47:09.269Z][pid 39844][tid 20728] INFO TabBand::SetSite begin (this=000000000C203960, site=000000000B34A208)
[2025-11-28T16:47:09.269Z][pid 39844][tid 20728] INFO TabBand::DisconnectSite (this=000000000C203960)
[2025-11-28T16:47:09.269Z][pid 39844][tid 20728] INFO TabBand::EnsureSessionStore resolving storage (this=000000000C203960)
[2025-11-28T16:47:09.269Z][pid 39844][tid 20728] INFO TabBand::EnsureSessionStore window token unavailable; deferring initialization
[2025-11-28T16:47:09.269Z][pid 39844][tid 20728] INFO TabBand::SetSite resolved browser interfaces
[2025-11-28T16:47:09.269Z][pid 39844][tid 20728] INFO TabBand::SetSite EnsureWindow
[2025-11-28T16:47:09.269Z][pid 39844][tid 20728] INFO TabBand::EnsureWindow creating band window (this=000000000C203960)
[2025-11-28T16:47:09.271Z][pid 39844][tid 20728] INFO TabBand::EnsureSessionStore resolving storage (this=000000000C203960)
[2025-11-28T16:47:09.271Z][pid 39844][tid 20728] INFO TabBand::ResolveWindowToken adopted crashed session token B25F2B8F-6C01-4B86-9202-A83F0A91ABF8
[2025-11-28T16:47:09.271Z][pid 39844][tid 20728] INFO TabBand::EnsureSessionStore window token B25F2B8F-6C01-4B86-9202-A83F0A91ABF8
[2025-11-28T16:47:09.271Z][pid 39844][tid 20728] INFO TabBand::EnsureSessionStore using storage path C:\Users\ben\AppData\Roaming\ShellTabs\session-B25F2B8F-6C01-4B86-9202-A83F0A91ABF8.db
[2025-11-28T16:47:09.272Z][pid 39844][tid 20728] INFO TabBand session crash marker created (post-init)
[2025-11-28T16:47:09.275Z][pid 39844][tid 20728] INFO TabBand::EnsureWindow created window hwnd=0000000002E82870
[2025-11-28T16:47:09.276Z][pid 39844][tid 20728] INFO TabBand::SetSite EnsureSessionStore
[2025-11-28T16:47:09.276Z][pid 39844][tid 20728] INFO TabBand::SetSite BrowserEvents connected
[2025-11-28T16:47:09.276Z][pid 39844][tid 20728] INFO TabBand::SetSite InitializeTabs
[2025-11-28T16:47:09.276Z][pid 39844][tid 20728] INFO TabBand::InitializeTabs - begin
[2025-11-28T16:47:09.276Z][pid 39844][tid 20728] INFO TabBand::InitializeTabs - end
[2025-11-28T16:47:09.276Z][pid 39844][tid 20728] INFO TabBand::SetSite UpdateTabsUI (initial)
[2025-11-28T16:47:09.276Z][pid 39844][tid 20728] INFO TabBand::UpdateTabsUI applying 1 items
[2025-11-28T16:47:09.276Z][pid 39844][tid 12880] INFO TabBand::RunBackgroundInitialization begin (this=000000000C203960, seq=1)
[2025-11-28T16:47:09.276Z][pid 39844][tid 20728] INFO TabBand::SetSite completed successfully
[2025-11-28T16:47:09.277Z][pid 39844][tid 12880] INFO TabBand session crash marker created
[2025-11-28T16:47:09.277Z][pid 39844][tid 12880] INFO SessionStore restored snapshot from C:\Users\ben\AppData\Roaming\ShellTabs\session-B25F2B8F-6C01-4B86-9202-A83F0A91ABF8.db (primary)
[2025-11-28T16:47:09.290Z][pid 39844][tid 29812] INFO Explorer pane creation watch armed (view=0000000002E2019E list=1 tree=1)
[2025-11-28T16:47:09.290Z][pid 39844][tid 29812] INFO Explorer panes not ready: tree view missing (view=0000000002E2019E)
[2025-11-28T16:47:09.292Z][pid 39844][tid 20728] INFO CExplorerBHO::SetSite attaching to site=000000000BD8B098
[2025-11-28T16:47:09.292Z][pid 39844][tid 20728] INFO Cleared Open In New Tab pending state
[2025-11-28T16:47:09.292Z][pid 39844][tid 20728] INFO EnsureBandVisible: invoking ShowBrowserBar for host=0000000006DE2D1E (attempt 1)
[2025-11-28T16:47:09.292Z][pid 39844][tid 20728] INFO EnsureBandVisible: ShowBrowserBar succeeded for host=0000000006DE2D1E on attempt 1
[2025-11-28T16:47:09.293Z][pid 39844][tid 29812] INFO Cleared Open In New Tab pending state
[2025-11-28T16:47:09.293Z][pid 39844][tid 20728] INFO Installed progress gradient subclass on hwnd=0000000000B326A6
[2025-11-28T16:47:09.293Z][pid 39844][tid 20728] INFO Installed travel band subclass (band=00000000011409DC toolbar=00000000039701D2)
[2025-11-28T16:47:09.294Z][pid 39844][tid 20728] INFO Breadcrumb CBT hook installed for thread 20728
[2025-11-28T16:47:09.294Z][pid 39844][tid 20728] INFO Breadcrumb gradients enabled; locating toolbar (installed=0 background=0 text=1)
[2025-11-28T16:47:09.294Z][pid 39844][tid 20728] INFO Breadcrumb QueryService(IShellBrowser) failed: 0x80004001
[2025-11-28T16:47:09.294Z][pid 39844][tid 20728] INFO Breadcrumb ribbon frame discovered via IShellBrowser (hwnd=0000000001F2048A)
[2025-11-28T16:47:09.295Z][pid 39844][tid 20728] INFO Breadcrumb toolbar located via deep enumeration (hwnd=0000000000C42E98)
[2025-11-28T16:47:09.295Z][pid 39844][tid 20728] INFO Installed breadcrumb gradient subclass on hwnd=0000000000C42E98
[2025-11-28T16:47:09.295Z][pid 39844][tid 29812] INFO CExplorerBHO::SetSite detaching from site
[2025-11-28T16:47:09.295Z][pid 39844][tid 29812] INFO Breadcrumb CBT hook removed for thread 29812
[2025-11-28T16:47:09.296Z][pid 39844][tid 20728] INFO Installed progress gradient subclass on hwnd=0000000000B326A6
[2025-11-28T16:47:09.296Z][pid 39844][tid 29812] INFO Explorer pane creation watch cleared (view=0000000000000000)
[2025-11-28T16:47:09.297Z][pid 39844][tid 29812] INFO Cleared Open In New Tab pending state
[2025-11-28T16:47:09.297Z][pid 39844][tid 29812] INFO Cleared Open In New Tab pending state
[2025-11-28T16:47:09.298Z][pid 39844][tid 20728] INFO Breadcrumb gradients enabled; locating toolbar (installed=1 background=0 text=1)
[2025-11-28T16:47:09.299Z][pid 39844][tid 20728] INFO Breadcrumb QueryService(IShellBrowser) failed: 0x80004001
[2025-11-28T16:47:09.299Z][pid 39844][tid 20728] INFO Breadcrumb ribbon frame discovered via IShellBrowser (hwnd=0000000001F2048A)
[2025-11-28T16:47:09.299Z][pid 39844][tid 20728] INFO Breadcrumb toolbar located via deep enumeration (hwnd=0000000000C42E98)
[2025-11-28T16:47:09.300Z][pid 39844][tid 29812] INFO TabBand::DisconnectSite (this=000000000BFE2B80)
[2025-11-28T16:47:09.300Z][pid 39844][tid 20728] INFO Cleared Open In New Tab pending state
[2025-11-28T16:47:09.303Z][pid 39844][tid 29812] INFO TabBand::SetSite begin (this=000000000BFE2B80, site=0000000000000000)
[2025-11-28T16:47:09.303Z][pid 39844][tid 29812] INFO TabBand::SetSite site unchanged
[2025-11-28T16:47:09.303Z][pid 39844][tid 29812] INFO TabBand destroyed (this=000000000BFE2B80)
[2025-11-28T16:47:09.304Z][pid 39844][tid 29812] INFO TabBand::DisconnectSite (this=000000000BFE2B80)
[2025-11-28T16:47:09.304Z][pid 39844][tid 29812] INFO TabBand::EnsureSessionStore resolving storage (this=000000000BFE2B80)
[2025-11-28T16:47:09.304Z][pid 39844][tid 29812] INFO TabBand::EnsureSessionStore window token unavailable; deferring initialization
[2025-11-28T16:47:09.412Z][pid 39844][tid 20728] INFO TabBand::HandleInitializationResult applying sequence 1
[2025-11-28T16:47:09.413Z][pid 39844][tid 20728] INFO TabBand::RestoreSession loaded 1 groups
[2025-11-28T16:47:09.414Z][pid 39844][tid 20728] INFO TabBand::UpdateTabsUI applying 3 items
[2025-11-28T16:47:09.435Z][pid 39844][tid 20728] INFO Breadcrumb QueryService(IShellBrowser) failed: 0x80004001
[2025-11-28T16:47:09.435Z][pid 39844][tid 20728] INFO Breadcrumb ribbon frame discovered via IShellBrowser (hwnd=0000000001F2048A)
[2025-11-28T16:47:09.435Z][pid 39844][tid 20728] INFO Breadcrumb ribbon frame discovered via IWebBrowser2 (hwnd=0000000001F2048A)
[2025-11-28T16:47:09.439Z][pid 39844][tid 20728] INFO Breadcrumb toolbar located via window enumeration (hwnd=00000000018D05C2)
[2025-11-28T16:47:09.439Z][pid 39844][tid 20728] INFO Installed breadcrumb gradient subclass on hwnd=00000000018D05C2
[2025-11-28T16:47:09.439Z][pid 39844][tid 20728] INFO Installed progress gradient subclass on hwnd=0000000000B326A6
[2025-11-28T16:47:09.440Z][pid 39844][tid 20728] INFO Cleared Open In New Tab pending state
[2025-11-28T16:47:09.524Z][pid 39844][tid 20728] INFO TabBand::UpdateTabsUI applying 3 items
[2025-11-28T16:47:09.526Z][pid 39844][tid 20728] INFO Breadcrumb gradients enabled; locating toolbar (installed=1 background=0 text=1)
[2025-11-28T16:47:09.526Z][pid 39844][tid 20728] INFO Breadcrumb QueryService(IShellBrowser) failed: 0x80004001
[2025-11-28T16:47:09.527Z][pid 39844][tid 20728] INFO Breadcrumb ribbon frame discovered via IShellBrowser (hwnd=0000000001F2048A)
[2025-11-28T16:47:09.527Z][pid 39844][tid 20728] INFO Breadcrumb ribbon frame discovered via IWebBrowser2 (hwnd=0000000001F2048A)
[2025-11-28T16:47:09.527Z][pid 39844][tid 20728] INFO Breadcrumb toolbar located via window enumeration (hwnd=00000000018D05C2)
[2025-11-28T16:47:09.528Z][pid 39844][tid 20728] INFO Cleared Open In New Tab pending state
[2025-11-28T16:47:09.528Z][pid 39844][tid 20728] INFO Installed shell view window subclass (view=00000000029C020C)
[2025-11-28T16:47:09.529Z][pid 39844][tid 20728] INFO Installed explorer frame subclass (frame=0000000006DE2D1E)
[2025-11-28T16:47:09.529Z][pid 39844][tid 20728] INFO Cleared Open In New Tab pending state
[2025-11-28T16:47:09.529Z][pid 39844][tid 20728] INFO Explorer view base subclass ready (view=00000000029C020C frame=0000000006DE2D1E)
[2025-11-28T16:47:09.530Z][pid 39844][tid 20728] VERBOSE DirectUI IUIElement unavailable (hr=0x80004001)
[2025-11-28T16:47:09.530Z][pid 39844][tid 20728] INFO Installed explorer DirectUI host subclass (direct=0000000003092474)
[2025-11-28T16:47:09.530Z][pid 39844][tid 20728] INFO Installed explorer tree view subclass (tree=0000000000C12440)
[2025-11-28T16:47:09.532Z][pid 39844][tid 20728] INFO Explorer pane creation watch armed (view=00000000029C020C list=1 tree=0)
[2025-11-28T16:47:09.532Z][pid 39844][tid 20728] INFO Explorer pane fallback timer armed (view=00000000029C020C delay=500)
[2025-11-28T16:47:09.532Z][pid 39844][tid 20728] INFO Explorer panes not ready: list view missing (view=00000000029C020C)
[2025-11-28T16:47:09.532Z][pid 39844][tid 20728] INFO Explorer pane retry timer armed (view=00000000029C020C delay=500 attempts=1)
[2025-11-28T16:47:09.532Z][pid 39844][tid 20728] INFO TabBand::UpdateTabsUI applying 3 items
[2025-11-28T16:47:09.533Z][pid 39844][tid 20728] INFO Breadcrumb QueryService(IShellBrowser) failed: 0x80004001
[2025-11-28T16:47:09.533Z][pid 39844][tid 20728] INFO Breadcrumb ribbon frame discovered via IShellBrowser (hwnd=0000000001F2048A)
[2025-11-28T16:47:09.533Z][pid 39844][tid 20728] INFO Breadcrumb ribbon frame discovered via IWebBrowser2 (hwnd=0000000001F2048A)
[2025-11-28T16:47:09.533Z][pid 39844][tid 20728] INFO Breadcrumb toolbar located via window enumeration (hwnd=00000000018D05C2)
[2025-11-28T16:47:09.535Z][pid 39844][tid 20728] INFO Explorer pane creation watch cleared (view=00000000029C020C)
[2025-11-28T16:47:09.535Z][pid 39844][tid 20728] INFO Cleared Open In New Tab pending state
[2025-11-28T16:47:09.535Z][pid 39844][tid 20728] INFO Installed shell view window subclass (view=00000000029C020C)
[2025-11-28T16:47:09.535Z][pid 39844][tid 20728] INFO Installed explorer frame subclass (frame=0000000006DE2D1E)
[2025-11-28T16:47:09.535Z][pid 39844][tid 20728] INFO Cleared Open In New Tab pending state
[2025-11-28T16:47:09.535Z][pid 39844][tid 20728] INFO Explorer view base subclass ready (view=00000000029C020C frame=0000000006DE2D1E)
[2025-11-28T16:47:09.536Z][pid 39844][tid 20728] VERBOSE DirectUI IUIElement unavailable (hr=0x80004001)
[2025-11-28T16:47:09.536Z][pid 39844][tid 20728] INFO Installed explorer DirectUI host subclass (direct=0000000003092474)
[2025-11-28T16:47:09.536Z][pid 39844][tid 20728] INFO Installed explorer tree view subclass (tree=0000000000C12440)
[2025-11-28T16:47:09.538Z][pid 39844][tid 20728] INFO Explorer pane creation watch armed (view=00000000029C020C list=1 tree=0)
[2025-11-28T16:47:09.538Z][pid 39844][tid 20728] INFO Explorer pane fallback timer armed (view=00000000029C020C delay=500)
[2025-11-28T16:47:09.538Z][pid 39844][tid 20728] INFO Explorer panes not ready: list view missing (view=00000000029C020C)
[2025-11-28T16:47:09.538Z][pid 39844][tid 20728] INFO Explorer pane retry timer armed (view=00000000029C020C delay=500 attempts=1)
[2025-11-28T16:47:09.550Z][pid 39844][tid 20728] INFO TabBand::UpdateTabsUI applying 3 items
[2025-11-28T16:47:09.559Z][pid 39844][tid 20728] INFO TabBand::UpdateTabsUI applying 3 items
[2025-11-28T16:47:09.562Z][pid 39844][tid 20728] INFO Breadcrumb QueryService(IShellBrowser) failed: 0x80004001
[2025-11-28T16:47:09.562Z][pid 39844][tid 20728] INFO Breadcrumb ribbon frame discovered via IShellBrowser (hwnd=0000000001F2048A)
[2025-11-28T16:47:09.563Z][pid 39844][tid 20728] INFO Breadcrumb ribbon frame discovered via IWebBrowser2 (hwnd=0000000001F2048A)
[2025-11-28T16:47:09.565Z][pid 39844][tid 20728] INFO Breadcrumb toolbar located via window enumeration (hwnd=00000000018D05C2)
[2025-11-28T16:47:09.566Z][pid 39844][tid 20728] INFO Explorer pane creation watch cleared (view=00000000029C020C)
[2025-11-28T16:47:09.566Z][pid 39844][tid 20728] INFO Cleared Open In New Tab pending state
[2025-11-28T16:47:09.566Z][pid 39844][tid 20728] INFO Installed shell view window subclass (view=00000000029C020C)
[2025-11-28T16:47:09.566Z][pid 39844][tid 20728] INFO Installed explorer frame subclass (frame=0000000006DE2D1E)
[2025-11-28T16:47:09.566Z][pid 39844][tid 20728] INFO Cleared Open In New Tab pending state
[2025-11-28T16:47:09.566Z][pid 39844][tid 20728] INFO Explorer view base subclass ready (view=00000000029C020C frame=0000000006DE2D1E)
[2025-11-28T16:47:09.567Z][pid 39844][tid 20728] VERBOSE DirectUI IUIElement unavailable (hr=0x80004001)
[2025-11-28T16:47:09.567Z][pid 39844][tid 20728] INFO Installed explorer DirectUI host subclass (direct=0000000003092474)
[2025-11-28T16:47:09.567Z][pid 39844][tid 20728] INFO Installed explorer tree view subclass (tree=0000000000C12440)
[2025-11-28T16:47:09.568Z][pid 39844][tid 20728] INFO Explorer pane creation watch armed (view=00000000029C020C list=1 tree=0)
[2025-11-28T16:47:09.568Z][pid 39844][tid 20728] INFO Explorer pane fallback timer armed (view=00000000029C020C delay=500)
[2025-11-28T16:47:09.568Z][pid 39844][tid 20728] INFO Explorer panes not ready: list view missing (view=00000000029C020C)
[2025-11-28T16:47:09.568Z][pid 39844][tid 20728] INFO Explorer pane retry timer armed (view=00000000029C020C delay=500 attempts=1)
[2025-11-28T16:47:09.599Z][pid 39844][tid 20728] INFO Installed explorer list host subclass (host=0000000006DE2D1E)
[2025-11-28T16:47:09.599Z][pid 39844][tid 29812] INFO TabBand constructed (this=000000000BFA6C00)
[2025-11-28T16:47:09.599Z][pid 39844][tid 29812] INFO TabBand::SetSite begin (this=000000000BFA6C00, site=000000000B34A8D8)
[2025-11-28T16:47:09.599Z][pid 39844][tid 29812] INFO TabBand::DisconnectSite (this=000000000BFA6C00)
[2025-11-28T16:47:09.599Z][pid 39844][tid 20728] INFO Installed explorer list host subclass (host=0000000001F72838)
[2025-11-28T16:47:09.600Z][pid 39844][tid 29812] INFO TabBand::EnsureSessionStore resolving storage (this=000000000BFA6C00)
[2025-11-28T16:47:09.600Z][pid 39844][tid 20728] INFO Installed explorer list host subclass (host=00000000024309D0)
[2025-11-28T16:47:09.600Z][pid 39844][tid 29812] INFO TabBand::EnsureSessionStore window token unavailable; deferring initialization
[2025-11-28T16:47:09.600Z][pid 39844][tid 29812] INFO TabBand::SetSite resolved browser interfaces
[2025-11-28T16:47:09.600Z][pid 39844][tid 29812] INFO TabBand::SetSite EnsureWindow
[2025-11-28T16:47:09.600Z][pid 39844][tid 20728] INFO Installed explorer list host subclass (host=0000000001F2048A)
[2025-11-28T16:47:09.600Z][pid 39844][tid 29812] INFO TabBand::EnsureWindow creating band window (this=000000000BFA6C00)
[2025-11-28T16:47:09.600Z][pid 39844][tid 20728] INFO Installed explorer list host subclass (host=0000000001B926FC)
[2025-11-28T16:47:09.602Z][pid 39844][tid 29812] INFO TabBand::EnsureSessionStore resolving storage (this=000000000BFA6C00)
[2025-11-28T16:47:09.602Z][pid 39844][tid 29812] INFO TabBand::ResolveWindowToken adopted crashed session token 234FB6EA-40D4-4694-B1E3-87840503B202
[2025-11-28T16:47:09.602Z][pid 39844][tid 29812] INFO TabBand::EnsureSessionStore window token 234FB6EA-40D4-4694-B1E3-87840503B202
[2025-11-28T16:47:09.602Z][pid 39844][tid 29812] INFO TabBand::EnsureSessionStore using storage path C:\Users\ben\AppData\Roaming\ShellTabs\session-234FB6EA-40D4-4694-B1E3-87840503B202.db
[2025-11-28T16:47:09.603Z][pid 39844][tid 29812] INFO TabBand session crash marker created (post-init)
[2025-11-28T16:47:09.605Z][pid 39844][tid 29812] INFO TabBand::EnsureWindow created window hwnd=0000000000F22C4C
[2025-11-28T16:47:09.605Z][pid 39844][tid 29812] INFO TabBand::SetSite EnsureSessionStore
[2025-11-28T16:47:09.605Z][pid 39844][tid 29812] INFO TabBand::SetSite BrowserEvents connected
[2025-11-28T16:47:09.605Z][pid 39844][tid 29812] INFO TabBand::SetSite InitializeTabs
[2025-11-28T16:47:09.606Z][pid 39844][tid 29812] INFO TabBand::InitializeTabs - begin
[2025-11-28T16:47:09.606Z][pid 39844][tid 29812] INFO TabBand::InitializeTabs - end
[2025-11-28T16:47:09.606Z][pid 39844][tid 29812] INFO TabBand::SetSite UpdateTabsUI (initial)
[2025-11-28T16:47:09.606Z][pid 39844][tid 29812] INFO TabBand::UpdateTabsUI applying 1 items
[2025-11-28T16:47:09.606Z][pid 39844][tid 29812] INFO TabBand::SetSite completed successfully
[2025-11-28T16:47:09.606Z][pid 39844][tid 7104] INFO TabBand::RunBackgroundInitialization begin (this=000000000BFA6C00, seq=1)
[2025-11-28T16:47:09.606Z][pid 39844][tid 7104] INFO TabBand session crash marker created
[2025-11-28T16:47:09.607Z][pid 39844][tid 7104] INFO SessionStore restored snapshot from C:\Users\ben\AppData\Roaming\ShellTabs\session-234FB6EA-40D4-4694-B1E3-87840503B202.db (primary)
[2025-11-28T16:47:09.624Z][pid 39844][tid 29812] INFO CExplorerBHO::SetSite attaching to site=000000000A899C98
[2025-11-28T16:47:09.624Z][pid 39844][tid 29812] INFO Cleared Open In New Tab pending state
[2025-11-28T16:47:09.625Z][pid 39844][tid 29812] INFO EnsureBandVisible: invoking ShowBrowserBar for host=00000000013506AE (attempt 1)
[2025-11-28T16:47:09.626Z][pid 39844][tid 29812] INFO EnsureBandVisible: ShowBrowserBar succeeded for host=00000000013506AE on attempt 1
[2025-11-28T16:47:09.626Z][pid 39844][tid 29812] INFO Installed progress gradient subclass on hwnd=00000000084D27AC
[2025-11-28T16:47:09.627Z][pid 39844][tid 29812] INFO Installed travel band subclass (band=0000000007CF2878 toolbar=00000000060C2E3E)
[2025-11-28T16:47:09.627Z][pid 39844][tid 29812] INFO Breadcrumb CBT hook installed for thread 29812
[2025-11-28T16:47:09.627Z][pid 39844][tid 29812] INFO Breadcrumb gradients enabled; locating toolbar (installed=0 background=0 text=1)
[2025-11-28T16:47:09.627Z][pid 39844][tid 29812] INFO Breadcrumb QueryService(IShellBrowser) failed: 0x80004001
[2025-11-28T16:47:09.627Z][pid 39844][tid 29812] INFO Breadcrumb ribbon frame discovered via IShellBrowser (hwnd=00000000059E0662)
[2025-11-28T16:47:09.628Z][pid 39844][tid 29812] INFO Breadcrumb toolbar located via deep enumeration (hwnd=00000000023B2DA4)
[2025-11-28T16:47:09.628Z][pid 39844][tid 29812] INFO Installed breadcrumb gradient subclass on hwnd=00000000023B2DA4
[2025-11-28T16:47:09.629Z][pid 39844][tid 29812] INFO Installed progress gradient subclass on hwnd=00000000084D27AC
[2025-11-28T16:47:09.632Z][pid 39844][tid 29812] INFO Breadcrumb gradients enabled; locating toolbar (installed=1 background=0 text=1)
[2025-11-28T16:47:09.632Z][pid 39844][tid 29812] INFO Breadcrumb QueryService(IShellBrowser) failed: 0x80004001
[2025-11-28T16:47:09.632Z][pid 39844][tid 29812] INFO Breadcrumb ribbon frame discovered via IShellBrowser (hwnd=00000000059E0662)
[2025-11-28T16:47:09.632Z][pid 39844][tid 29812] INFO Breadcrumb toolbar located via deep enumeration (hwnd=00000000023B2DA4)
[2025-11-28T16:47:09.632Z][pid 39844][tid 29812] INFO Cleared Open In New Tab pending state
[2025-11-28T16:47:09.635Z][pid 39844][tid 20728] INFO Explorer pane creation watch armed (view=00000000029C020C list=1 tree=1)
[2025-11-28T16:47:09.635Z][pid 39844][tid 20728] INFO Explorer panes not ready: tree view missing (view=00000000029C020C)
[2025-11-28T16:47:09.645Z][pid 39844][tid 20728] INFO Cleared Open In New Tab pending state
[2025-11-28T16:47:09.646Z][pid 39844][tid 20728] INFO CExplorerBHO::SetSite detaching from site
[2025-11-28T16:47:09.646Z][pid 39844][tid 20728] INFO Breadcrumb CBT hook removed for thread 20728
[2025-11-28T16:47:09.647Z][pid 39844][tid 20728] INFO Explorer pane creation watch cleared (view=0000000000000000)
[2025-11-28T16:47:09.647Z][pid 39844][tid 20728] INFO Cleared Open In New Tab pending state
[2025-11-28T16:47:09.647Z][pid 39844][tid 20728] INFO Cleared Open In New Tab pending state
[2025-11-28T16:47:09.648Z][pid 39844][tid 20728] INFO TabBand::DisconnectSite (this=000000000C203960)
[2025-11-28T16:47:09.649Z][pid 39844][tid 20728] INFO TabBand::SetSite begin (this=000000000C203960, site=0000000000000000)
[2025-11-28T16:47:09.649Z][pid 39844][tid 20728] INFO TabBand::SetSite site unchanged
[2025-11-28T16:47:09.649Z][pid 39844][tid 20728] INFO TabBand destroyed (this=000000000C203960)
[2025-11-28T16:47:09.649Z][pid 39844][tid 20728] INFO TabBand::DisconnectSite (this=000000000C203960)
[2025-11-28T16:47:09.649Z][pid 39844][tid 20728] INFO TabBand::EnsureSessionStore resolving storage (this=000000000C203960)
[2025-11-28T16:47:09.650Z][pid 39844][tid 20728] INFO TabBand::EnsureSessionStore window token unavailable; deferring initialization
[2025-11-28T16:47:09.849Z][pid 39844][tid 29812] INFO TabBand::HandleInitializationResult applying sequence 1
[2025-11-28T16:47:09.852Z][pid 39844][tid 29812] INFO TabBand::RestoreSession loaded 1 groups
[2025-11-28T16:47:09.853Z][pid 39844][tid 11304] INFO TabBand constructed (this=000000000C203960)
[2025-11-28T16:47:09.853Z][pid 39844][tid 11304] INFO TabBand::SetSite begin (this=000000000C203960, site=000000000B34AFA8)
[2025-11-28T16:47:09.853Z][pid 39844][tid 11304] INFO TabBand::DisconnectSite (this=000000000C203960)
[2025-11-28T16:47:09.854Z][pid 39844][tid 11304] INFO TabBand::EnsureSessionStore resolving storage (this=000000000C203960)
[2025-11-28T16:47:09.854Z][pid 39844][tid 11304] INFO TabBand::EnsureSessionStore window token unavailable; deferring initialization
[2025-11-28T16:47:09.854Z][pid 39844][tid 11304] INFO TabBand::SetSite resolved browser interfaces
[2025-11-28T16:47:09.854Z][pid 39844][tid 11304] INFO TabBand::SetSite EnsureWindow
[2025-11-28T16:47:09.854Z][pid 39844][tid 11304] INFO TabBand::EnsureWindow creating band window (this=000000000C203960)
[2025-11-28T16:47:09.855Z][pid 39844][tid 29812] INFO TabBand::UpdateTabsUI applying 4 items
[2025-11-28T16:47:09.856Z][pid 39844][tid 11304] INFO TabBand::EnsureSessionStore resolving storage (this=000000000C203960)
[2025-11-28T16:47:09.856Z][pid 39844][tid 11304] INFO TabBand::EnsureSessionStore window token 2FB09F71-AF98-43A9-9EB4-067150EA9FB2
[2025-11-28T16:47:09.856Z][pid 39844][tid 29812] INFO Breadcrumb QueryService(IShellBrowser) failed: 0x80004001
[2025-11-28T16:47:09.856Z][pid 39844][tid 11304] INFO TabBand::EnsureSessionStore using storage path C:\Users\ben\AppData\Roaming\ShellTabs\session-2FB09F71-AF98-43A9-9EB4-067150EA9FB2.db
[2025-11-28T16:47:09.856Z][pid 39844][tid 29812] INFO Breadcrumb ribbon frame discovered via IShellBrowser (hwnd=00000000059E0662)
[2025-11-28T16:47:09.856Z][pid 39844][tid 29812] INFO Breadcrumb ribbon frame discovered via IWebBrowser2 (hwnd=00000000059E0662)
[2025-11-28T16:47:09.857Z][pid 39844][tid 11304] INFO TabBand session crash marker created (post-init)
[2025-11-28T16:47:09.857Z][pid 39844][tid 29812] INFO Breadcrumb toolbar located via window enumeration (hwnd=0000000000A82E46)
[2025-11-28T16:47:09.857Z][pid 39844][tid 29812] INFO Installed breadcrumb gradient subclass on hwnd=0000000000A82E46
[2025-11-28T16:47:09.857Z][pid 39844][tid 29812] INFO Installed progress gradient subclass on hwnd=00000000084D27AC
[2025-11-28T16:47:09.858Z][pid 39844][tid 29812] INFO Cleared Open In New Tab pending state
[2025-11-28T16:47:09.859Z][pid 39844][tid 11304] INFO TabBand::EnsureWindow created window hwnd=0000000001BB26FC
[2025-11-28T16:47:09.859Z][pid 39844][tid 11304] INFO TabBand::SetSite EnsureSessionStore
[2025-11-28T16:47:09.859Z][pid 39844][tid 11304] INFO TabBand::SetSite BrowserEvents connected
[2025-11-28T16:47:09.859Z][pid 39844][tid 11304] INFO TabBand::SetSite InitializeTabs
[2025-11-28T16:47:09.859Z][pid 39844][tid 11304] INFO TabBand::InitializeTabs - begin
[2025-11-28T16:47:09.859Z][pid 39844][tid 11304] INFO TabBand::InitializeTabs - end
[2025-11-28T16:47:09.859Z][pid 39844][tid 11304] INFO TabBand::SetSite UpdateTabsUI (initial)
[2025-11-28T16:47:09.859Z][pid 39844][tid 11304] INFO TabBand::UpdateTabsUI applying 1 items
[2025-11-28T16:47:09.860Z][pid 39844][tid 37176] INFO TabBand::RunBackgroundInitialization begin (this=000000000C203960, seq=1)
[2025-11-28T16:47:09.860Z][pid 39844][tid 11304] INFO TabBand::SetSite completed successfully
[2025-11-28T16:47:09.860Z][pid 39844][tid 37176] INFO TabBand session crash marker created
[2025-11-28T16:47:09.860Z][pid 39844][tid 37176] WARN TabBand::RunBackgroundInitialization failed to load session data
[2025-11-28T16:47:09.876Z][pid 39844][tid 11304] INFO CExplorerBHO::SetSite attaching to site=000000000F8F07B8
[2025-11-28T16:47:09.877Z][pid 39844][tid 11304] INFO Cleared Open In New Tab pending state
[2025-11-28T16:47:09.877Z][pid 39844][tid 11304] INFO EnsureBandVisible: invoking ShowBrowserBar for host=0000000000A12E50 (attempt 1)
[2025-11-28T16:47:09.878Z][pid 39844][tid 11304] INFO EnsureBandVisible: ShowBrowserBar succeeded for host=0000000000A12E50 on attempt 1
[2025-11-28T16:47:09.878Z][pid 39844][tid 11304] INFO Installed progress gradient subclass on hwnd=00000000006926A4
[2025-11-28T16:47:09.879Z][pid 39844][tid 11304] INFO Installed travel band subclass (band=0000000009622C48 toolbar=0000000000B027E0)
[2025-11-28T16:47:09.879Z][pid 39844][tid 11304] INFO Breadcrumb CBT hook installed for thread 11304
[2025-11-28T16:47:09.879Z][pid 39844][tid 11304] INFO Breadcrumb gradients enabled; locating toolbar (installed=0 background=0 text=1)
[2025-11-28T16:47:09.879Z][pid 39844][tid 11304] INFO Breadcrumb QueryService(IShellBrowser) failed: 0x80004001
[2025-11-28T16:47:09.879Z][pid 39844][tid 11304] INFO Breadcrumb ribbon frame discovered via IShellBrowser (hwnd=0000000000920832)
[2025-11-28T16:47:09.879Z][pid 39844][tid 11304] INFO Breadcrumb toolbar located via deep enumeration (hwnd=0000000000C52E98)
[2025-11-28T16:47:09.879Z][pid 39844][tid 11304] INFO Installed breadcrumb gradient subclass on hwnd=0000000000C52E98
[2025-11-28T16:47:09.880Z][pid 39844][tid 11304] INFO Installed progress gradient subclass on hwnd=00000000006926A4
[2025-11-28T16:47:09.880Z][pid 39844][tid 11304] INFO Breadcrumb gradients enabled; locating toolbar (installed=1 background=0 text=1)
[2025-11-28T16:47:09.880Z][pid 39844][tid 11304] INFO Breadcrumb QueryService(IShellBrowser) failed: 0x80004001
[2025-11-28T16:47:09.880Z][pid 39844][tid 11304] INFO Breadcrumb ribbon frame discovered via IShellBrowser (hwnd=0000000000920832)
[2025-11-28T16:47:09.881Z][pid 39844][tid 11304] INFO Breadcrumb toolbar located via deep enumeration (hwnd=0000000000C52E98)
[2025-11-28T16:47:09.882Z][pid 39844][tid 11304] INFO Cleared Open In New Tab pending state
[2025-11-28T16:47:10.066Z][pid 39844][tid 11304] INFO TabBand::HandleInitializationResult applying sequence 1
[2025-11-28T16:47:10.067Z][pid 39844][tid 11304] INFO TabBand::UpdateTabsUI applying 1 items
[2025-11-28T16:47:10.084Z][pid 39844][tid 29812] INFO TabBand::UpdateTabsUI applying 4 items
[2025-11-28T16:47:10.085Z][pid 39844][tid 29812] INFO Breadcrumb gradients enabled; locating toolbar (installed=1 background=0 text=1)
[2025-11-28T16:47:10.085Z][pid 39844][tid 29812] INFO Breadcrumb QueryService(IShellBrowser) failed: 0x80004001
[2025-11-28T16:47:10.085Z][pid 39844][tid 29812] INFO Breadcrumb ribbon frame discovered via IShellBrowser (hwnd=00000000059E0662)
[2025-11-28T16:47:10.085Z][pid 39844][tid 29812] INFO Breadcrumb ribbon frame discovered via IWebBrowser2 (hwnd=00000000059E0662)
[2025-11-28T16:47:10.085Z][pid 39844][tid 29812] INFO Breadcrumb toolbar located via window enumeration (hwnd=0000000000A82E46)
[2025-11-28T16:47:10.086Z][pid 39844][tid 29812] INFO Cleared Open In New Tab pending state
[2025-11-28T16:47:10.086Z][pid 39844][tid 29812] INFO Installed shell view window subclass (view=0000000000B0261C)
[2025-11-28T16:47:10.086Z][pid 39844][tid 29812] INFO Installed explorer frame subclass (frame=00000000013506AE)
[2025-11-28T16:47:10.086Z][pid 39844][tid 29812] INFO Cleared Open In New Tab pending state
[2025-11-28T16:47:10.086Z][pid 39844][tid 29812] INFO Explorer view base subclass ready (view=0000000000B0261C frame=00000000013506AE)
[2025-11-28T16:47:10.086Z][pid 39844][tid 29812] VERBOSE DirectUI IUIElement unavailable (hr=0x80004001)
[2025-11-28T16:47:10.086Z][pid 39844][tid 29812] INFO Installed explorer DirectUI host subclass (direct=0000000000500024)
[2025-11-28T16:47:10.086Z][pid 39844][tid 29812] INFO Installed explorer tree view subclass (tree=0000000000CE278A)
[2025-11-28T16:47:10.087Z][pid 39844][tid 29812] INFO Explorer pane creation watch armed (view=0000000000B0261C list=1 tree=0)
[2025-11-28T16:47:10.087Z][pid 39844][tid 29812] INFO Explorer pane fallback timer armed (view=0000000000B0261C delay=500)
[2025-11-28T16:47:10.087Z][pid 39844][tid 29812] INFO Explorer panes not ready: list view missing (view=0000000000B0261C)
[2025-11-28T16:47:10.087Z][pid 39844][tid 29812] INFO Explorer pane retry timer armed (view=0000000000B0261C delay=500 attempts=1)
[2025-11-28T16:47:10.087Z][pid 39844][tid 29812] INFO TabBand::UpdateTabsUI applying 4 items
[2025-11-28T16:47:10.088Z][pid 39844][tid 29812] INFO Breadcrumb QueryService(IShellBrowser) failed: 0x80004001
[2025-11-28T16:47:10.088Z][pid 39844][tid 29812] INFO Breadcrumb ribbon frame discovered via IShellBrowser (hwnd=00000000059E0662)
[2025-11-28T16:47:10.089Z][pid 39844][tid 29812] INFO Breadcrumb ribbon frame discovered via IWebBrowser2 (hwnd=00000000059E0662)
[2025-11-28T16:47:10.090Z][pid 39844][tid 29812] INFO Breadcrumb toolbar located via window enumeration (hwnd=0000000000A82E46)
[2025-11-28T16:47:10.091Z][pid 39844][tid 29812] INFO Explorer pane creation watch cleared (view=0000000000B0261C)
[2025-11-28T16:47:10.091Z][pid 39844][tid 29812] INFO Cleared Open In New Tab pending state
[2025-11-28T16:47:10.092Z][pid 39844][tid 29812] INFO Installed shell view window subclass (view=0000000000B0261C)
[2025-11-28T16:47:10.092Z][pid 39844][tid 11304] INFO TabBand::UpdateTabsUI applying 1 items
[2025-11-28T16:47:10.092Z][pid 39844][tid 29812] INFO Installed explorer frame subclass (frame=00000000013506AE)
[2025-11-28T16:47:10.092Z][pid 39844][tid 29812] INFO Cleared Open In New Tab pending state
[2025-11-28T16:47:10.092Z][pid 39844][tid 29812] INFO Explorer view base subclass ready (view=0000000000B0261C frame=00000000013506AE)
[2025-11-28T16:47:10.092Z][pid 39844][tid 29812] VERBOSE DirectUI IUIElement unavailable (hr=0x80004001)
[2025-11-28T16:47:10.092Z][pid 39844][tid 29812] INFO Installed explorer DirectUI host subclass (direct=0000000000500024)
[2025-11-28T16:47:10.092Z][pid 39844][tid 29812] INFO Installed explorer tree view subclass (tree=0000000000CE278A)
[2025-11-28T16:47:10.092Z][pid 39844][tid 29812] INFO Explorer pane creation watch armed (view=0000000000B0261C list=1 tree=0)
[2025-11-28T16:47:10.093Z][pid 39844][tid 29812] INFO Explorer pane fallback timer armed (view=0000000000B0261C delay=500)
[2025-11-28T16:47:10.093Z][pid 39844][tid 29812] INFO Explorer panes not ready: list view missing (view=0000000000B0261C)
[2025-11-28T16:47:10.093Z][pid 39844][tid 29812] INFO Explorer pane retry timer armed (view=0000000000B0261C delay=500 attempts=1)
[2025-11-28T16:47:10.095Z][pid 39844][tid 11304] INFO Breadcrumb QueryService(IShellBrowser) failed: 0x80004001
[2025-11-28T16:47:10.095Z][pid 39844][tid 11304] INFO Breadcrumb ribbon frame discovered via IShellBrowser (hwnd=0000000000920832)
[2025-11-28T16:47:10.095Z][pid 39844][tid 11304] INFO Breadcrumb ribbon frame discovered via IWebBrowser2 (hwnd=0000000000920832)
[2025-11-28T16:47:10.095Z][pid 39844][tid 11304] INFO Breadcrumb toolbar located via window enumeration (hwnd=0000000001D327E8)
[2025-11-28T16:47:10.096Z][pid 39844][tid 11304] INFO Installed breadcrumb gradient subclass on hwnd=0000000001D327E8
[2025-11-28T16:47:10.096Z][pid 39844][tid 11304] INFO Installed progress gradient subclass on hwnd=00000000006926A4
[2025-11-28T16:47:10.096Z][pid 39844][tid 11304] INFO Cleared Open In New Tab pending state
[2025-11-28T16:47:10.096Z][pid 39844][tid 11304] INFO Installed shell view window subclass (view=0000000003050A6C)
[2025-11-28T16:47:10.096Z][pid 39844][tid 11304] INFO Installed explorer frame subclass (frame=0000000000A12E50)
[2025-11-28T16:47:10.096Z][pid 39844][tid 11304] INFO Cleared Open In New Tab pending state
[2025-11-28T16:47:10.096Z][pid 39844][tid 11304] INFO Explorer view base subclass ready (view=0000000003050A6C frame=0000000000A12E50)
[2025-11-28T16:47:10.096Z][pid 39844][tid 11304] VERBOSE DirectUI IUIElement unavailable (hr=0x80004001)
[2025-11-28T16:47:10.096Z][pid 39844][tid 11304] INFO Installed explorer DirectUI host subclass (direct=0000000001F02830)
[2025-11-28T16:47:10.097Z][pid 39844][tid 11304] INFO Explorer pane creation watch armed (view=0000000003050A6C list=1 tree=1)
[2025-11-28T16:47:10.097Z][pid 39844][tid 11304] INFO Explorer pane fallback timer armed (view=0000000003050A6C delay=500)
[2025-11-28T16:47:10.097Z][pid 39844][tid 11304] INFO Explorer panes not ready: list view missing (view=0000000003050A6C)
[2025-11-28T16:47:10.097Z][pid 39844][tid 11304] INFO Explorer panes not ready: tree view missing (view=0000000003050A6C)
[2025-11-28T16:47:10.097Z][pid 39844][tid 11304] INFO Explorer pane retry timer armed (view=0000000003050A6C delay=500 attempts=1)
[2025-11-28T16:47:10.098Z][pid 39844][tid 11304] INFO TabBand::UpdateTabsUI applying 1 items
[2025-11-28T16:47:10.098Z][pid 39844][tid 11304] INFO Breadcrumb gradients enabled; locating toolbar (installed=1 background=0 text=1)
[2025-11-28T16:47:10.098Z][pid 39844][tid 11304] INFO Breadcrumb QueryService(IShellBrowser) failed: 0x80004001
[2025-11-28T16:47:10.098Z][pid 39844][tid 11304] INFO Breadcrumb ribbon frame discovered via IShellBrowser (hwnd=0000000000920832)
[2025-11-28T16:47:10.098Z][pid 39844][tid 11304] INFO Breadcrumb ribbon frame discovered via IWebBrowser2 (hwnd=0000000000920832)
[2025-11-28T16:47:10.099Z][pid 39844][tid 11304] INFO Breadcrumb toolbar located via window enumeration (hwnd=0000000001D327E8)
[2025-11-28T16:47:10.099Z][pid 39844][tid 11304] INFO Explorer pane creation watch cleared (view=0000000003050A6C)
[2025-11-28T16:47:10.099Z][pid 39844][tid 11304] INFO Cleared Open In New Tab pending state
[2025-11-28T16:47:10.099Z][pid 39844][tid 11304] INFO Installed shell view window subclass (view=0000000003050A6C)
[2025-11-28T16:47:10.099Z][pid 39844][tid 11304] INFO Installed explorer frame subclass (frame=0000000000A12E50)
[2025-11-28T16:47:10.099Z][pid 39844][tid 11304] INFO Cleared Open In New Tab pending state
[2025-11-28T16:47:10.099Z][pid 39844][tid 11304] INFO Explorer view base subclass ready (view=0000000003050A6C frame=0000000000A12E50)
[2025-11-28T16:47:10.099Z][pid 39844][tid 11304] VERBOSE DirectUI IUIElement unavailable (hr=0x80004001)
[2025-11-28T16:47:10.099Z][pid 39844][tid 11304] INFO Installed explorer DirectUI host subclass (direct=0000000001F02830)
[2025-11-28T16:47:10.100Z][pid 39844][tid 11304] INFO Explorer pane creation watch armed (view=0000000003050A6C list=1 tree=1)
[2025-11-28T16:47:10.100Z][pid 39844][tid 11304] INFO Explorer pane fallback timer armed (view=0000000003050A6C delay=500)
[2025-11-28T16:47:10.100Z][pid 39844][tid 11304] INFO Explorer panes not ready: list view missing (view=0000000003050A6C)
[2025-11-28T16:47:10.100Z][pid 39844][tid 11304] INFO Explorer panes not ready: tree view missing (view=0000000003050A6C)
[2025-11-28T16:47:10.100Z][pid 39844][tid 11304] INFO Explorer pane retry timer armed (view=0000000003050A6C delay=500 attempts=1)
[2025-11-28T16:47:10.130Z][pid 39844][tid 29812] INFO TabBand::UpdateTabsUI applying 4 items
[2025-11-28T16:47:10.149Z][pid 39844][tid 29812] INFO TabBand::UpdateTabsUI applying 4 items
[2025-11-28T16:47:10.152Z][pid 39844][tid 29812] INFO Breadcrumb QueryService(IShellBrowser) failed: 0x80004001
[2025-11-28T16:47:10.152Z][pid 39844][tid 29812] INFO Breadcrumb ribbon frame discovered via IShellBrowser (hwnd=00000000059E0662)
[2025-11-28T16:47:10.152Z][pid 39844][tid 29812] INFO Breadcrumb ribbon frame discovered via IWebBrowser2 (hwnd=00000000059E0662)
[2025-11-28T16:47:10.152Z][pid 39844][tid 29812] INFO Breadcrumb toolbar located via window enumeration (hwnd=0000000000A82E46)
[2025-11-28T16:47:10.153Z][pid 39844][tid 29812] INFO Explorer pane creation watch cleared (view=0000000000B0261C)
[2025-11-28T16:47:10.153Z][pid 39844][tid 29812] INFO Cleared Open In New Tab pending state
[2025-11-28T16:47:10.153Z][pid 39844][tid 29812] INFO Installed shell view window subclass (view=0000000000B0261C)
[2025-11-28T16:47:10.153Z][pid 39844][tid 29812] INFO Installed explorer frame subclass (frame=00000000013506AE)
[2025-11-28T16:47:10.153Z][pid 39844][tid 29812] INFO Cleared Open In New Tab pending state
[2025-11-28T16:47:10.153Z][pid 39844][tid 29812] INFO Explorer view base subclass ready (view=0000000000B0261C frame=00000000013506AE)
[2025-11-28T16:47:10.154Z][pid 39844][tid 29812] VERBOSE DirectUI IUIElement unavailable (hr=0x80004001)
[2025-11-28T16:47:10.154Z][pid 39844][tid 29812] INFO Installed explorer DirectUI host subclass (direct=0000000000500024)
[2025-11-28T16:47:10.154Z][pid 39844][tid 29812] INFO Installed explorer tree view subclass (tree=0000000000CE278A)
[2025-11-28T16:47:10.156Z][pid 39844][tid 29812] INFO Explorer pane creation watch armed (view=0000000000B0261C list=1 tree=0)
[2025-11-28T16:47:10.156Z][pid 39844][tid 29812] INFO Explorer pane fallback timer armed (view=0000000000B0261C delay=500)
[2025-11-28T16:47:10.156Z][pid 39844][tid 29812] INFO Explorer panes not ready: list view missing (view=0000000000B0261C)
[2025-11-28T16:47:10.156Z][pid 39844][tid 29812] INFO Explorer pane retry timer armed (view=0000000000B0261C delay=500 attempts=1)
[2025-11-28T16:47:10.167Z][pid 39844][tid 29812] INFO Installed explorer list host subclass (host=00000000013506AE)
[2025-11-28T16:47:10.167Z][pid 39844][tid 29812] INFO Installed explorer list host subclass (host=0000000000A42684)
[2025-11-28T16:47:10.167Z][pid 39844][tid 29812] INFO Installed explorer list host subclass (host=00000000006A0948)
[2025-11-28T16:47:10.167Z][pid 39844][tid 29812] INFO Installed explorer list host subclass (host=00000000059E0662)
[2025-11-28T16:47:10.167Z][pid 39844][tid 29812] INFO Installed explorer list host subclass (host=0000000005BB017A)
[2025-11-28T16:47:10.184Z][pid 39844][tid 11304] INFO Installed explorer list host subclass (host=0000000000A12E50)
[2025-11-28T16:47:10.184Z][pid 39844][tid 11304] INFO Installed explorer list host subclass (host=0000000001262E2E)
[2025-11-28T16:47:10.184Z][pid 39844][tid 11304] INFO Installed explorer list host subclass (host=0000000002182DE6)
[2025-11-28T16:47:10.185Z][pid 39844][tid 11304] INFO Installed explorer list host subclass (host=0000000000920832)
[2025-11-28T16:47:10.185Z][pid 39844][tid 11304] INFO Installed explorer list host subclass (host=0000000000B426A6)
[2025-11-28T16:47:10.189Z][pid 39844][tid 29812] INFO Explorer pane creation watch armed (view=0000000000B0261C list=1 tree=1)
[2025-11-28T16:47:10.189Z][pid 39844][tid 29812] INFO Explorer panes not ready: tree view missing (view=0000000000B0261C)
[2025-11-28T16:47:10.194Z][pid 39844][tid 29812] INFO Cleared Open In New Tab pending state
[2025-11-28T16:47:10.195Z][pid 39844][tid 29812] INFO CExplorerBHO::SetSite detaching from site
[2025-11-28T16:47:10.195Z][pid 39844][tid 29812] INFO Breadcrumb CBT hook removed for thread 29812
[2025-11-28T16:47:10.195Z][pid 39844][tid 29812] INFO Explorer pane creation watch cleared (view=0000000000000000)
[2025-11-28T16:47:10.196Z][pid 39844][tid 29812] INFO Cleared Open In New Tab pending state
[2025-11-28T16:47:10.196Z][pid 39844][tid 29812] INFO Cleared Open In New Tab pending state
[2025-11-28T16:47:10.197Z][pid 39844][tid 29812] INFO TabBand::DisconnectSite (this=000000000BFA6C00)
[2025-11-28T16:47:10.200Z][pid 39844][tid 29812] INFO TabBand::SetSite begin (this=000000000BFA6C00, site=0000000000000000)
[2025-11-28T16:47:10.201Z][pid 39844][tid 29812] INFO TabBand::SetSite site unchanged
[2025-11-28T16:47:10.201Z][pid 39844][tid 29812] INFO TabBand destroyed (this=000000000BFA6C00)
[2025-11-28T16:47:10.201Z][pid 39844][tid 29812] INFO TabBand::DisconnectSite (this=000000000BFA6C00)
[2025-11-28T16:47:10.201Z][pid 39844][tid 29812] INFO TabBand::EnsureSessionStore resolving storage (this=000000000BFA6C00)
[2025-11-28T16:47:10.201Z][pid 39844][tid 29812] INFO TabBand::EnsureSessionStore window token unavailable; deferring initialization
[2025-11-28T16:47:10.293Z][pid 39844][tid 11304] INFO Explorer status bar discovered (hwnd=0000000001B22CB0)
[2025-11-28T16:47:10.293Z][pid 39844][tid 11304] WARN Status bar subclass skipped: cross-thread window (hwnd=0000000001B22CB0 thread=39844)
[2025-11-28T16:47:10.294Z][pid 39844][tid 11304] WARN Status bar theme update skipped: cross-thread window (hwnd=0000000001B22CB0 ownerThread=39844)
[2025-11-28T16:47:10.296Z][pid 39844][tid 11304] WARN Status bar subclass skipped: cross-thread window (hwnd=0000000001B22CB0 thread=39844)
[2025-11-28T16:47:10.296Z][pid 39844][tid 11304] WARN Status bar theme update skipped: cross-thread window (hwnd=0000000001B22CB0 ownerThread=39844)
[2025-11-28T16:47:10.298Z][pid 39844][tid 11304] WARN Status bar subclass skipped: cross-thread window (hwnd=0000000001B22CB0 thread=39844)
[2025-11-28T16:47:10.298Z][pid 39844][tid 11304] WARN Status bar theme update skipped: cross-thread window (hwnd=0000000001B22CB0 ownerThread=39844)
[2025-11-28T16:47:10.313Z][pid 39844][tid 11304] WARN Status bar subclass skipped: cross-thread window (hwnd=0000000001B22CB0 thread=39844)
[2025-11-28T16:47:10.313Z][pid 39844][tid 11304] WARN Status bar theme update skipped: cross-thread window (hwnd=0000000001B22CB0 ownerThread=39844)
[2025-11-28T16:47:10.315Z][pid 39844][tid 11304] WARN Status bar subclass skipped: cross-thread window (hwnd=0000000001B22CB0 thread=39844)
[2025-11-28T16:47:10.316Z][pid 39844][tid 11304] WARN Status bar theme update skipped: cross-thread window (hwnd=0000000001B22CB0 ownerThread=39844)
[2025-11-28T16:47:10.316Z][pid 39844][tid 11304] WARN Status bar subclass skipped: cross-thread window (hwnd=0000000001B22CB0 thread=39844)
[2025-11-28T16:47:10.316Z][pid 39844][tid 11304] WARN Status bar theme update skipped: cross-thread window (hwnd=0000000001B22CB0 ownerThread=39844)
[2025-11-28T16:47:10.317Z][pid 39844][tid 11304] WARN Status bar subclass skipped: cross-thread window (hwnd=0000000001B22CB0 thread=39844)
[2025-11-28T16:47:10.317Z][pid 39844][tid 11304] WARN Status bar theme update skipped: cross-thread window (hwnd=0000000001B22CB0 ownerThread=39844)
[2025-11-28T16:47:10.352Z][pid 39844][tid 11304] WARN Status bar subclass skipped: cross-thread window (hwnd=0000000001B22CB0 thread=39844)
[2025-11-28T16:47:10.353Z][pid 39844][tid 11304] WARN Status bar theme update skipped: cross-thread window (hwnd=0000000001B22CB0 ownerThread=39844)
[2025-11-28T16:47:10.353Z][pid 39844][tid 11304] WARN Status bar subclass skipped: cross-thread window (hwnd=0000000001B22CB0 thread=39844)
[2025-11-28T16:47:10.353Z][pid 39844][tid 11304] WARN Status bar theme update skipped: cross-thread window (hwnd=0000000001B22CB0 ownerThread=39844)
[2025-11-28T16:47:10.365Z][pid 39844][tid 11304] WARN Status bar subclass skipped: cross-thread window (hwnd=0000000001B22CB0 thread=39844)
[2025-11-28T16:47:10.365Z][pid 39844][tid 11304] WARN Status bar theme update skipped: cross-thread window (hwnd=0000000001B22CB0 ownerThread=39844)
[2025-11-28T16:47:10.496Z][pid 39844][tid 11304] INFO TabBand::UpdateTabsUI applying 1 items
[2025-11-28T16:47:10.497Z][pid 39844][tid 11304] INFO Breadcrumb QueryService(IShellBrowser) failed: 0x80004001
[2025-11-28T16:47:10.497Z][pid 39844][tid 11304] INFO Breadcrumb ribbon frame discovered via IShellBrowser (hwnd=0000000000920832)
[2025-11-28T16:47:10.497Z][pid 39844][tid 11304] INFO Breadcrumb ribbon frame discovered via IWebBrowser2 (hwnd=0000000000920832)
[2025-11-28T16:47:10.497Z][pid 39844][tid 11304] INFO Breadcrumb toolbar located via window enumeration (hwnd=0000000001D327E8)
[2025-11-28T16:47:10.498Z][pid 39844][tid 11304] INFO Explorer pane creation watch cleared (view=0000000003050A6C)
[2025-11-28T16:47:10.498Z][pid 39844][tid 11304] WARN Status bar subclass removal skipped: cross-thread window (hwnd=0000000001B22CB0 thread=39844)
[2025-11-28T16:47:10.498Z][pid 39844][tid 11304] WARN Status bar reset skipped: cross-thread access (hwnd=0000000001B22CB0 ownerThread=39844)
[2025-11-28T16:47:10.498Z][pid 39844][tid 11304] INFO Cleared Open In New Tab pending state
[2025-11-28T16:47:10.498Z][pid 39844][tid 11304] INFO Installed shell view window subclass (view=0000000003050A6C)
[2025-11-28T16:47:10.498Z][pid 39844][tid 11304] INFO Installed explorer frame subclass (frame=0000000000A12E50)
[2025-11-28T16:47:10.498Z][pid 39844][tid 11304] INFO Cleared Open In New Tab pending state
[2025-11-28T16:47:10.498Z][pid 39844][tid 11304] INFO Explorer view base subclass ready (view=0000000003050A6C frame=0000000000A12E50)
[2025-11-28T16:47:10.498Z][pid 39844][tid 11304] VERBOSE DirectUI IUIElement unavailable (hr=0x80004001)
[2025-11-28T16:47:10.498Z][pid 39844][tid 11304] INFO Installed explorer DirectUI host subclass (direct=0000000001F02830)
[2025-11-28T16:47:10.499Z][pid 39844][tid 11304] INFO Installed explorer tree view subclass (tree=0000000000D52D1C)
[2025-11-28T16:47:10.499Z][pid 39844][tid 11304] INFO Explorer status bar discovered (hwnd=0000000001B22CB0)
[2025-11-28T16:47:10.499Z][pid 39844][tid 11304] WARN Status bar subclass skipped: cross-thread window (hwnd=0000000001B22CB0 thread=39844)
[2025-11-28T16:47:10.500Z][pid 39844][tid 11304] WARN Status bar theme update skipped: cross-thread window (hwnd=0000000001B22CB0 ownerThread=39844)
[2025-11-28T16:47:10.500Z][pid 39844][tid 11304] INFO Explorer pane creation watch armed (view=0000000003050A6C list=1 tree=0)
[2025-11-28T16:47:10.500Z][pid 39844][tid 11304] INFO Explorer pane fallback timer armed (view=0000000003050A6C delay=500)
[2025-11-28T16:47:10.500Z][pid 39844][tid 11304] INFO Explorer panes not ready: list view missing (view=0000000003050A6C)
[2025-11-28T16:47:10.500Z][pid 39844][tid 11304] INFO Explorer pane retry timer armed (view=0000000003050A6C delay=500 attempts=1)
[2025-11-28T16:47:10.520Z][pid 39844][tid 11304] INFO Installed explorer list host subclass (host=0000000000A12E50)
[2025-11-28T16:47:10.521Z][pid 39844][tid 11304] INFO Installed explorer list host subclass (host=0000000001262E2E)
[2025-11-28T16:47:10.521Z][pid 39844][tid 11304] INFO Installed explorer list host subclass (host=0000000002182DE6)
[2025-11-28T16:47:10.521Z][pid 39844][tid 11304] INFO Installed explorer list host subclass (host=0000000000920832)
[2025-11-28T16:47:10.522Z][pid 39844][tid 11304] INFO Installed explorer list host subclass (host=0000000000B426A6)
[2025-11-28T16:47:10.524Z][pid 39844][tid 11304] WARN Status bar subclass skipped: cross-thread window (hwnd=0000000001B22CB0 thread=39844)
[2025-11-28T16:47:10.524Z][pid 39844][tid 11304] WARN Status bar theme update skipped: cross-thread window (hwnd=0000000001B22CB0 ownerThread=39844)
[2025-11-28T16:47:10.525Z][pid 39844][tid 11304] WARN Status bar subclass skipped: cross-thread window (hwnd=0000000001B22CB0 thread=39844)
[2025-11-28T16:47:10.525Z][pid 39844][tid 11304] WARN Status bar theme update skipped: cross-thread window (hwnd=0000000001B22CB0 ownerThread=39844)
[2025-11-28T16:47:10.617Z][pid 39844][tid 11304] WARN Status bar subclass skipped: cross-thread window (hwnd=0000000001B22CB0 thread=39844)
[2025-11-28T16:47:10.617Z][pid 39844][tid 11304] WARN Status bar theme update skipped: cross-thread window (hwnd=0000000001B22CB0 ownerThread=39844)
[2025-11-28T16:47:10.722Z][pid 39844][tid 11304] WARN Status bar subclass skipped: cross-thread window (hwnd=0000000001B22CB0 thread=39844)
[2025-11-28T16:47:10.722Z][pid 39844][tid 11304] WARN Status bar theme update skipped: cross-thread window (hwnd=0000000001B22CB0 ownerThread=39844)
[2025-11-28T16:47:12.032Z][pid 39844][tid 11304] WARN Status bar subclass skipped: cross-thread window (hwnd=0000000001B22CB0 thread=39844)
[2025-11-28T16:47:12.032Z][pid 39844][tid 11304] WARN Status bar theme update skipped: cross-thread window (hwnd=0000000001B22CB0 ownerThread=39844)
[2025-11-28T16:47:14.730Z][pid 39844][tid 11304] WARN Status bar subclass skipped: cross-thread window (hwnd=0000000001B22CB0 thread=39844)
[2025-11-28T16:47:14.730Z][pid 39844][tid 11304] WARN Status bar theme update skipped: cross-thread window (hwnd=0000000001B22CB0 ownerThread=39844)
[2025-11-28T16:47:14.737Z][pid 39844][tid 11304] WARN Status bar subclass skipped: cross-thread window (hwnd=0000000001B22CB0 thread=39844)
[2025-11-28T16:47:14.737Z][pid 39844][tid 11304] WARN Status bar theme update skipped: cross-thread window (hwnd=0000000001B22CB0 ownerThread=39844)
[2025-11-28T16:47:14.739Z][pid 39844][tid 11304] WARN Status bar subclass skipped: cross-thread window (hwnd=0000000001B22CB0 thread=39844)
[2025-11-28T16:47:14.740Z][pid 39844][tid 11304] WARN Status bar theme update skipped: cross-thread window (hwnd=0000000001B22CB0 ownerThread=39844)
[2025-11-28T16:47:16.706Z][pid 39844][tid 11304] WARN Status bar subclass skipped: cross-thread window (hwnd=0000000001B22CB0 thread=39844)
[2025-11-28T16:47:16.706Z][pid 39844][tid 11304] WARN Status bar theme update skipped: cross-thread window (hwnd=0000000001B22CB0 ownerThread=39844)
[2025-11-28T16:47:16.718Z][pid 39844][tid 11304] WARN Status bar subclass skipped: cross-thread window (hwnd=0000000001B22CB0 thread=39844)
[2025-11-28T16:47:16.718Z][pid 39844][tid 11304] WARN Status bar theme update skipped: cross-thread window (hwnd=0000000001B22CB0 ownerThread=39844)
[2025-11-28T16:47:17.128Z][pid 39844][tid 11304] WARN Status bar subclass skipped: cross-thread window (hwnd=0000000001B22CB0 thread=39844)
[2025-11-28T16:47:17.128Z][pid 39844][tid 11304] WARN Status bar theme update skipped: cross-thread window (hwnd=0000000001B22CB0 ownerThread=39844)
[2025-11-28T16:47:17.136Z][pid 39844][tid 11304] WARN Status bar subclass skipped: cross-thread window (hwnd=0000000001B22CB0 thread=39844)
[2025-11-28T16:47:17.136Z][pid 39844][tid 11304] WARN Status bar theme update skipped: cross-thread window (hwnd=0000000001B22CB0 ownerThread=39844)
[2025-11-28T16:47:17.154Z][pid 39844][tid 11304] WARN Status bar subclass skipped: cross-thread window (hwnd=0000000001B22CB0 thread=39844)
[2025-11-28T16:47:17.154Z][pid 39844][tid 11304] WARN Status bar theme update skipped: cross-thread window (hwnd=0000000001B22CB0 ownerThread=39844)
[2025-11-28T16:47:17.172Z][pid 39844][tid 11304] WARN Status bar subclass skipped: cross-thread window (hwnd=0000000001B22CB0 thread=39844)
[2025-11-28T16:47:17.174Z][pid 39844][tid 11304] WARN Status bar theme update skipped: cross-thread window (hwnd=0000000001B22CB0 ownerThread=39844)
[2025-11-28T16:47:17.177Z][pid 39844][tid 11304] WARN Status bar subclass skipped: cross-thread window (hwnd=0000000001B22CB0 thread=39844)
[2025-11-28T16:47:17.177Z][pid 39844][tid 11304] WARN Status bar theme update skipped: cross-thread window (hwnd=0000000001B22CB0 ownerThread=39844)
[2025-11-28T16:47:17.195Z][pid 39844][tid 11304] WARN Status bar subclass skipped: cross-thread window (hwnd=0000000001B22CB0 thread=39844)
[2025-11-28T16:47:17.196Z][pid 39844][tid 11304] WARN Status bar theme update skipped: cross-thread window (hwnd=0000000001B22CB0 ownerThread=39844)
[2025-11-28T16:47:17.198Z][pid 39844][tid 11304] WARN Status bar subclass skipped: cross-thread window (hwnd=0000000001B22CB0 thread=39844)
[2025-11-28T16:47:17.198Z][pid 39844][tid 11304] WARN Status bar theme update skipped: cross-thread window (hwnd=0000000001B22CB0 ownerThread=39844)
[2025-11-28T16:47:17.370Z][pid 39844][tid 11304] WARN Status bar subclass skipped: cross-thread window (hwnd=0000000001B22CB0 thread=39844)
[2025-11-28T16:47:17.370Z][pid 39844][tid 11304] WARN Status bar theme update skipped: cross-thread window (hwnd=0000000001B22CB0 ownerThread=39844)
[2025-11-28T16:47:17.376Z][pid 39844][tid 11304] WARN Status bar subclass skipped: cross-thread window (hwnd=0000000001B22CB0 thread=39844)
[2025-11-28T16:47:17.377Z][pid 39844][tid 11304] WARN Status bar theme update skipped: cross-thread window (hwnd=0000000001B22CB0 ownerThread=39844)
[2025-11-28T16:47:17.405Z][pid 39844][tid 11304] WARN Status bar subclass skipped: cross-thread window (hwnd=0000000001B22CB0 thread=39844)
[2025-11-28T16:47:17.405Z][pid 39844][tid 11304] WARN Status bar theme update skipped: cross-thread window (hwnd=0000000001B22CB0 ownerThread=39844)
[2025-11-28T16:47:17.408Z][pid 39844][tid 11304] WARN Status bar subclass skipped: cross-thread window (hwnd=0000000001B22CB0 thread=39844)
[2025-11-28T16:47:17.408Z][pid 39844][tid 11304] WARN Status bar theme update skipped: cross-thread window (hwnd=0000000001B22CB0 ownerThread=39844)
[2025-11-28T16:47:17.411Z][pid 39844][tid 11304] WARN Status bar subclass skipped: cross-thread window (hwnd=0000000001B22CB0 thread=39844)
[2025-11-28T16:47:17.412Z][pid 39844][tid 11304] WARN Status bar theme update skipped: cross-thread window (hwnd=0000000001B22CB0 ownerThread=39844)
[2025-11-28T16:47:17.448Z][pid 39844][tid 11304] WARN Status bar subclass skipped: cross-thread window (hwnd=0000000001B22CB0 thread=39844)
[2025-11-28T16:47:17.448Z][pid 39844][tid 11304] WARN Status bar theme update skipped: cross-thread window (hwnd=0000000001B22CB0 ownerThread=39844)
[2025-11-28T16:47:18.791Z][pid 39844][tid 11304] WARN Status bar subclass skipped: cross-thread window (hwnd=0000000001B22CB0 thread=39844)
[2025-11-28T16:47:18.791Z][pid 39844][tid 11304] WARN Status bar theme update skipped: cross-thread window (hwnd=0000000001B22CB0 ownerThread=39844)
[2025-11-28T16:47:18.792Z][pid 39844][tid 11304] WARN Status bar subclass skipped: cross-thread window (hwnd=0000000001B22CB0 thread=39844)
[2025-11-28T16:47:18.792Z][pid 39844][tid 11304] WARN Status bar theme update skipped: cross-thread window (hwnd=0000000001B22CB0 ownerThread=39844)
[2025-11-28T16:47:18.823Z][pid 39844][tid 11304] WARN Status bar subclass skipped: cross-thread window (hwnd=0000000001B22CB0 thread=39844)
[2025-11-28T16:47:18.823Z][pid 39844][tid 11304] WARN Status bar theme update skipped: cross-thread window (hwnd=0000000001B22CB0 ownerThread=39844)
[2025-11-28T16:47:18.823Z][pid 39844][tid 11304] WARN Status bar subclass skipped: cross-thread window (hwnd=0000000001B22CB0 thread=39844)
[2025-11-28T16:47:18.823Z][pid 39844][tid 11304] WARN Status bar theme update skipped: cross-thread window (hwnd=0000000001B22CB0 ownerThread=39844)
[2025-11-28T16:47:18.824Z][pid 39844][tid 11304] WARN Status bar subclass skipped: cross-thread window (hwnd=0000000001B22CB0 thread=39844)
[2025-11-28T16:47:18.824Z][pid 39844][tid 11304] WARN Status bar theme update skipped: cross-thread window (hwnd=0000000001B22CB0 ownerThread=39844)
[2025-11-28T16:47:18.826Z][pid 39844][tid 11304] WARN Status bar subclass skipped: cross-thread window (hwnd=0000000001B22CB0 thread=39844)
[2025-11-28T16:47:18.826Z][pid 39844][tid 11304] WARN Status bar theme update skipped: cross-thread window (hwnd=0000000001B22CB0 ownerThread=39844)
[2025-11-28T16:47:18.827Z][pid 39844][tid 11304] WARN Status bar subclass skipped: cross-thread window (hwnd=0000000001B22CB0 thread=39844)
[2025-11-28T16:47:18.827Z][pid 39844][tid 11304] WARN Status bar theme update skipped: cross-thread window (hwnd=0000000001B22CB0 ownerThread=39844)
[2025-11-28T16:47:18.829Z][pid 39844][tid 11304] INFO TabBand::UpdateTabsUI applying 1 items
[2025-11-28T16:47:18.831Z][pid 39844][tid 11304] INFO Tab diff: +1 -1 move=0 update=0 rows=1 incremental=false
[2025-11-28T16:47:18.842Z][pid 39844][tid 11304] INFO Breadcrumb QueryService(IShellBrowser) failed: 0x80004001
[2025-11-28T16:47:18.842Z][pid 39844][tid 11304] INFO Breadcrumb ribbon frame discovered via IShellBrowser (hwnd=0000000000920832)
[2025-11-28T16:47:18.842Z][pid 39844][tid 11304] INFO Breadcrumb ribbon frame discovered via IWebBrowser2 (hwnd=0000000000920832)
[2025-11-28T16:47:18.842Z][pid 39844][tid 11304] INFO Breadcrumb toolbar located via window enumeration (hwnd=0000000001D327E8)
[2025-11-28T16:47:18.842Z][pid 39844][tid 11304] INFO Explorer pane creation watch cleared (view=0000000000000000)
[2025-11-28T16:47:18.843Z][pid 39844][tid 11304] WARN Status bar subclass removal skipped: cross-thread window (hwnd=0000000001B22CB0 thread=39844)
[2025-11-28T16:47:18.843Z][pid 39844][tid 11304] WARN Status bar reset skipped: cross-thread access (hwnd=0000000001B22CB0 ownerThread=39844)
[2025-11-28T16:47:18.843Z][pid 39844][tid 11304] INFO Cleared Open In New Tab pending state
[2025-11-28T16:47:18.843Z][pid 39844][tid 11304] INFO Installed shell view window subclass (view=00000000009806FA)
[2025-11-28T16:47:18.843Z][pid 39844][tid 11304] INFO Installed explorer frame subclass (frame=0000000000A12E50)
[2025-11-28T16:47:18.843Z][pid 39844][tid 11304] INFO Cleared Open In New Tab pending state
[2025-11-28T16:47:18.843Z][pid 39844][tid 11304] INFO Explorer view base subclass ready (view=00000000009806FA frame=0000000000A12E50)
[2025-11-28T16:47:18.843Z][pid 39844][tid 11304] VERBOSE DirectUI IUIElement unavailable (hr=0x80004001)
[2025-11-28T16:47:18.843Z][pid 39844][tid 11304] INFO Installed explorer DirectUI host subclass (direct=00000000026305F6)
[2025-11-28T16:47:18.844Z][pid 39844][tid 11304] INFO Installed explorer tree view subclass (tree=0000000000D52D1C)
[2025-11-28T16:47:18.844Z][pid 39844][tid 11304] INFO Explorer status bar discovered (hwnd=0000000001B22CB0)
[2025-11-28T16:47:18.844Z][pid 39844][tid 11304] WARN Status bar subclass skipped: cross-thread window (hwnd=0000000001B22CB0 thread=39844)
[2025-11-28T16:47:18.844Z][pid 39844][tid 11304] WARN Status bar theme update skipped: cross-thread window (hwnd=0000000001B22CB0 ownerThread=39844)
[2025-11-28T16:47:18.844Z][pid 39844][tid 11304] INFO Explorer pane creation watch armed (view=00000000009806FA list=1 tree=0)
[2025-11-28T16:47:18.844Z][pid 39844][tid 11304] INFO Explorer pane fallback timer armed (view=00000000009806FA delay=500)
[2025-11-28T16:47:18.844Z][pid 39844][tid 11304] INFO Explorer panes not ready: list view missing (view=00000000009806FA)
[2025-11-28T16:47:18.844Z][pid 39844][tid 11304] INFO Explorer pane retry timer armed (view=00000000009806FA delay=500 attempts=1)
[2025-11-28T16:47:18.845Z][pid 39844][tid 11304] INFO TabBand::UpdateTabsUI applying 1 items
[2025-11-28T16:47:18.846Z][pid 39844][tid 11304] INFO Breadcrumb QueryService(IShellBrowser) failed: 0x80004001
[2025-11-28T16:47:18.846Z][pid 39844][tid 11304] INFO Breadcrumb ribbon frame discovered via IShellBrowser (hwnd=0000000000920832)
[2025-11-28T16:47:18.846Z][pid 39844][tid 11304] INFO Breadcrumb ribbon frame discovered via IWebBrowser2 (hwnd=0000000000920832)
[2025-11-28T16:47:18.846Z][pid 39844][tid 11304] INFO Breadcrumb toolbar located via window enumeration (hwnd=0000000001D327E8)
[2025-11-28T16:47:18.846Z][pid 39844][tid 11304] INFO Explorer pane creation watch cleared (view=00000000009806FA)
[2025-11-28T16:47:18.847Z][pid 39844][tid 11304] WARN Status bar subclass removal skipped: cross-thread window (hwnd=0000000001B22CB0 thread=39844)
[2025-11-28T16:47:18.847Z][pid 39844][tid 11304] WARN Status bar reset skipped: cross-thread access (hwnd=0000000001B22CB0 ownerThread=39844)
[2025-11-28T16:47:18.847Z][pid 39844][tid 11304] INFO Cleared Open In New Tab pending state
[2025-11-28T16:47:18.847Z][pid 39844][tid 11304] INFO Installed shell view window subclass (view=00000000009806FA)
[2025-11-28T16:47:18.847Z][pid 39844][tid 11304] INFO Installed explorer frame subclass (frame=0000000000A12E50)
[2025-11-28T16:47:18.847Z][pid 39844][tid 11304] INFO Cleared Open In New Tab pending state
[2025-11-28T16:47:18.847Z][pid 39844][tid 11304] INFO Explorer view base subclass ready (view=00000000009806FA frame=0000000000A12E50)
[2025-11-28T16:47:18.847Z][pid 39844][tid 11304] VERBOSE DirectUI IUIElement unavailable (hr=0x80004001)
[2025-11-28T16:47:18.847Z][pid 39844][tid 11304] INFO Installed explorer DirectUI host subclass (direct=00000000026305F6)
[2025-11-28T16:47:18.848Z][pid 39844][tid 11304] INFO Installed explorer tree view subclass (tree=0000000000D52D1C)
[2025-11-28T16:47:18.848Z][pid 39844][tid 11304] INFO Explorer status bar discovered (hwnd=0000000001B22CB0)
[2025-11-28T16:47:18.848Z][pid 39844][tid 11304] WARN Status bar subclass skipped: cross-thread window (hwnd=0000000001B22CB0 thread=39844)
[2025-11-28T16:47:18.848Z][pid 39844][tid 11304] WARN Status bar theme update skipped: cross-thread window (hwnd=0000000001B22CB0 ownerThread=39844)
[2025-11-28T16:47:18.848Z][pid 39844][tid 11304] INFO Explorer pane creation watch armed (view=00000000009806FA list=1 tree=0)
[2025-11-28T16:47:18.848Z][pid 39844][tid 11304] INFO Explorer pane fallback timer armed (view=00000000009806FA delay=500)
[2025-11-28T16:47:18.849Z][pid 39844][tid 11304] INFO Explorer panes not ready: list view missing (view=00000000009806FA)
[2025-11-28T16:47:18.849Z][pid 39844][tid 11304] INFO Explorer pane retry timer armed (view=00000000009806FA delay=500 attempts=1)
[2025-11-28T16:47:18.887Z][pid 39844][tid 11304] INFO TabBand::UpdateTabsUI applying 1 items
[2025-11-28T16:47:18.888Z][pid 39844][tid 11304] INFO Breadcrumb QueryService(IShellBrowser) failed: 0x80004001
[2025-11-28T16:47:18.888Z][pid 39844][tid 11304] INFO Breadcrumb ribbon frame discovered via IShellBrowser (hwnd=0000000000920832)
[2025-11-28T16:47:18.888Z][pid 39844][tid 11304] INFO Breadcrumb ribbon frame discovered via IWebBrowser2 (hwnd=0000000000920832)
[2025-11-28T16:47:18.888Z][pid 39844][tid 11304] INFO Breadcrumb toolbar located via window enumeration (hwnd=0000000001D327E8)
[2025-11-28T16:47:18.888Z][pid 39844][tid 11304] INFO Explorer pane creation watch cleared (view=00000000009806FA)
[2025-11-28T16:47:18.888Z][pid 39844][tid 11304] WARN Status bar subclass removal skipped: cross-thread window (hwnd=0000000001B22CB0 thread=39844)
[2025-11-28T16:47:18.888Z][pid 39844][tid 11304] WARN Status bar reset skipped: cross-thread access (hwnd=0000000001B22CB0 ownerThread=39844)
[2025-11-28T16:47:18.889Z][pid 39844][tid 11304] INFO Cleared Open In New Tab pending state
[2025-11-28T16:47:18.889Z][pid 39844][tid 11304] INFO Installed shell view window subclass (view=00000000009806FA)
[2025-11-28T16:47:18.889Z][pid 39844][tid 11304] INFO Installed explorer frame subclass (frame=0000000000A12E50)
[2025-11-28T16:47:18.889Z][pid 39844][tid 11304] INFO Cleared Open In New Tab pending state
[2025-11-28T16:47:18.889Z][pid 39844][tid 11304] INFO Explorer view base subclass ready (view=00000000009806FA frame=0000000000A12E50)
[2025-11-28T16:47:18.889Z][pid 39844][tid 11304] VERBOSE DirectUI IUIElement unavailable (hr=0x80004001)
[2025-11-28T16:47:18.889Z][pid 39844][tid 11304] INFO Installed explorer DirectUI host subclass (direct=00000000026305F6)
[2025-11-28T16:47:18.889Z][pid 39844][tid 11304] INFO Installed explorer tree view subclass (tree=0000000000D52D1C)
[2025-11-28T16:47:18.889Z][pid 39844][tid 11304] INFO Explorer status bar discovered (hwnd=0000000001B22CB0)
[2025-11-28T16:47:18.889Z][pid 39844][tid 11304] WARN Status bar subclass skipped: cross-thread window (hwnd=0000000001B22CB0 thread=39844)
[2025-11-28T16:47:18.890Z][pid 39844][tid 11304] WARN Status bar theme update skipped: cross-thread window (hwnd=0000000001B22CB0 ownerThread=39844)
[2025-11-28T16:47:18.890Z][pid 39844][tid 11304] INFO Explorer pane creation watch armed (view=00000000009806FA list=1 tree=0)
[2025-11-28T16:47:18.890Z][pid 39844][tid 11304] INFO Explorer pane fallback timer armed (view=00000000009806FA delay=500)
[2025-11-28T16:47:18.890Z][pid 39844][tid 11304] INFO Explorer panes not ready: list view missing (view=00000000009806FA)
[2025-11-28T16:47:18.890Z][pid 39844][tid 11304] INFO Explorer pane retry timer armed (view=00000000009806FA delay=500 attempts=1)
[2025-11-28T16:47:18.914Z][pid 39844][tid 11304] INFO Installed explorer list host subclass (host=0000000000A12E50)
[2025-11-28T16:47:18.915Z][pid 39844][tid 11304] INFO Installed explorer list host subclass (host=0000000001262E2E)
[2025-11-28T16:47:18.915Z][pid 39844][tid 11304] INFO Installed explorer list host subclass (host=0000000002182DE6)
[2025-11-28T16:47:18.915Z][pid 39844][tid 11304] INFO Installed explorer list host subclass (host=0000000000920832)
[2025-11-28T16:47:18.915Z][pid 39844][tid 11304] INFO Installed explorer list host subclass (host=0000000000B426A6)
[2025-11-28T16:47:18.915Z][pid 39844][tid 11304] WARN Status bar subclass skipped: cross-thread window (hwnd=0000000001B22CB0 thread=39844)
[2025-11-28T16:47:18.916Z][pid 39844][tid 11304] WARN Status bar theme update skipped: cross-thread window (hwnd=0000000001B22CB0 ownerThread=39844)
[2025-11-28T16:47:18.916Z][pid 39844][tid 11304] WARN Status bar subclass skipped: cross-thread window (hwnd=0000000001B22CB0 thread=39844)
[2025-11-28T16:47:18.916Z][pid 39844][tid 11304] WARN Status bar theme update skipped: cross-thread window (hwnd=0000000001B22CB0 ownerThread=39844)
[2025-11-28T16:47:18.953Z][pid 39844][tid 11304] WARN Status bar subclass skipped: cross-thread window (hwnd=0000000001B22CB0 thread=39844)
[2025-11-28T16:47:18.953Z][pid 39844][tid 11304] WARN Status bar theme update skipped: cross-thread window (hwnd=0000000001B22CB0 ownerThread=39844)
[2025-11-28T16:47:19.495Z][pid 39844][tid 11304] WARN Status bar subclass skipped: cross-thread window (hwnd=0000000001B22CB0 thread=39844)
[2025-11-28T16:47:19.495Z][pid 39844][tid 11304] WARN Status bar theme update skipped: cross-thread window (hwnd=0000000001B22CB0 ownerThread=39844)
[2025-11-28T16:47:19.522Z][pid 39844][tid 11304] WARN Status bar subclass skipped: cross-thread window (hwnd=0000000001B22CB0 thread=39844)
[2025-11-28T16:47:19.522Z][pid 39844][tid 11304] WARN Status bar theme update skipped: cross-thread window (hwnd=0000000001B22CB0 ownerThread=39844)
[2025-11-28T16:47:19.553Z][pid 39844][tid 11304] WARN Status bar subclass skipped: cross-thread window (hwnd=0000000001B22CB0 thread=39844)
[2025-11-28T16:47:19.553Z][pid 39844][tid 11304] WARN Status bar theme update skipped: cross-thread window (hwnd=0000000001B22CB0 ownerThread=39844)
[2025-11-28T16:47:19.855Z][pid 39844][tid 11304] WARN Status bar subclass skipped: cross-thread window (hwnd=0000000001B22CB0 thread=39844)
[2025-11-28T16:47:19.855Z][pid 39844][tid 11304] WARN Status bar theme update skipped: cross-thread window (hwnd=0000000001B22CB0 ownerThread=39844)
[2025-11-28T16:47:19.957Z][pid 39844][tid 11304] WARN Status bar subclass skipped: cross-thread window (hwnd=0000000001B22CB0 thread=39844)
[2025-11-28T16:47:19.958Z][pid 39844][tid 11304] WARN Status bar theme update skipped: cross-thread window (hwnd=0000000001B22CB0 ownerThread=39844)
[2025-11-28T16:47:19.959Z][pid 39844][tid 11304] WARN Status bar subclass skipped: cross-thread window (hwnd=0000000001B22CB0 thread=39844)
[2025-11-28T16:47:19.959Z][pid 39844][tid 11304] WARN Status bar theme update skipped: cross-thread window (hwnd=0000000001B22CB0 ownerThread=39844)
[2025-11-28T16:47:20.313Z][pid 39844][tid 11304] WARN Status bar subclass skipped: cross-thread window (hwnd=0000000001B22CB0 thread=39844)
[2025-11-28T16:47:20.313Z][pid 39844][tid 11304] WARN Status bar theme update skipped: cross-thread window (hwnd=0000000001B22CB0 ownerThread=39844)
[2025-11-28T16:47:20.313Z][pid 39844][tid 11304] WARN Status bar subclass skipped: cross-thread window (hwnd=0000000001B22CB0 thread=39844)
[2025-11-28T16:47:20.314Z][pid 39844][tid 11304] WARN Status bar theme update skipped: cross-thread window (hwnd=0000000001B22CB0 ownerThread=39844)
[2025-11-28T16:47:20.314Z][pid 39844][tid 11304] WARN Status bar subclass skipped: cross-thread window (hwnd=0000000001B22CB0 thread=39844)
[2025-11-28T16:47:20.314Z][pid 39844][tid 11304] WARN Status bar theme update skipped: cross-thread window (hwnd=0000000001B22CB0 ownerThread=39844)
[2025-11-28T16:47:20.317Z][pid 39844][tid 11304] WARN Status bar subclass skipped: cross-thread window (hwnd=0000000001B22CB0 thread=39844)
[2025-11-28T16:47:20.318Z][pid 39844][tid 11304] WARN Status bar theme update skipped: cross-thread window (hwnd=0000000001B22CB0 ownerThread=39844)
[2025-11-28T16:47:20.319Z][pid 39844][tid 11304] WARN Status bar subclass skipped: cross-thread window (hwnd=0000000001B22CB0 thread=39844)
[2025-11-28T16:47:20.320Z][pid 39844][tid 11304] WARN Status bar theme update skipped: cross-thread window (hwnd=0000000001B22CB0 ownerThread=39844)
[2025-11-28T16:47:20.321Z][pid 39844][tid 11304] WARN Status bar subclass skipped: cross-thread window (hwnd=0000000001B22CB0 thread=39844)
[2025-11-28T16:47:20.322Z][pid 39844][tid 11304] WARN Status bar theme update skipped: cross-thread window (hwnd=0000000001B22CB0 ownerThread=39844)
[2025-11-28T16:47:20.325Z][pid 39844][tid 11304] WARN Status bar subclass skipped: cross-thread window (hwnd=0000000001B22CB0 thread=39844)
[2025-11-28T16:47:20.325Z][pid 39844][tid 11304] WARN Status bar theme update skipped: cross-thread window (hwnd=0000000001B22CB0 ownerThread=39844)
[2025-11-28T16:47:20.332Z][pid 39844][tid 11304] INFO TabBand::UpdateTabsUI applying 1 items
[2025-11-28T16:47:20.337Z][pid 39844][tid 11304] INFO Tab diff: +1 -1 move=0 update=0 rows=1 incremental=false
[2025-11-28T16:47:20.347Z][pid 39844][tid 11304] INFO Breadcrumb QueryService(IShellBrowser) failed: 0x80004001
[2025-11-28T16:47:20.347Z][pid 39844][tid 11304] INFO Breadcrumb ribbon frame discovered via IShellBrowser (hwnd=0000000000920832)
[2025-11-28T16:47:20.348Z][pid 39844][tid 11304] INFO Breadcrumb ribbon frame discovered via IWebBrowser2 (hwnd=0000000000920832)
[2025-11-28T16:47:20.348Z][pid 39844][tid 11304] INFO Breadcrumb toolbar located via window enumeration (hwnd=0000000001D327E8)
[2025-11-28T16:47:20.348Z][pid 39844][tid 11304] INFO Explorer pane creation watch cleared (view=0000000000000000)
[2025-11-28T16:47:20.348Z][pid 39844][tid 11304] WARN Status bar subclass removal skipped: cross-thread window (hwnd=0000000001B22CB0 thread=39844)
[2025-11-28T16:47:20.348Z][pid 39844][tid 11304] WARN Status bar reset skipped: cross-thread access (hwnd=0000000001B22CB0 ownerThread=39844)
[2025-11-28T16:47:20.348Z][pid 39844][tid 11304] INFO Cleared Open In New Tab pending state
[2025-11-28T16:47:20.348Z][pid 39844][tid 11304] INFO Installed shell view window subclass (view=0000000001FA2DDC)
[2025-11-28T16:47:20.348Z][pid 39844][tid 11304] INFO Installed explorer frame subclass (frame=0000000000A12E50)
[2025-11-28T16:47:20.349Z][pid 39844][tid 11304] INFO Cleared Open In New Tab pending state
[2025-11-28T16:47:20.349Z][pid 39844][tid 11304] INFO Explorer view base subclass ready (view=0000000001FA2DDC frame=0000000000A12E50)
[2025-11-28T16:47:20.349Z][pid 39844][tid 11304] VERBOSE DirectUI IUIElement unavailable (hr=0x80004001)
[2025-11-28T16:47:20.349Z][pid 39844][tid 11304] INFO Installed explorer DirectUI host subclass (direct=0000000001790056)
[2025-11-28T16:47:20.349Z][pid 39844][tid 11304] INFO Installed explorer tree view subclass (tree=0000000000D52D1C)
[2025-11-28T16:47:20.349Z][pid 39844][tid 11304] INFO Explorer status bar discovered (hwnd=0000000001B22CB0)
[2025-11-28T16:47:20.349Z][pid 39844][tid 11304] WARN Status bar subclass skipped: cross-thread window (hwnd=0000000001B22CB0 thread=39844)
[2025-11-28T16:47:20.349Z][pid 39844][tid 11304] WARN Status bar theme update skipped: cross-thread window (hwnd=0000000001B22CB0 ownerThread=39844)
[2025-11-28T16:47:20.350Z][pid 39844][tid 11304] INFO Explorer pane creation watch armed (view=0000000001FA2DDC list=1 tree=0)
[2025-11-28T16:47:20.350Z][pid 39844][tid 11304] INFO Explorer pane fallback timer armed (view=0000000001FA2DDC delay=500)
[2025-11-28T16:47:20.350Z][pid 39844][tid 11304] INFO Explorer panes not ready: list view missing (view=0000000001FA2DDC)
[2025-11-28T16:47:20.350Z][pid 39844][tid 11304] INFO Explorer pane retry timer armed (view=0000000001FA2DDC delay=500 attempts=1)
[2025-11-28T16:47:20.350Z][pid 39844][tid 11304] INFO TabBand::UpdateTabsUI applying 1 items
[2025-11-28T16:47:20.351Z][pid 39844][tid 11304] INFO Breadcrumb QueryService(IShellBrowser) failed: 0x80004001
[2025-11-28T16:47:20.351Z][pid 39844][tid 11304] INFO Breadcrumb ribbon frame discovered via IShellBrowser (hwnd=0000000000920832)
[2025-11-28T16:47:20.351Z][pid 39844][tid 11304] INFO Breadcrumb ribbon frame discovered via IWebBrowser2 (hwnd=0000000000920832)
[2025-11-28T16:47:20.351Z][pid 39844][tid 11304] INFO Breadcrumb toolbar located via window enumeration (hwnd=0000000001D327E8)
[2025-11-28T16:47:20.351Z][pid 39844][tid 11304] INFO Explorer pane creation watch cleared (view=0000000001FA2DDC)
[2025-11-28T16:47:20.351Z][pid 39844][tid 11304] WARN Status bar subclass removal skipped: cross-thread window (hwnd=0000000001B22CB0 thread=39844)
[2025-11-28T16:47:20.351Z][pid 39844][tid 11304] WARN Status bar reset skipped: cross-thread access (hwnd=0000000001B22CB0 ownerThread=39844)
[2025-11-28T16:47:20.352Z][pid 39844][tid 11304] INFO Cleared Open In New Tab pending state
[2025-11-28T16:47:20.352Z][pid 39844][tid 11304] INFO Installed shell view window subclass (view=0000000001FA2DDC)
[2025-11-28T16:47:20.352Z][pid 39844][tid 11304] INFO Installed explorer frame subclass (frame=0000000000A12E50)
[2025-11-28T16:47:20.352Z][pid 39844][tid 11304] INFO Cleared Open In New Tab pending state
[2025-11-28T16:47:20.352Z][pid 39844][tid 11304] INFO Explorer view base subclass ready (view=0000000001FA2DDC frame=0000000000A12E50)
[2025-11-28T16:47:20.352Z][pid 39844][tid 11304] VERBOSE DirectUI IUIElement unavailable (hr=0x80004001)
[2025-11-28T16:47:20.352Z][pid 39844][tid 11304] INFO Installed explorer DirectUI host subclass (direct=0000000001790056)
[2025-11-28T16:47:20.352Z][pid 39844][tid 11304] INFO Installed explorer tree view subclass (tree=0000000000D52D1C)
[2025-11-28T16:47:20.353Z][pid 39844][tid 11304] INFO Explorer status bar discovered (hwnd=0000000001B22CB0)
[2025-11-28T16:47:20.353Z][pid 39844][tid 11304] WARN Status bar subclass skipped: cross-thread window (hwnd=0000000001B22CB0 thread=39844)
[2025-11-28T16:47:20.353Z][pid 39844][tid 11304] WARN Status bar theme update skipped: cross-thread window (hwnd=0000000001B22CB0 ownerThread=39844)
[2025-11-28T16:47:20.353Z][pid 39844][tid 11304] INFO Explorer pane creation watch armed (view=0000000001FA2DDC list=1 tree=0)
[2025-11-28T16:47:20.353Z][pid 39844][tid 11304] INFO Explorer pane fallback timer armed (view=0000000001FA2DDC delay=500)
[2025-11-28T16:47:20.353Z][pid 39844][tid 11304] INFO Explorer panes not ready: list view missing (view=0000000001FA2DDC)
[2025-11-28T16:47:20.353Z][pid 39844][tid 11304] INFO Explorer pane retry timer armed (view=0000000001FA2DDC delay=500 attempts=1)
[2025-11-28T16:47:20.412Z][pid 39844][tid 11304] INFO TabBand::UpdateTabsUI applying 1 items
[2025-11-28T16:47:20.414Z][pid 39844][tid 11304] INFO Breadcrumb QueryService(IShellBrowser) failed: 0x80004001
[2025-11-28T16:47:20.414Z][pid 39844][tid 11304] INFO Breadcrumb ribbon frame discovered via IShellBrowser (hwnd=0000000000920832)
[2025-11-28T16:47:20.414Z][pid 39844][tid 11304] INFO Breadcrumb ribbon frame discovered via IWebBrowser2 (hwnd=0000000000920832)
[2025-11-28T16:47:20.414Z][pid 39844][tid 11304] INFO Breadcrumb toolbar located via window enumeration (hwnd=0000000001D327E8)
[2025-11-28T16:47:20.414Z][pid 39844][tid 11304] INFO Explorer pane creation watch cleared (view=0000000001FA2DDC)
[2025-11-28T16:47:20.414Z][pid 39844][tid 11304] WARN Status bar subclass removal skipped: cross-thread window (hwnd=0000000001B22CB0 thread=39844)
[2025-11-28T16:47:20.414Z][pid 39844][tid 11304] WARN Status bar reset skipped: cross-thread access (hwnd=0000000001B22CB0 ownerThread=39844)
[2025-11-28T16:47:20.414Z][pid 39844][tid 11304] INFO Cleared Open In New Tab pending state
[2025-11-28T16:47:20.414Z][pid 39844][tid 11304] INFO Installed shell view window subclass (view=0000000001FA2DDC)
[2025-11-28T16:47:20.415Z][pid 39844][tid 11304] INFO Installed explorer frame subclass (frame=0000000000A12E50)
[2025-11-28T16:47:20.415Z][pid 39844][tid 11304] INFO Cleared Open In New Tab pending state
[2025-11-28T16:47:20.415Z][pid 39844][tid 11304] INFO Explorer view base subclass ready (view=0000000001FA2DDC frame=0000000000A12E50)
[2025-11-28T16:47:20.415Z][pid 39844][tid 11304] VERBOSE DirectUI IUIElement unavailable (hr=0x80004001)
[2025-11-28T16:47:20.415Z][pid 39844][tid 11304] INFO Installed explorer DirectUI host subclass (direct=0000000001790056)
[2025-11-28T16:47:20.415Z][pid 39844][tid 11304] INFO Installed explorer tree view subclass (tree=0000000000D52D1C)
[2025-11-28T16:47:20.415Z][pid 39844][tid 11304] INFO Explorer status bar discovered (hwnd=0000000001B22CB0)
[2025-11-28T16:47:20.415Z][pid 39844][tid 11304] WARN Status bar subclass skipped: cross-thread window (hwnd=0000000001B22CB0 thread=39844)
[2025-11-28T16:47:20.416Z][pid 39844][tid 11304] WARN Status bar theme update skipped: cross-thread window (hwnd=0000000001B22CB0 ownerThread=39844)
[2025-11-28T16:47:20.416Z][pid 39844][tid 11304] INFO Explorer pane creation watch armed (view=0000000001FA2DDC list=1 tree=0)
[2025-11-28T16:47:20.416Z][pid 39844][tid 11304] INFO Explorer pane fallback timer armed (view=0000000001FA2DDC delay=500)
[2025-11-28T16:47:20.416Z][pid 39844][tid 11304] INFO Explorer panes not ready: list view missing (view=0000000001FA2DDC)
[2025-11-28T16:47:20.416Z][pid 39844][tid 11304] INFO Explorer pane retry timer armed (view=0000000001FA2DDC delay=500 attempts=1)
[2025-11-28T16:47:20.446Z][pid 39844][tid 11304] INFO Installed explorer list host subclass (host=0000000000A12E50)
[2025-11-28T16:47:20.446Z][pid 39844][tid 11304] INFO Installed explorer list host subclass (host=0000000001262E2E)
[2025-11-28T16:47:20.446Z][pid 39844][tid 11304] INFO Installed explorer list host subclass (host=0000000002182DE6)
[2025-11-28T16:47:20.446Z][pid 39844][tid 11304] INFO Installed explorer list host subclass (host=0000000000920832)
[2025-11-28T16:47:20.447Z][pid 39844][tid 11304] INFO Installed explorer list host subclass (host=0000000000B426A6)
[2025-11-28T16:47:20.447Z][pid 39844][tid 11304] WARN Status bar subclass skipped: cross-thread window (hwnd=0000000001B22CB0 thread=39844)
[2025-11-28T16:47:20.447Z][pid 39844][tid 11304] WARN Status bar theme update skipped: cross-thread window (hwnd=0000000001B22CB0 ownerThread=39844)
[2025-11-28T16:47:20.447Z][pid 39844][tid 11304] WARN Status bar subclass skipped: cross-thread window (hwnd=0000000001B22CB0 thread=39844)
[2025-11-28T16:47:20.448Z][pid 39844][tid 11304] WARN Status bar theme update skipped: cross-thread window (hwnd=0000000001B22CB0 ownerThread=39844)
[2025-11-28T16:47:20.504Z][pid 39844][tid 11304] WARN Status bar subclass skipped: cross-thread window (hwnd=0000000001B22CB0 thread=39844)
[2025-11-28T16:47:20.504Z][pid 39844][tid 11304] WARN Status bar theme update skipped: cross-thread window (hwnd=0000000001B22CB0 ownerThread=39844)
[2025-11-28T16:47:20.516Z][pid 39844][tid 11304] WARN Status bar subclass skipped: cross-thread window (hwnd=0000000001B22CB0 thread=39844)
[2025-11-28T16:47:20.516Z][pid 39844][tid 11304] WARN Status bar theme update skipped: cross-thread window (hwnd=0000000001B22CB0 ownerThread=39844)
[2025-11-28T16:47:20.526Z][pid 39844][tid 11304] WARN Status bar subclass skipped: cross-thread window (hwnd=0000000001B22CB0 thread=39844)
[2025-11-28T16:47:20.526Z][pid 39844][tid 11304] WARN Status bar theme update skipped: cross-thread window (hwnd=0000000001B22CB0 ownerThread=39844)
[2025-11-28T16:47:20.543Z][pid 39844][tid 11304] WARN Status bar subclass skipped: cross-thread window (hwnd=0000000001B22CB0 thread=39844)
[2025-11-28T16:47:20.544Z][pid 39844][tid 11304] WARN Status bar theme update skipped: cross-thread window (hwnd=0000000001B22CB0 ownerThread=39844)
[2025-11-28T16:47:20.558Z][pid 39844][tid 11304] WARN Status bar subclass skipped: cross-thread window (hwnd=0000000001B22CB0 thread=39844)
[2025-11-28T16:47:20.558Z][pid 39844][tid 11304] WARN Status bar theme update skipped: cross-thread window (hwnd=0000000001B22CB0 ownerThread=39844)
[2025-11-28T16:47:20.561Z][pid 39844][tid 11304] WARN Status bar subclass skipped: cross-thread window (hwnd=0000000001B22CB0 thread=39844)
[2025-11-28T16:47:20.562Z][pid 39844][tid 11304] WARN Status bar theme update skipped: cross-thread window (hwnd=0000000001B22CB0 ownerThread=39844)
[2025-11-28T16:47:20.579Z][pid 39844][tid 11304] WARN Status bar subclass skipped: cross-thread window (hwnd=0000000001B22CB0 thread=39844)
[2025-11-28T16:47:20.579Z][pid 39844][tid 11304] WARN Status bar theme update skipped: cross-thread window (hwnd=0000000001B22CB0 ownerThread=39844)
[2025-11-28T16:47:20.634Z][pid 39844][tid 11304] WARN Status bar subclass skipped: cross-thread window (hwnd=0000000001B22CB0 thread=39844)
[2025-11-28T16:47:20.634Z][pid 39844][tid 11304] WARN Status bar theme update skipped: cross-thread window (hwnd=0000000001B22CB0 ownerThread=39844)
[2025-11-28T16:47:20.751Z][pid 39844][tid 11304] WARN Status bar subclass skipped: cross-thread window (hwnd=0000000001B22CB0 thread=39844)
[2025-11-28T16:47:20.752Z][pid 39844][tid 11304] WARN Status bar theme update skipped: cross-thread window (hwnd=0000000001B22CB0 ownerThread=39844)
[2025-11-28T16:47:20.756Z][pid 39844][tid 11304] WARN Status bar subclass skipped: cross-thread window (hwnd=0000000001B22CB0 thread=39844)
[2025-11-28T16:47:20.757Z][pid 39844][tid 11304] WARN Status bar theme update skipped: cross-thread window (hwnd=0000000001B22CB0 ownerThread=39844)
[2025-11-28T16:47:21.598Z][pid 39844][tid 11304] WARN Status bar subclass skipped: cross-thread window (hwnd=0000000001B22CB0 thread=39844)
[2025-11-28T16:47:21.598Z][pid 39844][tid 11304] WARN Status bar theme update skipped: cross-thread window (hwnd=0000000001B22CB0 ownerThread=39844)
[2025-11-28T16:47:21.661Z][pid 39844][tid 11304] WARN Status bar subclass skipped: cross-thread window (hwnd=0000000001B22CB0 thread=39844)
[2025-11-28T16:47:21.661Z][pid 39844][tid 11304] WARN Status bar theme update skipped: cross-thread window (hwnd=0000000001B22CB0 ownerThread=39844)
[2025-11-28T16:47:21.698Z][pid 39844][tid 11304] WARN Status bar subclass skipped: cross-thread window (hwnd=0000000001B22CB0 thread=39844)
[2025-11-28T16:47:21.698Z][pid 39844][tid 11304] WARN Status bar theme update skipped: cross-thread window (hwnd=0000000001B22CB0 ownerThread=39844)
[2025-11-28T16:47:21.725Z][pid 39844][tid 11304] WARN Status bar subclass skipped: cross-thread window (hwnd=0000000001B22CB0 thread=39844)
[2025-11-28T16:47:21.725Z][pid 39844][tid 11304] WARN Status bar theme update skipped: cross-thread window (hwnd=0000000001B22CB0 ownerThread=39844)
[2025-11-28T16:47:22.214Z][pid 39844][tid 11304] WARN Status bar subclass skipped: cross-thread window (hwnd=0000000001B22CB0 thread=39844)
[2025-11-28T16:47:22.214Z][pid 39844][tid 11304] WARN Status bar theme update skipped: cross-thread window (hwnd=0000000001B22CB0 ownerThread=39844)
[2025-11-28T16:47:22.846Z][pid 39844][tid 11304] WARN Status bar subclass skipped: cross-thread window (hwnd=0000000001B22CB0 thread=39844)
[2025-11-28T16:47:22.846Z][pid 39844][tid 11304] WARN Status bar theme update skipped: cross-thread window (hwnd=0000000001B22CB0 ownerThread=39844)
[2025-11-28T16:47:22.847Z][pid 39844][tid 11304] WARN Status bar subclass skipped: cross-thread window (hwnd=0000000001B22CB0 thread=39844)
[2025-11-28T16:47:22.847Z][pid 39844][tid 11304] WARN Status bar theme update skipped: cross-thread window (hwnd=0000000001B22CB0 ownerThread=39844)
[2025-11-28T16:47:22.847Z][pid 39844][tid 11304] WARN Status bar subclass skipped: cross-thread window (hwnd=0000000001B22CB0 thread=39844)
[2025-11-28T16:47:22.847Z][pid 39844][tid 11304] WARN Status bar theme update skipped: cross-thread window (hwnd=0000000001B22CB0 ownerThread=39844)
[2025-11-28T16:47:22.849Z][pid 39844][tid 11304] WARN Status bar subclass skipped: cross-thread window (hwnd=0000000001B22CB0 thread=39844)
[2025-11-28T16:47:22.849Z][pid 39844][tid 11304] WARN Status bar theme update skipped: cross-thread window (hwnd=0000000001B22CB0 ownerThread=39844)
[2025-11-28T16:47:22.851Z][pid 39844][tid 11304] WARN Status bar subclass skipped: cross-thread window (hwnd=0000000001B22CB0 thread=39844)
[2025-11-28T16:47:22.851Z][pid 39844][tid 11304] WARN Status bar theme update skipped: cross-thread window (hwnd=0000000001B22CB0 ownerThread=39844)
[2025-11-28T16:47:22.853Z][pid 39844][tid 11304] WARN Status bar subclass skipped: cross-thread window (hwnd=0000000001B22CB0 thread=39844)
[2025-11-28T16:47:22.853Z][pid 39844][tid 11304] WARN Status bar theme update skipped: cross-thread window (hwnd=0000000001B22CB0 ownerThread=39844)
[2025-11-28T16:47:22.856Z][pid 39844][tid 11304] WARN Status bar subclass skipped: cross-thread window (hwnd=0000000001B22CB0 thread=39844)
[2025-11-28T16:47:22.856Z][pid 39844][tid 11304] WARN Status bar theme update skipped: cross-thread window (hwnd=0000000001B22CB0 ownerThread=39844)
[2025-11-28T16:47:22.867Z][pid 39844][tid 11304] INFO TabBand::UpdateTabsUI applying 1 items
[2025-11-28T16:47:22.869Z][pid 39844][tid 11304] INFO Tab diff: +1 -1 move=0 update=0 rows=1 incremental=false
[2025-11-28T16:47:22.879Z][pid 39844][tid 11304] INFO Breadcrumb QueryService(IShellBrowser) failed: 0x80004001
[2025-11-28T16:47:22.880Z][pid 39844][tid 11304] INFO Breadcrumb ribbon frame discovered via IShellBrowser (hwnd=0000000000920832)
[2025-11-28T16:47:22.880Z][pid 39844][tid 11304] INFO Breadcrumb ribbon frame discovered via IWebBrowser2 (hwnd=0000000000920832)
[2025-11-28T16:47:22.880Z][pid 39844][tid 11304] INFO Breadcrumb toolbar located via window enumeration (hwnd=0000000001D327E8)
[2025-11-28T16:47:22.880Z][pid 39844][tid 11304] INFO Explorer pane creation watch cleared (view=0000000000000000)
[2025-11-28T16:47:22.880Z][pid 39844][tid 11304] WARN Status bar subclass removal skipped: cross-thread window (hwnd=0000000001B22CB0 thread=39844)
[2025-11-28T16:47:22.880Z][pid 39844][tid 11304] WARN Status bar reset skipped: cross-thread access (hwnd=0000000001B22CB0 ownerThread=39844)
[2025-11-28T16:47:22.881Z][pid 39844][tid 11304] INFO Cleared Open In New Tab pending state
[2025-11-28T16:47:22.881Z][pid 39844][tid 11304] INFO Installed shell view window subclass (view=00000000009906FA)
[2025-11-28T16:47:22.881Z][pid 39844][tid 11304] INFO Installed explorer frame subclass (frame=0000000000A12E50)
[2025-11-28T16:47:22.881Z][pid 39844][tid 11304] INFO Cleared Open In New Tab pending state
[2025-11-28T16:47:22.881Z][pid 39844][tid 11304] INFO Explorer view base subclass ready (view=00000000009906FA frame=0000000000A12E50)
[2025-11-28T16:47:22.881Z][pid 39844][tid 11304] VERBOSE DirectUI IUIElement unavailable (hr=0x80004001)
[2025-11-28T16:47:22.881Z][pid 39844][tid 11304] INFO Installed explorer DirectUI host subclass (direct=00000000026405F6)
[2025-11-28T16:47:22.881Z][pid 39844][tid 11304] INFO Installed explorer tree view subclass (tree=0000000000D52D1C)
[2025-11-28T16:47:22.882Z][pid 39844][tid 11304] INFO Explorer status bar discovered (hwnd=0000000001B22CB0)
[2025-11-28T16:47:22.882Z][pid 39844][tid 11304] WARN Status bar subclass skipped: cross-thread window (hwnd=0000000001B22CB0 thread=39844)
[2025-11-28T16:47:22.882Z][pid 39844][tid 11304] WARN Status bar theme update skipped: cross-thread window (hwnd=0000000001B22CB0 ownerThread=39844)
[2025-11-28T16:47:22.882Z][pid 39844][tid 11304] INFO Explorer pane creation watch armed (view=00000000009906FA list=1 tree=0)
[2025-11-28T16:47:22.882Z][pid 39844][tid 11304] INFO Explorer pane fallback timer armed (view=00000000009906FA delay=500)
[2025-11-28T16:47:22.882Z][pid 39844][tid 11304] INFO Explorer panes not ready: list view missing (view=00000000009906FA)
[2025-11-28T16:47:22.882Z][pid 39844][tid 11304] INFO Explorer pane retry timer armed (view=00000000009906FA delay=500 attempts=1)
[2025-11-28T16:47:22.883Z][pid 39844][tid 11304] INFO TabBand::UpdateTabsUI applying 1 items
[2025-11-28T16:47:22.883Z][pid 39844][tid 11304] INFO Breadcrumb QueryService(IShellBrowser) failed: 0x80004001
[2025-11-28T16:47:22.884Z][pid 39844][tid 11304] INFO Breadcrumb ribbon frame discovered via IShellBrowser (hwnd=0000000000920832)
[2025-11-28T16:47:22.884Z][pid 39844][tid 11304] INFO Breadcrumb ribbon frame discovered via IWebBrowser2 (hwnd=0000000000920832)
[2025-11-28T16:47:22.884Z][pid 39844][tid 11304] INFO Breadcrumb toolbar located via window enumeration (hwnd=0000000001D327E8)
[2025-11-28T16:47:22.885Z][pid 39844][tid 11304] INFO Explorer pane creation watch cleared (view=00000000009906FA)
[2025-11-28T16:47:22.885Z][pid 39844][tid 11304] WARN Status bar subclass removal skipped: cross-thread window (hwnd=0000000001B22CB0 thread=39844)
[2025-11-28T16:47:22.885Z][pid 39844][tid 11304] WARN Status bar reset skipped: cross-thread access (hwnd=0000000001B22CB0 ownerThread=39844)
[2025-11-28T16:47:22.885Z][pid 39844][tid 11304] INFO Cleared Open In New Tab pending state
[2025-11-28T16:47:22.885Z][pid 39844][tid 11304] INFO Installed shell view window subclass (view=00000000009906FA)
[2025-11-28T16:47:22.886Z][pid 39844][tid 11304] INFO Installed explorer frame subclass (frame=0000000000A12E50)
[2025-11-28T16:47:22.886Z][pid 39844][tid 11304] INFO Cleared Open In New Tab pending state
[2025-11-28T16:47:22.886Z][pid 39844][tid 11304] INFO Explorer view base subclass ready (view=00000000009906FA frame=0000000000A12E50)
[2025-11-28T16:47:22.886Z][pid 39844][tid 11304] VERBOSE DirectUI IUIElement unavailable (hr=0x80004001)
[2025-11-28T16:47:22.886Z][pid 39844][tid 11304] INFO Installed explorer DirectUI host subclass (direct=00000000026405F6)
[2025-11-28T16:47:22.886Z][pid 39844][tid 11304] INFO Installed explorer tree view subclass (tree=0000000000D52D1C)
[2025-11-28T16:47:22.886Z][pid 39844][tid 11304] INFO Explorer status bar discovered (hwnd=0000000001B22CB0)
[2025-11-28T16:47:22.886Z][pid 39844][tid 11304] WARN Status bar subclass skipped: cross-thread window (hwnd=0000000001B22CB0 thread=39844)
[2025-11-28T16:47:22.887Z][pid 39844][tid 11304] WARN Status bar theme update skipped: cross-thread window (hwnd=0000000001B22CB0 ownerThread=39844)
[2025-11-28T16:47:22.887Z][pid 39844][tid 11304] INFO Explorer pane creation watch armed (view=00000000009906FA list=1 tree=0)
[2025-11-28T16:47:22.887Z][pid 39844][tid 11304] INFO Explorer pane fallback timer armed (view=00000000009906FA delay=500)
[2025-11-28T16:47:22.887Z][pid 39844][tid 11304] INFO Explorer panes not ready: list view missing (view=00000000009906FA)
[2025-11-28T16:47:22.887Z][pid 39844][tid 11304] INFO Explorer pane retry timer armed (view=00000000009906FA delay=500 attempts=1)
[2025-11-28T16:47:22.922Z][pid 39844][tid 11304] INFO TabBand::UpdateTabsUI applying 1 items
[2025-11-28T16:47:22.925Z][pid 39844][tid 11304] INFO Breadcrumb QueryService(IShellBrowser) failed: 0x80004001
[2025-11-28T16:47:22.925Z][pid 39844][tid 11304] INFO Breadcrumb ribbon frame discovered via IShellBrowser (hwnd=0000000000920832)
[2025-11-28T16:47:22.925Z][pid 39844][tid 11304] INFO Breadcrumb ribbon frame discovered via IWebBrowser2 (hwnd=0000000000920832)
[2025-11-28T16:47:22.925Z][pid 39844][tid 11304] INFO Breadcrumb toolbar located via window enumeration (hwnd=0000000001D327E8)
[2025-11-28T16:47:22.926Z][pid 39844][tid 11304] INFO Explorer pane creation watch cleared (view=00000000009906FA)
[2025-11-28T16:47:22.926Z][pid 39844][tid 11304] WARN Status bar subclass removal skipped: cross-thread window (hwnd=0000000001B22CB0 thread=39844)
[2025-11-28T16:47:22.926Z][pid 39844][tid 11304] WARN Status bar reset skipped: cross-thread access (hwnd=0000000001B22CB0 ownerThread=39844)
[2025-11-28T16:47:22.926Z][pid 39844][tid 11304] INFO Cleared Open In New Tab pending state
[2025-11-28T16:47:22.926Z][pid 39844][tid 11304] INFO Installed shell view window subclass (view=00000000009906FA)
[2025-11-28T16:47:22.926Z][pid 39844][tid 11304] INFO Installed explorer frame subclass (frame=0000000000A12E50)
[2025-11-28T16:47:22.926Z][pid 39844][tid 11304] INFO Cleared Open In New Tab pending state
[2025-11-28T16:47:22.926Z][pid 39844][tid 11304] INFO Explorer view base subclass ready (view=00000000009906FA frame=0000000000A12E50)
[2025-11-28T16:47:22.927Z][pid 39844][tid 11304] VERBOSE DirectUI IUIElement unavailable (hr=0x80004001)
[2025-11-28T16:47:22.927Z][pid 39844][tid 11304] INFO Installed explorer DirectUI host subclass (direct=00000000026405F6)
[2025-11-28T16:47:22.927Z][pid 39844][tid 11304] INFO Installed explorer tree view subclass (tree=0000000000D52D1C)
[2025-11-28T16:47:22.927Z][pid 39844][tid 11304] INFO Explorer status bar discovered (hwnd=0000000001B22CB0)
[2025-11-28T16:47:22.927Z][pid 39844][tid 11304] WARN Status bar subclass skipped: cross-thread window (hwnd=0000000001B22CB0 thread=39844)
[2025-11-28T16:47:22.928Z][pid 39844][tid 11304] WARN Status bar theme update skipped: cross-thread window (hwnd=0000000001B22CB0 ownerThread=39844)
[2025-11-28T16:47:22.928Z][pid 39844][tid 11304] INFO Explorer pane creation watch armed (view=00000000009906FA list=1 tree=0)
[2025-11-28T16:47:22.928Z][pid 39844][tid 11304] INFO Explorer pane fallback timer armed (view=00000000009906FA delay=500)
[2025-11-28T16:47:22.928Z][pid 39844][tid 11304] INFO Explorer panes not ready: list view missing (view=00000000009906FA)
[2025-11-28T16:47:22.928Z][pid 39844][tid 11304] INFO Explorer pane retry timer armed (view=00000000009906FA delay=500 attempts=1)
[2025-11-28T16:47:22.956Z][pid 39844][tid 11304] INFO Installed explorer list host subclass (host=0000000000A12E50)
[2025-11-28T16:47:22.956Z][pid 39844][tid 11304] INFO Installed explorer list host subclass (host=0000000001262E2E)
[2025-11-28T16:47:22.956Z][pid 39844][tid 11304] INFO Installed explorer list host subclass (host=0000000002182DE6)
[2025-11-28T16:47:22.956Z][pid 39844][tid 11304] INFO Installed explorer list host subclass (host=0000000000920832)
[2025-11-28T16:47:22.956Z][pid 39844][tid 11304] INFO Installed explorer list host subclass (host=0000000000B426A6)
[2025-11-28T16:47:22.956Z][pid 39844][tid 11304] WARN Status bar subclass skipped: cross-thread window (hwnd=0000000001B22CB0 thread=39844)
[2025-11-28T16:47:22.957Z][pid 39844][tid 11304] WARN Status bar theme update skipped: cross-thread window (hwnd=0000000001B22CB0 ownerThread=39844)
[2025-11-28T16:47:22.958Z][pid 39844][tid 11304] WARN Status bar subclass skipped: cross-thread window (hwnd=0000000001B22CB0 thread=39844)
[2025-11-28T16:47:22.958Z][pid 39844][tid 11304] WARN Status bar theme update skipped: cross-thread window (hwnd=0000000001B22CB0 ownerThread=39844)
[2025-11-28T16:47:22.990Z][pid 39844][tid 11304] WARN Status bar subclass skipped: cross-thread window (hwnd=0000000001B22CB0 thread=39844)
[2025-11-28T16:47:22.991Z][pid 39844][tid 11304] WARN Status bar theme update skipped: cross-thread window (hwnd=0000000001B22CB0 ownerThread=39844)
[2025-11-28T16:47:23.590Z][pid 39844][tid 11304] WARN Status bar subclass skipped: cross-thread window (hwnd=0000000001B22CB0 thread=39844)
[2025-11-28T16:47:23.590Z][pid 39844][tid 11304] WARN Status bar theme update skipped: cross-thread window (hwnd=0000000001B22CB0 ownerThread=39844)
[2025-11-28T16:47:23.623Z][pid 39844][tid 11304] WARN Status bar subclass skipped: cross-thread window (hwnd=0000000001B22CB0 thread=39844)
[2025-11-28T16:47:23.623Z][pid 39844][tid 11304] WARN Status bar theme update skipped: cross-thread window (hwnd=0000000001B22CB0 ownerThread=39844)
[2025-11-28T16:47:23.690Z][pid 39844][tid 11304] WARN Status bar subclass skipped: cross-thread window (hwnd=0000000001B22CB0 thread=39844)
[2025-11-28T16:47:23.691Z][pid 39844][tid 11304] WARN Status bar theme update skipped: cross-thread window (hwnd=0000000001B22CB0 ownerThread=39844)
[2025-11-28T16:47:23.714Z][pid 39844][tid 11304] WARN Status bar subclass skipped: cross-thread window (hwnd=0000000001B22CB0 thread=39844)
[2025-11-28T16:47:23.714Z][pid 39844][tid 11304] WARN Status bar theme update skipped: cross-thread window (hwnd=0000000001B22CB0 ownerThread=39844)
[2025-11-28T16:47:24.086Z][pid 39844][tid 11304] WARN Status bar subclass skipped: cross-thread window (hwnd=0000000001B22CB0 thread=39844)
[2025-11-28T16:47:24.087Z][pid 39844][tid 11304] WARN Status bar theme update skipped: cross-thread window (hwnd=0000000001B22CB0 ownerThread=39844)
[2025-11-28T16:47:24.257Z][pid 39844][tid 11304] WARN Status bar subclass skipped: cross-thread window (hwnd=0000000001B22CB0 thread=39844)
[2025-11-28T16:47:24.257Z][pid 39844][tid 11304] WARN Status bar theme update skipped: cross-thread window (hwnd=0000000001B22CB0 ownerThread=39844)
[2025-11-28T16:47:24.352Z][pid 39844][tid 11304] WARN Status bar subclass skipped: cross-thread window (hwnd=0000000001B22CB0 thread=39844)
[2025-11-28T16:47:24.352Z][pid 39844][tid 11304] WARN Status bar theme update skipped: cross-thread window (hwnd=0000000001B22CB0 ownerThread=39844)
[2025-11-28T16:47:24.355Z][pid 39844][tid 11304] WARN Status bar subclass skipped: cross-thread window (hwnd=0000000001B22CB0 thread=39844)
[2025-11-28T16:47:24.355Z][pid 39844][tid 11304] WARN Status bar theme update skipped: cross-thread window (hwnd=0000000001B22CB0 ownerThread=39844)
[2025-11-28T16:47:24.613Z][pid 39844][tid 11304] WARN Status bar subclass skipped: cross-thread window (hwnd=0000000001B22CB0 thread=39844)
[2025-11-28T16:47:24.616Z][pid 39844][tid 11304] WARN Status bar theme update skipped: cross-thread window (hwnd=0000000001B22CB0 ownerThread=39844)
[2025-11-28T16:47:24.616Z][pid 39844][tid 11304] WARN Status bar subclass skipped: cross-thread window (hwnd=0000000001B22CB0 thread=39844)
[2025-11-28T16:47:24.616Z][pid 39844][tid 11304] WARN Status bar theme update skipped: cross-thread window (hwnd=0000000001B22CB0 ownerThread=39844)
[2025-11-28T16:47:24.616Z][pid 39844][tid 11304] WARN Status bar subclass skipped: cross-thread window (hwnd=0000000001B22CB0 thread=39844)
[2025-11-28T16:47:24.617Z][pid 39844][tid 11304] WARN Status bar theme update skipped: cross-thread window (hwnd=0000000001B22CB0 ownerThread=39844)
[2025-11-28T16:47:24.618Z][pid 39844][tid 11304] WARN Status bar subclass skipped: cross-thread window (hwnd=0000000001B22CB0 thread=39844)
[2025-11-28T16:47:24.618Z][pid 39844][tid 11304] WARN Status bar theme update skipped: cross-thread window (hwnd=0000000001B22CB0 ownerThread=39844)
[2025-11-28T16:47:24.621Z][pid 39844][tid 11304] WARN Status bar subclass skipped: cross-thread window (hwnd=0000000001B22CB0 thread=39844)
[2025-11-28T16:47:24.621Z][pid 39844][tid 11304] WARN Status bar theme update skipped: cross-thread window (hwnd=0000000001B22CB0 ownerThread=39844)
[2025-11-28T16:47:24.622Z][pid 39844][tid 11304] WARN Status bar subclass skipped: cross-thread window (hwnd=0000000001B22CB0 thread=39844)
[2025-11-28T16:47:24.623Z][pid 39844][tid 11304] WARN Status bar theme update skipped: cross-thread window (hwnd=0000000001B22CB0 ownerThread=39844)
[2025-11-28T16:47:24.626Z][pid 39844][tid 11304] WARN Status bar subclass skipped: cross-thread window (hwnd=0000000001B22CB0 thread=39844)
[2025-11-28T16:47:24.626Z][pid 39844][tid 11304] WARN Status bar theme update skipped: cross-thread window (hwnd=0000000001B22CB0 ownerThread=39844)
[2025-11-28T16:47:24.634Z][pid 39844][tid 11304] INFO TabBand::UpdateTabsUI applying 1 items
[2025-11-28T16:47:24.636Z][pid 39844][tid 11304] INFO Tab diff: +1 -1 move=0 update=0 rows=1 incremental=false
[2025-11-28T16:47:24.640Z][pid 39844][tid 11304] INFO Breadcrumb QueryService(IShellBrowser) failed: 0x80004001
[2025-11-28T16:47:24.640Z][pid 39844][tid 11304] INFO Breadcrumb ribbon frame discovered via IShellBrowser (hwnd=0000000000920832)
[2025-11-28T16:47:24.640Z][pid 39844][tid 11304] INFO Breadcrumb ribbon frame discovered via IWebBrowser2 (hwnd=0000000000920832)
[2025-11-28T16:47:24.641Z][pid 39844][tid 11304] INFO Breadcrumb toolbar located via window enumeration (hwnd=0000000001D327E8)
[2025-11-28T16:47:24.641Z][pid 39844][tid 11304] INFO Explorer pane creation watch cleared (view=0000000000000000)
[2025-11-28T16:47:24.641Z][pid 39844][tid 11304] WARN Status bar subclass removal skipped: cross-thread window (hwnd=0000000001B22CB0 thread=39844)
[2025-11-28T16:47:24.641Z][pid 39844][tid 11304] WARN Status bar reset skipped: cross-thread access (hwnd=0000000001B22CB0 ownerThread=39844)
[2025-11-28T16:47:24.641Z][pid 39844][tid 11304] INFO Cleared Open In New Tab pending state
[2025-11-28T16:47:24.641Z][pid 39844][tid 11304] INFO Installed shell view window subclass (view=00000000017A0056)
[2025-11-28T16:47:24.641Z][pid 39844][tid 11304] INFO Installed explorer frame subclass (frame=0000000000A12E50)
[2025-11-28T16:47:24.641Z][pid 39844][tid 11304] INFO Cleared Open In New Tab pending state
[2025-11-28T16:47:24.642Z][pid 39844][tid 11304] INFO Explorer view base subclass ready (view=00000000017A0056 frame=0000000000A12E50)
[2025-11-28T16:47:24.642Z][pid 39844][tid 11304] VERBOSE DirectUI IUIElement unavailable (hr=0x80004001)
[2025-11-28T16:47:24.642Z][pid 39844][tid 11304] INFO Installed explorer DirectUI host subclass (direct=00000000016E2378)
[2025-11-28T16:47:24.642Z][pid 39844][tid 11304] INFO Installed explorer tree view subclass (tree=0000000000D52D1C)
[2025-11-28T16:47:24.642Z][pid 39844][tid 11304] INFO Explorer status bar discovered (hwnd=0000000001B22CB0)
[2025-11-28T16:47:24.642Z][pid 39844][tid 11304] WARN Status bar subclass skipped: cross-thread window (hwnd=0000000001B22CB0 thread=39844)
[2025-11-28T16:47:24.643Z][pid 39844][tid 11304] WARN Status bar theme update skipped: cross-thread window (hwnd=0000000001B22CB0 ownerThread=39844)
[2025-11-28T16:47:24.643Z][pid 39844][tid 11304] INFO Explorer pane creation watch armed (view=00000000017A0056 list=1 tree=0)
[2025-11-28T16:47:24.643Z][pid 39844][tid 11304] INFO Explorer pane fallback timer armed (view=00000000017A0056 delay=500)
[2025-11-28T16:47:24.643Z][pid 39844][tid 11304] INFO Explorer panes not ready: list view missing (view=00000000017A0056)
[2025-11-28T16:47:24.643Z][pid 39844][tid 11304] INFO Explorer pane retry timer armed (view=00000000017A0056 delay=500 attempts=1)
[2025-11-28T16:47:24.643Z][pid 39844][tid 11304] INFO TabBand::UpdateTabsUI applying 1 items
[2025-11-28T16:47:24.644Z][pid 39844][tid 11304] INFO Breadcrumb QueryService(IShellBrowser) failed: 0x80004001
[2025-11-28T16:47:24.644Z][pid 39844][tid 11304] INFO Breadcrumb ribbon frame discovered via IShellBrowser (hwnd=0000000000920832)
[2025-11-28T16:47:24.644Z][pid 39844][tid 11304] INFO Breadcrumb ribbon frame discovered via IWebBrowser2 (hwnd=0000000000920832)
[2025-11-28T16:47:24.644Z][pid 39844][tid 11304] INFO Breadcrumb toolbar located via window enumeration (hwnd=0000000001D327E8)
[2025-11-28T16:47:24.645Z][pid 39844][tid 11304] INFO Explorer pane creation watch cleared (view=00000000017A0056)
[2025-11-28T16:47:24.645Z][pid 39844][tid 11304] WARN Status bar subclass removal skipped: cross-thread window (hwnd=0000000001B22CB0 thread=39844)
[2025-11-28T16:47:24.645Z][pid 39844][tid 11304] WARN Status bar reset skipped: cross-thread access (hwnd=0000000001B22CB0 ownerThread=39844)
[2025-11-28T16:47:24.645Z][pid 39844][tid 11304] INFO Cleared Open In New Tab pending state
[2025-11-28T16:47:24.645Z][pid 39844][tid 11304] INFO Installed shell view window subclass (view=00000000017A0056)
[2025-11-28T16:47:24.646Z][pid 39844][tid 11304] INFO Installed explorer frame subclass (frame=0000000000A12E50)
[2025-11-28T16:47:24.646Z][pid 39844][tid 11304] INFO Cleared Open In New Tab pending state
[2025-11-28T16:47:24.646Z][pid 39844][tid 11304] INFO Explorer view base subclass ready (view=00000000017A0056 frame=0000000000A12E50)
[2025-11-28T16:47:24.646Z][pid 39844][tid 11304] VERBOSE DirectUI IUIElement unavailable (hr=0x80004001)
[2025-11-28T16:47:24.646Z][pid 39844][tid 11304] INFO Installed explorer DirectUI host subclass (direct=00000000016E2378)
[2025-11-28T16:47:24.646Z][pid 39844][tid 11304] INFO Installed explorer tree view subclass (tree=0000000000D52D1C)
[2025-11-28T16:47:24.646Z][pid 39844][tid 11304] INFO Explorer status bar discovered (hwnd=0000000001B22CB0)
[2025-11-28T16:47:24.646Z][pid 39844][tid 11304] WARN Status bar subclass skipped: cross-thread window (hwnd=0000000001B22CB0 thread=39844)
[2025-11-28T16:47:24.647Z][pid 39844][tid 11304] WARN Status bar theme update skipped: cross-thread window (hwnd=0000000001B22CB0 ownerThread=39844)
[2025-11-28T16:47:24.647Z][pid 39844][tid 11304] INFO Explorer pane creation watch armed (view=00000000017A0056 list=1 tree=0)
[2025-11-28T16:47:24.647Z][pid 39844][tid 11304] INFO Explorer pane fallback timer armed (view=00000000017A0056 delay=500)
[2025-11-28T16:47:24.647Z][pid 39844][tid 11304] INFO Explorer panes not ready: list view missing (view=00000000017A0056)
[2025-11-28T16:47:24.647Z][pid 39844][tid 11304] INFO Explorer pane retry timer armed (view=00000000017A0056 delay=500 attempts=1)
[2025-11-28T16:47:24.711Z][pid 39844][tid 11304] INFO TabBand::UpdateTabsUI applying 1 items
[2025-11-28T16:47:24.712Z][pid 39844][tid 11304] INFO Breadcrumb QueryService(IShellBrowser) failed: 0x80004001
[2025-11-28T16:47:24.712Z][pid 39844][tid 11304] INFO Breadcrumb ribbon frame discovered via IShellBrowser (hwnd=0000000000920832)
[2025-11-28T16:47:24.712Z][pid 39844][tid 11304] INFO Breadcrumb ribbon frame discovered via IWebBrowser2 (hwnd=0000000000920832)
[2025-11-28T16:47:24.713Z][pid 39844][tid 11304] INFO Breadcrumb toolbar located via window enumeration (hwnd=0000000001D327E8)
[2025-11-28T16:47:24.713Z][pid 39844][tid 11304] INFO Explorer pane creation watch cleared (view=00000000017A0056)
[2025-11-28T16:47:24.713Z][pid 39844][tid 11304] WARN Status bar subclass removal skipped: cross-thread window (hwnd=0000000001B22CB0 thread=39844)
[2025-11-28T16:47:24.713Z][pid 39844][tid 11304] WARN Status bar reset skipped: cross-thread access (hwnd=0000000001B22CB0 ownerThread=39844)
[2025-11-28T16:47:24.713Z][pid 39844][tid 11304] INFO Cleared Open In New Tab pending state
[2025-11-28T16:47:24.713Z][pid 39844][tid 11304] INFO Installed shell view window subclass (view=00000000017A0056)
[2025-11-28T16:47:24.714Z][pid 39844][tid 11304] INFO Installed explorer frame subclass (frame=0000000000A12E50)
[2025-11-28T16:47:24.714Z][pid 39844][tid 11304] INFO Cleared Open In New Tab pending state
[2025-11-28T16:47:24.714Z][pid 39844][tid 11304] INFO Explorer view base subclass ready (view=00000000017A0056 frame=0000000000A12E50)
[2025-11-28T16:47:24.714Z][pid 39844][tid 11304] VERBOSE DirectUI IUIElement unavailable (hr=0x80004001)
[2025-11-28T16:47:24.714Z][pid 39844][tid 11304] INFO Installed explorer DirectUI host subclass (direct=00000000016E2378)
[2025-11-28T16:47:24.714Z][pid 39844][tid 11304] INFO Installed explorer tree view subclass (tree=0000000000D52D1C)
[2025-11-28T16:47:24.714Z][pid 39844][tid 11304] INFO Explorer status bar discovered (hwnd=0000000001B22CB0)
[2025-11-28T16:47:24.714Z][pid 39844][tid 11304] WARN Status bar subclass skipped: cross-thread window (hwnd=0000000001B22CB0 thread=39844)
[2025-11-28T16:47:24.715Z][pid 39844][tid 11304] WARN Status bar theme update skipped: cross-thread window (hwnd=0000000001B22CB0 ownerThread=39844)
[2025-11-28T16:47:24.715Z][pid 39844][tid 11304] INFO Explorer pane creation watch armed (view=00000000017A0056 list=1 tree=0)
[2025-11-28T16:47:24.715Z][pid 39844][tid 11304] INFO Explorer pane fallback timer armed (view=00000000017A0056 delay=500)
[2025-11-28T16:47:24.715Z][pid 39844][tid 11304] INFO Explorer panes not ready: list view missing (view=00000000017A0056)
[2025-11-28T16:47:24.715Z][pid 39844][tid 11304] INFO Explorer pane retry timer armed (view=00000000017A0056 delay=500 attempts=1)
[2025-11-28T16:47:24.745Z][pid 39844][tid 11304] INFO Installed explorer list host subclass (host=0000000000A12E50)
[2025-11-28T16:47:24.745Z][pid 39844][tid 11304] INFO Installed explorer list host subclass (host=0000000001262E2E)
[2025-11-28T16:47:24.746Z][pid 39844][tid 11304] INFO Installed explorer list host subclass (host=0000000002182DE6)
[2025-11-28T16:47:24.746Z][pid 39844][tid 11304] INFO Installed explorer list host subclass (host=0000000000920832)
[2025-11-28T16:47:24.746Z][pid 39844][tid 11304] INFO Installed explorer list host subclass (host=0000000000B426A6)
[2025-11-28T16:47:24.746Z][pid 39844][tid 11304] WARN Status bar subclass skipped: cross-thread window (hwnd=0000000001B22CB0 thread=39844)
[2025-11-28T16:47:24.746Z][pid 39844][tid 11304] WARN Status bar theme update skipped: cross-thread window (hwnd=0000000001B22CB0 ownerThread=39844)
[2025-11-28T16:47:24.747Z][pid 39844][tid 11304] WARN Status bar subclass skipped: cross-thread window (hwnd=0000000001B22CB0 thread=39844)
[2025-11-28T16:47:24.747Z][pid 39844][tid 11304] WARN Status bar theme update skipped: cross-thread window (hwnd=0000000001B22CB0 ownerThread=39844)
[2025-11-28T16:47:24.801Z][pid 39844][tid 11304] WARN Status bar subclass skipped: cross-thread window (hwnd=0000000001B22CB0 thread=39844)
[2025-11-28T16:47:24.802Z][pid 39844][tid 11304] WARN Status bar theme update skipped: cross-thread window (hwnd=0000000001B22CB0 ownerThread=39844)
[2025-11-28T16:47:24.870Z][pid 39844][tid 11304] WARN Status bar subclass skipped: cross-thread window (hwnd=0000000001B22CB0 thread=39844)
[2025-11-28T16:47:24.871Z][pid 39844][tid 11304] WARN Status bar theme update skipped: cross-thread window (hwnd=0000000001B22CB0 ownerThread=39844)
[2025-11-28T16:47:24.881Z][pid 39844][tid 11304] WARN Status bar subclass skipped: cross-thread window (hwnd=0000000001B22CB0 thread=39844)
[2025-11-28T16:47:24.882Z][pid 39844][tid 11304] WARN Status bar theme update skipped: cross-thread window (hwnd=0000000001B22CB0 ownerThread=39844)
[2025-11-28T16:47:24.901Z][pid 39844][tid 11304] WARN Status bar subclass skipped: cross-thread window (hwnd=0000000001B22CB0 thread=39844)
[2025-11-28T16:47:24.901Z][pid 39844][tid 11304] WARN Status bar theme update skipped: cross-thread window (hwnd=0000000001B22CB0 ownerThread=39844)
[2025-11-28T16:47:25.129Z][pid 39844][tid 11304] WARN Status bar subclass skipped: cross-thread window (hwnd=0000000001B22CB0 thread=39844)
[2025-11-28T16:47:25.130Z][pid 39844][tid 11304] WARN Status bar theme update skipped: cross-thread window (hwnd=0000000001B22CB0 ownerThread=39844)
[2025-11-28T16:47:25.149Z][pid 39844][tid 11304] WARN Status bar subclass skipped: cross-thread window (hwnd=0000000001B22CB0 thread=39844)
[2025-11-28T16:47:25.149Z][pid 39844][tid 11304] WARN Status bar theme update skipped: cross-thread window (hwnd=0000000001B22CB0 ownerThread=39844)
[2025-11-28T16:47:25.228Z][pid 39844][tid 11304] WARN Status bar subclass skipped: cross-thread window (hwnd=0000000001B22CB0 thread=39844)
[2025-11-28T16:47:25.228Z][pid 39844][tid 11304] WARN Status bar theme update skipped: cross-thread window (hwnd=0000000001B22CB0 ownerThread=39844)
[2025-11-28T16:47:25.246Z][pid 39844][tid 11304] WARN Status bar subclass skipped: cross-thread window (hwnd=0000000001B22CB0 thread=39844)
[2025-11-28T16:47:25.246Z][pid 39844][tid 11304] WARN Status bar theme update skipped: cross-thread window (hwnd=0000000001B22CB0 ownerThread=39844)
[2025-11-28T16:47:25.286Z][pid 39844][tid 11304] WARN Status bar subclass skipped: cross-thread window (hwnd=0000000001B22CB0 thread=39844)
[2025-11-28T16:47:25.286Z][pid 39844][tid 11304] WARN Status bar theme update skipped: cross-thread window (hwnd=0000000001B22CB0 ownerThread=39844)
[2025-11-28T16:47:25.288Z][pid 39844][tid 11304] WARN Status bar subclass skipped: cross-thread window (hwnd=0000000001B22CB0 thread=39844)
[2025-11-28T16:47:25.288Z][pid 39844][tid 11304] WARN Status bar theme update skipped: cross-thread window (hwnd=0000000001B22CB0 ownerThread=39844)
[2025-11-28T16:47:25.372Z][pid 39844][tid 11304] WARN Status bar subclass skipped: cross-thread window (hwnd=0000000001B22CB0 thread=39844)
[2025-11-28T16:47:25.372Z][pid 39844][tid 11304] WARN Status bar theme update skipped: cross-thread window (hwnd=0000000001B22CB0 ownerThread=39844)
[2025-11-28T16:47:25.372Z][pid 39844][tid 11304] WARN Status bar subclass skipped: cross-thread window (hwnd=0000000001B22CB0 thread=39844)
[2025-11-28T16:47:25.372Z][pid 39844][tid 11304] WARN Status bar theme update skipped: cross-thread window (hwnd=0000000001B22CB0 ownerThread=39844)
[2025-11-28T16:47:25.374Z][pid 39844][tid 11304] WARN Status bar subclass skipped: cross-thread window (hwnd=0000000001B22CB0 thread=39844)
[2025-11-28T16:47:25.374Z][pid 39844][tid 11304] WARN Status bar theme update skipped: cross-thread window (hwnd=0000000001B22CB0 ownerThread=39844)
[2025-11-28T16:47:25.374Z][pid 39844][tid 11304] WARN Status bar subclass skipped: cross-thread window (hwnd=0000000001B22CB0 thread=39844)
[2025-11-28T16:47:25.375Z][pid 39844][tid 11304] WARN Status bar theme update skipped: cross-thread window (hwnd=0000000001B22CB0 ownerThread=39844)
[2025-11-28T16:47:25.538Z][pid 39844][tid 11304] INFO TabBand::UpdateTabsUI applying 1 items
[2025-11-28T16:47:25.540Z][pid 39844][tid 11304] INFO Breadcrumb QueryService(IShellBrowser) failed: 0x80004001
[2025-11-28T16:47:25.540Z][pid 39844][tid 11304] INFO Breadcrumb ribbon frame discovered via IShellBrowser (hwnd=0000000000920832)
[2025-11-28T16:47:25.540Z][pid 39844][tid 11304] INFO Breadcrumb ribbon frame discovered via IWebBrowser2 (hwnd=0000000000920832)
[2025-11-28T16:47:25.540Z][pid 39844][tid 11304] INFO Breadcrumb toolbar located via window enumeration (hwnd=0000000001D327E8)
[2025-11-28T16:47:25.540Z][pid 39844][tid 11304] INFO Explorer pane creation watch cleared (view=00000000017A0056)
[2025-11-28T16:47:25.540Z][pid 39844][tid 11304] WARN Status bar subclass removal skipped: cross-thread window (hwnd=0000000001B22CB0 thread=39844)
[2025-11-28T16:47:25.540Z][pid 39844][tid 11304] WARN Status bar reset skipped: cross-thread access (hwnd=0000000001B22CB0 ownerThread=39844)
[2025-11-28T16:47:25.540Z][pid 39844][tid 11304] INFO Cleared Open In New Tab pending state
[2025-11-28T16:47:25.541Z][pid 39844][tid 11304] INFO Installed shell view window subclass (view=00000000017A0056)
[2025-11-28T16:47:25.541Z][pid 39844][tid 11304] INFO Installed explorer frame subclass (frame=0000000000A12E50)
[2025-11-28T16:47:25.541Z][pid 39844][tid 11304] INFO Cleared Open In New Tab pending state
[2025-11-28T16:47:25.541Z][pid 39844][tid 11304] INFO Explorer view base subclass ready (view=00000000017A0056 frame=0000000000A12E50)
[2025-11-28T16:47:25.541Z][pid 39844][tid 11304] VERBOSE DirectUI IUIElement unavailable (hr=0x80004001)
[2025-11-28T16:47:25.541Z][pid 39844][tid 11304] INFO Installed explorer DirectUI host subclass (direct=00000000016E2378)
[2025-11-28T16:47:25.541Z][pid 39844][tid 11304] INFO Installed explorer tree view subclass (tree=0000000000D52D1C)
[2025-11-28T16:47:25.541Z][pid 39844][tid 11304] INFO Explorer status bar discovered (hwnd=0000000001B22CB0)
[2025-11-28T16:47:25.541Z][pid 39844][tid 11304] WARN Status bar subclass skipped: cross-thread window (hwnd=0000000001B22CB0 thread=39844)
[2025-11-28T16:47:25.542Z][pid 39844][tid 11304] WARN Status bar theme update skipped: cross-thread window (hwnd=0000000001B22CB0 ownerThread=39844)
[2025-11-28T16:47:25.542Z][pid 39844][tid 11304] INFO Explorer pane creation watch armed (view=00000000017A0056 list=1 tree=0)
[2025-11-28T16:47:25.542Z][pid 39844][tid 11304] INFO Explorer pane fallback timer armed (view=00000000017A0056 delay=500)
[2025-11-28T16:47:25.542Z][pid 39844][tid 11304] INFO Explorer panes not ready: list view missing (view=00000000017A0056)
[2025-11-28T16:47:25.542Z][pid 39844][tid 11304] INFO Explorer pane retry timer armed (view=00000000017A0056 delay=500 attempts=1)
[2025-11-28T16:47:25.554Z][pid 39844][tid 11304] INFO Installed explorer list host subclass (host=0000000000A12E50)
[2025-11-28T16:47:25.555Z][pid 39844][tid 11304] INFO Installed explorer list host subclass (host=0000000001262E2E)
[2025-11-28T16:47:25.555Z][pid 39844][tid 11304] INFO Installed explorer list host subclass (host=0000000002182DE6)
[2025-11-28T16:47:25.555Z][pid 39844][tid 11304] INFO Installed explorer list host subclass (host=0000000000920832)
[2025-11-28T16:47:25.555Z][pid 39844][tid 11304] INFO Installed explorer list host subclass (host=0000000000B426A6)
[2025-11-28T16:47:25.555Z][pid 39844][tid 11304] WARN Status bar subclass skipped: cross-thread window (hwnd=0000000001B22CB0 thread=39844)
[2025-11-28T16:47:25.555Z][pid 39844][tid 11304] WARN Status bar theme update skipped: cross-thread window (hwnd=0000000001B22CB0 ownerThread=39844)
[2025-11-28T16:47:25.556Z][pid 39844][tid 11304] WARN Status bar subclass skipped: cross-thread window (hwnd=0000000001B22CB0 thread=39844)
[2025-11-28T16:47:25.556Z][pid 39844][tid 11304] WARN Status bar theme update skipped: cross-thread window (hwnd=0000000001B22CB0 ownerThread=39844)
[2025-11-28T16:47:25.586Z][pid 39844][tid 11304] WARN Status bar subclass skipped: cross-thread window (hwnd=0000000001B22CB0 thread=39844)
[2025-11-28T16:47:25.586Z][pid 39844][tid 11304] WARN Status bar theme update skipped: cross-thread window (hwnd=0000000001B22CB0 ownerThread=39844)
[2025-11-28T16:47:25.595Z][pid 39844][tid 11304] WARN Status bar subclass skipped: cross-thread window (hwnd=0000000001B22CB0 thread=39844)
[2025-11-28T16:47:25.595Z][pid 39844][tid 11304] WARN Status bar theme update skipped: cross-thread window (hwnd=0000000001B22CB0 ownerThread=39844)
[2025-11-28T16:47:25.599Z][pid 39844][tid 11304] WARN Status bar subclass skipped: cross-thread window (hwnd=0000000001B22CB0 thread=39844)
[2025-11-28T16:47:25.600Z][pid 39844][tid 11304] WARN Status bar theme update skipped: cross-thread window (hwnd=0000000001B22CB0 ownerThread=39844)
[2025-11-28T16:47:25.624Z][pid 39844][tid 11304] WARN Status bar subclass skipped: cross-thread window (hwnd=0000000001B22CB0 thread=39844)
[2025-11-28T16:47:25.625Z][pid 39844][tid 11304] WARN Status bar theme update skipped: cross-thread window (hwnd=0000000001B22CB0 ownerThread=39844)
[2025-11-28T16:47:25.635Z][pid 39844][tid 11304] WARN Status bar subclass skipped: cross-thread window (hwnd=0000000001B22CB0 thread=39844)
[2025-11-28T16:47:25.635Z][pid 39844][tid 11304] WARN Status bar theme update skipped: cross-thread window (hwnd=0000000001B22CB0 ownerThread=39844)
[2025-11-28T16:47:25.646Z][pid 39844][tid 11304] WARN Status bar subclass skipped: cross-thread window (hwnd=0000000001B22CB0 thread=39844)
[2025-11-28T16:47:25.646Z][pid 39844][tid 11304] WARN Status bar theme update skipped: cross-thread window (hwnd=0000000001B22CB0 ownerThread=39844)
[2025-11-28T16:47:25.698Z][pid 39844][tid 11304] WARN Status bar subclass skipped: cross-thread window (hwnd=0000000001B22CB0 thread=39844)
[2025-11-28T16:47:25.698Z][pid 39844][tid 11304] WARN Status bar theme update skipped: cross-thread window (hwnd=0000000001B22CB0 ownerThread=39844)
[2025-11-28T16:47:25.703Z][pid 39844][tid 11304] WARN Status bar subclass skipped: cross-thread window (hwnd=0000000001B22CB0 thread=39844)
[2025-11-28T16:47:25.703Z][pid 39844][tid 11304] WARN Status bar theme update skipped: cross-thread window (hwnd=0000000001B22CB0 ownerThread=39844)
[2025-11-28T16:47:25.762Z][pid 39844][tid 11304] WARN Status bar subclass skipped: cross-thread window (hwnd=0000000001B22CB0 thread=39844)
[2025-11-28T16:47:25.762Z][pid 39844][tid 11304] WARN Status bar theme update skipped: cross-thread window (hwnd=0000000001B22CB0 ownerThread=39844)
[2025-11-28T16:47:25.899Z][pid 39844][tid 11304] WARN Status bar subclass skipped: cross-thread window (hwnd=0000000001B22CB0 thread=39844)
[2025-11-28T16:47:25.900Z][pid 39844][tid 11304] WARN Status bar theme update skipped: cross-thread window (hwnd=0000000001B22CB0 ownerThread=39844)
[2025-11-28T16:47:26.398Z][pid 39844][tid 11304] WARN Status bar subclass skipped: cross-thread window (hwnd=0000000001B22CB0 thread=39844)
[2025-11-28T16:47:26.399Z][pid 39844][tid 11304] WARN Status bar theme update skipped: cross-thread window (hwnd=0000000001B22CB0 ownerThread=39844)
[2025-11-28T16:47:26.542Z][pid 39844][tid 11304] WARN Status bar subclass skipped: cross-thread window (hwnd=0000000001B22CB0 thread=39844)
[2025-11-28T16:47:26.542Z][pid 39844][tid 11304] WARN Status bar theme update skipped: cross-thread window (hwnd=0000000001B22CB0 ownerThread=39844)
[2025-11-28T16:47:26.543Z][pid 39844][tid 11304] WARN Status bar subclass skipped: cross-thread window (hwnd=0000000001B22CB0 thread=39844)
[2025-11-28T16:47:26.543Z][pid 39844][tid 11304] WARN Status bar theme update skipped: cross-thread window (hwnd=0000000001B22CB0 ownerThread=39844)
[2025-11-28T16:47:26.547Z][pid 39844][tid 11304] WARN Status bar subclass skipped: cross-thread window (hwnd=0000000001B22CB0 thread=39844)
[2025-11-28T16:47:26.547Z][pid 39844][tid 11304] WARN Status bar theme update skipped: cross-thread window (hwnd=0000000001B22CB0 ownerThread=39844)
[2025-11-28T16:47:26.551Z][pid 39844][tid 11304] WARN Status bar subclass skipped: cross-thread window (hwnd=0000000001B22CB0 thread=39844)
[2025-11-28T16:47:26.551Z][pid 39844][tid 11304] WARN Status bar theme update skipped: cross-thread window (hwnd=0000000001B22CB0 ownerThread=39844)
[2025-11-28T16:47:26.554Z][pid 39844][tid 11304] WARN Status bar subclass skipped: cross-thread window (hwnd=0000000001B22CB0 thread=39844)
[2025-11-28T16:47:26.554Z][pid 39844][tid 11304] WARN Status bar theme update skipped: cross-thread window (hwnd=0000000001B22CB0 ownerThread=39844)
[2025-11-28T16:47:26.556Z][pid 39844][tid 11304] WARN Status bar subclass skipped: cross-thread window (hwnd=0000000001B22CB0 thread=39844)
[2025-11-28T16:47:26.556Z][pid 39844][tid 11304] WARN Status bar theme update skipped: cross-thread window (hwnd=0000000001B22CB0 ownerThread=39844)
[2025-11-28T16:47:26.558Z][pid 39844][tid 11304] WARN Status bar subclass skipped: cross-thread window (hwnd=0000000001B22CB0 thread=39844)
[2025-11-28T16:47:26.558Z][pid 39844][tid 11304] WARN Status bar theme update skipped: cross-thread window (hwnd=0000000001B22CB0 ownerThread=39844)
[2025-11-28T16:47:26.559Z][pid 39844][tid 11304] WARN Status bar subclass skipped: cross-thread window (hwnd=0000000001B22CB0 thread=39844)
[2025-11-28T16:47:26.560Z][pid 39844][tid 11304] WARN Status bar theme update skipped: cross-thread window (hwnd=0000000001B22CB0 ownerThread=39844)
[2025-11-28T16:47:26.561Z][pid 39844][tid 11304] WARN Status bar subclass skipped: cross-thread window (hwnd=0000000001B22CB0 thread=39844)
[2025-11-28T16:47:26.562Z][pid 39844][tid 11304] WARN Status bar theme update skipped: cross-thread window (hwnd=0000000001B22CB0 ownerThread=39844)
[2025-11-28T16:47:26.565Z][pid 39844][tid 11304] WARN Status bar subclass skipped: cross-thread window (hwnd=0000000001B22CB0 thread=39844)
[2025-11-28T16:47:26.566Z][pid 39844][tid 11304] WARN Status bar theme update skipped: cross-thread window (hwnd=0000000001B22CB0 ownerThread=39844)
[2025-11-28T16:47:26.567Z][pid 39844][tid 11304] WARN Status bar subclass skipped: cross-thread window (hwnd=0000000001B22CB0 thread=39844)
[2025-11-28T16:47:26.567Z][pid 39844][tid 11304] WARN Status bar theme update skipped: cross-thread window (hwnd=0000000001B22CB0 ownerThread=39844)
[2025-11-28T16:47:26.570Z][pid 39844][tid 11304] WARN Status bar subclass skipped: cross-thread window (hwnd=0000000001B22CB0 thread=39844)
[2025-11-28T16:47:26.570Z][pid 39844][tid 11304] WARN Status bar theme update skipped: cross-thread window (hwnd=0000000001B22CB0 ownerThread=39844)
[2025-11-28T16:47:26.572Z][pid 39844][tid 11304] WARN Status bar subclass skipped: cross-thread window (hwnd=0000000001B22CB0 thread=39844)
[2025-11-28T16:47:26.572Z][pid 39844][tid 11304] WARN Status bar theme update skipped: cross-thread window (hwnd=0000000001B22CB0 ownerThread=39844)
[2025-11-28T16:47:26.577Z][pid 39844][tid 11304] WARN Status bar subclass skipped: cross-thread window (hwnd=0000000001B22CB0 thread=39844)
[2025-11-28T16:47:26.577Z][pid 39844][tid 11304] WARN Status bar theme update skipped: cross-thread window (hwnd=0000000001B22CB0 ownerThread=39844)
[2025-11-28T16:47:26.580Z][pid 39844][tid 11304] WARN Status bar subclass skipped: cross-thread window (hwnd=0000000001B22CB0 thread=39844)
[2025-11-28T16:47:26.581Z][pid 39844][tid 11304] WARN Status bar theme update skipped: cross-thread window (hwnd=0000000001B22CB0 ownerThread=39844)
[2025-11-28T16:47:26.583Z][pid 39844][tid 11304] WARN Status bar subclass skipped: cross-thread window (hwnd=0000000001B22CB0 thread=39844)
[2025-11-28T16:47:26.583Z][pid 39844][tid 11304] WARN Status bar theme update skipped: cross-thread window (hwnd=0000000001B22CB0 ownerThread=39844)
[2025-11-28T16:47:26.584Z][pid 39844][tid 11304] WARN Status bar subclass skipped: cross-thread window (hwnd=0000000001B22CB0 thread=39844)
[2025-11-28T16:47:26.585Z][pid 39844][tid 11304] WARN Status bar theme update skipped: cross-thread window (hwnd=0000000001B22CB0 ownerThread=39844)
[2025-11-28T16:47:26.586Z][pid 39844][tid 11304] WARN Status bar subclass skipped: cross-thread window (hwnd=0000000001B22CB0 thread=39844)
[2025-11-28T16:47:26.586Z][pid 39844][tid 11304] WARN Status bar theme update skipped: cross-thread window (hwnd=0000000001B22CB0 ownerThread=39844)
[2025-11-28T16:47:26.590Z][pid 39844][tid 11304] WARN Status bar subclass skipped: cross-thread window (hwnd=0000000001B22CB0 thread=39844)
[2025-11-28T16:47:26.591Z][pid 39844][tid 11304] WARN Status bar theme update skipped: cross-thread window (hwnd=0000000001B22CB0 ownerThread=39844)
[2025-11-28T16:47:26.594Z][pid 39844][tid 11304] WARN Status bar subclass skipped: cross-thread window (hwnd=0000000001B22CB0 thread=39844)
[2025-11-28T16:47:26.594Z][pid 39844][tid 11304] WARN Status bar theme update skipped: cross-thread window (hwnd=0000000001B22CB0 ownerThread=39844)
[2025-11-28T16:47:26.597Z][pid 39844][tid 11304] WARN Status bar subclass skipped: cross-thread window (hwnd=0000000001B22CB0 thread=39844)
[2025-11-28T16:47:26.597Z][pid 39844][tid 11304] WARN Status bar theme update skipped: cross-thread window (hwnd=0000000001B22CB0 ownerThread=39844)
[2025-11-28T16:47:26.599Z][pid 39844][tid 11304] WARN Status bar subclass skipped: cross-thread window (hwnd=0000000001B22CB0 thread=39844)
[2025-11-28T16:47:26.599Z][pid 39844][tid 11304] WARN Status bar theme update skipped: cross-thread window (hwnd=0000000001B22CB0 ownerThread=39844)
[2025-11-28T16:47:26.602Z][pid 39844][tid 11304] WARN Status bar subclass skipped: cross-thread window (hwnd=0000000001B22CB0 thread=39844)
[2025-11-28T16:47:26.602Z][pid 39844][tid 11304] WARN Status bar theme update skipped: cross-thread window (hwnd=0000000001B22CB0 ownerThread=39844)
[2025-11-28T16:47:26.616Z][pid 39844][tid 11304] WARN Status bar subclass skipped: cross-thread window (hwnd=0000000001B22CB0 thread=39844)
[2025-11-28T16:47:26.617Z][pid 39844][tid 11304] WARN Status bar theme update skipped: cross-thread window (hwnd=0000000001B22CB0 ownerThread=39844)
[2025-11-28T16:47:26.629Z][pid 39844][tid 11304] WARN Status bar subclass skipped: cross-thread window (hwnd=0000000001B22CB0 thread=39844)
[2025-11-28T16:47:26.629Z][pid 39844][tid 11304] WARN Status bar theme update skipped: cross-thread window (hwnd=0000000001B22CB0 ownerThread=39844)
[2025-11-28T16:47:26.772Z][pid 39844][tid 11304] WARN Status bar subclass skipped: cross-thread window (hwnd=0000000001B22CB0 thread=39844)
[2025-11-28T16:47:26.773Z][pid 39844][tid 11304] WARN Status bar theme update skipped: cross-thread window (hwnd=0000000001B22CB0 ownerThread=39844)
[2025-11-28T16:47:26.775Z][pid 39844][tid 11304] WARN Status bar subclass skipped: cross-thread window (hwnd=0000000001B22CB0 thread=39844)
[2025-11-28T16:47:26.776Z][pid 39844][tid 11304] WARN Status bar theme update skipped: cross-thread window (hwnd=0000000001B22CB0 ownerThread=39844)
[2025-11-28T16:47:26.777Z][pid 39844][tid 11304] WARN Status bar subclass skipped: cross-thread window (hwnd=0000000001B22CB0 thread=39844)
[2025-11-28T16:47:26.778Z][pid 39844][tid 11304] WARN Status bar theme update skipped: cross-thread window (hwnd=0000000001B22CB0 ownerThread=39844)
[2025-11-28T16:47:26.779Z][pid 39844][tid 11304] WARN Status bar subclass skipped: cross-thread window (hwnd=0000000001B22CB0 thread=39844)
[2025-11-28T16:47:26.779Z][pid 39844][tid 11304] WARN Status bar theme update skipped: cross-thread window (hwnd=0000000001B22CB0 ownerThread=39844)
[2025-11-28T16:47:26.820Z][pid 39844][tid 11304] WARN Status bar subclass skipped: cross-thread window (hwnd=0000000001B22CB0 thread=39844)
[2025-11-28T16:47:26.821Z][pid 39844][tid 11304] WARN Status bar theme update skipped: cross-thread window (hwnd=0000000001B22CB0 ownerThread=39844)
[2025-11-28T16:47:26.829Z][pid 39844][tid 11304] WARN Status bar subclass skipped: cross-thread window (hwnd=0000000001B22CB0 thread=39844)
[2025-11-28T16:47:26.830Z][pid 39844][tid 11304] WARN Status bar theme update skipped: cross-thread window (hwnd=0000000001B22CB0 ownerThread=39844)
[2025-11-28T16:47:26.833Z][pid 39844][tid 11304] WARN Status bar subclass skipped: cross-thread window (hwnd=0000000001B22CB0 thread=39844)
[2025-11-28T16:47:26.834Z][pid 39844][tid 11304] WARN Status bar theme update skipped: cross-thread window (hwnd=0000000001B22CB0 ownerThread=39844)
[2025-11-28T16:47:26.837Z][pid 39844][tid 11304] WARN Status bar subclass skipped: cross-thread window (hwnd=0000000001B22CB0 thread=39844)
[2025-11-28T16:47:26.838Z][pid 39844][tid 11304] WARN Status bar theme update skipped: cross-thread window (hwnd=0000000001B22CB0 ownerThread=39844)
[2025-11-28T16:47:26.841Z][pid 39844][tid 11304] WARN Status bar subclass skipped: cross-thread window (hwnd=0000000001B22CB0 thread=39844)
[2025-11-28T16:47:26.842Z][pid 39844][tid 11304] WARN Status bar theme update skipped: cross-thread window (hwnd=0000000001B22CB0 ownerThread=39844)
[2025-11-28T16:47:26.847Z][pid 39844][tid 11304] WARN Status bar subclass skipped: cross-thread window (hwnd=0000000001B22CB0 thread=39844)
[2025-11-28T16:47:26.847Z][pid 39844][tid 11304] WARN Status bar theme update skipped: cross-thread window (hwnd=0000000001B22CB0 ownerThread=39844)
[2025-11-28T16:47:26.852Z][pid 39844][tid 11304] WARN Status bar subclass skipped: cross-thread window (hwnd=0000000001B22CB0 thread=39844)
[2025-11-28T16:47:26.852Z][pid 39844][tid 11304] WARN Status bar theme update skipped: cross-thread window (hwnd=0000000001B22CB0 ownerThread=39844)
[2025-11-28T16:47:26.859Z][pid 39844][tid 11304] WARN Status bar subclass skipped: cross-thread window (hwnd=0000000001B22CB0 thread=39844)
[2025-11-28T16:47:26.860Z][pid 39844][tid 11304] WARN Status bar theme update skipped: cross-thread window (hwnd=0000000001B22CB0 ownerThread=39844)
[2025-11-28T16:47:26.864Z][pid 39844][tid 11304] WARN Status bar subclass skipped: cross-thread window (hwnd=0000000001B22CB0 thread=39844)
[2025-11-28T16:47:26.864Z][pid 39844][tid 11304] WARN Status bar theme update skipped: cross-thread window (hwnd=0000000001B22CB0 ownerThread=39844)
[2025-11-28T16:47:26.867Z][pid 39844][tid 11304] WARN Status bar subclass skipped: cross-thread window (hwnd=0000000001B22CB0 thread=39844)
[2025-11-28T16:47:26.867Z][pid 39844][tid 11304] WARN Status bar theme update skipped: cross-thread window (hwnd=0000000001B22CB0 ownerThread=39844)
[2025-11-28T16:47:26.872Z][pid 39844][tid 11304] WARN Status bar subclass skipped: cross-thread window (hwnd=0000000001B22CB0 thread=39844)
[2025-11-28T16:47:26.872Z][pid 39844][tid 11304] WARN Status bar theme update skipped: cross-thread window (hwnd=0000000001B22CB0 ownerThread=39844)
[2025-11-28T16:47:26.880Z][pid 39844][tid 11304] WARN Status bar subclass skipped: cross-thread window (hwnd=0000000001B22CB0 thread=39844)
[2025-11-28T16:47:26.880Z][pid 39844][tid 11304] WARN Status bar theme update skipped: cross-thread window (hwnd=0000000001B22CB0 ownerThread=39844)
[2025-11-28T16:47:26.883Z][pid 39844][tid 11304] WARN Status bar subclass skipped: cross-thread window (hwnd=0000000001B22CB0 thread=39844)
[2025-11-28T16:47:26.884Z][pid 39844][tid 11304] WARN Status bar theme update skipped: cross-thread window (hwnd=0000000001B22CB0 ownerThread=39844)
[2025-11-28T16:47:26.887Z][pid 39844][tid 11304] WARN Status bar subclass skipped: cross-thread window (hwnd=0000000001B22CB0 thread=39844)
[2025-11-28T16:47:26.887Z][pid 39844][tid 11304] WARN Status bar theme update skipped: cross-thread window (hwnd=0000000001B22CB0 ownerThread=39844)
[2025-11-28T16:47:26.890Z][pid 39844][tid 11304] WARN Status bar subclass skipped: cross-thread window (hwnd=0000000001B22CB0 thread=39844)
[2025-11-28T16:47:26.891Z][pid 39844][tid 11304] WARN Status bar theme update skipped: cross-thread window (hwnd=0000000001B22CB0 ownerThread=39844)
[2025-11-28T16:47:26.894Z][pid 39844][tid 11304] WARN Status bar subclass skipped: cross-thread window (hwnd=0000000001B22CB0 thread=39844)
[2025-11-28T16:47:26.895Z][pid 39844][tid 11304] WARN Status bar theme update skipped: cross-thread window (hwnd=0000000001B22CB0 ownerThread=39844)
[2025-11-28T16:47:26.898Z][pid 39844][tid 11304] WARN Status bar subclass skipped: cross-thread window (hwnd=0000000001B22CB0 thread=39844)
[2025-11-28T16:47:26.898Z][pid 39844][tid 11304] WARN Status bar theme update skipped: cross-thread window (hwnd=0000000001B22CB0 ownerThread=39844)
[2025-11-28T16:47:26.902Z][pid 39844][tid 11304] WARN Status bar subclass skipped: cross-thread window (hwnd=0000000001B22CB0 thread=39844)
[2025-11-28T16:47:26.903Z][pid 39844][tid 11304] WARN Status bar theme update skipped: cross-thread window (hwnd=0000000001B22CB0 ownerThread=39844)
[2025-11-28T16:47:26.907Z][pid 39844][tid 11304] WARN Status bar subclass skipped: cross-thread window (hwnd=0000000001B22CB0 thread=39844)
[2025-11-28T16:47:26.907Z][pid 39844][tid 11304] WARN Status bar theme update skipped: cross-thread window (hwnd=0000000001B22CB0 ownerThread=39844)
[2025-11-28T16:47:26.909Z][pid 39844][tid 11304] WARN Status bar subclass skipped: cross-thread window (hwnd=0000000001B22CB0 thread=39844)
[2025-11-28T16:47:26.909Z][pid 39844][tid 11304] WARN Status bar theme update skipped: cross-thread window (hwnd=0000000001B22CB0 ownerThread=39844)
[2025-11-28T16:47:26.911Z][pid 39844][tid 11304] WARN Status bar subclass skipped: cross-thread window (hwnd=0000000001B22CB0 thread=39844)
[2025-11-28T16:47:26.911Z][pid 39844][tid 11304] WARN Status bar theme update skipped: cross-thread window (hwnd=0000000001B22CB0 ownerThread=39844)
[2025-11-28T16:47:26.913Z][pid 39844][tid 11304] WARN Status bar subclass skipped: cross-thread window (hwnd=0000000001B22CB0 thread=39844)
[2025-11-28T16:47:26.913Z][pid 39844][tid 11304] WARN Status bar theme update skipped: cross-thread window (hwnd=0000000001B22CB0 ownerThread=39844)
[2025-11-28T16:47:26.915Z][pid 39844][tid 11304] WARN Status bar subclass skipped: cross-thread window (hwnd=0000000001B22CB0 thread=39844)
[2025-11-28T16:47:26.915Z][pid 39844][tid 11304] WARN Status bar theme update skipped: cross-thread window (hwnd=0000000001B22CB0 ownerThread=39844)
[2025-11-28T16:47:26.917Z][pid 39844][tid 11304] WARN Status bar subclass skipped: cross-thread window (hwnd=0000000001B22CB0 thread=39844)
[2025-11-28T16:47:26.917Z][pid 39844][tid 11304] WARN Status bar theme update skipped: cross-thread window (hwnd=0000000001B22CB0 ownerThread=39844)
[2025-11-28T16:47:26.920Z][pid 39844][tid 11304] WARN Status bar subclass skipped: cross-thread window (hwnd=0000000001B22CB0 thread=39844)
[2025-11-28T16:47:26.921Z][pid 39844][tid 11304] WARN Status bar theme update skipped: cross-thread window (hwnd=0000000001B22CB0 ownerThread=39844)
[2025-11-28T16:47:26.924Z][pid 39844][tid 11304] WARN Status bar subclass skipped: cross-thread window (hwnd=0000000001B22CB0 thread=39844)
[2025-11-28T16:47:26.924Z][pid 39844][tid 11304] WARN Status bar theme update skipped: cross-thread window (hwnd=0000000001B22CB0 ownerThread=39844)
[2025-11-28T16:47:26.926Z][pid 39844][tid 11304] WARN Status bar subclass skipped: cross-thread window (hwnd=0000000001B22CB0 thread=39844)
[2025-11-28T16:47:26.926Z][pid 39844][tid 11304] WARN Status bar theme update skipped: cross-thread window (hwnd=0000000001B22CB0 ownerThread=39844)
[2025-11-28T16:47:26.928Z][pid 39844][tid 11304] WARN Status bar subclass skipped: cross-thread window (hwnd=0000000001B22CB0 thread=39844)
[2025-11-28T16:47:26.929Z][pid 39844][tid 11304] WARN Status bar theme update skipped: cross-thread window (hwnd=0000000001B22CB0 ownerThread=39844)
[2025-11-28T16:47:26.936Z][pid 39844][tid 11304] WARN Status bar subclass skipped: cross-thread window (hwnd=0000000001B22CB0 thread=39844)
[2025-11-28T16:47:26.936Z][pid 39844][tid 11304] WARN Status bar theme update skipped: cross-thread window (hwnd=0000000001B22CB0 ownerThread=39844)
[2025-11-28T16:47:26.939Z][pid 39844][tid 11304] WARN Status bar subclass skipped: cross-thread window (hwnd=0000000001B22CB0 thread=39844)
[2025-11-28T16:47:26.939Z][pid 39844][tid 11304] WARN Status bar theme update skipped: cross-thread window (hwnd=0000000001B22CB0 ownerThread=39844)
[2025-11-28T16:47:26.954Z][pid 39844][tid 11304] WARN Status bar subclass skipped: cross-thread window (hwnd=0000000001B22CB0 thread=39844)
[2025-11-28T16:47:26.954Z][pid 39844][tid 11304] WARN Status bar theme update skipped: cross-thread window (hwnd=0000000001B22CB0 ownerThread=39844)
[2025-11-28T16:47:26.962Z][pid 39844][tid 11304] WARN Status bar subclass skipped: cross-thread window (hwnd=0000000001B22CB0 thread=39844)
[2025-11-28T16:47:26.962Z][pid 39844][tid 11304] WARN Status bar theme update skipped: cross-thread window (hwnd=0000000001B22CB0 ownerThread=39844)
[2025-11-28T16:47:26.974Z][pid 39844][tid 11304] WARN Status bar subclass skipped: cross-thread window (hwnd=0000000001B22CB0 thread=39844)
[2025-11-28T16:47:26.975Z][pid 39844][tid 11304] WARN Status bar theme update skipped: cross-thread window (hwnd=0000000001B22CB0 ownerThread=39844)
[2025-11-28T16:47:26.989Z][pid 39844][tid 11304] WARN Status bar subclass skipped: cross-thread window (hwnd=0000000001B22CB0 thread=39844)
[2025-11-28T16:47:26.989Z][pid 39844][tid 11304] WARN Status bar theme update skipped: cross-thread window (hwnd=0000000001B22CB0 ownerThread=39844)
[2025-11-28T16:47:26.991Z][pid 39844][tid 11304] WARN Status bar subclass skipped: cross-thread window (hwnd=0000000001B22CB0 thread=39844)
[2025-11-28T16:47:26.991Z][pid 39844][tid 11304] WARN Status bar theme update skipped: cross-thread window (hwnd=0000000001B22CB0 ownerThread=39844)
[2025-11-28T16:47:26.996Z][pid 39844][tid 11304] WARN Status bar subclass skipped: cross-thread window (hwnd=0000000001B22CB0 thread=39844)
[2025-11-28T16:47:26.997Z][pid 39844][tid 11304] WARN Status bar theme update skipped: cross-thread window (hwnd=0000000001B22CB0 ownerThread=39844)
[2025-11-28T16:47:27.002Z][pid 39844][tid 11304] WARN Status bar subclass skipped: cross-thread window (hwnd=0000000001B22CB0 thread=39844)
[2025-11-28T16:47:27.002Z][pid 39844][tid 11304] WARN Status bar theme update skipped: cross-thread window (hwnd=0000000001B22CB0 ownerThread=39844)
[2025-11-28T16:47:27.006Z][pid 39844][tid 11304] WARN Status bar subclass skipped: cross-thread window (hwnd=0000000001B22CB0 thread=39844)
[2025-11-28T16:47:27.007Z][pid 39844][tid 11304] WARN Status bar theme update skipped: cross-thread window (hwnd=0000000001B22CB0 ownerThread=39844)
[2025-11-28T16:47:27.009Z][pid 39844][tid 11304] WARN Status bar subclass skipped: cross-thread window (hwnd=0000000001B22CB0 thread=39844)
[2025-11-28T16:47:27.010Z][pid 39844][tid 11304] WARN Status bar theme update skipped: cross-thread window (hwnd=0000000001B22CB0 ownerThread=39844)
[2025-11-28T16:47:27.015Z][pid 39844][tid 11304] WARN Status bar subclass skipped: cross-thread window (hwnd=0000000001B22CB0 thread=39844)
[2025-11-28T16:47:27.016Z][pid 39844][tid 11304] WARN Status bar theme update skipped: cross-thread window (hwnd=0000000001B22CB0 ownerThread=39844)
[2025-11-28T16:47:27.018Z][pid 39844][tid 11304] WARN Status bar subclass skipped: cross-thread window (hwnd=0000000001B22CB0 thread=39844)
[2025-11-28T16:47:27.019Z][pid 39844][tid 11304] WARN Status bar theme update skipped: cross-thread window (hwnd=0000000001B22CB0 ownerThread=39844)
[2025-11-28T16:47:27.021Z][pid 39844][tid 11304] WARN Status bar subclass skipped: cross-thread window (hwnd=0000000001B22CB0 thread=39844)
[2025-11-28T16:47:27.021Z][pid 39844][tid 11304] WARN Status bar theme update skipped: cross-thread window (hwnd=0000000001B22CB0 ownerThread=39844)
[2025-11-28T16:47:27.024Z][pid 39844][tid 11304] WARN Status bar subclass skipped: cross-thread window (hwnd=0000000001B22CB0 thread=39844)
[2025-11-28T16:47:27.024Z][pid 39844][tid 11304] WARN Status bar theme update skipped: cross-thread window (hwnd=0000000001B22CB0 ownerThread=39844)
[2025-11-28T16:47:27.026Z][pid 39844][tid 11304] WARN Status bar subclass skipped: cross-thread window (hwnd=0000000001B22CB0 thread=39844)
[2025-11-28T16:47:27.027Z][pid 39844][tid 11304] WARN Status bar theme update skipped: cross-thread window (hwnd=0000000001B22CB0 ownerThread=39844)
[2025-11-28T16:47:27.029Z][pid 39844][tid 11304] WARN Status bar subclass skipped: cross-thread window (hwnd=0000000001B22CB0 thread=39844)
[2025-11-28T16:47:27.030Z][pid 39844][tid 11304] WARN Status bar theme update skipped: cross-thread window (hwnd=0000000001B22CB0 ownerThread=39844)
[2025-11-28T16:47:27.034Z][pid 39844][tid 11304] WARN Status bar subclass skipped: cross-thread window (hwnd=0000000001B22CB0 thread=39844)
[2025-11-28T16:47:27.034Z][pid 39844][tid 11304] WARN Status bar theme update skipped: cross-thread window (hwnd=0000000001B22CB0 ownerThread=39844)
[2025-11-28T16:47:27.037Z][pid 39844][tid 11304] WARN Status bar subclass skipped: cross-thread window (hwnd=0000000001B22CB0 thread=39844)
[2025-11-28T16:47:27.037Z][pid 39844][tid 11304] WARN Status bar theme update skipped: cross-thread window (hwnd=0000000001B22CB0 ownerThread=39844)
[2025-11-28T16:47:27.041Z][pid 39844][tid 11304] WARN Status bar subclass skipped: cross-thread window (hwnd=0000000001B22CB0 thread=39844)
[2025-11-28T16:47:27.041Z][pid 39844][tid 11304] WARN Status bar theme update skipped: cross-thread window (hwnd=0000000001B22CB0 ownerThread=39844)
[2025-11-28T16:47:27.044Z][pid 39844][tid 11304] WARN Status bar subclass skipped: cross-thread window (hwnd=0000000001B22CB0 thread=39844)
[2025-11-28T16:47:27.045Z][pid 39844][tid 11304] WARN Status bar theme update skipped: cross-thread window (hwnd=0000000001B22CB0 ownerThread=39844)
[2025-11-28T16:47:27.048Z][pid 39844][tid 11304] WARN Status bar subclass skipped: cross-thread window (hwnd=0000000001B22CB0 thread=39844)
[2025-11-28T16:47:27.048Z][pid 39844][tid 11304] WARN Status bar theme update skipped: cross-thread window (hwnd=0000000001B22CB0 ownerThread=39844)
[2025-11-28T16:47:27.053Z][pid 39844][tid 11304] WARN Status bar subclass skipped: cross-thread window (hwnd=0000000001B22CB0 thread=39844)
[2025-11-28T16:47:27.053Z][pid 39844][tid 11304] WARN Status bar theme update skipped: cross-thread window (hwnd=0000000001B22CB0 ownerThread=39844)
[2025-11-28T16:47:27.059Z][pid 39844][tid 11304] WARN Status bar subclass skipped: cross-thread window (hwnd=0000000001B22CB0 thread=39844)
[2025-11-28T16:47:27.059Z][pid 39844][tid 11304] WARN Status bar theme update skipped: cross-thread window (hwnd=0000000001B22CB0 ownerThread=39844)
[2025-11-28T16:47:27.062Z][pid 39844][tid 11304] WARN Status bar subclass skipped: cross-thread window (hwnd=0000000001B22CB0 thread=39844)
[2025-11-28T16:47:27.063Z][pid 39844][tid 11304] WARN Status bar theme update skipped: cross-thread window (hwnd=0000000001B22CB0 ownerThread=39844)
[2025-11-28T16:47:27.065Z][pid 39844][tid 11304] WARN Status bar subclass skipped: cross-thread window (hwnd=0000000001B22CB0 thread=39844)
[2025-11-28T16:47:27.065Z][pid 39844][tid 11304] WARN Status bar theme update skipped: cross-thread window (hwnd=0000000001B22CB0 ownerThread=39844)
[2025-11-28T16:47:27.067Z][pid 39844][tid 11304] WARN Status bar subclass skipped: cross-thread window (hwnd=0000000001B22CB0 thread=39844)
[2025-11-28T16:47:27.067Z][pid 39844][tid 11304] WARN Status bar theme update skipped: cross-thread window (hwnd=0000000001B22CB0 ownerThread=39844)
[2025-11-28T16:47:27.069Z][pid 39844][tid 11304] WARN Status bar subclass skipped: cross-thread window (hwnd=0000000001B22CB0 thread=39844)
[2025-11-28T16:47:27.069Z][pid 39844][tid 11304] WARN Status bar theme update skipped: cross-thread window (hwnd=0000000001B22CB0 ownerThread=39844)
[2025-11-28T16:47:27.071Z][pid 39844][tid 11304] WARN Status bar subclass skipped: cross-thread window (hwnd=0000000001B22CB0 thread=39844)
[2025-11-28T16:47:27.071Z][pid 39844][tid 11304] WARN Status bar theme update skipped: cross-thread window (hwnd=0000000001B22CB0 ownerThread=39844)
[2025-11-28T16:47:27.073Z][pid 39844][tid 11304] WARN Status bar subclass skipped: cross-thread window (hwnd=0000000001B22CB0 thread=39844)
[2025-11-28T16:47:27.074Z][pid 39844][tid 11304] WARN Status bar theme update skipped: cross-thread window (hwnd=0000000001B22CB0 ownerThread=39844)
[2025-11-28T16:47:27.076Z][pid 39844][tid 11304] WARN Status bar subclass skipped: cross-thread window (hwnd=0000000001B22CB0 thread=39844)
[2025-11-28T16:47:27.076Z][pid 39844][tid 11304] WARN Status bar theme update skipped: cross-thread window (hwnd=0000000001B22CB0 ownerThread=39844)
[2025-11-28T16:47:27.083Z][pid 39844][tid 11304] WARN Status bar subclass skipped: cross-thread window (hwnd=0000000001B22CB0 thread=39844)
[2025-11-28T16:47:27.083Z][pid 39844][tid 11304] WARN Status bar theme update skipped: cross-thread window (hwnd=0000000001B22CB0 ownerThread=39844)
[2025-11-28T16:47:27.085Z][pid 39844][tid 11304] WARN Status bar subclass skipped: cross-thread window (hwnd=0000000001B22CB0 thread=39844)
[2025-11-28T16:47:27.085Z][pid 39844][tid 11304] WARN Status bar theme update skipped: cross-thread window (hwnd=0000000001B22CB0 ownerThread=39844)
[2025-11-28T16:47:27.088Z][pid 39844][tid 11304] WARN Status bar subclass skipped: cross-thread window (hwnd=0000000001B22CB0 thread=39844)
[2025-11-28T16:47:27.089Z][pid 39844][tid 11304] WARN Status bar theme update skipped: cross-thread window (hwnd=0000000001B22CB0 ownerThread=39844)
[2025-11-28T16:47:27.093Z][pid 39844][tid 11304] WARN Status bar subclass skipped: cross-thread window (hwnd=0000000001B22CB0 thread=39844)
[2025-11-28T16:47:27.093Z][pid 39844][tid 11304] WARN Status bar theme update skipped: cross-thread window (hwnd=0000000001B22CB0 ownerThread=39844)
[2025-11-28T16:47:27.099Z][pid 39844][tid 11304] WARN Status bar subclass skipped: cross-thread window (hwnd=0000000001B22CB0 thread=39844)
[2025-11-28T16:47:27.099Z][pid 39844][tid 11304] WARN Status bar theme update skipped: cross-thread window (hwnd=0000000001B22CB0 ownerThread=39844)
[2025-11-28T16:47:27.102Z][pid 39844][tid 11304] WARN Status bar subclass skipped: cross-thread window (hwnd=0000000001B22CB0 thread=39844)
[2025-11-28T16:47:27.103Z][pid 39844][tid 11304] WARN Status bar theme update skipped: cross-thread window (hwnd=0000000001B22CB0 ownerThread=39844)
[2025-11-28T16:47:27.105Z][pid 39844][tid 11304] WARN Status bar subclass skipped: cross-thread window (hwnd=0000000001B22CB0 thread=39844)
[2025-11-28T16:47:27.105Z][pid 39844][tid 11304] WARN Status bar theme update skipped: cross-thread window (hwnd=0000000001B22CB0 ownerThread=39844)
[2025-11-28T16:47:27.110Z][pid 39844][tid 11304] WARN Status bar subclass skipped: cross-thread window (hwnd=0000000001B22CB0 thread=39844)
[2025-11-28T16:47:27.110Z][pid 39844][tid 11304] WARN Status bar theme update skipped: cross-thread window (hwnd=0000000001B22CB0 ownerThread=39844)
[2025-11-28T16:47:27.114Z][pid 39844][tid 11304] WARN Status bar subclass skipped: cross-thread window (hwnd=0000000001B22CB0 thread=39844)
[2025-11-28T16:47:27.114Z][pid 39844][tid 11304] WARN Status bar theme update skipped: cross-thread window (hwnd=0000000001B22CB0 ownerThread=39844)
[2025-11-28T16:47:27.117Z][pid 39844][tid 11304] WARN Status bar subclass skipped: cross-thread window (hwnd=0000000001B22CB0 thread=39844)
[2025-11-28T16:47:27.118Z][pid 39844][tid 11304] WARN Status bar theme update skipped: cross-thread window (hwnd=0000000001B22CB0 ownerThread=39844)
[2025-11-28T16:47:27.120Z][pid 39844][tid 11304] WARN Status bar subclass skipped: cross-thread window (hwnd=0000000001B22CB0 thread=39844)
[2025-11-28T16:47:27.120Z][pid 39844][tid 11304] WARN Status bar theme update skipped: cross-thread window (hwnd=0000000001B22CB0 ownerThread=39844)
[2025-11-28T16:47:27.124Z][pid 39844][tid 11304] WARN Status bar subclass skipped: cross-thread window (hwnd=0000000001B22CB0 thread=39844)
[2025-11-28T16:47:27.124Z][pid 39844][tid 11304] WARN Status bar theme update skipped: cross-thread window (hwnd=0000000001B22CB0 ownerThread=39844)
[2025-11-28T16:47:27.127Z][pid 39844][tid 11304] WARN Status bar subclass skipped: cross-thread window (hwnd=0000000001B22CB0 thread=39844)
[2025-11-28T16:47:27.127Z][pid 39844][tid 11304] WARN Status bar theme update skipped: cross-thread window (hwnd=0000000001B22CB0 ownerThread=39844)
[2025-11-28T16:47:27.132Z][pid 39844][tid 11304] WARN Status bar subclass skipped: cross-thread window (hwnd=0000000001B22CB0 thread=39844)
[2025-11-28T16:47:27.132Z][pid 39844][tid 11304] WARN Status bar theme update skipped: cross-thread window (hwnd=0000000001B22CB0 ownerThread=39844)
[2025-11-28T16:47:27.142Z][pid 39844][tid 11304] WARN Status bar subclass skipped: cross-thread window (hwnd=0000000001B22CB0 thread=39844)
[2025-11-28T16:47:27.142Z][pid 39844][tid 11304] WARN Status bar theme update skipped: cross-thread window (hwnd=0000000001B22CB0 ownerThread=39844)
[2025-11-28T16:47:27.416Z][pid 39844][tid 11304] WARN Status bar subclass skipped: cross-thread window (hwnd=0000000001B22CB0 thread=39844)
[2025-11-28T16:47:27.416Z][pid 39844][tid 11304] WARN Status bar theme update skipped: cross-thread window (hwnd=0000000001B22CB0 ownerThread=39844)
[2025-11-28T16:47:27.525Z][pid 39844][tid 11304] WARN Status bar subclass skipped: cross-thread window (hwnd=0000000001B22CB0 thread=39844)
[2025-11-28T16:47:27.525Z][pid 39844][tid 11304] WARN Status bar theme update skipped: cross-thread window (hwnd=0000000001B22CB0 ownerThread=39844)
[2025-11-28T16:47:28.064Z][pid 39844][tid 11304] WARN Status bar subclass skipped: cross-thread window (hwnd=0000000001B22CB0 thread=39844)
[2025-11-28T16:47:28.065Z][pid 39844][tid 11304] WARN Status bar theme update skipped: cross-thread window (hwnd=0000000001B22CB0 ownerThread=39844)
[2025-11-28T16:47:28.328Z][pid 39844][tid 11304] WARN Status bar subclass skipped: cross-thread window (hwnd=0000000001B22CB0 thread=39844)
[2025-11-28T16:47:28.328Z][pid 39844][tid 11304] WARN Status bar theme update skipped: cross-thread window (hwnd=0000000001B22CB0 ownerThread=39844)
[2025-11-28T16:47:28.333Z][pid 39844][tid 11304] WARN Status bar subclass skipped: cross-thread window (hwnd=0000000001B22CB0 thread=39844)
[2025-11-28T16:47:28.333Z][pid 39844][tid 11304] WARN Status bar theme update skipped: cross-thread window (hwnd=0000000001B22CB0 ownerThread=39844)
[2025-11-28T16:47:28.343Z][pid 39844][tid 11304] WARN Status bar subclass skipped: cross-thread window (hwnd=0000000001B22CB0 thread=39844)
[2025-11-28T16:47:28.344Z][pid 39844][tid 11304] WARN Status bar theme update skipped: cross-thread window (hwnd=0000000001B22CB0 ownerThread=39844)
[2025-11-28T16:47:28.347Z][pid 39844][tid 11304] WARN Status bar subclass skipped: cross-thread window (hwnd=0000000001B22CB0 thread=39844)
[2025-11-28T16:47:28.347Z][pid 39844][tid 11304] WARN Status bar theme update skipped: cross-thread window (hwnd=0000000001B22CB0 ownerThread=39844)
[2025-11-28T16:47:28.356Z][pid 39844][tid 11304] WARN Status bar subclass skipped: cross-thread window (hwnd=0000000001B22CB0 thread=39844)
[2025-11-28T16:47:28.356Z][pid 39844][tid 11304] WARN Status bar theme update skipped: cross-thread window (hwnd=0000000001B22CB0 ownerThread=39844)
[2025-11-28T16:47:28.359Z][pid 39844][tid 11304] WARN Status bar subclass skipped: cross-thread window (hwnd=0000000001B22CB0 thread=39844)
[2025-11-28T16:47:28.359Z][pid 39844][tid 11304] WARN Status bar theme update skipped: cross-thread window (hwnd=0000000001B22CB0 ownerThread=39844)
[2025-11-28T16:47:28.365Z][pid 39844][tid 11304] WARN Status bar subclass skipped: cross-thread window (hwnd=0000000001B22CB0 thread=39844)
[2025-11-28T16:47:28.365Z][pid 39844][tid 11304] WARN Status bar theme update skipped: cross-thread window (hwnd=0000000001B22CB0 ownerThread=39844)
[2025-11-28T16:47:28.369Z][pid 39844][tid 11304] WARN Status bar subclass skipped: cross-thread window (hwnd=0000000001B22CB0 thread=39844)
[2025-11-28T16:47:28.370Z][pid 39844][tid 11304] WARN Status bar theme update skipped: cross-thread window (hwnd=0000000001B22CB0 ownerThread=39844)
[2025-11-28T16:47:28.376Z][pid 39844][tid 11304] WARN Status bar subclass skipped: cross-thread window (hwnd=0000000001B22CB0 thread=39844)
[2025-11-28T16:47:28.377Z][pid 39844][tid 11304] WARN Status bar theme update skipped: cross-thread window (hwnd=0000000001B22CB0 ownerThread=39844)
[2025-11-28T16:47:28.381Z][pid 39844][tid 11304] WARN Status bar subclass skipped: cross-thread window (hwnd=0000000001B22CB0 thread=39844)
[2025-11-28T16:47:28.381Z][pid 39844][tid 11304] WARN Status bar theme update skipped: cross-thread window (hwnd=0000000001B22CB0 ownerThread=39844)
[2025-11-28T16:47:28.386Z][pid 39844][tid 11304] WARN Status bar subclass skipped: cross-thread window (hwnd=0000000001B22CB0 thread=39844)
[2025-11-28T16:47:28.386Z][pid 39844][tid 11304] WARN Status bar theme update skipped: cross-thread window (hwnd=0000000001B22CB0 ownerThread=39844)
[2025-11-28T16:47:28.393Z][pid 39844][tid 11304] WARN Status bar subclass skipped: cross-thread window (hwnd=0000000001B22CB0 thread=39844)
[2025-11-28T16:47:28.393Z][pid 39844][tid 11304] WARN Status bar theme update skipped: cross-thread window (hwnd=0000000001B22CB0 ownerThread=39844)
[2025-11-28T16:47:28.399Z][pid 39844][tid 11304] WARN Status bar subclass skipped: cross-thread window (hwnd=0000000001B22CB0 thread=39844)
[2025-11-28T16:47:28.399Z][pid 39844][tid 11304] WARN Status bar theme update skipped: cross-thread window (hwnd=0000000001B22CB0 ownerThread=39844)
[2025-11-28T16:47:28.406Z][pid 39844][tid 11304] WARN Status bar subclass skipped: cross-thread window (hwnd=0000000001B22CB0 thread=39844)
[2025-11-28T16:47:28.406Z][pid 39844][tid 11304] WARN Status bar theme update skipped: cross-thread window (hwnd=0000000001B22CB0 ownerThread=39844)
[2025-11-28T16:47:28.409Z][pid 39844][tid 11304] WARN Status bar subclass skipped: cross-thread window (hwnd=0000000001B22CB0 thread=39844)
[2025-11-28T16:47:28.409Z][pid 39844][tid 11304] WARN Status bar theme update skipped: cross-thread window (hwnd=0000000001B22CB0 ownerThread=39844)
[2025-11-28T16:47:28.419Z][pid 39844][tid 11304] WARN Status bar subclass skipped: cross-thread window (hwnd=0000000001B22CB0 thread=39844)
[2025-11-28T16:47:28.420Z][pid 39844][tid 11304] WARN Status bar theme update skipped: cross-thread window (hwnd=0000000001B22CB0 ownerThread=39844)
[2025-11-28T16:47:28.429Z][pid 39844][tid 11304] WARN Status bar subclass skipped: cross-thread window (hwnd=0000000001B22CB0 thread=39844)
[2025-11-28T16:47:28.429Z][pid 39844][tid 11304] WARN Status bar theme update skipped: cross-thread window (hwnd=0000000001B22CB0 ownerThread=39844)
[2025-11-28T16:47:28.493Z][pid 39844][tid 11304] WARN Status bar subclass skipped: cross-thread window (hwnd=0000000001B22CB0 thread=39844)
[2025-11-28T16:47:28.493Z][pid 39844][tid 11304] WARN Status bar theme update skipped: cross-thread window (hwnd=0000000001B22CB0 ownerThread=39844)
[2025-11-28T16:47:28.498Z][pid 39844][tid 11304] WARN Status bar subclass skipped: cross-thread window (hwnd=0000000001B22CB0 thread=39844)
[2025-11-28T16:47:28.498Z][pid 39844][tid 11304] WARN Status bar theme update skipped: cross-thread window (hwnd=0000000001B22CB0 ownerThread=39844)
[2025-11-28T16:47:28.694Z][pid 39844][tid 11304] WARN Status bar subclass skipped: cross-thread window (hwnd=0000000001B22CB0 thread=39844)
[2025-11-28T16:47:28.695Z][pid 39844][tid 11304] WARN Status bar theme update skipped: cross-thread window (hwnd=0000000001B22CB0 ownerThread=39844)
[2025-11-28T16:47:28.699Z][pid 39844][tid 11304] WARN Status bar subclass skipped: cross-thread window (hwnd=0000000001B22CB0 thread=39844)
[2025-11-28T16:47:28.700Z][pid 39844][tid 11304] WARN Status bar theme update skipped: cross-thread window (hwnd=0000000001B22CB0 ownerThread=39844)
[2025-11-28T16:47:28.707Z][pid 39844][tid 11304] WARN Status bar subclass skipped: cross-thread window (hwnd=0000000001B22CB0 thread=39844)
[2025-11-28T16:47:28.708Z][pid 39844][tid 11304] WARN Status bar theme update skipped: cross-thread window (hwnd=0000000001B22CB0 ownerThread=39844)
[2025-11-28T16:47:28.712Z][pid 39844][tid 11304] WARN Status bar subclass skipped: cross-thread window (hwnd=0000000001B22CB0 thread=39844)
[2025-11-28T16:47:28.712Z][pid 39844][tid 11304] WARN Status bar theme update skipped: cross-thread window (hwnd=0000000001B22CB0 ownerThread=39844)
[2025-11-28T16:47:28.718Z][pid 39844][tid 11304] WARN Status bar subclass skipped: cross-thread window (hwnd=0000000001B22CB0 thread=39844)
[2025-11-28T16:47:28.718Z][pid 39844][tid 11304] WARN Status bar theme update skipped: cross-thread window (hwnd=0000000001B22CB0 ownerThread=39844)
[2025-11-28T16:47:28.723Z][pid 39844][tid 11304] WARN Status bar subclass skipped: cross-thread window (hwnd=0000000001B22CB0 thread=39844)
[2025-11-28T16:47:28.723Z][pid 39844][tid 11304] WARN Status bar theme update skipped: cross-thread window (hwnd=0000000001B22CB0 ownerThread=39844)
[2025-11-28T16:47:28.728Z][pid 39844][tid 11304] WARN Status bar subclass skipped: cross-thread window (hwnd=0000000001B22CB0 thread=39844)
[2025-11-28T16:47:28.728Z][pid 39844][tid 11304] WARN Status bar theme update skipped: cross-thread window (hwnd=0000000001B22CB0 ownerThread=39844)
[2025-11-28T16:47:28.837Z][pid 39844][tid 11304] WARN Status bar subclass skipped: cross-thread window (hwnd=0000000001B22CB0 thread=39844)
[2025-11-28T16:47:28.837Z][pid 39844][tid 11304] WARN Status bar theme update skipped: cross-thread window (hwnd=0000000001B22CB0 ownerThread=39844)
[2025-11-28T16:47:28.851Z][pid 39844][tid 11304] WARN Status bar subclass skipped: cross-thread window (hwnd=0000000001B22CB0 thread=39844)
[2025-11-28T16:47:28.851Z][pid 39844][tid 11304] WARN Status bar theme update skipped: cross-thread window (hwnd=0000000001B22CB0 ownerThread=39844)
[2025-11-28T16:47:28.878Z][pid 39844][tid 11304] WARN Status bar subclass skipped: cross-thread window (hwnd=0000000001B22CB0 thread=39844)
[2025-11-28T16:47:28.879Z][pid 39844][tid 11304] WARN Status bar theme update skipped: cross-thread window (hwnd=0000000001B22CB0 ownerThread=39844)
[2025-11-28T16:47:28.886Z][pid 39844][tid 11304] WARN Status bar subclass skipped: cross-thread window (hwnd=0000000001B22CB0 thread=39844)
[2025-11-28T16:47:28.886Z][pid 39844][tid 11304] WARN Status bar theme update skipped: cross-thread window (hwnd=0000000001B22CB0 ownerThread=39844)
[2025-11-28T16:47:28.902Z][pid 39844][tid 11304] WARN Status bar subclass skipped: cross-thread window (hwnd=0000000001B22CB0 thread=39844)
[2025-11-28T16:47:28.902Z][pid 39844][tid 11304] WARN Status bar theme update skipped: cross-thread window (hwnd=0000000001B22CB0 ownerThread=39844)
[2025-11-28T16:47:28.916Z][pid 39844][tid 11304] WARN Status bar subclass skipped: cross-thread window (hwnd=0000000001B22CB0 thread=39844)
[2025-11-28T16:47:28.916Z][pid 39844][tid 11304] WARN Status bar theme update skipped: cross-thread window (hwnd=0000000001B22CB0 ownerThread=39844)
[2025-11-28T16:47:28.923Z][pid 39844][tid 11304] WARN Status bar subclass skipped: cross-thread window (hwnd=0000000001B22CB0 thread=39844)
[2025-11-28T16:47:28.923Z][pid 39844][tid 11304] WARN Status bar theme update skipped: cross-thread window (hwnd=0000000001B22CB0 ownerThread=39844)
[2025-11-28T16:47:28.931Z][pid 39844][tid 11304] WARN Status bar subclass skipped: cross-thread window (hwnd=0000000001B22CB0 thread=39844)
[2025-11-28T16:47:28.931Z][pid 39844][tid 11304] WARN Status bar theme update skipped: cross-thread window (hwnd=0000000001B22CB0 ownerThread=39844)
[2025-11-28T16:47:28.949Z][pid 39844][tid 11304] WARN Status bar subclass skipped: cross-thread window (hwnd=0000000001B22CB0 thread=39844)
[2025-11-28T16:47:28.950Z][pid 39844][tid 11304] WARN Status bar theme update skipped: cross-thread window (hwnd=0000000001B22CB0 ownerThread=39844)
[2025-11-28T16:47:28.952Z][pid 39844][tid 11304] WARN Status bar subclass skipped: cross-thread window (hwnd=0000000001B22CB0 thread=39844)
[2025-11-28T16:47:28.953Z][pid 39844][tid 11304] WARN Status bar theme update skipped: cross-thread window (hwnd=0000000001B22CB0 ownerThread=39844)
[2025-11-28T16:47:28.958Z][pid 39844][tid 11304] WARN Status bar subclass skipped: cross-thread window (hwnd=0000000001B22CB0 thread=39844)
[2025-11-28T16:47:28.958Z][pid 39844][tid 11304] WARN Status bar theme update skipped: cross-thread window (hwnd=0000000001B22CB0 ownerThread=39844)
[2025-11-28T16:47:28.971Z][pid 39844][tid 11304] WARN Status bar subclass skipped: cross-thread window (hwnd=0000000001B22CB0 thread=39844)
[2025-11-28T16:47:28.971Z][pid 39844][tid 11304] WARN Status bar theme update skipped: cross-thread window (hwnd=0000000001B22CB0 ownerThread=39844)
[2025-11-28T16:47:28.975Z][pid 39844][tid 11304] WARN Status bar subclass skipped: cross-thread window (hwnd=0000000001B22CB0 thread=39844)
[2025-11-28T16:47:28.976Z][pid 39844][tid 11304] WARN Status bar theme update skipped: cross-thread window (hwnd=0000000001B22CB0 ownerThread=39844)
[2025-11-28T16:47:28.987Z][pid 39844][tid 11304] WARN Status bar subclass skipped: cross-thread window (hwnd=0000000001B22CB0 thread=39844)
[2025-11-28T16:47:28.987Z][pid 39844][tid 11304] WARN Status bar theme update skipped: cross-thread window (hwnd=0000000001B22CB0 ownerThread=39844)
[2025-11-28T16:47:29.099Z][pid 39844][tid 11304] WARN Status bar subclass skipped: cross-thread window (hwnd=0000000001B22CB0 thread=39844)
[2025-11-28T16:47:29.099Z][pid 39844][tid 11304] WARN Status bar theme update skipped: cross-thread window (hwnd=0000000001B22CB0 ownerThread=39844)
[2025-11-28T16:47:29.108Z][pid 39844][tid 11304] WARN Status bar subclass skipped: cross-thread window (hwnd=0000000001B22CB0 thread=39844)
[2025-11-28T16:47:29.108Z][pid 39844][tid 11304] WARN Status bar theme update skipped: cross-thread window (hwnd=0000000001B22CB0 ownerThread=39844)
[2025-11-28T16:47:29.167Z][pid 39844][tid 11304] WARN Status bar subclass skipped: cross-thread window (hwnd=0000000001B22CB0 thread=39844)
[2025-11-28T16:47:29.167Z][pid 39844][tid 11304] WARN Status bar theme update skipped: cross-thread window (hwnd=0000000001B22CB0 ownerThread=39844)
[2025-11-28T16:47:29.344Z][pid 39844][tid 11304] WARN Status bar subclass skipped: cross-thread window (hwnd=0000000001B22CB0 thread=39844)
[2025-11-28T16:47:29.344Z][pid 39844][tid 11304] WARN Status bar theme update skipped: cross-thread window (hwnd=0000000001B22CB0 ownerThread=39844)
[2025-11-28T16:47:29.353Z][pid 39844][tid 11304] WARN Status bar subclass skipped: cross-thread window (hwnd=0000000001B22CB0 thread=39844)
[2025-11-28T16:47:29.353Z][pid 39844][tid 11304] WARN Status bar theme update skipped: cross-thread window (hwnd=0000000001B22CB0 ownerThread=39844)
[2025-11-28T16:47:30.039Z][pid 39844][tid 11304] WARN Status bar subclass skipped: cross-thread window (hwnd=0000000001B22CB0 thread=39844)
[2025-11-28T16:47:30.040Z][pid 39844][tid 11304] WARN Status bar theme update skipped: cross-thread window (hwnd=0000000001B22CB0 ownerThread=39844)
[2025-11-28T16:47:30.043Z][pid 39844][tid 11304] WARN Status bar subclass skipped: cross-thread window (hwnd=0000000001B22CB0 thread=39844)
[2025-11-28T16:47:30.043Z][pid 39844][tid 11304] WARN Status bar theme update skipped: cross-thread window (hwnd=0000000001B22CB0 ownerThread=39844)
[2025-11-28T16:47:30.050Z][pid 39844][tid 11304] WARN Status bar subclass skipped: cross-thread window (hwnd=0000000001B22CB0 thread=39844)
[2025-11-28T16:47:30.050Z][pid 39844][tid 11304] WARN Status bar theme update skipped: cross-thread window (hwnd=0000000001B22CB0 ownerThread=39844)
[2025-11-28T16:47:30.052Z][pid 39844][tid 11304] WARN Status bar subclass skipped: cross-thread window (hwnd=0000000001B22CB0 thread=39844)
[2025-11-28T16:47:30.053Z][pid 39844][tid 11304] WARN Status bar theme update skipped: cross-thread window (hwnd=0000000001B22CB0 ownerThread=39844)
[2025-11-28T16:47:30.057Z][pid 39844][tid 11304] WARN Status bar subclass skipped: cross-thread window (hwnd=0000000001B22CB0 thread=39844)
[2025-11-28T16:47:30.057Z][pid 39844][tid 11304] WARN Status bar theme update skipped: cross-thread window (hwnd=0000000001B22CB0 ownerThread=39844)
[2025-11-28T16:47:30.060Z][pid 39844][tid 11304] WARN Status bar subclass skipped: cross-thread window (hwnd=0000000001B22CB0 thread=39844)
[2025-11-28T16:47:30.060Z][pid 39844][tid 11304] WARN Status bar theme update skipped: cross-thread window (hwnd=0000000001B22CB0 ownerThread=39844)
[2025-11-28T16:47:30.062Z][pid 39844][tid 11304] WARN Status bar subclass skipped: cross-thread window (hwnd=0000000001B22CB0 thread=39844)
[2025-11-28T16:47:30.063Z][pid 39844][tid 11304] WARN Status bar theme update skipped: cross-thread window (hwnd=0000000001B22CB0 ownerThread=39844)
[2025-11-28T16:47:30.066Z][pid 39844][tid 11304] WARN Status bar subclass skipped: cross-thread window (hwnd=0000000001B22CB0 thread=39844)
[2025-11-28T16:47:30.066Z][pid 39844][tid 11304] WARN Status bar theme update skipped: cross-thread window (hwnd=0000000001B22CB0 ownerThread=39844)
[2025-11-28T16:47:30.071Z][pid 39844][tid 11304] WARN Status bar subclass skipped: cross-thread window (hwnd=0000000001B22CB0 thread=39844)
[2025-11-28T16:47:30.072Z][pid 39844][tid 11304] WARN Status bar theme update skipped: cross-thread window (hwnd=0000000001B22CB0 ownerThread=39844)
[2025-11-28T16:47:30.077Z][pid 39844][tid 11304] WARN Status bar subclass skipped: cross-thread window (hwnd=0000000001B22CB0 thread=39844)
[2025-11-28T16:47:30.077Z][pid 39844][tid 11304] WARN Status bar theme update skipped: cross-thread window (hwnd=0000000001B22CB0 ownerThread=39844)
[2025-11-28T16:47:30.084Z][pid 39844][tid 11304] WARN Status bar subclass skipped: cross-thread window (hwnd=0000000001B22CB0 thread=39844)
[2025-11-28T16:47:30.085Z][pid 39844][tid 11304] WARN Status bar theme update skipped: cross-thread window (hwnd=0000000001B22CB0 ownerThread=39844)
[2025-11-28T16:47:30.093Z][pid 39844][tid 11304] WARN Status bar subclass skipped: cross-thread window (hwnd=0000000001B22CB0 thread=39844)
[2025-11-28T16:47:30.093Z][pid 39844][tid 11304] WARN Status bar theme update skipped: cross-thread window (hwnd=0000000001B22CB0 ownerThread=39844)
[2025-11-28T16:47:30.160Z][pid 39844][tid 11304] WARN Status bar subclass skipped: cross-thread window (hwnd=0000000001B22CB0 thread=39844)
[2025-11-28T16:47:30.160Z][pid 39844][tid 11304] WARN Status bar theme update skipped: cross-thread window (hwnd=0000000001B22CB0 ownerThread=39844)
[2025-11-28T16:47:30.166Z][pid 39844][tid 11304] WARN Status bar subclass skipped: cross-thread window (hwnd=0000000001B22CB0 thread=39844)
[2025-11-28T16:47:30.167Z][pid 39844][tid 11304] WARN Status bar theme update skipped: cross-thread window (hwnd=0000000001B22CB0 ownerThread=39844)
[2025-11-28T16:47:30.178Z][pid 39844][tid 11304] WARN Status bar subclass skipped: cross-thread window (hwnd=0000000001B22CB0 thread=39844)
[2025-11-28T16:47:30.179Z][pid 39844][tid 11304] WARN Status bar theme update skipped: cross-thread window (hwnd=0000000001B22CB0 ownerThread=39844)
[2025-11-28T16:47:30.320Z][pid 39844][tid 11304] WARN Status bar subclass skipped: cross-thread window (hwnd=0000000001B22CB0 thread=39844)
[2025-11-28T16:47:30.320Z][pid 39844][tid 11304] WARN Status bar theme update skipped: cross-thread window (hwnd=0000000001B22CB0 ownerThread=39844)
[2025-11-28T16:47:30.324Z][pid 39844][tid 11304] WARN Status bar subclass skipped: cross-thread window (hwnd=0000000001B22CB0 thread=39844)
[2025-11-28T16:47:30.325Z][pid 39844][tid 11304] WARN Status bar theme update skipped: cross-thread window (hwnd=0000000001B22CB0 ownerThread=39844)
[2025-11-28T16:47:30.326Z][pid 39844][tid 11304] WARN Status bar subclass skipped: cross-thread window (hwnd=0000000001B22CB0 thread=39844)
[2025-11-28T16:47:30.326Z][pid 39844][tid 11304] WARN Status bar theme update skipped: cross-thread window (hwnd=0000000001B22CB0 ownerThread=39844)
[2025-11-28T16:47:30.328Z][pid 39844][tid 11304] WARN Status bar subclass skipped: cross-thread window (hwnd=0000000001B22CB0 thread=39844)
[2025-11-28T16:47:30.328Z][pid 39844][tid 11304] WARN Status bar theme update skipped: cross-thread window (hwnd=0000000001B22CB0 ownerThread=39844)
[2025-11-28T16:47:30.329Z][pid 39844][tid 11304] WARN Status bar subclass skipped: cross-thread window (hwnd=0000000001B22CB0 thread=39844)
[2025-11-28T16:47:30.330Z][pid 39844][tid 11304] WARN Status bar theme update skipped: cross-thread window (hwnd=0000000001B22CB0 ownerThread=39844)
[2025-11-28T16:47:30.334Z][pid 39844][tid 11304] WARN Status bar subclass skipped: cross-thread window (hwnd=0000000001B22CB0 thread=39844)
[2025-11-28T16:47:30.334Z][pid 39844][tid 11304] WARN Status bar theme update skipped: cross-thread window (hwnd=0000000001B22CB0 ownerThread=39844)
[2025-11-28T16:47:30.335Z][pid 39844][tid 11304] WARN Status bar subclass skipped: cross-thread window (hwnd=0000000001B22CB0 thread=39844)
[2025-11-28T16:47:30.336Z][pid 39844][tid 11304] WARN Status bar theme update skipped: cross-thread window (hwnd=0000000001B22CB0 ownerThread=39844)
[2025-11-28T16:47:30.337Z][pid 39844][tid 11304] WARN Status bar subclass skipped: cross-thread window (hwnd=0000000001B22CB0 thread=39844)
[2025-11-28T16:47:30.337Z][pid 39844][tid 11304] WARN Status bar theme update skipped: cross-thread window (hwnd=0000000001B22CB0 ownerThread=39844)
[2025-11-28T16:47:30.338Z][pid 39844][tid 11304] WARN Status bar subclass skipped: cross-thread window (hwnd=0000000001B22CB0 thread=39844)
[2025-11-28T16:47:30.339Z][pid 39844][tid 11304] WARN Status bar theme update skipped: cross-thread window (hwnd=0000000001B22CB0 ownerThread=39844)
[2025-11-28T16:47:30.340Z][pid 39844][tid 11304] WARN Status bar subclass skipped: cross-thread window (hwnd=0000000001B22CB0 thread=39844)
[2025-11-28T16:47:30.340Z][pid 39844][tid 11304] WARN Status bar theme update skipped: cross-thread window (hwnd=0000000001B22CB0 ownerThread=39844)
[2025-11-28T16:47:30.341Z][pid 39844][tid 11304] WARN Status bar subclass skipped: cross-thread window (hwnd=0000000001B22CB0 thread=39844)
[2025-11-28T16:47:30.342Z][pid 39844][tid 11304] WARN Status bar theme update skipped: cross-thread window (hwnd=0000000001B22CB0 ownerThread=39844)
[2025-11-28T16:47:30.342Z][pid 39844][tid 11304] WARN Status bar subclass skipped: cross-thread window (hwnd=0000000001B22CB0 thread=39844)
[2025-11-28T16:47:30.343Z][pid 39844][tid 11304] WARN Status bar theme update skipped: cross-thread window (hwnd=0000000001B22CB0 ownerThread=39844)
[2025-11-28T16:47:30.346Z][pid 39844][tid 11304] WARN Status bar subclass skipped: cross-thread window (hwnd=0000000001B22CB0 thread=39844)
[2025-11-28T16:47:30.347Z][pid 39844][tid 11304] WARN Status bar theme update skipped: cross-thread window (hwnd=0000000001B22CB0 ownerThread=39844)
[2025-11-28T16:47:30.348Z][pid 39844][tid 11304] WARN Status bar subclass skipped: cross-thread window (hwnd=0000000001B22CB0 thread=39844)
[2025-11-28T16:47:30.348Z][pid 39844][tid 11304] WARN Status bar theme update skipped: cross-thread window (hwnd=0000000001B22CB0 ownerThread=39844)
[2025-11-28T16:47:30.350Z][pid 39844][tid 11304] WARN Status bar subclass skipped: cross-thread window (hwnd=0000000001B22CB0 thread=39844)
[2025-11-28T16:47:30.350Z][pid 39844][tid 11304] WARN Status bar theme update skipped: cross-thread window (hwnd=0000000001B22CB0 ownerThread=39844)
[2025-11-28T16:47:30.351Z][pid 39844][tid 11304] WARN Status bar subclass skipped: cross-thread window (hwnd=0000000001B22CB0 thread=39844)
[2025-11-28T16:47:30.352Z][pid 39844][tid 11304] WARN Status bar theme update skipped: cross-thread window (hwnd=0000000001B22CB0 ownerThread=39844)
[2025-11-28T16:47:30.353Z][pid 39844][tid 11304] WARN Status bar subclass skipped: cross-thread window (hwnd=0000000001B22CB0 thread=39844)
[2025-11-28T16:47:30.353Z][pid 39844][tid 11304] WARN Status bar theme update skipped: cross-thread window (hwnd=0000000001B22CB0 ownerThread=39844)
[2025-11-28T16:47:30.354Z][pid 39844][tid 11304] WARN Status bar subclass skipped: cross-thread window (hwnd=0000000001B22CB0 thread=39844)
[2025-11-28T16:47:30.355Z][pid 39844][tid 11304] WARN Status bar theme update skipped: cross-thread window (hwnd=0000000001B22CB0 ownerThread=39844)
[2025-11-28T16:47:30.355Z][pid 39844][tid 11304] WARN Status bar subclass skipped: cross-thread window (hwnd=0000000001B22CB0 thread=39844)
[2025-11-28T16:47:30.356Z][pid 39844][tid 11304] WARN Status bar theme update skipped: cross-thread window (hwnd=0000000001B22CB0 ownerThread=39844)
[2025-11-28T16:47:30.358Z][pid 39844][tid 11304] WARN Status bar subclass skipped: cross-thread window (hwnd=0000000001B22CB0 thread=39844)
[2025-11-28T16:47:30.358Z][pid 39844][tid 11304] WARN Status bar theme update skipped: cross-thread window (hwnd=0000000001B22CB0 ownerThread=39844)
[2025-11-28T16:47:30.359Z][pid 39844][tid 11304] WARN Status bar subclass skipped: cross-thread window (hwnd=0000000001B22CB0 thread=39844)
[2025-11-28T16:47:30.359Z][pid 39844][tid 11304] WARN Status bar theme update skipped: cross-thread window (hwnd=0000000001B22CB0 ownerThread=39844)
[2025-11-28T16:47:30.360Z][pid 39844][tid 11304] WARN Status bar subclass skipped: cross-thread window (hwnd=0000000001B22CB0 thread=39844)
[2025-11-28T16:47:30.361Z][pid 39844][tid 11304] WARN Status bar theme update skipped: cross-thread window (hwnd=0000000001B22CB0 ownerThread=39844)
[2025-11-28T16:47:30.364Z][pid 39844][tid 11304] WARN Status bar subclass skipped: cross-thread window (hwnd=0000000001B22CB0 thread=39844)
[2025-11-28T16:47:30.364Z][pid 39844][tid 11304] WARN Status bar theme update skipped: cross-thread window (hwnd=0000000001B22CB0 ownerThread=39844)
[2025-11-28T16:47:30.365Z][pid 39844][tid 11304] WARN Status bar subclass skipped: cross-thread window (hwnd=0000000001B22CB0 thread=39844)
[2025-11-28T16:47:30.366Z][pid 39844][tid 11304] WARN Status bar theme update skipped: cross-thread window (hwnd=0000000001B22CB0 ownerThread=39844)
[2025-11-28T16:47:30.367Z][pid 39844][tid 11304] WARN Status bar subclass skipped: cross-thread window (hwnd=0000000001B22CB0 thread=39844)
[2025-11-28T16:47:30.367Z][pid 39844][tid 11304] WARN Status bar theme update skipped: cross-thread window (hwnd=0000000001B22CB0 ownerThread=39844)
[2025-11-28T16:47:30.368Z][pid 39844][tid 11304] WARN Status bar subclass skipped: cross-thread window (hwnd=0000000001B22CB0 thread=39844)
[2025-11-28T16:47:30.369Z][pid 39844][tid 11304] WARN Status bar theme update skipped: cross-thread window (hwnd=0000000001B22CB0 ownerThread=39844)
[2025-11-28T16:47:30.371Z][pid 39844][tid 11304] WARN Status bar subclass skipped: cross-thread window (hwnd=0000000001B22CB0 thread=39844)
[2025-11-28T16:47:30.372Z][pid 39844][tid 11304] WARN Status bar theme update skipped: cross-thread window (hwnd=0000000001B22CB0 ownerThread=39844)
[2025-11-28T16:47:30.373Z][pid 39844][tid 11304] WARN Status bar subclass skipped: cross-thread window (hwnd=0000000001B22CB0 thread=39844)
[2025-11-28T16:47:30.373Z][pid 39844][tid 11304] WARN Status bar theme update skipped: cross-thread window (hwnd=0000000001B22CB0 ownerThread=39844)
[2025-11-28T16:47:30.374Z][pid 39844][tid 11304] WARN Status bar subclass skipped: cross-thread window (hwnd=0000000001B22CB0 thread=39844)
[2025-11-28T16:47:30.375Z][pid 39844][tid 11304] WARN Status bar theme update skipped: cross-thread window (hwnd=0000000001B22CB0 ownerThread=39844)
[2025-11-28T16:47:30.376Z][pid 39844][tid 11304] WARN Status bar subclass skipped: cross-thread window (hwnd=0000000001B22CB0 thread=39844)
[2025-11-28T16:47:30.376Z][pid 39844][tid 11304] WARN Status bar theme update skipped: cross-thread window (hwnd=0000000001B22CB0 ownerThread=39844)
[2025-11-28T16:47:30.381Z][pid 39844][tid 11304] WARN Status bar subclass skipped: cross-thread window (hwnd=0000000001B22CB0 thread=39844)
[2025-11-28T16:47:30.381Z][pid 39844][tid 11304] WARN Status bar theme update skipped: cross-thread window (hwnd=0000000001B22CB0 ownerThread=39844)
[2025-11-28T16:47:30.383Z][pid 39844][tid 11304] WARN Status bar subclass skipped: cross-thread window (hwnd=0000000001B22CB0 thread=39844)
[2025-11-28T16:47:30.383Z][pid 39844][tid 11304] WARN Status bar theme update skipped: cross-thread window (hwnd=0000000001B22CB0 ownerThread=39844)
[2025-11-28T16:47:30.384Z][pid 39844][tid 11304] WARN Status bar subclass skipped: cross-thread window (hwnd=0000000001B22CB0 thread=39844)
[2025-11-28T16:47:30.384Z][pid 39844][tid 11304] WARN Status bar theme update skipped: cross-thread window (hwnd=0000000001B22CB0 ownerThread=39844)
[2025-11-28T16:47:30.385Z][pid 39844][tid 11304] WARN Status bar subclass skipped: cross-thread window (hwnd=0000000001B22CB0 thread=39844)
[2025-11-28T16:47:30.385Z][pid 39844][tid 11304] WARN Status bar theme update skipped: cross-thread window (hwnd=0000000001B22CB0 ownerThread=39844)
[2025-11-28T16:47:30.386Z][pid 39844][tid 11304] WARN Status bar subclass skipped: cross-thread window (hwnd=0000000001B22CB0 thread=39844)
[2025-11-28T16:47:30.387Z][pid 39844][tid 11304] WARN Status bar theme update skipped: cross-thread window (hwnd=0000000001B22CB0 ownerThread=39844)
[2025-11-28T16:47:30.388Z][pid 39844][tid 11304] WARN Status bar subclass skipped: cross-thread window (hwnd=0000000001B22CB0 thread=39844)
[2025-11-28T16:47:30.388Z][pid 39844][tid 11304] WARN Status bar theme update skipped: cross-thread window (hwnd=0000000001B22CB0 ownerThread=39844)
[2025-11-28T16:47:30.389Z][pid 39844][tid 11304] WARN Status bar subclass skipped: cross-thread window (hwnd=0000000001B22CB0 thread=39844)
[2025-11-28T16:47:30.389Z][pid 39844][tid 11304] WARN Status bar theme update skipped: cross-thread window (hwnd=0000000001B22CB0 ownerThread=39844)
[2025-11-28T16:47:30.390Z][pid 39844][tid 11304] WARN Status bar subclass skipped: cross-thread window (hwnd=0000000001B22CB0 thread=39844)
[2025-11-28T16:47:30.390Z][pid 39844][tid 11304] WARN Status bar theme update skipped: cross-thread window (hwnd=0000000001B22CB0 ownerThread=39844)
[2025-11-28T16:47:30.391Z][pid 39844][tid 11304] WARN Status bar subclass skipped: cross-thread window (hwnd=0000000001B22CB0 thread=39844)
[2025-11-28T16:47:30.391Z][pid 39844][tid 11304] WARN Status bar theme update skipped: cross-thread window (hwnd=0000000001B22CB0 ownerThread=39844)
[2025-11-28T16:47:30.394Z][pid 39844][tid 11304] WARN Status bar subclass skipped: cross-thread window (hwnd=0000000001B22CB0 thread=39844)
[2025-11-28T16:47:30.394Z][pid 39844][tid 11304] WARN Status bar theme update skipped: cross-thread window (hwnd=0000000001B22CB0 ownerThread=39844)
[2025-11-28T16:47:30.395Z][pid 39844][tid 11304] WARN Status bar subclass skipped: cross-thread window (hwnd=0000000001B22CB0 thread=39844)
[2025-11-28T16:47:30.396Z][pid 39844][tid 11304] WARN Status bar theme update skipped: cross-thread window (hwnd=0000000001B22CB0 ownerThread=39844)
[2025-11-28T16:47:30.397Z][pid 39844][tid 11304] WARN Status bar subclass skipped: cross-thread window (hwnd=0000000001B22CB0 thread=39844)
[2025-11-28T16:47:30.398Z][pid 39844][tid 11304] WARN Status bar theme update skipped: cross-thread window (hwnd=0000000001B22CB0 ownerThread=39844)
[2025-11-28T16:47:30.398Z][pid 39844][tid 11304] WARN Status bar subclass skipped: cross-thread window (hwnd=0000000001B22CB0 thread=39844)
[2025-11-28T16:47:30.399Z][pid 39844][tid 11304] WARN Status bar theme update skipped: cross-thread window (hwnd=0000000001B22CB0 ownerThread=39844)
[2025-11-28T16:47:30.400Z][pid 39844][tid 11304] WARN Status bar subclass skipped: cross-thread window (hwnd=0000000001B22CB0 thread=39844)
[2025-11-28T16:47:30.400Z][pid 39844][tid 11304] WARN Status bar theme update skipped: cross-thread window (hwnd=0000000001B22CB0 ownerThread=39844)
[2025-11-28T16:47:30.401Z][pid 39844][tid 11304] WARN Status bar subclass skipped: cross-thread window (hwnd=0000000001B22CB0 thread=39844)
[2025-11-28T16:47:30.402Z][pid 39844][tid 11304] WARN Status bar theme update skipped: cross-thread window (hwnd=0000000001B22CB0 ownerThread=39844)
[2025-11-28T16:47:30.403Z][pid 39844][tid 11304] WARN Status bar subclass skipped: cross-thread window (hwnd=0000000001B22CB0 thread=39844)
[2025-11-28T16:47:30.403Z][pid 39844][tid 11304] WARN Status bar theme update skipped: cross-thread window (hwnd=0000000001B22CB0 ownerThread=39844)
[2025-11-28T16:47:30.404Z][pid 39844][tid 11304] WARN Status bar subclass skipped: cross-thread window (hwnd=0000000001B22CB0 thread=39844)
[2025-11-28T16:47:30.405Z][pid 39844][tid 11304] WARN Status bar theme update skipped: cross-thread window (hwnd=0000000001B22CB0 ownerThread=39844)
[2025-11-28T16:47:30.406Z][pid 39844][tid 11304] WARN Status bar subclass skipped: cross-thread window (hwnd=0000000001B22CB0 thread=39844)
[2025-11-28T16:47:30.406Z][pid 39844][tid 11304] WARN Status bar theme update skipped: cross-thread window (hwnd=0000000001B22CB0 ownerThread=39844)
[2025-11-28T16:47:30.407Z][pid 39844][tid 11304] WARN Status bar subclass skipped: cross-thread window (hwnd=0000000001B22CB0 thread=39844)
[2025-11-28T16:47:30.408Z][pid 39844][tid 11304] WARN Status bar theme update skipped: cross-thread window (hwnd=0000000001B22CB0 ownerThread=39844)
[2025-11-28T16:47:30.410Z][pid 39844][tid 11304] WARN Status bar subclass skipped: cross-thread window (hwnd=0000000001B22CB0 thread=39844)
[2025-11-28T16:47:30.410Z][pid 39844][tid 11304] WARN Status bar theme update skipped: cross-thread window (hwnd=0000000001B22CB0 ownerThread=39844)
[2025-11-28T16:47:30.411Z][pid 39844][tid 11304] WARN Status bar subclass skipped: cross-thread window (hwnd=0000000001B22CB0 thread=39844)
[2025-11-28T16:47:30.411Z][pid 39844][tid 11304] WARN Status bar theme update skipped: cross-thread window (hwnd=0000000001B22CB0 ownerThread=39844)
[2025-11-28T16:47:30.412Z][pid 39844][tid 11304] WARN Status bar subclass skipped: cross-thread window (hwnd=0000000001B22CB0 thread=39844)
[2025-11-28T16:47:30.412Z][pid 39844][tid 11304] WARN Status bar theme update skipped: cross-thread window (hwnd=0000000001B22CB0 ownerThread=39844)
[2025-11-28T16:47:30.413Z][pid 39844][tid 11304] WARN Status bar subclass skipped: cross-thread window (hwnd=0000000001B22CB0 thread=39844)
[2025-11-28T16:47:30.413Z][pid 39844][tid 11304] WARN Status bar theme update skipped: cross-thread window (hwnd=0000000001B22CB0 ownerThread=39844)
[2025-11-28T16:47:30.414Z][pid 39844][tid 11304] WARN Status bar subclass skipped: cross-thread window (hwnd=0000000001B22CB0 thread=39844)
[2025-11-28T16:47:30.415Z][pid 39844][tid 11304] WARN Status bar theme update skipped: cross-thread window (hwnd=0000000001B22CB0 ownerThread=39844)
[2025-11-28T16:47:30.415Z][pid 39844][tid 11304] WARN Status bar subclass skipped: cross-thread window (hwnd=0000000001B22CB0 thread=39844)
[2025-11-28T16:47:30.416Z][pid 39844][tid 11304] WARN Status bar theme update skipped: cross-thread window (hwnd=0000000001B22CB0 ownerThread=39844)
[2025-11-28T16:47:30.417Z][pid 39844][tid 11304] WARN Status bar subclass skipped: cross-thread window (hwnd=0000000001B22CB0 thread=39844)
[2025-11-28T16:47:30.417Z][pid 39844][tid 11304] WARN Status bar theme update skipped: cross-thread window (hwnd=0000000001B22CB0 ownerThread=39844)
[2025-11-28T16:47:30.418Z][pid 39844][tid 11304] WARN Status bar subclass skipped: cross-thread window (hwnd=0000000001B22CB0 thread=39844)
[2025-11-28T16:47:30.419Z][pid 39844][tid 11304] WARN Status bar theme update skipped: cross-thread window (hwnd=0000000001B22CB0 ownerThread=39844)
[2025-11-28T16:47:30.423Z][pid 39844][tid 11304] WARN Status bar subclass skipped: cross-thread window (hwnd=0000000001B22CB0 thread=39844)
[2025-11-28T16:47:30.423Z][pid 39844][tid 11304] WARN Status bar theme update skipped: cross-thread window (hwnd=0000000001B22CB0 ownerThread=39844)
[2025-11-28T16:47:30.429Z][pid 39844][tid 11304] WARN Status bar subclass skipped: cross-thread window (hwnd=0000000001B22CB0 thread=39844)
[2025-11-28T16:47:30.429Z][pid 39844][tid 11304] WARN Status bar theme update skipped: cross-thread window (hwnd=0000000001B22CB0 ownerThread=39844)
[2025-11-28T16:47:30.432Z][pid 39844][tid 11304] WARN Status bar subclass skipped: cross-thread window (hwnd=0000000001B22CB0 thread=39844)
[2025-11-28T16:47:30.432Z][pid 39844][tid 11304] WARN Status bar theme update skipped: cross-thread window (hwnd=0000000001B22CB0 ownerThread=39844)
[2025-11-28T16:47:30.434Z][pid 39844][tid 11304] WARN Status bar subclass skipped: cross-thread window (hwnd=0000000001B22CB0 thread=39844)
[2025-11-28T16:47:30.434Z][pid 39844][tid 11304] WARN Status bar theme update skipped: cross-thread window (hwnd=0000000001B22CB0 ownerThread=39844)
[2025-11-28T16:47:30.438Z][pid 39844][tid 11304] WARN Status bar subclass skipped: cross-thread window (hwnd=0000000001B22CB0 thread=39844)
[2025-11-28T16:47:30.438Z][pid 39844][tid 11304] WARN Status bar theme update skipped: cross-thread window (hwnd=0000000001B22CB0 ownerThread=39844)
[2025-11-28T16:47:30.442Z][pid 39844][tid 11304] WARN Status bar subclass skipped: cross-thread window (hwnd=0000000001B22CB0 thread=39844)
[2025-11-28T16:47:30.442Z][pid 39844][tid 11304] WARN Status bar theme update skipped: cross-thread window (hwnd=0000000001B22CB0 ownerThread=39844)
[2025-11-28T16:47:30.494Z][pid 39844][tid 11304] WARN Status bar subclass skipped: cross-thread window (hwnd=0000000001B22CB0 thread=39844)
[2025-11-28T16:47:30.494Z][pid 39844][tid 11304] WARN Status bar theme update skipped: cross-thread window (hwnd=0000000001B22CB0 ownerThread=39844)
[2025-11-28T16:47:30.504Z][pid 39844][tid 11304] WARN Status bar subclass skipped: cross-thread window (hwnd=0000000001B22CB0 thread=39844)
[2025-11-28T16:47:30.504Z][pid 39844][tid 11304] WARN Status bar theme update skipped: cross-thread window (hwnd=0000000001B22CB0 ownerThread=39844)
[2025-11-28T16:47:30.514Z][pid 39844][tid 11304] WARN Status bar subclass skipped: cross-thread window (hwnd=0000000001B22CB0 thread=39844)
[2025-11-28T16:47:30.514Z][pid 39844][tid 11304] WARN Status bar theme update skipped: cross-thread window (hwnd=0000000001B22CB0 ownerThread=39844)
[2025-11-28T16:47:30.520Z][pid 39844][tid 11304] WARN Status bar subclass skipped: cross-thread window (hwnd=0000000001B22CB0 thread=39844)
[2025-11-28T16:47:30.520Z][pid 39844][tid 11304] WARN Status bar theme update skipped: cross-thread window (hwnd=0000000001B22CB0 ownerThread=39844)
[2025-11-28T16:47:30.558Z][pid 39844][tid 11304] WARN Status bar subclass skipped: cross-thread window (hwnd=0000000001B22CB0 thread=39844)
[2025-11-28T16:47:30.559Z][pid 39844][tid 11304] WARN Status bar theme update skipped: cross-thread window (hwnd=0000000001B22CB0 ownerThread=39844)
[2025-11-28T16:47:30.561Z][pid 39844][tid 11304] WARN Status bar subclass skipped: cross-thread window (hwnd=0000000001B22CB0 thread=39844)
[2025-11-28T16:47:30.562Z][pid 39844][tid 11304] WARN Status bar theme update skipped: cross-thread window (hwnd=0000000001B22CB0 ownerThread=39844)
[2025-11-28T16:47:30.567Z][pid 39844][tid 11304] WARN Status bar subclass skipped: cross-thread window (hwnd=0000000001B22CB0 thread=39844)
[2025-11-28T16:47:30.568Z][pid 39844][tid 11304] WARN Status bar theme update skipped: cross-thread window (hwnd=0000000001B22CB0 ownerThread=39844)
[2025-11-28T16:47:30.577Z][pid 39844][tid 11304] WARN Status bar subclass skipped: cross-thread window (hwnd=0000000001B22CB0 thread=39844)
[2025-11-28T16:47:30.578Z][pid 39844][tid 11304] WARN Status bar theme update skipped: cross-thread window (hwnd=0000000001B22CB0 ownerThread=39844)
[2025-11-28T16:47:30.581Z][pid 39844][tid 11304] WARN Status bar subclass skipped: cross-thread window (hwnd=0000000001B22CB0 thread=39844)
[2025-11-28T16:47:30.582Z][pid 39844][tid 11304] WARN Status bar theme update skipped: cross-thread window (hwnd=0000000001B22CB0 ownerThread=39844)
[2025-11-28T16:47:30.584Z][pid 39844][tid 11304] WARN Status bar subclass skipped: cross-thread window (hwnd=0000000001B22CB0 thread=39844)
[2025-11-28T16:47:30.584Z][pid 39844][tid 11304] WARN Status bar theme update skipped: cross-thread window (hwnd=0000000001B22CB0 ownerThread=39844)
[2025-11-28T16:47:30.586Z][pid 39844][tid 11304] WARN Status bar subclass skipped: cross-thread window (hwnd=0000000001B22CB0 thread=39844)
[2025-11-28T16:47:30.586Z][pid 39844][tid 11304] WARN Status bar theme update skipped: cross-thread window (hwnd=0000000001B22CB0 ownerThread=39844)
[2025-11-28T16:47:30.588Z][pid 39844][tid 11304] WARN Status bar subclass skipped: cross-thread window (hwnd=0000000001B22CB0 thread=39844)
[2025-11-28T16:47:30.589Z][pid 39844][tid 11304] WARN Status bar theme update skipped: cross-thread window (hwnd=0000000001B22CB0 ownerThread=39844)
[2025-11-28T16:47:30.590Z][pid 39844][tid 11304] WARN Status bar subclass skipped: cross-thread window (hwnd=0000000001B22CB0 thread=39844)
[2025-11-28T16:47:30.591Z][pid 39844][tid 11304] WARN Status bar theme update skipped: cross-thread window (hwnd=0000000001B22CB0 ownerThread=39844)
[2025-11-28T16:47:30.592Z][pid 39844][tid 11304] WARN Status bar subclass skipped: cross-thread window (hwnd=0000000001B22CB0 thread=39844)
[2025-11-28T16:47:30.593Z][pid 39844][tid 11304] WARN Status bar theme update skipped: cross-thread window (hwnd=0000000001B22CB0 ownerThread=39844)
[2025-11-28T16:47:30.595Z][pid 39844][tid 11304] WARN Status bar subclass skipped: cross-thread window (hwnd=0000000001B22CB0 thread=39844)
[2025-11-28T16:47:30.596Z][pid 39844][tid 11304] WARN Status bar theme update skipped: cross-thread window (hwnd=0000000001B22CB0 ownerThread=39844)
[2025-11-28T16:47:30.598Z][pid 39844][tid 11304] WARN Status bar subclass skipped: cross-thread window (hwnd=0000000001B22CB0 thread=39844)
[2025-11-28T16:47:30.598Z][pid 39844][tid 11304] WARN Status bar theme update skipped: cross-thread window (hwnd=0000000001B22CB0 ownerThread=39844)
[2025-11-28T16:47:30.599Z][pid 39844][tid 11304] WARN Status bar subclass skipped: cross-thread window (hwnd=0000000001B22CB0 thread=39844)
[2025-11-28T16:47:30.600Z][pid 39844][tid 11304] WARN Status bar theme update skipped: cross-thread window (hwnd=0000000001B22CB0 ownerThread=39844)
[2025-11-28T16:47:30.602Z][pid 39844][tid 11304] WARN Status bar subclass skipped: cross-thread window (hwnd=0000000001B22CB0 thread=39844)
[2025-11-28T16:47:30.603Z][pid 39844][tid 11304] WARN Status bar theme update skipped: cross-thread window (hwnd=0000000001B22CB0 ownerThread=39844)
[2025-11-28T16:47:30.605Z][pid 39844][tid 11304] WARN Status bar subclass skipped: cross-thread window (hwnd=0000000001B22CB0 thread=39844)
[2025-11-28T16:47:30.606Z][pid 39844][tid 11304] WARN Status bar theme update skipped: cross-thread window (hwnd=0000000001B22CB0 ownerThread=39844)
[2025-11-28T16:47:30.608Z][pid 39844][tid 11304] WARN Status bar subclass skipped: cross-thread window (hwnd=0000000001B22CB0 thread=39844)
[2025-11-28T16:47:30.608Z][pid 39844][tid 11304] WARN Status bar theme update skipped: cross-thread window (hwnd=0000000001B22CB0 ownerThread=39844)
[2025-11-28T16:47:30.612Z][pid 39844][tid 11304] WARN Status bar subclass skipped: cross-thread window (hwnd=0000000001B22CB0 thread=39844)
[2025-11-28T16:47:30.613Z][pid 39844][tid 11304] WARN Status bar theme update skipped: cross-thread window (hwnd=0000000001B22CB0 ownerThread=39844)
[2025-11-28T16:47:30.615Z][pid 39844][tid 11304] WARN Status bar subclass skipped: cross-thread window (hwnd=0000000001B22CB0 thread=39844)
[2025-11-28T16:47:30.615Z][pid 39844][tid 11304] WARN Status bar theme update skipped: cross-thread window (hwnd=0000000001B22CB0 ownerThread=39844)
[2025-11-28T16:47:30.616Z][pid 39844][tid 11304] WARN Status bar subclass skipped: cross-thread window (hwnd=0000000001B22CB0 thread=39844)
[2025-11-28T16:47:30.617Z][pid 39844][tid 11304] WARN Status bar theme update skipped: cross-thread window (hwnd=0000000001B22CB0 ownerThread=39844)
[2025-11-28T16:47:30.623Z][pid 39844][tid 11304] WARN Status bar subclass skipped: cross-thread window (hwnd=0000000001B22CB0 thread=39844)
[2025-11-28T16:47:30.623Z][pid 39844][tid 11304] WARN Status bar theme update skipped: cross-thread window (hwnd=0000000001B22CB0 ownerThread=39844)
[2025-11-28T16:47:30.626Z][pid 39844][tid 11304] WARN Status bar subclass skipped: cross-thread window (hwnd=0000000001B22CB0 thread=39844)
[2025-11-28T16:47:30.626Z][pid 39844][tid 11304] WARN Status bar theme update skipped: cross-thread window (hwnd=0000000001B22CB0 ownerThread=39844)
[2025-11-28T16:47:30.632Z][pid 39844][tid 11304] WARN Status bar subclass skipped: cross-thread window (hwnd=0000000001B22CB0 thread=39844)
[2025-11-28T16:47:30.632Z][pid 39844][tid 11304] WARN Status bar theme update skipped: cross-thread window (hwnd=0000000001B22CB0 ownerThread=39844)
[2025-11-28T16:47:30.635Z][pid 39844][tid 11304] WARN Status bar subclass skipped: cross-thread window (hwnd=0000000001B22CB0 thread=39844)
[2025-11-28T16:47:30.635Z][pid 39844][tid 11304] WARN Status bar theme update skipped: cross-thread window (hwnd=0000000001B22CB0 ownerThread=39844)
[2025-11-28T16:47:30.643Z][pid 39844][tid 11304] WARN Status bar subclass skipped: cross-thread window (hwnd=0000000001B22CB0 thread=39844)
[2025-11-28T16:47:30.643Z][pid 39844][tid 11304] WARN Status bar theme update skipped: cross-thread window (hwnd=0000000001B22CB0 ownerThread=39844)
[2025-11-28T16:47:30.648Z][pid 39844][tid 11304] WARN Status bar subclass skipped: cross-thread window (hwnd=0000000001B22CB0 thread=39844)
[2025-11-28T16:47:30.649Z][pid 39844][tid 11304] WARN Status bar theme update skipped: cross-thread window (hwnd=0000000001B22CB0 ownerThread=39844)
[2025-11-28T16:47:30.652Z][pid 39844][tid 11304] WARN Status bar subclass skipped: cross-thread window (hwnd=0000000001B22CB0 thread=39844)
[2025-11-28T16:47:30.652Z][pid 39844][tid 11304] WARN Status bar theme update skipped: cross-thread window (hwnd=0000000001B22CB0 ownerThread=39844)
[2025-11-28T16:47:30.654Z][pid 39844][tid 11304] WARN Status bar subclass skipped: cross-thread window (hwnd=0000000001B22CB0 thread=39844)
[2025-11-28T16:47:30.654Z][pid 39844][tid 11304] WARN Status bar theme update skipped: cross-thread window (hwnd=0000000001B22CB0 ownerThread=39844)
[2025-11-28T16:47:30.658Z][pid 39844][tid 11304] WARN Status bar subclass skipped: cross-thread window (hwnd=0000000001B22CB0 thread=39844)
[2025-11-28T16:47:30.658Z][pid 39844][tid 11304] WARN Status bar theme update skipped: cross-thread window (hwnd=0000000001B22CB0 ownerThread=39844)
[2025-11-28T16:47:30.660Z][pid 39844][tid 11304] WARN Status bar subclass skipped: cross-thread window (hwnd=0000000001B22CB0 thread=39844)
[2025-11-28T16:47:30.660Z][pid 39844][tid 11304] WARN Status bar theme update skipped: cross-thread window (hwnd=0000000001B22CB0 ownerThread=39844)
[2025-11-28T16:47:30.663Z][pid 39844][tid 11304] WARN Status bar subclass skipped: cross-thread window (hwnd=0000000001B22CB0 thread=39844)
[2025-11-28T16:47:30.663Z][pid 39844][tid 11304] WARN Status bar theme update skipped: cross-thread window (hwnd=0000000001B22CB0 ownerThread=39844)
[2025-11-28T16:47:30.665Z][pid 39844][tid 11304] WARN Status bar subclass skipped: cross-thread window (hwnd=0000000001B22CB0 thread=39844)
[2025-11-28T16:47:30.665Z][pid 39844][tid 11304] WARN Status bar theme update skipped: cross-thread window (hwnd=0000000001B22CB0 ownerThread=39844)
[2025-11-28T16:47:30.667Z][pid 39844][tid 11304] WARN Status bar subclass skipped: cross-thread window (hwnd=0000000001B22CB0 thread=39844)
[2025-11-28T16:47:30.667Z][pid 39844][tid 11304] WARN Status bar theme update skipped: cross-thread window (hwnd=0000000001B22CB0 ownerThread=39844)
[2025-11-28T16:47:30.670Z][pid 39844][tid 11304] WARN Status bar subclass skipped: cross-thread window (hwnd=0000000001B22CB0 thread=39844)
[2025-11-28T16:47:30.670Z][pid 39844][tid 11304] WARN Status bar theme update skipped: cross-thread window (hwnd=0000000001B22CB0 ownerThread=39844)
[2025-11-28T16:47:30.671Z][pid 39844][tid 11304] WARN Status bar subclass skipped: cross-thread window (hwnd=0000000001B22CB0 thread=39844)
[2025-11-28T16:47:30.672Z][pid 39844][tid 11304] WARN Status bar theme update skipped: cross-thread window (hwnd=0000000001B22CB0 ownerThread=39844)
[2025-11-28T16:47:30.676Z][pid 39844][tid 11304] WARN Status bar subclass skipped: cross-thread window (hwnd=0000000001B22CB0 thread=39844)
[2025-11-28T16:47:30.676Z][pid 39844][tid 11304] WARN Status bar theme update skipped: cross-thread window (hwnd=0000000001B22CB0 ownerThread=39844)
[2025-11-28T16:47:30.678Z][pid 39844][tid 11304] WARN Status bar subclass skipped: cross-thread window (hwnd=0000000001B22CB0 thread=39844)
[2025-11-28T16:47:30.679Z][pid 39844][tid 11304] WARN Status bar theme update skipped: cross-thread window (hwnd=0000000001B22CB0 ownerThread=39844)
[2025-11-28T16:47:30.683Z][pid 39844][tid 11304] WARN Status bar subclass skipped: cross-thread window (hwnd=0000000001B22CB0 thread=39844)
[2025-11-28T16:47:30.684Z][pid 39844][tid 11304] WARN Status bar theme update skipped: cross-thread window (hwnd=0000000001B22CB0 ownerThread=39844)
[2025-11-28T16:47:30.689Z][pid 39844][tid 11304] WARN Status bar subclass skipped: cross-thread window (hwnd=0000000001B22CB0 thread=39844)
[2025-11-28T16:47:30.689Z][pid 39844][tid 11304] WARN Status bar theme update skipped: cross-thread window (hwnd=0000000001B22CB0 ownerThread=39844)
[2025-11-28T16:47:30.691Z][pid 39844][tid 11304] WARN Status bar subclass skipped: cross-thread window (hwnd=0000000001B22CB0 thread=39844)
[2025-11-28T16:47:30.691Z][pid 39844][tid 11304] WARN Status bar theme update skipped: cross-thread window (hwnd=0000000001B22CB0 ownerThread=39844)
[2025-11-28T16:47:30.695Z][pid 39844][tid 11304] WARN Status bar subclass skipped: cross-thread window (hwnd=0000000001B22CB0 thread=39844)
[2025-11-28T16:47:30.695Z][pid 39844][tid 11304] WARN Status bar theme update skipped: cross-thread window (hwnd=0000000001B22CB0 ownerThread=39844)
[2025-11-28T16:47:30.698Z][pid 39844][tid 11304] WARN Status bar subclass skipped: cross-thread window (hwnd=0000000001B22CB0 thread=39844)
[2025-11-28T16:47:30.698Z][pid 39844][tid 11304] WARN Status bar theme update skipped: cross-thread window (hwnd=0000000001B22CB0 ownerThread=39844)
[2025-11-28T16:47:30.701Z][pid 39844][tid 11304] WARN Status bar subclass skipped: cross-thread window (hwnd=0000000001B22CB0 thread=39844)
[2025-11-28T16:47:30.701Z][pid 39844][tid 11304] WARN Status bar theme update skipped: cross-thread window (hwnd=0000000001B22CB0 ownerThread=39844)
[2025-11-28T16:47:30.706Z][pid 39844][tid 11304] WARN Status bar subclass skipped: cross-thread window (hwnd=0000000001B22CB0 thread=39844)
[2025-11-28T16:47:30.707Z][pid 39844][tid 11304] WARN Status bar theme update skipped: cross-thread window (hwnd=0000000001B22CB0 ownerThread=39844)
[2025-11-28T16:47:30.716Z][pid 39844][tid 11304] WARN Status bar subclass skipped: cross-thread window (hwnd=0000000001B22CB0 thread=39844)
[2025-11-28T16:47:30.716Z][pid 39844][tid 11304] WARN Status bar theme update skipped: cross-thread window (hwnd=0000000001B22CB0 ownerThread=39844)
[2025-11-28T16:47:30.971Z][pid 39844][tid 11304] WARN Status bar subclass skipped: cross-thread window (hwnd=0000000001B22CB0 thread=39844)
[2025-11-28T16:47:30.971Z][pid 39844][tid 11304] WARN Status bar theme update skipped: cross-thread window (hwnd=0000000001B22CB0 ownerThread=39844)
[2025-11-28T16:47:31.402Z][pid 39844][tid 11304] WARN Status bar subclass skipped: cross-thread window (hwnd=0000000001B22CB0 thread=39844)
[2025-11-28T16:47:31.402Z][pid 39844][tid 11304] WARN Status bar theme update skipped: cross-thread window (hwnd=0000000001B22CB0 ownerThread=39844)
[2025-11-28T16:47:31.417Z][pid 39844][tid 11304] WARN Status bar subclass skipped: cross-thread window (hwnd=0000000001B22CB0 thread=39844)
[2025-11-28T16:47:31.417Z][pid 39844][tid 11304] WARN Status bar theme update skipped: cross-thread window (hwnd=0000000001B22CB0 ownerThread=39844)
[2025-11-28T16:47:31.422Z][pid 39844][tid 11304] WARN Status bar subclass skipped: cross-thread window (hwnd=0000000001B22CB0 thread=39844)
[2025-11-28T16:47:31.422Z][pid 39844][tid 11304] WARN Status bar theme update skipped: cross-thread window (hwnd=0000000001B22CB0 ownerThread=39844)
[2025-11-28T16:47:31.479Z][pid 39844][tid 11304] WARN Status bar subclass skipped: cross-thread window (hwnd=0000000001B22CB0 thread=39844)
[2025-11-28T16:47:31.479Z][pid 39844][tid 11304] WARN Status bar theme update skipped: cross-thread window (hwnd=0000000001B22CB0 ownerThread=39844)
[2025-11-28T16:47:31.489Z][pid 39844][tid 11304] WARN Status bar subclass skipped: cross-thread window (hwnd=0000000001B22CB0 thread=39844)
[2025-11-28T16:47:31.489Z][pid 39844][tid 11304] WARN Status bar theme update skipped: cross-thread window (hwnd=0000000001B22CB0 ownerThread=39844)
[2025-11-28T16:47:31.765Z][pid 39844][tid 11304] WARN Status bar subclass skipped: cross-thread window (hwnd=0000000001B22CB0 thread=39844)
[2025-11-28T16:47:31.766Z][pid 39844][tid 11304] WARN Status bar theme update skipped: cross-thread window (hwnd=0000000001B22CB0 ownerThread=39844)
[2025-11-28T16:47:31.796Z][pid 39844][tid 11304] WARN Status bar subclass skipped: cross-thread window (hwnd=0000000001B22CB0 thread=39844)
[2025-11-28T16:47:31.796Z][pid 39844][tid 11304] WARN Status bar theme update skipped: cross-thread window (hwnd=0000000001B22CB0 ownerThread=39844)
[2025-11-28T16:47:31.842Z][pid 39844][tid 11304] WARN Status bar subclass skipped: cross-thread window (hwnd=0000000001B22CB0 thread=39844)
[2025-11-28T16:47:31.843Z][pid 39844][tid 11304] WARN Status bar theme update skipped: cross-thread window (hwnd=0000000001B22CB0 ownerThread=39844)
[2025-11-28T16:47:32.093Z][pid 39844][tid 11304] WARN Status bar subclass skipped: cross-thread window (hwnd=0000000001B22CB0 thread=39844)
[2025-11-28T16:47:32.093Z][pid 39844][tid 11304] WARN Status bar theme update skipped: cross-thread window (hwnd=0000000001B22CB0 ownerThread=39844)
[2025-11-28T16:47:32.407Z][pid 39844][tid 11304] WARN Status bar subclass skipped: cross-thread window (hwnd=0000000001B22CB0 thread=39844)
[2025-11-28T16:47:32.407Z][pid 39844][tid 11304] WARN Status bar theme update skipped: cross-thread window (hwnd=0000000001B22CB0 ownerThread=39844)
[2025-11-28T16:47:33.685Z][pid 39844][tid 11304] WARN Status bar subclass skipped: cross-thread window (hwnd=0000000001B22CB0 thread=39844)
[2025-11-28T16:47:33.685Z][pid 39844][tid 11304] WARN Status bar theme update skipped: cross-thread window (hwnd=0000000001B22CB0 ownerThread=39844)
[2025-11-28T16:47:33.701Z][pid 39844][tid 11304] WARN Status bar subclass skipped: cross-thread window (hwnd=0000000001B22CB0 thread=39844)
[2025-11-28T16:47:33.702Z][pid 39844][tid 11304] WARN Status bar theme update skipped: cross-thread window (hwnd=0000000001B22CB0 ownerThread=39844)
[2025-11-28T16:47:33.726Z][pid 39844][tid 11304] WARN Status bar subclass skipped: cross-thread window (hwnd=0000000001B22CB0 thread=39844)
[2025-11-28T16:47:33.726Z][pid 39844][tid 11304] WARN Status bar theme update skipped: cross-thread window (hwnd=0000000001B22CB0 ownerThread=39844)
[2025-11-28T16:47:33.739Z][pid 39844][tid 11304] WARN Status bar subclass skipped: cross-thread window (hwnd=0000000001B22CB0 thread=39844)
[2025-11-28T16:47:33.740Z][pid 39844][tid 11304] WARN Status bar theme update skipped: cross-thread window (hwnd=0000000001B22CB0 ownerThread=39844)
[2025-11-28T16:47:33.747Z][pid 39844][tid 11304] WARN Status bar subclass skipped: cross-thread window (hwnd=0000000001B22CB0 thread=39844)
[2025-11-28T16:47:33.747Z][pid 39844][tid 11304] WARN Status bar theme update skipped: cross-thread window (hwnd=0000000001B22CB0 ownerThread=39844)
[2025-11-28T16:47:33.756Z][pid 39844][tid 11304] WARN Status bar subclass skipped: cross-thread window (hwnd=0000000001B22CB0 thread=39844)
[2025-11-28T16:47:33.756Z][pid 39844][tid 11304] WARN Status bar theme update skipped: cross-thread window (hwnd=0000000001B22CB0 ownerThread=39844)
[2025-11-28T16:47:33.764Z][pid 39844][tid 11304] WARN Status bar subclass skipped: cross-thread window (hwnd=0000000001B22CB0 thread=39844)
[2025-11-28T16:47:33.764Z][pid 39844][tid 11304] WARN Status bar theme update skipped: cross-thread window (hwnd=0000000001B22CB0 ownerThread=39844)
[2025-11-28T16:47:33.772Z][pid 39844][tid 11304] WARN Status bar subclass skipped: cross-thread window (hwnd=0000000001B22CB0 thread=39844)
[2025-11-28T16:47:33.773Z][pid 39844][tid 11304] WARN Status bar theme update skipped: cross-thread window (hwnd=0000000001B22CB0 ownerThread=39844)
[2025-11-28T16:47:33.778Z][pid 39844][tid 11304] WARN Status bar subclass skipped: cross-thread window (hwnd=0000000001B22CB0 thread=39844)
[2025-11-28T16:47:33.778Z][pid 39844][tid 11304] WARN Status bar theme update skipped: cross-thread window (hwnd=0000000001B22CB0 ownerThread=39844)
[2025-11-28T16:47:33.788Z][pid 39844][tid 11304] WARN Status bar subclass skipped: cross-thread window (hwnd=0000000001B22CB0 thread=39844)
[2025-11-28T16:47:33.788Z][pid 39844][tid 11304] WARN Status bar theme update skipped: cross-thread window (hwnd=0000000001B22CB0 ownerThread=39844)
[2025-11-28T16:47:33.795Z][pid 39844][tid 11304] WARN Status bar subclass skipped: cross-thread window (hwnd=0000000001B22CB0 thread=39844)
[2025-11-28T16:47:33.795Z][pid 39844][tid 11304] WARN Status bar theme update skipped: cross-thread window (hwnd=0000000001B22CB0 ownerThread=39844)
[2025-11-28T16:47:33.811Z][pid 39844][tid 11304] WARN Status bar subclass skipped: cross-thread window (hwnd=0000000001B22CB0 thread=39844)
[2025-11-28T16:47:33.811Z][pid 39844][tid 11304] WARN Status bar theme update skipped: cross-thread window (hwnd=0000000001B22CB0 ownerThread=39844)
[2025-11-28T16:47:34.020Z][pid 39844][tid 11304] WARN Status bar subclass skipped: cross-thread window (hwnd=0000000001B22CB0 thread=39844)
[2025-11-28T16:47:34.020Z][pid 39844][tid 11304] WARN Status bar theme update skipped: cross-thread window (hwnd=0000000001B22CB0 ownerThread=39844)
[2025-11-28T16:47:34.080Z][pid 39844][tid 11304] WARN Status bar subclass skipped: cross-thread window (hwnd=0000000001B22CB0 thread=39844)
[2025-11-28T16:47:34.080Z][pid 39844][tid 11304] WARN Status bar theme update skipped: cross-thread window (hwnd=0000000001B22CB0 ownerThread=39844)
[2025-11-28T16:47:34.096Z][pid 39844][tid 11304] WARN Status bar subclass skipped: cross-thread window (hwnd=0000000001B22CB0 thread=39844)
[2025-11-28T16:47:34.096Z][pid 39844][tid 11304] WARN Status bar theme update skipped: cross-thread window (hwnd=0000000001B22CB0 ownerThread=39844)
[2025-11-28T16:47:34.112Z][pid 39844][tid 11304] WARN Status bar subclass skipped: cross-thread window (hwnd=0000000001B22CB0 thread=39844)
[2025-11-28T16:47:34.113Z][pid 39844][tid 11304] WARN Status bar theme update skipped: cross-thread window (hwnd=0000000001B22CB0 ownerThread=39844)
[2025-11-28T16:47:34.118Z][pid 39844][tid 11304] WARN Status bar subclass skipped: cross-thread window (hwnd=0000000001B22CB0 thread=39844)
[2025-11-28T16:47:34.118Z][pid 39844][tid 11304] WARN Status bar theme update skipped: cross-thread window (hwnd=0000000001B22CB0 ownerThread=39844)
[2025-11-28T16:47:34.129Z][pid 39844][tid 11304] WARN Status bar subclass skipped: cross-thread window (hwnd=0000000001B22CB0 thread=39844)
[2025-11-28T16:47:34.129Z][pid 39844][tid 11304] WARN Status bar theme update skipped: cross-thread window (hwnd=0000000001B22CB0 ownerThread=39844)
[2025-11-28T16:47:34.138Z][pid 39844][tid 11304] WARN Status bar subclass skipped: cross-thread window (hwnd=0000000001B22CB0 thread=39844)
[2025-11-28T16:47:34.138Z][pid 39844][tid 11304] WARN Status bar theme update skipped: cross-thread window (hwnd=0000000001B22CB0 ownerThread=39844)
[2025-11-28T16:47:34.149Z][pid 39844][tid 11304] WARN Status bar subclass skipped: cross-thread window (hwnd=0000000001B22CB0 thread=39844)
[2025-11-28T16:47:34.149Z][pid 39844][tid 11304] WARN Status bar theme update skipped: cross-thread window (hwnd=0000000001B22CB0 ownerThread=39844)
[2025-11-28T16:47:34.152Z][pid 39844][tid 11304] WARN Status bar subclass skipped: cross-thread window (hwnd=0000000001B22CB0 thread=39844)
[2025-11-28T16:47:34.152Z][pid 39844][tid 11304] WARN Status bar theme update skipped: cross-thread window (hwnd=0000000001B22CB0 ownerThread=39844)
[2025-11-28T16:47:34.154Z][pid 39844][tid 11304] WARN Status bar subclass skipped: cross-thread window (hwnd=0000000001B22CB0 thread=39844)
[2025-11-28T16:47:34.155Z][pid 39844][tid 11304] WARN Status bar theme update skipped: cross-thread window (hwnd=0000000001B22CB0 ownerThread=39844)
[2025-11-28T16:47:34.158Z][pid 39844][tid 11304] WARN Status bar subclass skipped: cross-thread window (hwnd=0000000001B22CB0 thread=39844)
[2025-11-28T16:47:34.158Z][pid 39844][tid 11304] WARN Status bar theme update skipped: cross-thread window (hwnd=0000000001B22CB0 ownerThread=39844)
[2025-11-28T16:47:34.512Z][pid 39844][tid 11304] WARN Status bar subclass skipped: cross-thread window (hwnd=0000000001B22CB0 thread=39844)
[2025-11-28T16:47:34.513Z][pid 39844][tid 11304] WARN Status bar theme update skipped: cross-thread window (hwnd=0000000001B22CB0 ownerThread=39844)
[2025-11-28T16:47:34.528Z][pid 39844][tid 11304] WARN Status bar subclass skipped: cross-thread window (hwnd=0000000001B22CB0 thread=39844)
[2025-11-28T16:47:34.528Z][pid 39844][tid 11304] WARN Status bar theme update skipped: cross-thread window (hwnd=0000000001B22CB0 ownerThread=39844)
[2025-11-28T16:47:34.607Z][pid 39844][tid 11304] WARN Status bar subclass skipped: cross-thread window (hwnd=0000000001B22CB0 thread=39844)
[2025-11-28T16:47:34.607Z][pid 39844][tid 11304] WARN Status bar theme update skipped: cross-thread window (hwnd=0000000001B22CB0 ownerThread=39844)
[2025-11-28T16:47:35.018Z][pid 39844][tid 11304] WARN Status bar subclass skipped: cross-thread window (hwnd=0000000001B22CB0 thread=39844)
[2025-11-28T16:47:35.019Z][pid 39844][tid 11304] WARN Status bar theme update skipped: cross-thread window (hwnd=0000000001B22CB0 ownerThread=39844)
[2025-11-28T16:47:35.032Z][pid 39844][tid 11304] WARN Status bar subclass skipped: cross-thread window (hwnd=0000000001B22CB0 thread=39844)
[2025-11-28T16:47:35.033Z][pid 39844][tid 11304] WARN Status bar theme update skipped: cross-thread window (hwnd=0000000001B22CB0 ownerThread=39844)
[2025-11-28T16:47:35.112Z][pid 39844][tid 11304] WARN Status bar subclass skipped: cross-thread window (hwnd=0000000001B22CB0 thread=39844)
[2025-11-28T16:47:35.112Z][pid 39844][tid 11304] WARN Status bar theme update skipped: cross-thread window (hwnd=0000000001B22CB0 ownerThread=39844)
[2025-11-28T16:47:37.889Z][pid 39844][tid 11304] WARN Status bar subclass skipped: cross-thread window (hwnd=0000000001B22CB0 thread=39844)
[2025-11-28T16:47:37.890Z][pid 39844][tid 11304] WARN Status bar theme update skipped: cross-thread window (hwnd=0000000001B22CB0 ownerThread=39844)
[2025-11-28T16:47:37.905Z][pid 39844][tid 11304] WARN Status bar subclass skipped: cross-thread window (hwnd=0000000001B22CB0 thread=39844)
[2025-11-28T16:47:37.905Z][pid 39844][tid 11304] WARN Status bar theme update skipped: cross-thread window (hwnd=0000000001B22CB0 ownerThread=39844)
[2025-11-28T16:47:37.985Z][pid 39844][tid 11304] WARN Status bar subclass skipped: cross-thread window (hwnd=0000000001B22CB0 thread=39844)
[2025-11-28T16:47:37.985Z][pid 39844][tid 11304] WARN Status bar theme update skipped: cross-thread window (hwnd=0000000001B22CB0 ownerThread=39844)
[2025-11-28T16:47:38.430Z][pid 39844][tid 11304] WARN Status bar subclass skipped: cross-thread window (hwnd=0000000001B22CB0 thread=39844)
[2025-11-28T16:47:38.431Z][pid 39844][tid 11304] WARN Status bar theme update skipped: cross-thread window (hwnd=0000000001B22CB0 ownerThread=39844)
[2025-11-28T16:47:38.431Z][pid 39844][tid 11304] WARN Status bar subclass skipped: cross-thread window (hwnd=0000000001B22CB0 thread=39844)
[2025-11-28T16:47:38.432Z][pid 39844][tid 11304] WARN Status bar theme update skipped: cross-thread window (hwnd=0000000001B22CB0 ownerThread=39844)
[2025-11-28T16:47:38.432Z][pid 39844][tid 11304] WARN Status bar subclass skipped: cross-thread window (hwnd=0000000001B22CB0 thread=39844)
[2025-11-28T16:47:38.432Z][pid 39844][tid 11304] WARN Status bar theme update skipped: cross-thread window (hwnd=0000000001B22CB0 ownerThread=39844)
[2025-11-28T16:47:38.433Z][pid 39844][tid 11304] WARN Status bar subclass skipped: cross-thread window (hwnd=0000000001B22CB0 thread=39844)
[2025-11-28T16:47:38.433Z][pid 39844][tid 11304] WARN Status bar theme update skipped: cross-thread window (hwnd=0000000001B22CB0 ownerThread=39844)
[2025-11-28T16:47:38.435Z][pid 39844][tid 11304] WARN Status bar subclass skipped: cross-thread window (hwnd=0000000001B22CB0 thread=39844)
[2025-11-28T16:47:38.435Z][pid 39844][tid 11304] WARN Status bar theme update skipped: cross-thread window (hwnd=0000000001B22CB0 ownerThread=39844)
[2025-11-28T16:47:38.437Z][pid 39844][tid 11304] WARN Status bar subclass skipped: cross-thread window (hwnd=0000000001B22CB0 thread=39844)
[2025-11-28T16:47:38.437Z][pid 39844][tid 11304] WARN Status bar theme update skipped: cross-thread window (hwnd=0000000001B22CB0 ownerThread=39844)
[2025-11-28T16:47:38.439Z][pid 39844][tid 11304] INFO TabBand::UpdateTabsUI applying 1 items
[2025-11-28T16:47:38.440Z][pid 39844][tid 11304] INFO Tab diff: +1 -1 move=0 update=0 rows=1 incremental=false
[2025-11-28T16:47:38.454Z][pid 39844][tid 11304] INFO Breadcrumb QueryService(IShellBrowser) failed: 0x80004001
[2025-11-28T16:47:38.454Z][pid 39844][tid 11304] INFO Breadcrumb ribbon frame discovered via IShellBrowser (hwnd=0000000000920832)
[2025-11-28T16:47:38.454Z][pid 39844][tid 11304] INFO Breadcrumb ribbon frame discovered via IWebBrowser2 (hwnd=0000000000920832)
[2025-11-28T16:47:38.455Z][pid 39844][tid 11304] INFO Breadcrumb toolbar located via window enumeration (hwnd=0000000001D327E8)
[2025-11-28T16:47:38.455Z][pid 39844][tid 11304] INFO Explorer pane creation watch cleared (view=0000000000000000)
[2025-11-28T16:47:38.455Z][pid 39844][tid 11304] WARN Status bar subclass removal skipped: cross-thread window (hwnd=0000000001B22CB0 thread=39844)
[2025-11-28T16:47:38.455Z][pid 39844][tid 11304] WARN Status bar reset skipped: cross-thread access (hwnd=0000000001B22CB0 ownerThread=39844)
[2025-11-28T16:47:38.455Z][pid 39844][tid 11304] INFO Cleared Open In New Tab pending state
[2025-11-28T16:47:38.455Z][pid 39844][tid 11304] INFO Installed shell view window subclass (view=00000000018C0AA8)
[2025-11-28T16:47:38.455Z][pid 39844][tid 11304] INFO Installed explorer frame subclass (frame=0000000000A12E50)
[2025-11-28T16:47:38.455Z][pid 39844][tid 11304] INFO Cleared Open In New Tab pending state
[2025-11-28T16:47:38.456Z][pid 39844][tid 11304] INFO Explorer view base subclass ready (view=00000000018C0AA8 frame=0000000000A12E50)
[2025-11-28T16:47:38.456Z][pid 39844][tid 11304] VERBOSE DirectUI IUIElement unavailable (hr=0x80004001)
[2025-11-28T16:47:38.456Z][pid 39844][tid 11304] INFO Installed explorer DirectUI host subclass (direct=0000000001A62872)
[2025-11-28T16:47:38.456Z][pid 39844][tid 11304] INFO Installed explorer tree view subclass (tree=0000000000D52D1C)
[2025-11-28T16:47:38.456Z][pid 39844][tid 11304] INFO Explorer status bar discovered (hwnd=0000000001B22CB0)
[2025-11-28T16:47:38.456Z][pid 39844][tid 11304] WARN Status bar subclass skipped: cross-thread window (hwnd=0000000001B22CB0 thread=39844)
[2025-11-28T16:47:38.456Z][pid 39844][tid 11304] WARN Status bar theme update skipped: cross-thread window (hwnd=0000000001B22CB0 ownerThread=39844)
[2025-11-28T16:47:38.456Z][pid 39844][tid 11304] INFO Explorer pane creation watch armed (view=00000000018C0AA8 list=1 tree=0)
[2025-11-28T16:47:38.457Z][pid 39844][tid 11304] INFO Explorer pane fallback timer armed (view=00000000018C0AA8 delay=500)
[2025-11-28T16:47:38.457Z][pid 39844][tid 11304] INFO Explorer panes not ready: list view missing (view=00000000018C0AA8)
[2025-11-28T16:47:38.457Z][pid 39844][tid 11304] INFO Explorer pane retry timer armed (view=00000000018C0AA8 delay=500 attempts=1)
[2025-11-28T16:47:38.457Z][pid 39844][tid 11304] INFO TabBand::UpdateTabsUI applying 1 items
[2025-11-28T16:47:38.458Z][pid 39844][tid 11304] INFO Breadcrumb QueryService(IShellBrowser) failed: 0x80004001
[2025-11-28T16:47:38.458Z][pid 39844][tid 11304] INFO Breadcrumb ribbon frame discovered via IShellBrowser (hwnd=0000000000920832)
[2025-11-28T16:47:38.458Z][pid 39844][tid 11304] INFO Breadcrumb ribbon frame discovered via IWebBrowser2 (hwnd=0000000000920832)
[2025-11-28T16:47:38.458Z][pid 39844][tid 11304] INFO Breadcrumb toolbar located via window enumeration (hwnd=0000000001D327E8)
[2025-11-28T16:47:38.459Z][pid 39844][tid 11304] INFO Explorer pane creation watch cleared (view=00000000018C0AA8)
[2025-11-28T16:47:38.459Z][pid 39844][tid 11304] WARN Status bar subclass removal skipped: cross-thread window (hwnd=0000000001B22CB0 thread=39844)
[2025-11-28T16:47:38.459Z][pid 39844][tid 11304] WARN Status bar reset skipped: cross-thread access (hwnd=0000000001B22CB0 ownerThread=39844)
[2025-11-28T16:47:38.459Z][pid 39844][tid 11304] INFO Cleared Open In New Tab pending state
[2025-11-28T16:47:38.459Z][pid 39844][tid 11304] INFO Installed shell view window subclass (view=00000000018C0AA8)
[2025-11-28T16:47:38.459Z][pid 39844][tid 11304] INFO Installed explorer frame subclass (frame=0000000000A12E50)
[2025-11-28T16:47:38.459Z][pid 39844][tid 11304] INFO Cleared Open In New Tab pending state
[2025-11-28T16:47:38.459Z][pid 39844][tid 11304] INFO Explorer view base subclass ready (view=00000000018C0AA8 frame=0000000000A12E50)
[2025-11-28T16:47:38.459Z][pid 39844][tid 11304] VERBOSE DirectUI IUIElement unavailable (hr=0x80004001)
[2025-11-28T16:47:38.459Z][pid 39844][tid 11304] INFO Installed explorer DirectUI host subclass (direct=0000000001A62872)
[2025-11-28T16:47:38.460Z][pid 39844][tid 11304] INFO Installed explorer tree view subclass (tree=0000000000D52D1C)
[2025-11-28T16:47:38.460Z][pid 39844][tid 11304] INFO Explorer status bar discovered (hwnd=0000000001B22CB0)
[2025-11-28T16:47:38.460Z][pid 39844][tid 11304] WARN Status bar subclass skipped: cross-thread window (hwnd=0000000001B22CB0 thread=39844)
[2025-11-28T16:47:38.460Z][pid 39844][tid 11304] WARN Status bar theme update skipped: cross-thread window (hwnd=0000000001B22CB0 ownerThread=39844)
[2025-11-28T16:47:38.460Z][pid 39844][tid 11304] INFO Explorer pane creation watch armed (view=00000000018C0AA8 list=1 tree=0)
[2025-11-28T16:47:38.460Z][pid 39844][tid 11304] INFO Explorer pane fallback timer armed (view=00000000018C0AA8 delay=500)
[2025-11-28T16:47:38.460Z][pid 39844][tid 11304] INFO Explorer panes not ready: list view missing (view=00000000018C0AA8)
[2025-11-28T16:47:38.461Z][pid 39844][tid 11304] INFO Explorer pane retry timer armed (view=00000000018C0AA8 delay=500 attempts=1)
[2025-11-28T16:47:38.533Z][pid 39844][tid 11304] INFO TabBand::UpdateTabsUI applying 1 items
[2025-11-28T16:47:38.534Z][pid 39844][tid 11304] INFO Breadcrumb QueryService(IShellBrowser) failed: 0x80004001
[2025-11-28T16:47:38.535Z][pid 39844][tid 11304] INFO Breadcrumb ribbon frame discovered via IShellBrowser (hwnd=0000000000920832)
[2025-11-28T16:47:38.535Z][pid 39844][tid 11304] INFO Breadcrumb ribbon frame discovered via IWebBrowser2 (hwnd=0000000000920832)
[2025-11-28T16:47:38.535Z][pid 39844][tid 11304] INFO Breadcrumb toolbar located via window enumeration (hwnd=0000000001D327E8)
[2025-11-28T16:47:38.535Z][pid 39844][tid 11304] INFO Explorer pane creation watch cleared (view=00000000018C0AA8)
[2025-11-28T16:47:38.535Z][pid 39844][tid 11304] WARN Status bar subclass removal skipped: cross-thread window (hwnd=0000000001B22CB0 thread=39844)
[2025-11-28T16:47:38.535Z][pid 39844][tid 11304] WARN Status bar reset skipped: cross-thread access (hwnd=0000000001B22CB0 ownerThread=39844)
[2025-11-28T16:47:38.535Z][pid 39844][tid 11304] INFO Cleared Open In New Tab pending state
[2025-11-28T16:47:38.535Z][pid 39844][tid 11304] INFO Installed shell view window subclass (view=00000000018C0AA8)
[2025-11-28T16:47:38.535Z][pid 39844][tid 11304] INFO Installed explorer frame subclass (frame=0000000000A12E50)
[2025-11-28T16:47:38.536Z][pid 39844][tid 11304] INFO Cleared Open In New Tab pending state
[2025-11-28T16:47:38.536Z][pid 39844][tid 11304] INFO Explorer view base subclass ready (view=00000000018C0AA8 frame=0000000000A12E50)
[2025-11-28T16:47:38.536Z][pid 39844][tid 11304] VERBOSE DirectUI IUIElement unavailable (hr=0x80004001)
[2025-11-28T16:47:38.536Z][pid 39844][tid 11304] INFO Installed explorer DirectUI host subclass (direct=0000000001A62872)
[2025-11-28T16:47:38.536Z][pid 39844][tid 11304] INFO Installed explorer tree view subclass (tree=0000000000D52D1C)
[2025-11-28T16:47:38.536Z][pid 39844][tid 11304] INFO Explorer status bar discovered (hwnd=0000000001B22CB0)
[2025-11-28T16:47:38.536Z][pid 39844][tid 11304] WARN Status bar subclass skipped: cross-thread window (hwnd=0000000001B22CB0 thread=39844)
[2025-11-28T16:47:38.536Z][pid 39844][tid 11304] WARN Status bar theme update skipped: cross-thread window (hwnd=0000000001B22CB0 ownerThread=39844)
[2025-11-28T16:47:38.537Z][pid 39844][tid 11304] INFO Explorer pane creation watch armed (view=00000000018C0AA8 list=1 tree=0)
[2025-11-28T16:47:38.537Z][pid 39844][tid 11304] INFO Explorer pane fallback timer armed (view=00000000018C0AA8 delay=500)
[2025-11-28T16:47:38.537Z][pid 39844][tid 11304] INFO Explorer panes not ready: list view missing (view=00000000018C0AA8)
[2025-11-28T16:47:38.537Z][pid 39844][tid 11304] INFO Explorer pane retry timer armed (view=00000000018C0AA8 delay=500 attempts=1)
[2025-11-28T16:47:38.571Z][pid 39844][tid 11304] INFO Installed explorer list host subclass (host=0000000000A12E50)
[2025-11-28T16:47:38.571Z][pid 39844][tid 11304] INFO Installed explorer list host subclass (host=0000000001262E2E)
[2025-11-28T16:47:38.571Z][pid 39844][tid 11304] INFO Installed explorer list host subclass (host=0000000002182DE6)
[2025-11-28T16:47:38.571Z][pid 39844][tid 11304] INFO Installed explorer list host subclass (host=0000000000920832)
[2025-11-28T16:47:38.571Z][pid 39844][tid 11304] INFO Installed explorer list host subclass (host=0000000000B426A6)
[2025-11-28T16:47:38.571Z][pid 39844][tid 11304] WARN Status bar subclass skipped: cross-thread window (hwnd=0000000001B22CB0 thread=39844)
[2025-11-28T16:47:38.572Z][pid 39844][tid 11304] WARN Status bar theme update skipped: cross-thread window (hwnd=0000000001B22CB0 ownerThread=39844)
[2025-11-28T16:47:38.572Z][pid 39844][tid 11304] WARN Status bar subclass skipped: cross-thread window (hwnd=0000000001B22CB0 thread=39844)
[2025-11-28T16:47:38.572Z][pid 39844][tid 11304] WARN Status bar theme update skipped: cross-thread window (hwnd=0000000001B22CB0 ownerThread=39844)
[2025-11-28T16:47:38.630Z][pid 39844][tid 11304] WARN Status bar subclass skipped: cross-thread window (hwnd=0000000001B22CB0 thread=39844)
[2025-11-28T16:47:38.631Z][pid 39844][tid 11304] WARN Status bar theme update skipped: cross-thread window (hwnd=0000000001B22CB0 ownerThread=39844)
[2025-11-28T16:47:38.862Z][pid 39844][tid 11304] WARN Status bar subclass skipped: cross-thread window (hwnd=0000000001B22CB0 thread=39844)
[2025-11-28T16:47:38.862Z][pid 39844][tid 11304] WARN Status bar theme update skipped: cross-thread window (hwnd=0000000001B22CB0 ownerThread=39844)
[2025-11-28T16:47:38.864Z][pid 39844][tid 11304] WARN Status bar subclass skipped: cross-thread window (hwnd=0000000001B22CB0 thread=39844)
[2025-11-28T16:47:38.864Z][pid 39844][tid 11304] WARN Status bar theme update skipped: cross-thread window (hwnd=0000000001B22CB0 ownerThread=39844)
[2025-11-28T16:47:38.869Z][pid 39844][tid 11304] WARN Status bar subclass skipped: cross-thread window (hwnd=0000000001B22CB0 thread=39844)
[2025-11-28T16:47:38.870Z][pid 39844][tid 11304] WARN Status bar theme update skipped: cross-thread window (hwnd=0000000001B22CB0 ownerThread=39844)
[2025-11-28T16:47:38.912Z][pid 39844][tid 11304] WARN Status bar subclass skipped: cross-thread window (hwnd=0000000001B22CB0 thread=39844)
[2025-11-28T16:47:38.912Z][pid 39844][tid 11304] WARN Status bar theme update skipped: cross-thread window (hwnd=0000000001B22CB0 ownerThread=39844)
[2025-11-28T16:47:38.940Z][pid 39844][tid 11304] WARN Status bar subclass skipped: cross-thread window (hwnd=0000000001B22CB0 thread=39844)
[2025-11-28T16:47:38.941Z][pid 39844][tid 11304] WARN Status bar theme update skipped: cross-thread window (hwnd=0000000001B22CB0 ownerThread=39844)
[2025-11-28T16:47:38.969Z][pid 39844][tid 11304] WARN Status bar subclass skipped: cross-thread window (hwnd=0000000001B22CB0 thread=39844)
[2025-11-28T16:47:38.969Z][pid 39844][tid 11304] WARN Status bar theme update skipped: cross-thread window (hwnd=0000000001B22CB0 ownerThread=39844)
[2025-11-28T16:47:39.036Z][pid 39844][tid 11304] WARN Status bar subclass skipped: cross-thread window (hwnd=0000000001B22CB0 thread=39844)
[2025-11-28T16:47:39.037Z][pid 39844][tid 11304] WARN Status bar theme update skipped: cross-thread window (hwnd=0000000001B22CB0 ownerThread=39844)
[2025-11-28T16:47:39.062Z][pid 39844][tid 11304] WARN Status bar subclass skipped: cross-thread window (hwnd=0000000001B22CB0 thread=39844)
[2025-11-28T16:47:39.063Z][pid 39844][tid 11304] WARN Status bar theme update skipped: cross-thread window (hwnd=0000000001B22CB0 ownerThread=39844)
[2025-11-28T16:47:39.098Z][pid 39844][tid 11304] WARN Status bar subclass skipped: cross-thread window (hwnd=0000000001B22CB0 thread=39844)
[2025-11-28T16:47:39.098Z][pid 39844][tid 11304] WARN Status bar theme update skipped: cross-thread window (hwnd=0000000001B22CB0 ownerThread=39844)
[2025-11-28T16:47:39.117Z][pid 39844][tid 11304] WARN Status bar subclass skipped: cross-thread window (hwnd=0000000001B22CB0 thread=39844)
[2025-11-28T16:47:39.118Z][pid 39844][tid 11304] WARN Status bar theme update skipped: cross-thread window (hwnd=0000000001B22CB0 ownerThread=39844)
[2025-11-28T16:47:39.127Z][pid 39844][tid 11304] WARN Status bar subclass skipped: cross-thread window (hwnd=0000000001B22CB0 thread=39844)
[2025-11-28T16:47:39.127Z][pid 39844][tid 11304] WARN Status bar theme update skipped: cross-thread window (hwnd=0000000001B22CB0 ownerThread=39844)
[2025-11-28T16:47:39.175Z][pid 39844][tid 11304] WARN Status bar subclass skipped: cross-thread window (hwnd=0000000001B22CB0 thread=39844)
[2025-11-28T16:47:39.176Z][pid 39844][tid 11304] WARN Status bar theme update skipped: cross-thread window (hwnd=0000000001B22CB0 ownerThread=39844)
[2025-11-28T16:47:39.181Z][pid 39844][tid 11304] WARN Status bar subclass skipped: cross-thread window (hwnd=0000000001B22CB0 thread=39844)
[2025-11-28T16:47:39.181Z][pid 39844][tid 11304] WARN Status bar theme update skipped: cross-thread window (hwnd=0000000001B22CB0 ownerThread=39844)
[2025-11-28T16:47:39.260Z][pid 39844][tid 11304] WARN Status bar subclass skipped: cross-thread window (hwnd=0000000001B22CB0 thread=39844)
[2025-11-28T16:47:39.260Z][pid 39844][tid 11304] WARN Status bar theme update skipped: cross-thread window (hwnd=0000000001B22CB0 ownerThread=39844)
[2025-11-28T16:47:39.512Z][pid 39844][tid 11304] WARN Status bar subclass skipped: cross-thread window (hwnd=0000000001B22CB0 thread=39844)
[2025-11-28T16:47:39.512Z][pid 39844][tid 11304] WARN Status bar theme update skipped: cross-thread window (hwnd=0000000001B22CB0 ownerThread=39844)
[2025-11-28T16:47:39.641Z][pid 39844][tid 11304] WARN Status bar subclass skipped: cross-thread window (hwnd=0000000001B22CB0 thread=39844)
[2025-11-28T16:47:39.641Z][pid 39844][tid 11304] WARN Status bar theme update skipped: cross-thread window (hwnd=0000000001B22CB0 ownerThread=39844)
[2025-11-28T16:47:39.667Z][pid 39844][tid 11304] WARN Status bar subclass skipped: cross-thread window (hwnd=0000000001B22CB0 thread=39844)
[2025-11-28T16:47:39.667Z][pid 39844][tid 11304] WARN Status bar theme update skipped: cross-thread window (hwnd=0000000001B22CB0 ownerThread=39844)
[2025-11-28T16:47:39.679Z][pid 39844][tid 11304] WARN Status bar subclass skipped: cross-thread window (hwnd=0000000001B22CB0 thread=39844)
[2025-11-28T16:47:39.680Z][pid 39844][tid 11304] WARN Status bar theme update skipped: cross-thread window (hwnd=0000000001B22CB0 ownerThread=39844)
[2025-11-28T16:47:39.694Z][pid 39844][tid 11304] WARN Status bar subclass skipped: cross-thread window (hwnd=0000000001B22CB0 thread=39844)
[2025-11-28T16:47:39.695Z][pid 39844][tid 11304] WARN Status bar theme update skipped: cross-thread window (hwnd=0000000001B22CB0 ownerThread=39844)
[2025-11-28T16:47:39.698Z][pid 39844][tid 11304] WARN Status bar subclass skipped: cross-thread window (hwnd=0000000001B22CB0 thread=39844)
[2025-11-28T16:47:39.698Z][pid 39844][tid 11304] WARN Status bar theme update skipped: cross-thread window (hwnd=0000000001B22CB0 ownerThread=39844)
[2025-11-28T16:47:39.706Z][pid 39844][tid 11304] WARN Status bar subclass skipped: cross-thread window (hwnd=0000000001B22CB0 thread=39844)
[2025-11-28T16:47:39.706Z][pid 39844][tid 11304] WARN Status bar theme update skipped: cross-thread window (hwnd=0000000001B22CB0 ownerThread=39844)
[2025-11-28T16:47:39.812Z][pid 39844][tid 11304] WARN Status bar subclass skipped: cross-thread window (hwnd=0000000001B22CB0 thread=39844)
[2025-11-28T16:47:39.813Z][pid 39844][tid 11304] WARN Status bar theme update skipped: cross-thread window (hwnd=0000000001B22CB0 ownerThread=39844)
[2025-11-28T16:47:41.465Z][pid 39844][tid 11304] WARN Status bar subclass skipped: cross-thread window (hwnd=0000000001B22CB0 thread=39844)
[2025-11-28T16:47:41.465Z][pid 39844][tid 11304] WARN Status bar theme update skipped: cross-thread window (hwnd=0000000001B22CB0 ownerThread=39844)
[2025-11-28T16:47:41.473Z][pid 39844][tid 11304] WARN Status bar subclass skipped: cross-thread window (hwnd=0000000001B22CB0 thread=39844)
[2025-11-28T16:47:41.473Z][pid 39844][tid 11304] WARN Status bar theme update skipped: cross-thread window (hwnd=0000000001B22CB0 ownerThread=39844)
[2025-11-28T16:47:41.480Z][pid 39844][tid 11304] WARN Status bar subclass skipped: cross-thread window (hwnd=0000000001B22CB0 thread=39844)
[2025-11-28T16:47:41.481Z][pid 39844][tid 11304] WARN Status bar theme update skipped: cross-thread window (hwnd=0000000001B22CB0 ownerThread=39844)
[2025-11-28T16:47:41.488Z][pid 39844][tid 11304] WARN Status bar subclass skipped: cross-thread window (hwnd=0000000001B22CB0 thread=39844)
[2025-11-28T16:47:41.488Z][pid 39844][tid 11304] WARN Status bar theme update skipped: cross-thread window (hwnd=0000000001B22CB0 ownerThread=39844)
[2025-11-28T16:47:41.496Z][pid 39844][tid 11304] WARN Status bar subclass skipped: cross-thread window (hwnd=0000000001B22CB0 thread=39844)
[2025-11-28T16:47:41.496Z][pid 39844][tid 11304] WARN Status bar theme update skipped: cross-thread window (hwnd=0000000001B22CB0 ownerThread=39844)
[2025-11-28T16:47:41.500Z][pid 39844][tid 11304] WARN Status bar subclass skipped: cross-thread window (hwnd=0000000001B22CB0 thread=39844)
[2025-11-28T16:47:41.500Z][pid 39844][tid 11304] WARN Status bar theme update skipped: cross-thread window (hwnd=0000000001B22CB0 ownerThread=39844)
[2025-11-28T16:47:41.515Z][pid 39844][tid 11304] WARN Status bar subclass skipped: cross-thread window (hwnd=0000000001B22CB0 thread=39844)
[2025-11-28T16:47:41.516Z][pid 39844][tid 11304] WARN Status bar theme update skipped: cross-thread window (hwnd=0000000001B22CB0 ownerThread=39844)
[2025-11-28T16:47:42.558Z][pid 39844][tid 11304] WARN Status bar subclass skipped: cross-thread window (hwnd=0000000001B22CB0 thread=39844)
[2025-11-28T16:47:42.558Z][pid 39844][tid 11304] WARN Status bar theme update skipped: cross-thread window (hwnd=0000000001B22CB0 ownerThread=39844)
[2025-11-28T16:47:42.632Z][pid 39844][tid 11304] WARN Status bar subclass skipped: cross-thread window (hwnd=0000000001B22CB0 thread=39844)
[2025-11-28T16:47:42.632Z][pid 39844][tid 11304] WARN Status bar theme update skipped: cross-thread window (hwnd=0000000001B22CB0 ownerThread=39844)
[2025-11-28T16:47:42.632Z][pid 39844][tid 11304] WARN Status bar subclass skipped: cross-thread window (hwnd=0000000001B22CB0 thread=39844)
[2025-11-28T16:47:42.632Z][pid 39844][tid 11304] WARN Status bar theme update skipped: cross-thread window (hwnd=0000000001B22CB0 ownerThread=39844)
[2025-11-28T16:47:42.730Z][pid 39844][tid 11304] WARN Status bar subclass skipped: cross-thread window (hwnd=0000000001B22CB0 thread=39844)
[2025-11-28T16:47:42.731Z][pid 39844][tid 11304] WARN Status bar theme update skipped: cross-thread window (hwnd=0000000001B22CB0 ownerThread=39844)
[2025-11-28T16:47:42.731Z][pid 39844][tid 11304] INFO Registered glow surface edit (hwnd=00000000060F2E3E)
[2025-11-28T16:47:42.731Z][pid 39844][tid 11304] WARN Status bar theme update skipped: cross-thread window (hwnd=0000000001B22CB0 ownerThread=39844)
[2025-11-28T16:47:42.732Z][pid 39844][tid 11304] WARN Status bar subclass skipped: cross-thread window (hwnd=0000000001B22CB0 thread=39844)
[2025-11-28T16:47:42.733Z][pid 39844][tid 11304] WARN Status bar theme update skipped: cross-thread window (hwnd=0000000001B22CB0 ownerThread=39844)
[2025-11-28T16:47:42.790Z][pid 39844][tid 11304] WARN Status bar subclass skipped: cross-thread window (hwnd=0000000001B22CB0 thread=39844)
[2025-11-28T16:47:42.790Z][pid 39844][tid 11304] WARN Status bar theme update skipped: cross-thread window (hwnd=0000000001B22CB0 ownerThread=39844)
[2025-11-28T16:47:42.812Z][pid 39844][tid 11304] WARN Status bar subclass skipped: cross-thread window (hwnd=0000000001B22CB0 thread=39844)
[2025-11-28T16:47:42.813Z][pid 39844][tid 11304] WARN Status bar theme update skipped: cross-thread window (hwnd=0000000001B22CB0 ownerThread=39844)
[2025-11-28T16:47:42.835Z][pid 39844][tid 11304] WARN Status bar subclass skipped: cross-thread window (hwnd=0000000001B22CB0 thread=39844)
[2025-11-28T16:47:42.837Z][pid 39844][tid 11304] WARN Status bar theme update skipped: cross-thread window (hwnd=0000000001B22CB0 ownerThread=39844)
[2025-11-28T16:47:42.869Z][pid 39844][tid 11304] WARN Status bar subclass skipped: cross-thread window (hwnd=0000000001B22CB0 thread=39844)
[2025-11-28T16:47:42.870Z][pid 39844][tid 11304] WARN Status bar theme update skipped: cross-thread window (hwnd=0000000001B22CB0 ownerThread=39844)
[2025-11-28T16:47:42.925Z][pid 39844][tid 11304] WARN Status bar subclass skipped: cross-thread window (hwnd=0000000001B22CB0 thread=39844)
[2025-11-28T16:47:42.925Z][pid 39844][tid 11304] WARN Status bar theme update skipped: cross-thread window (hwnd=0000000001B22CB0 ownerThread=39844)
[2025-11-28T16:47:42.932Z][pid 39844][tid 11304] WARN Status bar subclass skipped: cross-thread window (hwnd=0000000001B22CB0 thread=39844)
[2025-11-28T16:47:42.932Z][pid 39844][tid 11304] WARN Status bar theme update skipped: cross-thread window (hwnd=0000000001B22CB0 ownerThread=39844)
[2025-11-28T16:47:42.955Z][pid 39844][tid 11304] WARN Status bar subclass skipped: cross-thread window (hwnd=0000000001B22CB0 thread=39844)
[2025-11-28T16:47:42.956Z][pid 39844][tid 11304] WARN Status bar theme update skipped: cross-thread window (hwnd=0000000001B22CB0 ownerThread=39844)
[2025-11-28T16:47:42.963Z][pid 39844][tid 11304] WARN Status bar subclass skipped: cross-thread window (hwnd=0000000001B22CB0 thread=39844)
[2025-11-28T16:47:42.963Z][pid 39844][tid 11304] WARN Status bar theme update skipped: cross-thread window (hwnd=0000000001B22CB0 ownerThread=39844)
[2025-11-28T16:47:42.978Z][pid 39844][tid 11304] WARN Status bar subclass skipped: cross-thread window (hwnd=0000000001B22CB0 thread=39844)
[2025-11-28T16:47:42.979Z][pid 39844][tid 11304] WARN Status bar theme update skipped: cross-thread window (hwnd=0000000001B22CB0 ownerThread=39844)
[2025-11-28T16:47:42.981Z][pid 39844][tid 11304] WARN Status bar subclass skipped: cross-thread window (hwnd=0000000001B22CB0 thread=39844)
[2025-11-28T16:47:42.982Z][pid 39844][tid 11304] WARN Status bar theme update skipped: cross-thread window (hwnd=0000000001B22CB0 ownerThread=39844)
[2025-11-28T16:47:42.995Z][pid 39844][tid 11304] WARN Status bar subclass skipped: cross-thread window (hwnd=0000000001B22CB0 thread=39844)
[2025-11-28T16:47:42.996Z][pid 39844][tid 11304] WARN Status bar theme update skipped: cross-thread window (hwnd=0000000001B22CB0 ownerThread=39844)
[2025-11-28T16:47:43.001Z][pid 39844][tid 11304] WARN Status bar subclass skipped: cross-thread window (hwnd=0000000001B22CB0 thread=39844)
[2025-11-28T16:47:43.002Z][pid 39844][tid 11304] WARN Status bar theme update skipped: cross-thread window (hwnd=0000000001B22CB0 ownerThread=39844)
[2025-11-28T16:47:43.014Z][pid 39844][tid 11304] WARN Status bar subclass skipped: cross-thread window (hwnd=0000000001B22CB0 thread=39844)
[2025-11-28T16:47:43.015Z][pid 39844][tid 11304] WARN Status bar theme update skipped: cross-thread window (hwnd=0000000001B22CB0 ownerThread=39844)
[2025-11-28T16:47:43.027Z][pid 39844][tid 11304] WARN Status bar subclass skipped: cross-thread window (hwnd=0000000001B22CB0 thread=39844)
[2025-11-28T16:47:43.028Z][pid 39844][tid 11304] WARN Status bar theme update skipped: cross-thread window (hwnd=0000000001B22CB0 ownerThread=39844)
[2025-11-28T16:47:43.056Z][pid 39844][tid 11304] WARN Status bar subclass skipped: cross-thread window (hwnd=0000000001B22CB0 thread=39844)
[2025-11-28T16:47:43.056Z][pid 39844][tid 11304] WARN Status bar theme update skipped: cross-thread window (hwnd=0000000001B22CB0 ownerThread=39844)
[2025-11-28T16:47:43.850Z][pid 39844][tid 11304] WARN Status bar subclass skipped: cross-thread window (hwnd=0000000001B22CB0 thread=39844)
[2025-11-28T16:47:43.851Z][pid 39844][tid 11304] WARN Status bar theme update skipped: cross-thread window (hwnd=0000000001B22CB0 ownerThread=39844)
[2025-11-28T16:47:44.011Z][pid 39844][tid 11304] WARN Status bar subclass skipped: cross-thread window (hwnd=0000000001B22CB0 thread=39844)
[2025-11-28T16:47:44.011Z][pid 39844][tid 11304] WARN Status bar theme update skipped: cross-thread window (hwnd=0000000001B22CB0 ownerThread=39844)
[2025-11-28T16:47:44.113Z][pid 39844][tid 11304] WARN Status bar subclass skipped: cross-thread window (hwnd=0000000001B22CB0 thread=39844)
[2025-11-28T16:47:44.114Z][pid 39844][tid 11304] WARN Status bar theme update skipped: cross-thread window (hwnd=0000000001B22CB0 ownerThread=39844)
[2025-11-28T16:47:44.258Z][pid 39844][tid 11304] WARN Status bar subclass skipped: cross-thread window (hwnd=0000000001B22CB0 thread=39844)
[2025-11-28T16:47:44.258Z][pid 39844][tid 11304] WARN Status bar theme update skipped: cross-thread window (hwnd=0000000001B22CB0 ownerThread=39844)
[2025-11-28T16:47:44.365Z][pid 39844][tid 11304] WARN Status bar subclass skipped: cross-thread window (hwnd=0000000001B22CB0 thread=39844)
[2025-11-28T16:47:44.366Z][pid 39844][tid 11304] WARN Status bar theme update skipped: cross-thread window (hwnd=0000000001B22CB0 ownerThread=39844)
[2025-11-28T16:47:44.572Z][pid 39844][tid 11304] WARN Status bar subclass skipped: cross-thread window (hwnd=0000000001B22CB0 thread=39844)
[2025-11-28T16:47:44.572Z][pid 39844][tid 11304] WARN Status bar theme update skipped: cross-thread window (hwnd=0000000001B22CB0 ownerThread=39844)
[2025-11-28T16:47:44.710Z][pid 39844][tid 11304] WARN Status bar subclass skipped: cross-thread window (hwnd=0000000001B22CB0 thread=39844)
[2025-11-28T16:47:44.711Z][pid 39844][tid 11304] WARN Status bar theme update skipped: cross-thread window (hwnd=0000000001B22CB0 ownerThread=39844)
[2025-11-28T16:47:44.800Z][pid 39844][tid 11304] WARN Status bar subclass skipped: cross-thread window (hwnd=0000000001B22CB0 thread=39844)
[2025-11-28T16:47:44.800Z][pid 39844][tid 11304] WARN Status bar theme update skipped: cross-thread window (hwnd=0000000001B22CB0 ownerThread=39844)
[2025-11-28T16:47:44.905Z][pid 39844][tid 11304] WARN Status bar subclass skipped: cross-thread window (hwnd=0000000001B22CB0 thread=39844)
[2025-11-28T16:47:44.906Z][pid 39844][tid 11304] WARN Status bar theme update skipped: cross-thread window (hwnd=0000000001B22CB0 ownerThread=39844)
[2025-11-28T16:47:45.779Z][pid 39844][tid 11304] WARN Status bar subclass skipped: cross-thread window (hwnd=0000000001B22CB0 thread=39844)
[2025-11-28T16:47:45.780Z][pid 39844][tid 11304] WARN Status bar theme update skipped: cross-thread window (hwnd=0000000001B22CB0 ownerThread=39844)
[2025-11-28T16:47:45.780Z][pid 39844][tid 11304] WARN Status bar subclass skipped: cross-thread window (hwnd=0000000001B22CB0 thread=39844)
[2025-11-28T16:47:45.781Z][pid 39844][tid 11304] WARN Status bar theme update skipped: cross-thread window (hwnd=0000000001B22CB0 ownerThread=39844)
[2025-11-28T16:47:45.961Z][pid 39844][tid 11304] WARN Status bar subclass skipped: cross-thread window (hwnd=0000000001B22CB0 thread=39844)
[2025-11-28T16:47:45.961Z][pid 39844][tid 11304] WARN Status bar theme update skipped: cross-thread window (hwnd=0000000001B22CB0 ownerThread=39844)
[2025-11-28T16:47:46.040Z][pid 39844][tid 11304] WARN Status bar subclass skipped: cross-thread window (hwnd=0000000001B22CB0 thread=39844)
[2025-11-28T16:47:46.041Z][pid 39844][tid 11304] WARN Status bar theme update skipped: cross-thread window (hwnd=0000000001B22CB0 ownerThread=39844)
[2025-11-28T16:47:46.061Z][pid 39844][tid 11304] WARN Status bar subclass skipped: cross-thread window (hwnd=0000000001B22CB0 thread=39844)
[2025-11-28T16:47:46.062Z][pid 39844][tid 11304] WARN Status bar theme update skipped: cross-thread window (hwnd=0000000001B22CB0 ownerThread=39844)
[2025-11-28T16:47:46.070Z][pid 39844][tid 11304] WARN Status bar subclass skipped: cross-thread window (hwnd=0000000001B22CB0 thread=39844)
[2025-11-28T16:47:46.071Z][pid 39844][tid 11304] WARN Status bar theme update skipped: cross-thread window (hwnd=0000000001B22CB0 ownerThread=39844)
[2025-11-28T16:47:46.159Z][pid 39844][tid 11304] WARN Status bar subclass skipped: cross-thread window (hwnd=0000000001B22CB0 thread=39844)
[2025-11-28T16:47:46.159Z][pid 39844][tid 11304] WARN Status bar theme update skipped: cross-thread window (hwnd=0000000001B22CB0 ownerThread=39844)
[2025-11-28T16:47:46.233Z][pid 39844][tid 11304] WARN Status bar subclass skipped: cross-thread window (hwnd=0000000001B22CB0 thread=39844)
[2025-11-28T16:47:46.234Z][pid 39844][tid 11304] WARN Status bar theme update skipped: cross-thread window (hwnd=0000000001B22CB0 ownerThread=39844)
[2025-11-28T16:47:46.234Z][pid 39844][tid 11304] WARN Status bar subclass skipped: cross-thread window (hwnd=0000000001B22CB0 thread=39844)
[2025-11-28T16:47:46.234Z][pid 39844][tid 11304] WARN Status bar theme update skipped: cross-thread window (hwnd=0000000001B22CB0 ownerThread=39844)
[2025-11-28T16:47:46.234Z][pid 39844][tid 11304] WARN Status bar subclass skipped: cross-thread window (hwnd=0000000001B22CB0 thread=39844)
[2025-11-28T16:47:46.234Z][pid 39844][tid 11304] WARN Status bar theme update skipped: cross-thread window (hwnd=0000000001B22CB0 ownerThread=39844)
[2025-11-28T16:47:46.237Z][pid 39844][tid 11304] WARN Status bar subclass skipped: cross-thread window (hwnd=0000000001B22CB0 thread=39844)
[2025-11-28T16:47:46.237Z][pid 39844][tid 11304] WARN Status bar theme update skipped: cross-thread window (hwnd=0000000001B22CB0 ownerThread=39844)
[2025-11-28T16:47:46.239Z][pid 39844][tid 11304] WARN Status bar subclass skipped: cross-thread window (hwnd=0000000001B22CB0 thread=39844)
[2025-11-28T16:47:46.240Z][pid 39844][tid 11304] WARN Status bar theme update skipped: cross-thread window (hwnd=0000000001B22CB0 ownerThread=39844)
[2025-11-28T16:47:46.241Z][pid 39844][tid 11304] WARN Status bar subclass skipped: cross-thread window (hwnd=0000000001B22CB0 thread=39844)
[2025-11-28T16:47:46.241Z][pid 39844][tid 11304] WARN Status bar theme update skipped: cross-thread window (hwnd=0000000001B22CB0 ownerThread=39844)
[2025-11-28T16:47:46.245Z][pid 39844][tid 11304] WARN Status bar subclass skipped: cross-thread window (hwnd=0000000001B22CB0 thread=39844)
[2025-11-28T16:47:46.245Z][pid 39844][tid 11304] WARN Status bar theme update skipped: cross-thread window (hwnd=0000000001B22CB0 ownerThread=39844)
[2025-11-28T16:47:46.257Z][pid 39844][tid 11304] INFO TabBand::UpdateTabsUI applying 1 items
[2025-11-28T16:47:46.258Z][pid 39844][tid 11304] INFO Tab diff: +1 -1 move=0 update=0 rows=1 incremental=false
[2025-11-28T16:47:46.262Z][pid 39844][tid 11304] INFO Breadcrumb QueryService(IShellBrowser) failed: 0x80004001
[2025-11-28T16:47:46.262Z][pid 39844][tid 11304] INFO Breadcrumb ribbon frame discovered via IShellBrowser (hwnd=0000000000920832)
[2025-11-28T16:47:46.262Z][pid 39844][tid 11304] INFO Breadcrumb ribbon frame discovered via IWebBrowser2 (hwnd=0000000000920832)
[2025-11-28T16:47:46.262Z][pid 39844][tid 11304] INFO Breadcrumb toolbar located via window enumeration (hwnd=0000000001D327E8)
[2025-11-28T16:47:46.262Z][pid 39844][tid 11304] INFO Explorer pane creation watch cleared (view=0000000000000000)
[2025-11-28T16:47:46.262Z][pid 39844][tid 11304] WARN Status bar subclass removal skipped: cross-thread window (hwnd=0000000001B22CB0 thread=39844)
[2025-11-28T16:47:46.262Z][pid 39844][tid 11304] WARN Status bar reset skipped: cross-thread access (hwnd=0000000001B22CB0 ownerThread=39844)
[2025-11-28T16:47:46.262Z][pid 39844][tid 11304] INFO Cleared Open In New Tab pending state
[2025-11-28T16:47:46.263Z][pid 39844][tid 11304] INFO Installed shell view window subclass (view=0000000006102E3E)
[2025-11-28T16:47:46.263Z][pid 39844][tid 11304] INFO Installed explorer frame subclass (frame=0000000000A12E50)
[2025-11-28T16:47:46.263Z][pid 39844][tid 11304] INFO Cleared Open In New Tab pending state
[2025-11-28T16:47:46.263Z][pid 39844][tid 11304] INFO Explorer view base subclass ready (view=0000000006102E3E frame=0000000000A12E50)
[2025-11-28T16:47:46.263Z][pid 39844][tid 11304] VERBOSE DirectUI IUIElement unavailable (hr=0x80004001)
[2025-11-28T16:47:46.263Z][pid 39844][tid 11304] INFO Installed explorer DirectUI host subclass (direct=00000000028F2720)
[2025-11-28T16:47:46.263Z][pid 39844][tid 11304] INFO Installed explorer tree view subclass (tree=0000000000D52D1C)
[2025-11-28T16:47:46.263Z][pid 39844][tid 11304] INFO Explorer status bar discovered (hwnd=0000000001B22CB0)
[2025-11-28T16:47:46.263Z][pid 39844][tid 11304] WARN Status bar subclass skipped: cross-thread window (hwnd=0000000001B22CB0 thread=39844)
[2025-11-28T16:47:46.264Z][pid 39844][tid 11304] WARN Status bar theme update skipped: cross-thread window (hwnd=0000000001B22CB0 ownerThread=39844)
[2025-11-28T16:47:46.264Z][pid 39844][tid 11304] INFO Explorer pane creation watch armed (view=0000000006102E3E list=1 tree=0)
[2025-11-28T16:47:46.264Z][pid 39844][tid 11304] INFO Explorer pane fallback timer armed (view=0000000006102E3E delay=500)
[2025-11-28T16:47:46.264Z][pid 39844][tid 11304] INFO Explorer panes not ready: list view missing (view=0000000006102E3E)
[2025-11-28T16:47:46.264Z][pid 39844][tid 11304] INFO Explorer pane retry timer armed (view=0000000006102E3E delay=500 attempts=1)
[2025-11-28T16:47:46.264Z][pid 39844][tid 11304] INFO TabBand::UpdateTabsUI applying 1 items
[2025-11-28T16:47:46.265Z][pid 39844][tid 11304] INFO Breadcrumb QueryService(IShellBrowser) failed: 0x80004001
[2025-11-28T16:47:46.265Z][pid 39844][tid 11304] INFO Breadcrumb ribbon frame discovered via IShellBrowser (hwnd=0000000000920832)
[2025-11-28T16:47:46.265Z][pid 39844][tid 11304] INFO Breadcrumb ribbon frame discovered via IWebBrowser2 (hwnd=0000000000920832)
[2025-11-28T16:47:46.265Z][pid 39844][tid 11304] INFO Breadcrumb toolbar located via window enumeration (hwnd=0000000001D327E8)
[2025-11-28T16:47:46.265Z][pid 39844][tid 11304] INFO Explorer pane creation watch cleared (view=0000000006102E3E)
[2025-11-28T16:47:46.266Z][pid 39844][tid 11304] WARN Status bar subclass removal skipped: cross-thread window (hwnd=0000000001B22CB0 thread=39844)
[2025-11-28T16:47:46.266Z][pid 39844][tid 11304] WARN Status bar reset skipped: cross-thread access (hwnd=0000000001B22CB0 ownerThread=39844)
[2025-11-28T16:47:46.266Z][pid 39844][tid 11304] INFO Cleared Open In New Tab pending state
[2025-11-28T16:47:46.266Z][pid 39844][tid 11304] INFO Installed shell view window subclass (view=0000000006102E3E)
[2025-11-28T16:47:46.266Z][pid 39844][tid 11304] INFO Installed explorer frame subclass (frame=0000000000A12E50)
[2025-11-28T16:47:46.266Z][pid 39844][tid 11304] INFO Cleared Open In New Tab pending state
[2025-11-28T16:47:46.266Z][pid 39844][tid 11304] INFO Explorer view base subclass ready (view=0000000006102E3E frame=0000000000A12E50)
[2025-11-28T16:47:46.267Z][pid 39844][tid 11304] VERBOSE DirectUI IUIElement unavailable (hr=0x80004001)
[2025-11-28T16:47:46.267Z][pid 39844][tid 11304] INFO Installed explorer DirectUI host subclass (direct=00000000028F2720)
[2025-11-28T16:47:46.267Z][pid 39844][tid 11304] INFO Installed explorer tree view subclass (tree=0000000000D52D1C)
[2025-11-28T16:47:46.267Z][pid 39844][tid 11304] INFO Explorer status bar discovered (hwnd=0000000001B22CB0)
[2025-11-28T16:47:46.267Z][pid 39844][tid 11304] WARN Status bar subclass skipped: cross-thread window (hwnd=0000000001B22CB0 thread=39844)
[2025-11-28T16:47:46.268Z][pid 39844][tid 11304] WARN Status bar theme update skipped: cross-thread window (hwnd=0000000001B22CB0 ownerThread=39844)
[2025-11-28T16:47:46.268Z][pid 39844][tid 11304] INFO Explorer pane creation watch armed (view=0000000006102E3E list=1 tree=0)
[2025-11-28T16:47:46.268Z][pid 39844][tid 11304] INFO Explorer pane fallback timer armed (view=0000000006102E3E delay=500)
[2025-11-28T16:47:46.268Z][pid 39844][tid 11304] INFO Explorer panes not ready: list view missing (view=0000000006102E3E)
[2025-11-28T16:47:46.268Z][pid 39844][tid 11304] INFO Explorer pane retry timer armed (view=0000000006102E3E delay=500 attempts=1)
[2025-11-28T16:47:46.319Z][pid 39844][tid 11304] INFO TabBand::UpdateTabsUI applying 1 items
[2025-11-28T16:47:46.320Z][pid 39844][tid 11304] INFO Breadcrumb QueryService(IShellBrowser) failed: 0x80004001
[2025-11-28T16:47:46.320Z][pid 39844][tid 11304] INFO Breadcrumb ribbon frame discovered via IShellBrowser (hwnd=0000000000920832)
[2025-11-28T16:47:46.320Z][pid 39844][tid 11304] INFO Breadcrumb ribbon frame discovered via IWebBrowser2 (hwnd=0000000000920832)
[2025-11-28T16:47:46.321Z][pid 39844][tid 11304] INFO Breadcrumb toolbar located via window enumeration (hwnd=0000000001D327E8)
[2025-11-28T16:47:46.321Z][pid 39844][tid 11304] INFO Explorer pane creation watch cleared (view=0000000006102E3E)
[2025-11-28T16:47:46.321Z][pid 39844][tid 11304] WARN Status bar subclass removal skipped: cross-thread window (hwnd=0000000001B22CB0 thread=39844)
[2025-11-28T16:47:46.321Z][pid 39844][tid 11304] WARN Status bar reset skipped: cross-thread access (hwnd=0000000001B22CB0 ownerThread=39844)
[2025-11-28T16:47:46.321Z][pid 39844][tid 11304] INFO Cleared Open In New Tab pending state
[2025-11-28T16:47:46.321Z][pid 39844][tid 11304] INFO Installed shell view window subclass (view=0000000006102E3E)
[2025-11-28T16:47:46.321Z][pid 39844][tid 11304] INFO Installed explorer frame subclass (frame=0000000000A12E50)
[2025-11-28T16:47:46.321Z][pid 39844][tid 11304] INFO Cleared Open In New Tab pending state
[2025-11-28T16:47:46.321Z][pid 39844][tid 11304] INFO Explorer view base subclass ready (view=0000000006102E3E frame=0000000000A12E50)
[2025-11-28T16:47:46.322Z][pid 39844][tid 11304] VERBOSE DirectUI IUIElement unavailable (hr=0x80004001)
[2025-11-28T16:47:46.322Z][pid 39844][tid 11304] INFO Installed explorer DirectUI host subclass (direct=00000000028F2720)
[2025-11-28T16:47:46.322Z][pid 39844][tid 11304] INFO Installed explorer tree view subclass (tree=0000000000D52D1C)
[2025-11-28T16:47:46.322Z][pid 39844][tid 11304] INFO Explorer status bar discovered (hwnd=0000000001B22CB0)
[2025-11-28T16:47:46.322Z][pid 39844][tid 11304] WARN Status bar subclass skipped: cross-thread window (hwnd=0000000001B22CB0 thread=39844)
[2025-11-28T16:47:46.322Z][pid 39844][tid 11304] WARN Status bar theme update skipped: cross-thread window (hwnd=0000000001B22CB0 ownerThread=39844)
[2025-11-28T16:47:46.323Z][pid 39844][tid 11304] INFO Explorer pane creation watch armed (view=0000000006102E3E list=1 tree=0)
[2025-11-28T16:47:46.323Z][pid 39844][tid 11304] INFO Explorer pane fallback timer armed (view=0000000006102E3E delay=500)
[2025-11-28T16:47:46.323Z][pid 39844][tid 11304] INFO Explorer panes not ready: list view missing (view=0000000006102E3E)
[2025-11-28T16:47:46.323Z][pid 39844][tid 11304] INFO Explorer pane retry timer armed (view=0000000006102E3E delay=500 attempts=1)
[2025-11-28T16:47:46.349Z][pid 39844][tid 11304] INFO Installed explorer list host subclass (host=0000000000A12E50)
[2025-11-28T16:47:46.349Z][pid 39844][tid 11304] INFO Installed explorer list host subclass (host=0000000001262E2E)
[2025-11-28T16:47:46.349Z][pid 39844][tid 11304] INFO Installed explorer list host subclass (host=0000000002182DE6)
[2025-11-28T16:47:46.349Z][pid 39844][tid 11304] INFO Installed explorer list host subclass (host=0000000000920832)
[2025-11-28T16:47:46.349Z][pid 39844][tid 11304] INFO Installed explorer list host subclass (host=0000000000B426A6)
[2025-11-28T16:47:46.349Z][pid 39844][tid 11304] WARN Status bar subclass skipped: cross-thread window (hwnd=0000000001B22CB0 thread=39844)
[2025-11-28T16:47:46.350Z][pid 39844][tid 11304] WARN Status bar theme update skipped: cross-thread window (hwnd=0000000001B22CB0 ownerThread=39844)
[2025-11-28T16:47:46.350Z][pid 39844][tid 11304] WARN Status bar subclass skipped: cross-thread window (hwnd=0000000001B22CB0 thread=39844)
[2025-11-28T16:47:46.350Z][pid 39844][tid 11304] WARN Status bar theme update skipped: cross-thread window (hwnd=0000000001B22CB0 ownerThread=39844)
