=== ShellTabs logging started for C:\Windows\Explorer.exe ===
[2025-11-26T20:12:58.594Z][pid 17808][tid 33928] INFO DllMain PROCESS_ATTACH for C:\Windows\Explorer.exe
[2025-11-26T20:12:59.005Z][pid 17808][tid 33928] INFO CompositionIntercept: hooks initialized
[2025-11-26T20:12:59.743Z][pid 17808][tid 33928] INFO ThemeHooks: installed theme detours (including line drawing hooks)
[2025-11-26T20:12:59.755Z][pid 17808][tid 33928] INFO ExplorerRibbonHook: Initializing ribbon hooks...
[2025-11-26T20:12:59.755Z][pid 17808][tid 33928] INFO RibbonCommandHandler: Registered callback for command 50100
[2025-11-26T20:12:59.756Z][pid 17808][tid 33928] INFO RibbonCommandHandler: Registered callback for command 50101
[2025-11-26T20:12:59.756Z][pid 17808][tid 33928] INFO RibbonCommandHandler: Registered callback for command 50102
[2025-11-26T20:12:59.756Z][pid 17808][tid 33928] INFO RibbonCommandHandler: Registered callback for command 50103
[2025-11-26T20:12:59.756Z][pid 17808][tid 33928] INFO RibbonCommandHandler: Registered callback for command 50104
[2025-11-26T20:12:59.756Z][pid 17808][tid 33928] INFO ComVTableHook: MinHook already initialized by another subsystem; reusing state
[2025-11-26T20:12:59.798Z][pid 17808][tid 33928] INFO ComVTableHook: Successfully hooked CoCreateInstance
[2025-11-26T20:12:59.798Z][pid 17808][tid 33928] INFO ComVTableHook: Registered class hook for {926749FA-2615-4987-8845-C33E65F2B957}
[2025-11-26T20:12:59.798Z][pid 17808][tid 33928] INFO ExplorerRibbonHook: Ribbon hooks initialized successfully
[2025-11-26T20:12:59.799Z][pid 17808][tid 33928] INFO InitCommonControlsEx succeeded
[2025-11-26T20:12:59.995Z][pid 17808][tid 13356] INFO TabBand constructed (this=000000001D098C40)
[2025-11-26T20:12:59.996Z][pid 17808][tid 13356] INFO TabBand::SetSite begin (this=000000001D098C40, site=00000000238A2278)
[2025-11-26T20:12:59.997Z][pid 17808][tid 13356] INFO TabBand::DisconnectSite (this=000000001D098C40)
[2025-11-26T20:12:59.997Z][pid 17808][tid 13356] INFO TabBand::SetSite resolved browser interfaces
[2025-11-26T20:12:59.997Z][pid 17808][tid 13356] INFO TabBand::SetSite EnsureWindow
[2025-11-26T20:12:59.997Z][pid 17808][tid 13356] INFO TabBand::EnsureWindow creating band window (this=000000001D098C40)
[2025-11-26T20:13:00.033Z][pid 17808][tid 13356] INFO TabBand::EnsureWindow created window hwnd=0000000003A205D4
[2025-11-26T20:13:00.034Z][pid 17808][tid 13356] INFO TabBand::SetSite EnsureSessionStore
[2025-11-26T20:13:00.034Z][pid 17808][tid 13356] INFO TabBand::EnsureSessionStore resolving storage (this=000000001D098C40)
[2025-11-26T20:13:00.040Z][pid 17808][tid 13356] INFO TabBand::ResolveWindowToken adopted crashed session token 17AF8E9A-654F-486A-B09D-F1DBF572F736
[2025-11-26T20:13:00.040Z][pid 17808][tid 13356] INFO TabBand::EnsureSessionStore window token 17AF8E9A-654F-486A-B09D-F1DBF572F736
[2025-11-26T20:13:00.040Z][pid 17808][tid 13356] INFO TabBand::EnsureSessionStore using storage path C:\Users\ben\AppData\Roaming\ShellTabs\session-17AF8E9A-654F-486A-B09D-F1DBF572F736.db
[2025-11-26T20:13:00.041Z][pid 17808][tid 13356] INFO TabBand::SetSite BrowserEvents connected
[2025-11-26T20:13:00.041Z][pid 17808][tid 13356] INFO TabBand::SetSite InitializeTabs
[2025-11-26T20:13:00.041Z][pid 17808][tid 13356] INFO TabBand::InitializeTabs - begin
[2025-11-26T20:13:00.041Z][pid 17808][tid 13356] INFO TabBand::InitializeTabs - end
[2025-11-26T20:13:00.042Z][pid 17808][tid 13356] INFO TabBand::SetSite UpdateTabsUI (initial)
[2025-11-26T20:13:00.042Z][pid 17808][tid 13356] INFO TabBand::UpdateTabsUI applying 1 items
[2025-11-26T20:13:00.042Z][pid 17808][tid 13356] INFO TabBand::SetSite completed successfully
[2025-11-26T20:13:00.042Z][pid 17808][tid 38172] INFO TabBand::RunBackgroundInitialization begin (this=000000001D098C40, seq=1)
[2025-11-26T20:13:00.045Z][pid 17808][tid 38172] INFO TabBand session crash marker created
[2025-11-26T20:13:00.127Z][pid 17808][tid 13356] INFO DirectUIReplacementHook: MH_Initialize already satisfied (status=1)
[2025-11-26T20:13:00.128Z][pid 17808][tid 13356] ERROR DirectUIReplacementHook: Failed to create CreateWindowExW hook (status=3)
[2025-11-26T20:13:00.128Z][pid 17808][tid 13356] WARN DirectUIReplacementHook: Cleaning up after hook failure (CreateWindowExW create)
[2025-11-26T20:13:00.128Z][pid 17808][tid 13356] WARN Failed to initialize DirectUI replacement system
[2025-11-26T20:13:00.129Z][pid 17808][tid 13356] INFO CExplorerBHO::SetSite attaching to site=000000001DE4E338
[2025-11-26T20:13:00.130Z][pid 17808][tid 13356] INFO Cleared Open In New Tab pending state
[2025-11-26T20:13:00.131Z][pid 17808][tid 13356] INFO EnsureBandVisible: invoking ShowBrowserBar for host=00000000034309D2 (attempt 1)
[2025-11-26T20:13:00.132Z][pid 17808][tid 13356] INFO EnsureBandVisible: ShowBrowserBar succeeded for host=00000000034309D2 on attempt 1
[2025-11-26T20:13:00.133Z][pid 17808][tid 13356] INFO Installed progress gradient subclass on hwnd=00000000002F2D8A
[2025-11-26T20:13:00.133Z][pid 17808][tid 13356] INFO Installed travel band subclass (band=0000000005212CAA toolbar=0000000006EB067E)
[2025-11-26T20:13:00.133Z][pid 17808][tid 13356] INFO Breadcrumb CBT hook installed for thread 13356
[2025-11-26T20:13:00.133Z][pid 17808][tid 13356] INFO Breadcrumb gradients enabled; locating toolbar (installed=0 background=0 text=1)
[2025-11-26T20:13:00.133Z][pid 17808][tid 13356] INFO Breadcrumb QueryService(IShellBrowser) failed: 0x80004001
[2025-11-26T20:13:00.134Z][pid 17808][tid 13356] INFO Breadcrumb ribbon frame discovered via IShellBrowser (hwnd=0000000003042E52)
[2025-11-26T20:13:00.134Z][pid 17808][tid 13356] INFO Breadcrumb toolbar located via deep enumeration (hwnd=0000000002C728B0)
[2025-11-26T20:13:00.134Z][pid 17808][tid 13356] INFO Installed breadcrumb gradient subclass on hwnd=0000000002C728B0
[2025-11-26T20:13:00.134Z][pid 17808][tid 13356] INFO Installed progress gradient subclass on hwnd=00000000002F2D8A
[2025-11-26T20:13:00.134Z][pid 17808][tid 13356] INFO Breadcrumb gradients enabled; locating toolbar (installed=1 background=0 text=1)
[2025-11-26T20:13:00.134Z][pid 17808][tid 13356] INFO Breadcrumb QueryService(IShellBrowser) failed: 0x80004001
[2025-11-26T20:13:00.135Z][pid 17808][tid 13356] INFO Breadcrumb ribbon frame discovered via IShellBrowser (hwnd=0000000003042E52)
[2025-11-26T20:13:00.135Z][pid 17808][tid 13356] INFO Breadcrumb toolbar located via deep enumeration (hwnd=0000000002C728B0)
[2025-11-26T20:13:00.135Z][pid 17808][tid 13356] INFO Cleared Open In New Tab pending state
[2025-11-26T20:13:00.189Z][pid 17808][tid 13356] INFO ComVTableHook: Intercepted creation of {926749FA-2615-4987-8845-C33E65F2B957}
[2025-11-26T20:13:00.189Z][pid 17808][tid 13356] INFO ExplorerRibbonHook: IUIFramework created, setting up hooks...
[2025-11-26T20:13:00.190Z][pid 17808][tid 13356] INFO ExplorerRibbonHook: Setting up IUIFramework vtable hooks...
[2025-11-26T20:13:00.190Z][pid 17808][tid 13356] INFO ComVTableHook::HookMethod: Successfully hooked vtable[3] for vtable 00007FF97CD8A048
[2025-11-26T20:13:00.190Z][pid 17808][tid 13356] INFO ComVTableHook::HookMethod: Successfully hooked vtable[5] for vtable 00007FF97CD8A048
[2025-11-26T20:13:00.190Z][pid 17808][tid 13356] INFO ExplorerRibbonHook: IUIFramework vtable hooks installed
[2025-11-26T20:13:00.190Z][pid 17808][tid 13356] INFO ExplorerRibbonHook: IUIFramework::Initialize called for hwnd=00000000034309D2
[2025-11-26T20:13:00.202Z][pid 17808][tid 13356] INFO ExplorerRibbonHook: Ribbon framework initialized for window 00000000034309D2
[2025-11-26T20:13:00.202Z][pid 17808][tid 13356] INFO ExplorerRibbonHook: IUIFramework::LoadUI called (instance=00007FF9C5AB0000, resourceName=EXPLORER_RIBBON)
[2025-11-26T20:13:00.359Z][pid 17808][tid 13356] INFO ExplorerRibbonHook: Original LoadUI succeeded, injecting custom tab...
[2025-11-26T20:13:00.359Z][pid 17808][tid 13356] INFO ExplorerRibbonHook: InjectCustomRibbonTab called for hwnd=0000000000000000
[2025-11-26T20:13:00.359Z][pid 17808][tid 13356] VERBOSE ExplorerRibbonHook: Invalidated command 50000
[2025-11-26T20:13:00.359Z][pid 17808][tid 13356] VERBOSE ExplorerRibbonHook: Invalidated command 50001
[2025-11-26T20:13:00.359Z][pid 17808][tid 13356] VERBOSE ExplorerRibbonHook: Invalidated command 50002
[2025-11-26T20:13:00.359Z][pid 17808][tid 13356] VERBOSE ExplorerRibbonHook: Invalidated command 50003
[2025-11-26T20:13:00.359Z][pid 17808][tid 13356] VERBOSE ExplorerRibbonHook: Invalidated command 50004
[2025-11-26T20:13:00.359Z][pid 17808][tid 13356] VERBOSE ExplorerRibbonHook: Invalidated command 50005
[2025-11-26T20:13:00.359Z][pid 17808][tid 13356] VERBOSE ExplorerRibbonHook: Invalidated command 50006
[2025-11-26T20:13:00.360Z][pid 17808][tid 13356] VERBOSE ExplorerRibbonHook: Invalidated command 50007
[2025-11-26T20:13:00.360Z][pid 17808][tid 13356] VERBOSE ExplorerRibbonHook: Invalidated command 50008
[2025-11-26T20:13:00.360Z][pid 17808][tid 13356] VERBOSE ExplorerRibbonHook: Invalidated command 50009
[2025-11-26T20:13:00.360Z][pid 17808][tid 13356] VERBOSE ExplorerRibbonHook: Invalidated command 50010
[2025-11-26T20:13:00.360Z][pid 17808][tid 13356] VERBOSE ExplorerRibbonHook: Invalidated command 50011
[2025-11-26T20:13:00.360Z][pid 17808][tid 13356] VERBOSE ExplorerRibbonHook: Invalidated command 50012
[2025-11-26T20:13:00.360Z][pid 17808][tid 13356] VERBOSE ExplorerRibbonHook: Invalidated command 50013
[2025-11-26T20:13:00.360Z][pid 17808][tid 13356] VERBOSE ExplorerRibbonHook: Invalidated command 50014
[2025-11-26T20:13:00.360Z][pid 17808][tid 13356] VERBOSE ExplorerRibbonHook: Invalidated command 50015
[2025-11-26T20:13:00.360Z][pid 17808][tid 13356] VERBOSE ExplorerRibbonHook: Invalidated command 50016
[2025-11-26T20:13:00.361Z][pid 17808][tid 13356] VERBOSE ExplorerRibbonHook: Invalidated command 50017
[2025-11-26T20:13:00.361Z][pid 17808][tid 13356] VERBOSE ExplorerRibbonHook: Invalidated command 50018
[2025-11-26T20:13:00.361Z][pid 17808][tid 13356] VERBOSE ExplorerRibbonHook: Invalidated command 50019
[2025-11-26T20:13:00.361Z][pid 17808][tid 13356] VERBOSE ExplorerRibbonHook: Invalidated command 50020
[2025-11-26T20:13:00.361Z][pid 17808][tid 13356] VERBOSE ExplorerRibbonHook: Invalidated command 50021
[2025-11-26T20:13:00.361Z][pid 17808][tid 13356] VERBOSE ExplorerRibbonHook: Invalidated command 50022
[2025-11-26T20:13:00.361Z][pid 17808][tid 13356] VERBOSE ExplorerRibbonHook: Invalidated command 50023
[2025-11-26T20:13:00.361Z][pid 17808][tid 13356] VERBOSE ExplorerRibbonHook: Invalidated command 50024
[2025-11-26T20:13:00.361Z][pid 17808][tid 13356] VERBOSE ExplorerRibbonHook: Invalidated command 50025
[2025-11-26T20:13:00.362Z][pid 17808][tid 13356] VERBOSE ExplorerRibbonHook: Invalidated command 50026
[2025-11-26T20:13:00.362Z][pid 17808][tid 13356] VERBOSE ExplorerRibbonHook: Invalidated command 50027
[2025-11-26T20:13:00.362Z][pid 17808][tid 13356] VERBOSE ExplorerRibbonHook: Invalidated command 50028
[2025-11-26T20:13:00.362Z][pid 17808][tid 13356] VERBOSE ExplorerRibbonHook: Invalidated command 50029
[2025-11-26T20:13:00.362Z][pid 17808][tid 13356] VERBOSE ExplorerRibbonHook: Invalidated command 50030
[2025-11-26T20:13:00.362Z][pid 17808][tid 13356] VERBOSE ExplorerRibbonHook: Invalidated command 50031
[2025-11-26T20:13:00.362Z][pid 17808][tid 13356] VERBOSE ExplorerRibbonHook: Invalidated command 50032
[2025-11-26T20:13:00.362Z][pid 17808][tid 13356] VERBOSE ExplorerRibbonHook: Invalidated command 50033
[2025-11-26T20:13:00.362Z][pid 17808][tid 13356] VERBOSE ExplorerRibbonHook: Invalidated command 50034
[2025-11-26T20:13:00.362Z][pid 17808][tid 13356] VERBOSE ExplorerRibbonHook: Invalidated command 50035
[2025-11-26T20:13:00.363Z][pid 17808][tid 13356] VERBOSE ExplorerRibbonHook: Invalidated command 50036
[2025-11-26T20:13:00.363Z][pid 17808][tid 13356] VERBOSE ExplorerRibbonHook: Invalidated command 50037
[2025-11-26T20:13:00.363Z][pid 17808][tid 13356] VERBOSE ExplorerRibbonHook: Invalidated command 50038
[2025-11-26T20:13:00.363Z][pid 17808][tid 13356] VERBOSE ExplorerRibbonHook: Invalidated command 50039
[2025-11-26T20:13:00.363Z][pid 17808][tid 13356] VERBOSE ExplorerRibbonHook: Invalidated command 50040
[2025-11-26T20:13:00.363Z][pid 17808][tid 13356] VERBOSE ExplorerRibbonHook: Invalidated command 50041
[2025-11-26T20:13:00.363Z][pid 17808][tid 13356] VERBOSE ExplorerRibbonHook: Invalidated command 50042
[2025-11-26T20:13:00.363Z][pid 17808][tid 13356] VERBOSE ExplorerRibbonHook: Invalidated command 50043
[2025-11-26T20:13:00.363Z][pid 17808][tid 13356] VERBOSE ExplorerRibbonHook: Invalidated command 50044
[2025-11-26T20:13:00.363Z][pid 17808][tid 13356] VERBOSE ExplorerRibbonHook: Invalidated command 50045
[2025-11-26T20:13:00.364Z][pid 17808][tid 13356] VERBOSE ExplorerRibbonHook: Invalidated command 50046
[2025-11-26T20:13:00.364Z][pid 17808][tid 13356] VERBOSE ExplorerRibbonHook: Invalidated command 50047
[2025-11-26T20:13:00.364Z][pid 17808][tid 13356] VERBOSE ExplorerRibbonHook: Invalidated command 50048
[2025-11-26T20:13:00.364Z][pid 17808][tid 13356] VERBOSE ExplorerRibbonHook: Invalidated command 50049
[2025-11-26T20:13:00.364Z][pid 17808][tid 13356] VERBOSE ExplorerRibbonHook: Invalidated command 50050
[2025-11-26T20:13:00.364Z][pid 17808][tid 13356] VERBOSE ExplorerRibbonHook: Invalidated command 50051
[2025-11-26T20:13:00.364Z][pid 17808][tid 13356] VERBOSE ExplorerRibbonHook: Invalidated command 50052
[2025-11-26T20:13:00.364Z][pid 17808][tid 13356] VERBOSE ExplorerRibbonHook: Invalidated command 50053
[2025-11-26T20:13:00.364Z][pid 17808][tid 13356] VERBOSE ExplorerRibbonHook: Invalidated command 50054
[2025-11-26T20:13:00.364Z][pid 17808][tid 13356] VERBOSE ExplorerRibbonHook: Invalidated command 50055
[2025-11-26T20:13:00.364Z][pid 17808][tid 13356] VERBOSE ExplorerRibbonHook: Invalidated command 50056
[2025-11-26T20:13:00.365Z][pid 17808][tid 13356] VERBOSE ExplorerRibbonHook: Invalidated command 50057
[2025-11-26T20:13:00.365Z][pid 17808][tid 13356] VERBOSE ExplorerRibbonHook: Invalidated command 50058
[2025-11-26T20:13:00.365Z][pid 17808][tid 13356] VERBOSE ExplorerRibbonHook: Invalidated command 50059
[2025-11-26T20:13:00.365Z][pid 17808][tid 13356] VERBOSE ExplorerRibbonHook: Invalidated command 50060
[2025-11-26T20:13:00.365Z][pid 17808][tid 13356] VERBOSE ExplorerRibbonHook: Invalidated command 50061
[2025-11-26T20:13:00.365Z][pid 17808][tid 13356] VERBOSE ExplorerRibbonHook: Invalidated command 50062
[2025-11-26T20:13:00.365Z][pid 17808][tid 13356] VERBOSE ExplorerRibbonHook: Invalidated command 50063
[2025-11-26T20:13:00.365Z][pid 17808][tid 13356] VERBOSE ExplorerRibbonHook: Invalidated command 50064
[2025-11-26T20:13:00.365Z][pid 17808][tid 13356] VERBOSE ExplorerRibbonHook: Invalidated command 50065
[2025-11-26T20:13:00.366Z][pid 17808][tid 13356] VERBOSE ExplorerRibbonHook: Invalidated command 50066
[2025-11-26T20:13:00.366Z][pid 17808][tid 13356] VERBOSE ExplorerRibbonHook: Invalidated command 50067
[2025-11-26T20:13:00.366Z][pid 17808][tid 13356] VERBOSE ExplorerRibbonHook: Invalidated command 50068
[2025-11-26T20:13:00.366Z][pid 17808][tid 13356] VERBOSE ExplorerRibbonHook: Invalidated command 50069
[2025-11-26T20:13:00.366Z][pid 17808][tid 13356] VERBOSE ExplorerRibbonHook: Invalidated command 50070
[2025-11-26T20:13:00.366Z][pid 17808][tid 13356] VERBOSE ExplorerRibbonHook: Invalidated command 50071
[2025-11-26T20:13:00.366Z][pid 17808][tid 13356] VERBOSE ExplorerRibbonHook: Invalidated command 50072
[2025-11-26T20:13:00.366Z][pid 17808][tid 13356] VERBOSE ExplorerRibbonHook: Invalidated command 50073
[2025-11-26T20:13:00.366Z][pid 17808][tid 13356] VERBOSE ExplorerRibbonHook: Invalidated command 50074
[2025-11-26T20:13:00.366Z][pid 17808][tid 13356] VERBOSE ExplorerRibbonHook: Invalidated command 50075
[2025-11-26T20:13:00.367Z][pid 17808][tid 13356] VERBOSE ExplorerRibbonHook: Invalidated command 50076
[2025-11-26T20:13:00.367Z][pid 17808][tid 13356] VERBOSE ExplorerRibbonHook: Invalidated command 50077
[2025-11-26T20:13:00.367Z][pid 17808][tid 13356] VERBOSE ExplorerRibbonHook: Invalidated command 50078
[2025-11-26T20:13:00.367Z][pid 17808][tid 13356] VERBOSE ExplorerRibbonHook: Invalidated command 50079
[2025-11-26T20:13:00.367Z][pid 17808][tid 13356] VERBOSE ExplorerRibbonHook: Invalidated command 50080
[2025-11-26T20:13:00.367Z][pid 17808][tid 13356] VERBOSE ExplorerRibbonHook: Invalidated command 50081
[2025-11-26T20:13:00.367Z][pid 17808][tid 13356] VERBOSE ExplorerRibbonHook: Invalidated command 50082
[2025-11-26T20:13:00.367Z][pid 17808][tid 13356] VERBOSE ExplorerRibbonHook: Invalidated command 50083
[2025-11-26T20:13:00.367Z][pid 17808][tid 13356] VERBOSE ExplorerRibbonHook: Invalidated command 50084
[2025-11-26T20:13:00.367Z][pid 17808][tid 13356] VERBOSE ExplorerRibbonHook: Invalidated command 50085
[2025-11-26T20:13:00.368Z][pid 17808][tid 13356] VERBOSE ExplorerRibbonHook: Invalidated command 50086
[2025-11-26T20:13:00.368Z][pid 17808][tid 13356] VERBOSE ExplorerRibbonHook: Invalidated command 50087
[2025-11-26T20:13:00.368Z][pid 17808][tid 13356] VERBOSE ExplorerRibbonHook: Invalidated command 50088
[2025-11-26T20:13:00.368Z][pid 17808][tid 13356] VERBOSE ExplorerRibbonHook: Invalidated command 50089
[2025-11-26T20:13:00.368Z][pid 17808][tid 13356] VERBOSE ExplorerRibbonHook: Invalidated command 50090
[2025-11-26T20:13:00.368Z][pid 17808][tid 13356] VERBOSE ExplorerRibbonHook: Invalidated command 50091
[2025-11-26T20:13:00.368Z][pid 17808][tid 13356] VERBOSE ExplorerRibbonHook: Invalidated command 50092
[2025-11-26T20:13:00.368Z][pid 17808][tid 13356] VERBOSE ExplorerRibbonHook: Invalidated command 50093
[2025-11-26T20:13:00.368Z][pid 17808][tid 13356] VERBOSE ExplorerRibbonHook: Invalidated command 50094
[2025-11-26T20:13:00.368Z][pid 17808][tid 13356] VERBOSE ExplorerRibbonHook: Invalidated command 50095
[2025-11-26T20:13:00.369Z][pid 17808][tid 13356] VERBOSE ExplorerRibbonHook: Invalidated command 50096
[2025-11-26T20:13:00.369Z][pid 17808][tid 13356] VERBOSE ExplorerRibbonHook: Invalidated command 50097
[2025-11-26T20:13:00.369Z][pid 17808][tid 13356] VERBOSE ExplorerRibbonHook: Invalidated command 50098
[2025-11-26T20:13:00.369Z][pid 17808][tid 13356] VERBOSE ExplorerRibbonHook: Invalidated command 50099
[2025-11-26T20:13:00.369Z][pid 17808][tid 13356] VERBOSE ExplorerRibbonHook: Invalidated command 50100
[2025-11-26T20:13:00.369Z][pid 17808][tid 13356] VERBOSE ExplorerRibbonHook: Invalidated command 50101
[2025-11-26T20:13:00.369Z][pid 17808][tid 13356] VERBOSE ExplorerRibbonHook: Invalidated command 50102
[2025-11-26T20:13:00.369Z][pid 17808][tid 13356] VERBOSE ExplorerRibbonHook: Invalidated command 50103
[2025-11-26T20:13:00.369Z][pid 17808][tid 13356] VERBOSE ExplorerRibbonHook: Invalidated command 50104
[2025-11-26T20:13:00.371Z][pid 17808][tid 13356] INFO ExplorerRibbonHook: Custom ribbon tab injection completed
[2025-11-26T20:13:00.371Z][pid 17808][tid 13356] INFO ExplorerRibbonHook: Note - To display the custom tab in Explorer's ribbon, you need to compile CustomRibbonTab.xml to a .bml resource and inject it through Explorer's ribbon binary modification or use a separate ribbon-enabled window.
[2025-11-26T20:13:00.400Z][pid 17808][tid 13356] INFO TabBand::HandleInitializationResult applying sequence 1
[2025-11-26T20:13:00.401Z][pid 17808][tid 13356] INFO TabBand::RestoreSession loaded 1 groups
[2025-11-26T20:13:00.403Z][pid 17808][tid 13356] INFO TabBand::UpdateTabsUI applying 1 items
[2025-11-26T20:13:00.404Z][pid 17808][tid 13356] INFO Breadcrumb QueryService(IShellBrowser) failed: 0x80004001
[2025-11-26T20:13:00.404Z][pid 17808][tid 13356] INFO Breadcrumb ribbon frame discovered via IShellBrowser (hwnd=0000000003042E52)
[2025-11-26T20:13:00.405Z][pid 17808][tid 13356] INFO Breadcrumb ribbon frame discovered via IWebBrowser2 (hwnd=0000000003042E52)
[2025-11-26T20:13:00.405Z][pid 17808][tid 13356] INFO Breadcrumb toolbar located via window enumeration (hwnd=0000000000440650)
[2025-11-26T20:13:00.405Z][pid 17808][tid 13356] INFO Installed breadcrumb gradient subclass on hwnd=0000000000440650
[2025-11-26T20:13:00.405Z][pid 17808][tid 13356] INFO Installed progress gradient subclass on hwnd=00000000002F2D8A
[2025-11-26T20:13:00.405Z][pid 17808][tid 13356] INFO Cleared Open In New Tab pending state
[2025-11-26T20:13:00.486Z][pid 17808][tid 13356] INFO TabBand::UpdateTabsUI applying 1 items
[2025-11-26T20:13:00.487Z][pid 17808][tid 13356] INFO Breadcrumb gradients enabled; locating toolbar (installed=1 background=0 text=1)
[2025-11-26T20:13:00.487Z][pid 17808][tid 13356] INFO Breadcrumb QueryService(IShellBrowser) failed: 0x80004001
[2025-11-26T20:13:00.488Z][pid 17808][tid 13356] INFO Breadcrumb ribbon frame discovered via IShellBrowser (hwnd=0000000003042E52)
[2025-11-26T20:13:00.488Z][pid 17808][tid 13356] INFO Breadcrumb ribbon frame discovered via IWebBrowser2 (hwnd=0000000003042E52)
[2025-11-26T20:13:00.488Z][pid 17808][tid 13356] INFO Breadcrumb toolbar located via window enumeration (hwnd=0000000000440650)
[2025-11-26T20:13:00.488Z][pid 17808][tid 13356] INFO Cleared Open In New Tab pending state
[2025-11-26T20:13:00.488Z][pid 17808][tid 13356] INFO Installed shell view window subclass (view=0000000000412340)
[2025-11-26T20:13:00.488Z][pid 17808][tid 13356] INFO Installed explorer frame subclass (frame=00000000034309D2)
[2025-11-26T20:13:00.488Z][pid 17808][tid 13356] INFO Cleared Open In New Tab pending state
[2025-11-26T20:13:00.489Z][pid 17808][tid 13356] INFO Explorer view base subclass ready (view=0000000000412340 frame=00000000034309D2)
[2025-11-26T20:13:00.489Z][pid 17808][tid 13356] VERBOSE DirectUI IUIElement unavailable (hr=0x80004001)
[2025-11-26T20:13:00.489Z][pid 17808][tid 13356] INFO Installed explorer DirectUI host subclass (direct=0000000003670A3E)
[2025-11-26T20:13:00.489Z][pid 17808][tid 13356] INFO Installed explorer tree view subclass (tree=0000000001A430A0)
[2025-11-26T20:13:00.490Z][pid 17808][tid 13356] INFO Explorer pane creation watch armed (view=0000000000412340 list=1 tree=0)
[2025-11-26T20:13:00.490Z][pid 17808][tid 13356] INFO Explorer pane fallback timer armed (view=0000000000412340 delay=500)
[2025-11-26T20:13:00.490Z][pid 17808][tid 13356] INFO Explorer panes not ready: list view missing (view=0000000000412340)
[2025-11-26T20:13:00.490Z][pid 17808][tid 13356] INFO Explorer pane retry timer armed (view=0000000000412340 delay=500 attempts=1)
[2025-11-26T20:13:00.490Z][pid 17808][tid 13356] INFO TabBand::UpdateTabsUI applying 1 items
[2025-11-26T20:13:00.491Z][pid 17808][tid 13356] INFO Breadcrumb QueryService(IShellBrowser) failed: 0x80004001
[2025-11-26T20:13:00.491Z][pid 17808][tid 13356] INFO Breadcrumb ribbon frame discovered via IShellBrowser (hwnd=0000000003042E52)
[2025-11-26T20:13:00.491Z][pid 17808][tid 13356] INFO Breadcrumb ribbon frame discovered via IWebBrowser2 (hwnd=0000000003042E52)
[2025-11-26T20:13:00.491Z][pid 17808][tid 13356] INFO Breadcrumb toolbar located via window enumeration (hwnd=0000000000440650)
[2025-11-26T20:13:00.491Z][pid 17808][tid 13356] INFO Explorer pane creation watch cleared (view=0000000000412340)
[2025-11-26T20:13:00.491Z][pid 17808][tid 13356] INFO Cleared Open In New Tab pending state
[2025-11-26T20:13:00.491Z][pid 17808][tid 13356] INFO Installed shell view window subclass (view=0000000000412340)
[2025-11-26T20:13:00.491Z][pid 17808][tid 13356] INFO Installed explorer frame subclass (frame=00000000034309D2)
[2025-11-26T20:13:00.492Z][pid 17808][tid 13356] INFO Cleared Open In New Tab pending state
[2025-11-26T20:13:00.492Z][pid 17808][tid 13356] INFO Explorer view base subclass ready (view=0000000000412340 frame=00000000034309D2)
[2025-11-26T20:13:00.492Z][pid 17808][tid 13356] VERBOSE DirectUI IUIElement unavailable (hr=0x80004001)
[2025-11-26T20:13:00.492Z][pid 17808][tid 13356] INFO Installed explorer DirectUI host subclass (direct=0000000003670A3E)
[2025-11-26T20:13:00.492Z][pid 17808][tid 13356] INFO Installed explorer tree view subclass (tree=0000000001A430A0)
[2025-11-26T20:13:00.492Z][pid 17808][tid 13356] INFO Explorer pane creation watch armed (view=0000000000412340 list=1 tree=0)
[2025-11-26T20:13:00.492Z][pid 17808][tid 13356] INFO Explorer pane fallback timer armed (view=0000000000412340 delay=500)
[2025-11-26T20:13:00.493Z][pid 17808][tid 13356] INFO Explorer panes not ready: list view missing (view=0000000000412340)
[2025-11-26T20:13:00.493Z][pid 17808][tid 13356] INFO Explorer pane retry timer armed (view=0000000000412340 delay=500 attempts=1)
[2025-11-26T20:13:00.508Z][pid 17808][tid 13356] INFO TabBand::UpdateTabsUI applying 1 items
[2025-11-26T20:13:00.517Z][pid 17808][tid 13356] INFO TabBand::UpdateTabsUI applying 1 items
[2025-11-26T20:13:00.518Z][pid 17808][tid 13356] INFO Breadcrumb QueryService(IShellBrowser) failed: 0x80004001
[2025-11-26T20:13:00.518Z][pid 17808][tid 13356] INFO Breadcrumb ribbon frame discovered via IShellBrowser (hwnd=0000000003042E52)
[2025-11-26T20:13:00.518Z][pid 17808][tid 13356] INFO Breadcrumb ribbon frame discovered via IWebBrowser2 (hwnd=0000000003042E52)
[2025-11-26T20:13:00.518Z][pid 17808][tid 13356] INFO Breadcrumb toolbar located via window enumeration (hwnd=0000000000440650)
[2025-11-26T20:13:00.518Z][pid 17808][tid 13356] INFO Explorer pane creation watch cleared (view=0000000000412340)
[2025-11-26T20:13:00.519Z][pid 17808][tid 13356] INFO Cleared Open In New Tab pending state
[2025-11-26T20:13:00.519Z][pid 17808][tid 13356] INFO Installed shell view window subclass (view=0000000000412340)
[2025-11-26T20:13:00.519Z][pid 17808][tid 13356] INFO Installed explorer frame subclass (frame=00000000034309D2)
[2025-11-26T20:13:00.519Z][pid 17808][tid 13356] INFO Cleared Open In New Tab pending state
[2025-11-26T20:13:00.519Z][pid 17808][tid 13356] INFO Explorer view base subclass ready (view=0000000000412340 frame=00000000034309D2)
[2025-11-26T20:13:00.519Z][pid 17808][tid 13356] VERBOSE DirectUI IUIElement unavailable (hr=0x80004001)
[2025-11-26T20:13:00.519Z][pid 17808][tid 13356] INFO Installed explorer DirectUI host subclass (direct=0000000003670A3E)
[2025-11-26T20:13:00.519Z][pid 17808][tid 13356] INFO Installed explorer tree view subclass (tree=0000000001A430A0)
[2025-11-26T20:13:00.520Z][pid 17808][tid 13356] INFO Explorer pane creation watch armed (view=0000000000412340 list=1 tree=0)
[2025-11-26T20:13:00.520Z][pid 17808][tid 13356] INFO Explorer pane fallback timer armed (view=0000000000412340 delay=500)
[2025-11-26T20:13:00.520Z][pid 17808][tid 13356] INFO Explorer panes not ready: list view missing (view=0000000000412340)
[2025-11-26T20:13:00.520Z][pid 17808][tid 13356] INFO Explorer pane retry timer armed (view=0000000000412340 delay=500 attempts=1)
[2025-11-26T20:13:00.528Z][pid 17808][tid 13356] INFO Installed explorer list host subclass (host=00000000034309D2)
[2025-11-26T20:13:00.528Z][pid 17808][tid 13356] INFO Installed explorer list host subclass (host=00000000019A0138)
[2025-11-26T20:13:00.528Z][pid 17808][tid 13356] INFO Installed explorer list host subclass (host=00000000015201C4)
[2025-11-26T20:13:00.528Z][pid 17808][tid 13356] INFO Installed explorer list host subclass (host=0000000003042E52)
[2025-11-26T20:13:00.529Z][pid 17808][tid 13356] INFO Installed explorer list host subclass (host=00000000017E2718)
[2025-11-26T20:13:00.539Z][pid 17808][tid 13356] INFO Explorer pane creation watch armed (view=0000000000412340 list=1 tree=1)
[2025-11-26T20:13:00.540Z][pid 17808][tid 13356] INFO Explorer panes not ready: tree view missing (view=0000000000412340)
[2025-11-26T20:13:00.541Z][pid 17808][tid 13356] INFO Cleared Open In New Tab pending state
[2025-11-26T20:13:00.541Z][pid 17808][tid 13356] INFO CExplorerBHO::SetSite detaching from site
[2025-11-26T20:13:00.541Z][pid 17808][tid 13356] INFO Breadcrumb CBT hook removed for thread 13356
[2025-11-26T20:13:00.541Z][pid 17808][tid 13356] INFO Explorer pane creation watch cleared (view=0000000000000000)
[2025-11-26T20:13:00.542Z][pid 17808][tid 13356] INFO Cleared Open In New Tab pending state
[2025-11-26T20:13:00.542Z][pid 17808][tid 13356] INFO Cleared Open In New Tab pending state
[2025-11-26T20:13:00.647Z][pid 17808][tid 13356] INFO TabBand::DisconnectSite (this=000000001D098C40)
[2025-11-26T20:13:00.649Z][pid 17808][tid 13356] INFO TabBand::SetSite begin (this=000000001D098C40, site=0000000000000000)
[2025-11-26T20:13:00.649Z][pid 17808][tid 13356] INFO TabBand::SetSite site unchanged
[2025-11-26T20:13:00.649Z][pid 17808][tid 13356] INFO TabBand destroyed (this=000000001D098C40)
[2025-11-26T20:13:00.649Z][pid 17808][tid 13356] INFO TabBand::DisconnectSite (this=000000001D098C40)
[2025-11-26T20:14:12.803Z][pid 17808][tid 18144] INFO TabBand constructed (this=0000000023F04FC0)
[2025-11-26T20:14:12.804Z][pid 17808][tid 18144] INFO TabBand::SetSite begin (this=0000000023F04FC0, site=0000000023C2EB18)
[2025-11-26T20:14:12.804Z][pid 17808][tid 18144] INFO TabBand::DisconnectSite (this=0000000023F04FC0)
[2025-11-26T20:14:12.804Z][pid 17808][tid 18144] INFO TabBand::SetSite resolved browser interfaces
[2025-11-26T20:14:12.804Z][pid 17808][tid 18144] INFO TabBand::SetSite EnsureWindow
[2025-11-26T20:14:12.804Z][pid 17808][tid 18144] INFO TabBand::EnsureWindow creating band window (this=0000000023F04FC0)
[2025-11-26T20:14:12.806Z][pid 17808][tid 18144] INFO TabBand::EnsureWindow created window hwnd=00000000036C2E0A
[2025-11-26T20:14:12.807Z][pid 17808][tid 18144] INFO TabBand::SetSite EnsureSessionStore
[2025-11-26T20:14:12.807Z][pid 17808][tid 18144] INFO TabBand::EnsureSessionStore resolving storage (this=0000000023F04FC0)
[2025-11-26T20:14:12.807Z][pid 17808][tid 18144] INFO TabBand::EnsureSessionStore window token 632653E8-ED78-4D94-9A3C-C0F102C59DD8
[2025-11-26T20:14:12.807Z][pid 17808][tid 18144] INFO TabBand::EnsureSessionStore using storage path C:\Users\ben\AppData\Roaming\ShellTabs\session-632653E8-ED78-4D94-9A3C-C0F102C59DD8.db
[2025-11-26T20:14:12.807Z][pid 17808][tid 18144] INFO TabBand::SetSite BrowserEvents connected
[2025-11-26T20:14:12.807Z][pid 17808][tid 18144] INFO TabBand::SetSite InitializeTabs
[2025-11-26T20:14:12.807Z][pid 17808][tid 18144] INFO TabBand::InitializeTabs - begin
[2025-11-26T20:14:12.807Z][pid 17808][tid 18144] INFO TabBand::InitializeTabs - end
[2025-11-26T20:14:12.808Z][pid 17808][tid 18144] INFO TabBand::SetSite UpdateTabsUI (initial)
[2025-11-26T20:14:12.808Z][pid 17808][tid 18144] INFO TabBand::UpdateTabsUI applying 1 items
[2025-11-26T20:14:12.808Z][pid 17808][tid 18144] INFO TabBand::SetSite completed successfully
[2025-11-26T20:14:12.808Z][pid 17808][tid 36968] INFO TabBand::RunBackgroundInitialization begin (this=0000000023F04FC0, seq=1)
[2025-11-26T20:14:12.808Z][pid 17808][tid 36968] INFO TabBand session crash marker created
[2025-11-26T20:14:12.809Z][pid 17808][tid 36968] WARN SessionStore checkpoint C:\Users\ben\AppData\Roaming\ShellTabs\session-632653E8-ED78-4D94-9A3C-C0F102C59DD8.db.previous missing while handling missing session file
[2025-11-26T20:14:13.121Z][pid 17808][tid 18144] WARN Failed to initialize DirectUI replacement system
[2025-11-26T20:14:13.121Z][pid 17808][tid 18144] INFO CExplorerBHO::SetSite attaching to site=000000001DD8B9E8
[2025-11-26T20:14:13.121Z][pid 17808][tid 18144] INFO Cleared Open In New Tab pending state
[2025-11-26T20:14:13.121Z][pid 17808][tid 18144] INFO EnsureBandVisible: invoking ShowBrowserBar for host=0000000005470662 (attempt 1)
[2025-11-26T20:14:13.124Z][pid 17808][tid 18144] INFO EnsureBandVisible: ShowBrowserBar succeeded for host=0000000005470662 on attempt 1
[2025-11-26T20:14:13.125Z][pid 17808][tid 18144] INFO Installed progress gradient subclass on hwnd=0000000005FE27D6
[2025-11-26T20:14:13.125Z][pid 17808][tid 18144] INFO Installed travel band subclass (band=0000000003702880 toolbar=0000000002262E02)
[2025-11-26T20:14:13.126Z][pid 17808][tid 18144] INFO Breadcrumb CBT hook installed for thread 18144
[2025-11-26T20:14:13.126Z][pid 17808][tid 18144] INFO Breadcrumb gradients enabled; locating toolbar (installed=0 background=0 text=1)
[2025-11-26T20:14:13.126Z][pid 17808][tid 18144] INFO Breadcrumb QueryService(IShellBrowser) failed: 0x80004001
[2025-11-26T20:14:13.126Z][pid 17808][tid 18144] INFO Breadcrumb ribbon frame discovered via IShellBrowser (hwnd=0000000005222CAA)
[2025-11-26T20:14:13.126Z][pid 17808][tid 18144] INFO Breadcrumb toolbar located via deep enumeration (hwnd=000000000161269E)
[2025-11-26T20:14:13.126Z][pid 17808][tid 18144] INFO Installed breadcrumb gradient subclass on hwnd=000000000161269E
[2025-11-26T20:14:13.127Z][pid 17808][tid 18144] INFO Installed progress gradient subclass on hwnd=0000000005FE27D6
[2025-11-26T20:14:13.127Z][pid 17808][tid 18144] INFO Breadcrumb gradients enabled; locating toolbar (installed=1 background=0 text=1)
[2025-11-26T20:14:13.127Z][pid 17808][tid 18144] INFO Breadcrumb QueryService(IShellBrowser) failed: 0x80004001
[2025-11-26T20:14:13.127Z][pid 17808][tid 18144] INFO Breadcrumb ribbon frame discovered via IShellBrowser (hwnd=0000000005222CAA)
[2025-11-26T20:14:13.127Z][pid 17808][tid 18144] INFO Breadcrumb toolbar located via deep enumeration (hwnd=000000000161269E)
[2025-11-26T20:14:13.127Z][pid 17808][tid 18144] INFO Cleared Open In New Tab pending state
[2025-11-26T20:14:13.128Z][pid 17808][tid 18144] INFO ComVTableHook: Intercepted creation of {926749FA-2615-4987-8845-C33E65F2B957}
[2025-11-26T20:14:13.128Z][pid 17808][tid 18144] INFO ExplorerRibbonHook: IUIFramework created, setting up hooks...
[2025-11-26T20:14:13.128Z][pid 17808][tid 18144] INFO ExplorerRibbonHook: Setting up IUIFramework vtable hooks...
[2025-11-26T20:14:13.128Z][pid 17808][tid 18144] WARN ComVTableHook::HookMethod: Method already hooked at index 3 for vtable 00007FF97CD8A048
[2025-11-26T20:14:13.128Z][pid 17808][tid 18144] WARN ComVTableHook::HookMethod: Method already hooked at index 5 for vtable 00007FF97CD8A048
[2025-11-26T20:14:13.128Z][pid 17808][tid 18144] INFO ExplorerRibbonHook: IUIFramework vtable hooks installed
[2025-11-26T20:14:13.129Z][pid 17808][tid 18144] INFO ExplorerRibbonHook: IUIFramework::Initialize called for hwnd=0000000005470662
[2025-11-26T20:14:13.130Z][pid 17808][tid 18144] INFO ExplorerRibbonHook: Ribbon framework initialized for window 0000000005470662
[2025-11-26T20:14:13.130Z][pid 17808][tid 18144] INFO ExplorerRibbonHook: IUIFramework::LoadUI called (instance=00007FF9C5AB0000, resourceName=EXPLORER_RIBBON)
[2025-11-26T20:14:13.202Z][pid 17808][tid 18144] INFO ExplorerRibbonHook: Original LoadUI succeeded, injecting custom tab...
[2025-11-26T20:14:13.202Z][pid 17808][tid 18144] INFO ExplorerRibbonHook: InjectCustomRibbonTab called for hwnd=0000000000000000
[2025-11-26T20:14:13.202Z][pid 17808][tid 18144] VERBOSE ExplorerRibbonHook: Invalidated command 50000
[2025-11-26T20:14:13.203Z][pid 17808][tid 18144] VERBOSE ExplorerRibbonHook: Invalidated command 50001
[2025-11-26T20:14:13.203Z][pid 17808][tid 18144] VERBOSE ExplorerRibbonHook: Invalidated command 50002
[2025-11-26T20:14:13.203Z][pid 17808][tid 18144] VERBOSE ExplorerRibbonHook: Invalidated command 50003
[2025-11-26T20:14:13.203Z][pid 17808][tid 18144] VERBOSE ExplorerRibbonHook: Invalidated command 50004
[2025-11-26T20:14:13.203Z][pid 17808][tid 18144] VERBOSE ExplorerRibbonHook: Invalidated command 50005
[2025-11-26T20:14:13.203Z][pid 17808][tid 18144] VERBOSE ExplorerRibbonHook: Invalidated command 50006
[2025-11-26T20:14:13.203Z][pid 17808][tid 18144] VERBOSE ExplorerRibbonHook: Invalidated command 50007
[2025-11-26T20:14:13.203Z][pid 17808][tid 18144] VERBOSE ExplorerRibbonHook: Invalidated command 50008
[2025-11-26T20:14:13.203Z][pid 17808][tid 18144] VERBOSE ExplorerRibbonHook: Invalidated command 50009
[2025-11-26T20:14:13.203Z][pid 17808][tid 18144] VERBOSE ExplorerRibbonHook: Invalidated command 50010
[2025-11-26T20:14:13.204Z][pid 17808][tid 18144] VERBOSE ExplorerRibbonHook: Invalidated command 50011
[2025-11-26T20:14:13.204Z][pid 17808][tid 18144] VERBOSE ExplorerRibbonHook: Invalidated command 50012
[2025-11-26T20:14:13.204Z][pid 17808][tid 18144] VERBOSE ExplorerRibbonHook: Invalidated command 50013
[2025-11-26T20:14:13.204Z][pid 17808][tid 18144] VERBOSE ExplorerRibbonHook: Invalidated command 50014
[2025-11-26T20:14:13.204Z][pid 17808][tid 18144] VERBOSE ExplorerRibbonHook: Invalidated command 50015
[2025-11-26T20:14:13.204Z][pid 17808][tid 18144] VERBOSE ExplorerRibbonHook: Invalidated command 50016
[2025-11-26T20:14:13.204Z][pid 17808][tid 18144] VERBOSE ExplorerRibbonHook: Invalidated command 50017
[2025-11-26T20:14:13.204Z][pid 17808][tid 18144] VERBOSE ExplorerRibbonHook: Invalidated command 50018
[2025-11-26T20:14:13.204Z][pid 17808][tid 18144] VERBOSE ExplorerRibbonHook: Invalidated command 50019
[2025-11-26T20:14:13.204Z][pid 17808][tid 18144] VERBOSE ExplorerRibbonHook: Invalidated command 50020
[2025-11-26T20:14:13.205Z][pid 17808][tid 18144] VERBOSE ExplorerRibbonHook: Invalidated command 50021
[2025-11-26T20:14:13.205Z][pid 17808][tid 18144] VERBOSE ExplorerRibbonHook: Invalidated command 50022
[2025-11-26T20:14:13.205Z][pid 17808][tid 18144] VERBOSE ExplorerRibbonHook: Invalidated command 50023
[2025-11-26T20:14:13.205Z][pid 17808][tid 18144] VERBOSE ExplorerRibbonHook: Invalidated command 50024
[2025-11-26T20:14:13.205Z][pid 17808][tid 18144] VERBOSE ExplorerRibbonHook: Invalidated command 50025
[2025-11-26T20:14:13.205Z][pid 17808][tid 18144] VERBOSE ExplorerRibbonHook: Invalidated command 50026
[2025-11-26T20:14:13.205Z][pid 17808][tid 18144] VERBOSE ExplorerRibbonHook: Invalidated command 50027
[2025-11-26T20:14:13.205Z][pid 17808][tid 18144] VERBOSE ExplorerRibbonHook: Invalidated command 50028
[2025-11-26T20:14:13.205Z][pid 17808][tid 18144] VERBOSE ExplorerRibbonHook: Invalidated command 50029
[2025-11-26T20:14:13.205Z][pid 17808][tid 18144] VERBOSE ExplorerRibbonHook: Invalidated command 50030
[2025-11-26T20:14:13.205Z][pid 17808][tid 18144] VERBOSE ExplorerRibbonHook: Invalidated command 50031
[2025-11-26T20:14:13.206Z][pid 17808][tid 18144] VERBOSE ExplorerRibbonHook: Invalidated command 50032
[2025-11-26T20:14:13.206Z][pid 17808][tid 18144] VERBOSE ExplorerRibbonHook: Invalidated command 50033
[2025-11-26T20:14:13.206Z][pid 17808][tid 18144] VERBOSE ExplorerRibbonHook: Invalidated command 50034
[2025-11-26T20:14:13.206Z][pid 17808][tid 18144] VERBOSE ExplorerRibbonHook: Invalidated command 50035
[2025-11-26T20:14:13.206Z][pid 17808][tid 18144] VERBOSE ExplorerRibbonHook: Invalidated command 50036
[2025-11-26T20:14:13.206Z][pid 17808][tid 18144] VERBOSE ExplorerRibbonHook: Invalidated command 50037
[2025-11-26T20:14:13.206Z][pid 17808][tid 18144] VERBOSE ExplorerRibbonHook: Invalidated command 50038
[2025-11-26T20:14:13.206Z][pid 17808][tid 18144] VERBOSE ExplorerRibbonHook: Invalidated command 50039
[2025-11-26T20:14:13.206Z][pid 17808][tid 18144] VERBOSE ExplorerRibbonHook: Invalidated command 50040
[2025-11-26T20:14:13.207Z][pid 17808][tid 18144] VERBOSE ExplorerRibbonHook: Invalidated command 50041
[2025-11-26T20:14:13.207Z][pid 17808][tid 18144] VERBOSE ExplorerRibbonHook: Invalidated command 50042
[2025-11-26T20:14:13.207Z][pid 17808][tid 18144] VERBOSE ExplorerRibbonHook: Invalidated command 50043
[2025-11-26T20:14:13.207Z][pid 17808][tid 18144] VERBOSE ExplorerRibbonHook: Invalidated command 50044
[2025-11-26T20:14:13.207Z][pid 17808][tid 18144] VERBOSE ExplorerRibbonHook: Invalidated command 50045
[2025-11-26T20:14:13.207Z][pid 17808][tid 18144] VERBOSE ExplorerRibbonHook: Invalidated command 50046
[2025-11-26T20:14:13.207Z][pid 17808][tid 18144] VERBOSE ExplorerRibbonHook: Invalidated command 50047
[2025-11-26T20:14:13.207Z][pid 17808][tid 18144] VERBOSE ExplorerRibbonHook: Invalidated command 50048
[2025-11-26T20:14:13.207Z][pid 17808][tid 18144] VERBOSE ExplorerRibbonHook: Invalidated command 50049
[2025-11-26T20:14:13.207Z][pid 17808][tid 18144] VERBOSE ExplorerRibbonHook: Invalidated command 50050
[2025-11-26T20:14:13.207Z][pid 17808][tid 18144] VERBOSE ExplorerRibbonHook: Invalidated command 50051
[2025-11-26T20:14:13.208Z][pid 17808][tid 18144] VERBOSE ExplorerRibbonHook: Invalidated command 50052
[2025-11-26T20:14:13.208Z][pid 17808][tid 18144] VERBOSE ExplorerRibbonHook: Invalidated command 50053
[2025-11-26T20:14:13.208Z][pid 17808][tid 18144] VERBOSE ExplorerRibbonHook: Invalidated command 50054
[2025-11-26T20:14:13.208Z][pid 17808][tid 18144] VERBOSE ExplorerRibbonHook: Invalidated command 50055
[2025-11-26T20:14:13.208Z][pid 17808][tid 18144] VERBOSE ExplorerRibbonHook: Invalidated command 50056
[2025-11-26T20:14:13.208Z][pid 17808][tid 18144] VERBOSE ExplorerRibbonHook: Invalidated command 50057
[2025-11-26T20:14:13.208Z][pid 17808][tid 18144] VERBOSE ExplorerRibbonHook: Invalidated command 50058
[2025-11-26T20:14:13.208Z][pid 17808][tid 18144] VERBOSE ExplorerRibbonHook: Invalidated command 50059
[2025-11-26T20:14:13.208Z][pid 17808][tid 18144] VERBOSE ExplorerRibbonHook: Invalidated command 50060
[2025-11-26T20:14:13.208Z][pid 17808][tid 18144] VERBOSE ExplorerRibbonHook: Invalidated command 50061
[2025-11-26T20:14:13.209Z][pid 17808][tid 18144] VERBOSE ExplorerRibbonHook: Invalidated command 50062
[2025-11-26T20:14:13.209Z][pid 17808][tid 18144] VERBOSE ExplorerRibbonHook: Invalidated command 50063
[2025-11-26T20:14:13.209Z][pid 17808][tid 18144] VERBOSE ExplorerRibbonHook: Invalidated command 50064
[2025-11-26T20:14:13.209Z][pid 17808][tid 18144] VERBOSE ExplorerRibbonHook: Invalidated command 50065
[2025-11-26T20:14:13.209Z][pid 17808][tid 18144] VERBOSE ExplorerRibbonHook: Invalidated command 50066
[2025-11-26T20:14:13.209Z][pid 17808][tid 18144] VERBOSE ExplorerRibbonHook: Invalidated command 50067
[2025-11-26T20:14:13.209Z][pid 17808][tid 18144] VERBOSE ExplorerRibbonHook: Invalidated command 50068
[2025-11-26T20:14:13.209Z][pid 17808][tid 18144] VERBOSE ExplorerRibbonHook: Invalidated command 50069
[2025-11-26T20:14:13.209Z][pid 17808][tid 18144] VERBOSE ExplorerRibbonHook: Invalidated command 50070
[2025-11-26T20:14:13.209Z][pid 17808][tid 18144] VERBOSE ExplorerRibbonHook: Invalidated command 50071
[2025-11-26T20:14:13.210Z][pid 17808][tid 18144] VERBOSE ExplorerRibbonHook: Invalidated command 50072
[2025-11-26T20:14:13.210Z][pid 17808][tid 18144] VERBOSE ExplorerRibbonHook: Invalidated command 50073
[2025-11-26T20:14:13.210Z][pid 17808][tid 18144] VERBOSE ExplorerRibbonHook: Invalidated command 50074
[2025-11-26T20:14:13.210Z][pid 17808][tid 18144] VERBOSE ExplorerRibbonHook: Invalidated command 50075
[2025-11-26T20:14:13.210Z][pid 17808][tid 18144] VERBOSE ExplorerRibbonHook: Invalidated command 50076
[2025-11-26T20:14:13.210Z][pid 17808][tid 18144] VERBOSE ExplorerRibbonHook: Invalidated command 50077
[2025-11-26T20:14:13.210Z][pid 17808][tid 18144] VERBOSE ExplorerRibbonHook: Invalidated command 50078
[2025-11-26T20:14:13.210Z][pid 17808][tid 18144] VERBOSE ExplorerRibbonHook: Invalidated command 50079
[2025-11-26T20:14:13.210Z][pid 17808][tid 18144] VERBOSE ExplorerRibbonHook: Invalidated command 50080
[2025-11-26T20:14:13.210Z][pid 17808][tid 18144] VERBOSE ExplorerRibbonHook: Invalidated command 50081
[2025-11-26T20:14:13.211Z][pid 17808][tid 18144] VERBOSE ExplorerRibbonHook: Invalidated command 50082
[2025-11-26T20:14:13.211Z][pid 17808][tid 18144] VERBOSE ExplorerRibbonHook: Invalidated command 50083
[2025-11-26T20:14:13.211Z][pid 17808][tid 18144] VERBOSE ExplorerRibbonHook: Invalidated command 50084
[2025-11-26T20:14:13.211Z][pid 17808][tid 18144] VERBOSE ExplorerRibbonHook: Invalidated command 50085
[2025-11-26T20:14:13.211Z][pid 17808][tid 18144] VERBOSE ExplorerRibbonHook: Invalidated command 50086
[2025-11-26T20:14:13.211Z][pid 17808][tid 18144] VERBOSE ExplorerRibbonHook: Invalidated command 50087
[2025-11-26T20:14:13.211Z][pid 17808][tid 18144] VERBOSE ExplorerRibbonHook: Invalidated command 50088
[2025-11-26T20:14:13.211Z][pid 17808][tid 18144] VERBOSE ExplorerRibbonHook: Invalidated command 50089
[2025-11-26T20:14:13.211Z][pid 17808][tid 18144] VERBOSE ExplorerRibbonHook: Invalidated command 50090
[2025-11-26T20:14:13.211Z][pid 17808][tid 18144] VERBOSE ExplorerRibbonHook: Invalidated command 50091
[2025-11-26T20:14:13.212Z][pid 17808][tid 18144] VERBOSE ExplorerRibbonHook: Invalidated command 50092
[2025-11-26T20:14:13.212Z][pid 17808][tid 18144] VERBOSE ExplorerRibbonHook: Invalidated command 50093
[2025-11-26T20:14:13.212Z][pid 17808][tid 18144] VERBOSE ExplorerRibbonHook: Invalidated command 50094
[2025-11-26T20:14:13.212Z][pid 17808][tid 18144] VERBOSE ExplorerRibbonHook: Invalidated command 50095
[2025-11-26T20:14:13.212Z][pid 17808][tid 18144] VERBOSE ExplorerRibbonHook: Invalidated command 50096
[2025-11-26T20:14:13.212Z][pid 17808][tid 18144] VERBOSE ExplorerRibbonHook: Invalidated command 50097
[2025-11-26T20:14:13.212Z][pid 17808][tid 18144] VERBOSE ExplorerRibbonHook: Invalidated command 50098
[2025-11-26T20:14:13.212Z][pid 17808][tid 18144] VERBOSE ExplorerRibbonHook: Invalidated command 50099
[2025-11-26T20:14:13.212Z][pid 17808][tid 18144] VERBOSE ExplorerRibbonHook: Invalidated command 50100
[2025-11-26T20:14:13.212Z][pid 17808][tid 18144] VERBOSE ExplorerRibbonHook: Invalidated command 50101
[2025-11-26T20:14:13.213Z][pid 17808][tid 18144] VERBOSE ExplorerRibbonHook: Invalidated command 50102
[2025-11-26T20:14:13.213Z][pid 17808][tid 18144] VERBOSE ExplorerRibbonHook: Invalidated command 50103
[2025-11-26T20:14:13.213Z][pid 17808][tid 18144] VERBOSE ExplorerRibbonHook: Invalidated command 50104
[2025-11-26T20:14:13.214Z][pid 17808][tid 18144] INFO ExplorerRibbonHook: Custom ribbon tab injection completed
[2025-11-26T20:14:13.215Z][pid 17808][tid 18144] INFO ExplorerRibbonHook: Note - To display the custom tab in Explorer's ribbon, you need to compile CustomRibbonTab.xml to a .bml resource and inject it through Explorer's ribbon binary modification or use a separate ribbon-enabled window.
[2025-11-26T20:14:13.250Z][pid 17808][tid 18144] INFO TabBand::HandleInitializationResult applying sequence 1
[2025-11-26T20:14:13.250Z][pid 17808][tid 18144] INFO TabBand::RestoreSession loaded 0 groups
[2025-11-26T20:14:13.250Z][pid 17808][tid 18144] INFO TabBand::UpdateTabsUI applying 1 items
[2025-11-26T20:14:13.276Z][pid 17808][tid 18144] INFO TabBand::UpdateTabsUI applying 1 items
[2025-11-26T20:14:13.281Z][pid 17808][tid 18144] INFO Breadcrumb QueryService(IShellBrowser) failed: 0x80004001
[2025-11-26T20:14:13.281Z][pid 17808][tid 18144] INFO Breadcrumb ribbon frame discovered via IShellBrowser (hwnd=0000000005222CAA)
[2025-11-26T20:14:13.282Z][pid 17808][tid 18144] INFO Breadcrumb ribbon frame discovered via IWebBrowser2 (hwnd=0000000005222CAA)
[2025-11-26T20:14:13.282Z][pid 17808][tid 18144] INFO Breadcrumb toolbar located via window enumeration (hwnd=00000000020506BA)
[2025-11-26T20:14:13.283Z][pid 17808][tid 18144] INFO Installed breadcrumb gradient subclass on hwnd=00000000020506BA
[2025-11-26T20:14:13.283Z][pid 17808][tid 18144] INFO Installed progress gradient subclass on hwnd=0000000005FE27D6
[2025-11-26T20:14:13.283Z][pid 17808][tid 18144] INFO Cleared Open In New Tab pending state
[2025-11-26T20:14:13.283Z][pid 17808][tid 18144] INFO Installed shell view window subclass (view=0000000004A1282E)
[2025-11-26T20:14:13.284Z][pid 17808][tid 18144] INFO Installed explorer frame subclass (frame=0000000005470662)
[2025-11-26T20:14:13.284Z][pid 17808][tid 18144] INFO Cleared Open In New Tab pending state
[2025-11-26T20:14:13.284Z][pid 17808][tid 18144] INFO Explorer view base subclass ready (view=0000000004A1282E frame=0000000005470662)
[2025-11-26T20:14:13.284Z][pid 17808][tid 18144] VERBOSE DirectUI IUIElement unavailable (hr=0x80004001)
[2025-11-26T20:14:13.284Z][pid 17808][tid 18144] INFO Installed explorer DirectUI host subclass (direct=00000000006B25E2)
[2025-11-26T20:14:13.285Z][pid 17808][tid 18144] INFO Explorer pane creation watch armed (view=0000000004A1282E list=1 tree=1)
[2025-11-26T20:14:13.285Z][pid 17808][tid 18144] INFO Explorer pane fallback timer armed (view=0000000004A1282E delay=500)
[2025-11-26T20:14:13.285Z][pid 17808][tid 18144] INFO Explorer panes not ready: list view missing (view=0000000004A1282E)
[2025-11-26T20:14:13.285Z][pid 17808][tid 18144] INFO Explorer panes not ready: tree view missing (view=0000000004A1282E)
[2025-11-26T20:14:13.285Z][pid 17808][tid 18144] INFO Explorer pane retry timer armed (view=0000000004A1282E delay=500 attempts=1)
[2025-11-26T20:14:13.286Z][pid 17808][tid 18144] INFO TabBand::UpdateTabsUI applying 1 items
[2025-11-26T20:14:13.286Z][pid 17808][tid 18144] INFO Breadcrumb gradients enabled; locating toolbar (installed=1 background=0 text=1)
[2025-11-26T20:14:13.286Z][pid 17808][tid 18144] INFO Breadcrumb QueryService(IShellBrowser) failed: 0x80004001
[2025-11-26T20:14:13.286Z][pid 17808][tid 18144] INFO Breadcrumb ribbon frame discovered via IShellBrowser (hwnd=0000000005222CAA)
[2025-11-26T20:14:13.286Z][pid 17808][tid 18144] INFO Breadcrumb ribbon frame discovered via IWebBrowser2 (hwnd=0000000005222CAA)
[2025-11-26T20:14:13.287Z][pid 17808][tid 18144] INFO Breadcrumb toolbar located via window enumeration (hwnd=00000000020506BA)
[2025-11-26T20:14:13.287Z][pid 17808][tid 18144] INFO Explorer pane creation watch cleared (view=0000000004A1282E)
[2025-11-26T20:14:13.287Z][pid 17808][tid 18144] INFO Cleared Open In New Tab pending state
[2025-11-26T20:14:13.287Z][pid 17808][tid 18144] INFO Installed shell view window subclass (view=0000000004A1282E)
[2025-11-26T20:14:13.287Z][pid 17808][tid 18144] INFO Installed explorer frame subclass (frame=0000000005470662)
[2025-11-26T20:14:13.287Z][pid 17808][tid 18144] INFO Cleared Open In New Tab pending state
[2025-11-26T20:14:13.287Z][pid 17808][tid 18144] INFO Explorer view base subclass ready (view=0000000004A1282E frame=0000000005470662)
[2025-11-26T20:14:13.287Z][pid 17808][tid 18144] VERBOSE DirectUI IUIElement unavailable (hr=0x80004001)
[2025-11-26T20:14:13.288Z][pid 17808][tid 18144] INFO Installed explorer DirectUI host subclass (direct=00000000006B25E2)
[2025-11-26T20:14:13.288Z][pid 17808][tid 18144] INFO Explorer pane creation watch armed (view=0000000004A1282E list=1 tree=1)
[2025-11-26T20:14:13.288Z][pid 17808][tid 18144] INFO Explorer pane fallback timer armed (view=0000000004A1282E delay=500)
[2025-11-26T20:14:13.288Z][pid 17808][tid 18144] INFO Explorer panes not ready: list view missing (view=0000000004A1282E)
[2025-11-26T20:14:13.288Z][pid 17808][tid 18144] INFO Explorer panes not ready: tree view missing (view=0000000004A1282E)
[2025-11-26T20:14:13.288Z][pid 17808][tid 18144] INFO Explorer pane retry timer armed (view=0000000004A1282E delay=500 attempts=1)
[2025-11-26T20:14:13.366Z][pid 17808][tid 18144] INFO Installed explorer list host subclass (host=0000000005470662)
[2025-11-26T20:14:13.367Z][pid 17808][tid 18144] INFO Installed explorer list host subclass (host=00000000015301C4)
[2025-11-26T20:14:13.367Z][pid 17808][tid 18144] INFO Installed explorer list host subclass (host=00000000003826A4)
[2025-11-26T20:14:13.367Z][pid 17808][tid 18144] INFO Installed explorer list host subclass (host=0000000005222CAA)
[2025-11-26T20:14:13.367Z][pid 17808][tid 18144] INFO Installed explorer list host subclass (host=00000000085502AC)
[2025-11-26T20:14:13.415Z][pid 17808][tid 18144] INFO Explorer status bar discovered (hwnd=0000000000150260)
[2025-11-26T20:14:13.428Z][pid 17808][tid 18144] INFO Status bar theme background updated (hwnd=0000000000150260 new=0x00FFFFFF)
[2025-11-26T20:14:13.428Z][pid 17808][tid 18144] INFO Status bar theme text color updated (hwnd=0000000000150260 new=0x00000000)
[2025-11-26T20:14:13.544Z][pid 17808][tid 18144] INFO Status bar theme background updated (hwnd=0000000000150260 new=0x00191919)
[2025-11-26T20:14:13.544Z][pid 17808][tid 18144] INFO Status bar theme text color updated (hwnd=0000000000150260 new=0x00FFFFFF)
[2025-11-26T20:14:13.859Z][pid 17808][tid 18144] INFO TabBand::UpdateTabsUI applying 1 items
[2025-11-26T20:14:13.860Z][pid 17808][tid 18144] INFO Breadcrumb QueryService(IShellBrowser) failed: 0x80004001
[2025-11-26T20:14:13.860Z][pid 17808][tid 18144] INFO Breadcrumb ribbon frame discovered via IShellBrowser (hwnd=0000000005222CAA)
[2025-11-26T20:14:13.860Z][pid 17808][tid 18144] INFO Breadcrumb ribbon frame discovered via IWebBrowser2 (hwnd=0000000005222CAA)
[2025-11-26T20:14:13.860Z][pid 17808][tid 18144] INFO Breadcrumb toolbar located via window enumeration (hwnd=00000000020506BA)
[2025-11-26T20:14:13.860Z][pid 17808][tid 18144] INFO Explorer pane creation watch cleared (view=0000000004A1282E)
[2025-11-26T20:14:13.861Z][pid 17808][tid 18144] INFO Status bar background reset (hwnd=0000000000150260 previous=0xFF000000)
[2025-11-26T20:14:13.861Z][pid 17808][tid 18144] INFO Cleared Open In New Tab pending state
[2025-11-26T20:14:13.861Z][pid 17808][tid 18144] INFO Installed shell view window subclass (view=0000000004A1282E)
[2025-11-26T20:14:13.861Z][pid 17808][tid 18144] INFO Installed explorer frame subclass (frame=0000000005470662)
[2025-11-26T20:14:13.861Z][pid 17808][tid 18144] INFO Cleared Open In New Tab pending state
[2025-11-26T20:14:13.861Z][pid 17808][tid 18144] INFO Explorer view base subclass ready (view=0000000004A1282E frame=0000000005470662)
[2025-11-26T20:14:13.861Z][pid 17808][tid 18144] VERBOSE DirectUI IUIElement unavailable (hr=0x80004001)
[2025-11-26T20:14:13.861Z][pid 17808][tid 18144] INFO Installed explorer DirectUI host subclass (direct=00000000006B25E2)
[2025-11-26T20:14:13.861Z][pid 17808][tid 18144] INFO Installed explorer tree view subclass (tree=000000000003003A)
[2025-11-26T20:14:13.862Z][pid 17808][tid 18144] INFO Explorer status bar discovered (hwnd=0000000000150260)
[2025-11-26T20:14:13.863Z][pid 17808][tid 18144] INFO Status bar theme background updated (hwnd=0000000000150260 new=0x00191919)
[2025-11-26T20:14:13.863Z][pid 17808][tid 18144] INFO Status bar theme text color updated (hwnd=0000000000150260 new=0x00FFFFFF)
[2025-11-26T20:14:13.863Z][pid 17808][tid 18144] INFO Explorer pane creation watch armed (view=0000000004A1282E list=1 tree=0)
[2025-11-26T20:14:13.863Z][pid 17808][tid 18144] INFO Explorer pane fallback timer armed (view=0000000004A1282E delay=500)
[2025-11-26T20:14:13.863Z][pid 17808][tid 18144] INFO Explorer panes not ready: list view missing (view=0000000004A1282E)
[2025-11-26T20:14:13.863Z][pid 17808][tid 18144] INFO Explorer pane retry timer armed (view=0000000004A1282E delay=500 attempts=1)
[2025-11-26T20:14:13.872Z][pid 17808][tid 18144] INFO Installed explorer list host subclass (host=0000000005470662)
[2025-11-26T20:14:13.872Z][pid 17808][tid 18144] INFO Installed explorer list host subclass (host=00000000015301C4)
[2025-11-26T20:14:13.872Z][pid 17808][tid 18144] INFO Installed explorer list host subclass (host=00000000003826A4)
[2025-11-26T20:14:13.872Z][pid 17808][tid 18144] INFO Installed explorer list host subclass (host=0000000005222CAA)
[2025-11-26T20:14:13.873Z][pid 17808][tid 18144] INFO Installed explorer list host subclass (host=00000000085502AC)
[2025-11-26T20:14:21.384Z][pid 17808][tid 18144] WARN Status bar custom draw timeout; forcing theme detours (hwnd=0000000000150260)
[2025-11-26T20:14:21.977Z][pid 17808][tid 18144] INFO TabBand::UpdateTabsUI applying 1 items
[2025-11-26T20:14:21.980Z][pid 17808][tid 18144] INFO Tab diff: +1 -1 move=0 update=0 rows=1 incremental=false
[2025-11-26T20:14:21.983Z][pid 17808][tid 18144] INFO Breadcrumb QueryService(IShellBrowser) failed: 0x80004001
[2025-11-26T20:14:21.984Z][pid 17808][tid 18144] INFO Breadcrumb ribbon frame discovered via IShellBrowser (hwnd=0000000005222CAA)
[2025-11-26T20:14:21.984Z][pid 17808][tid 18144] INFO Breadcrumb ribbon frame discovered via IWebBrowser2 (hwnd=0000000005222CAA)
[2025-11-26T20:14:21.984Z][pid 17808][tid 18144] INFO Breadcrumb toolbar located via window enumeration (hwnd=00000000020506BA)
[2025-11-26T20:14:21.984Z][pid 17808][tid 18144] INFO Explorer pane creation watch cleared (view=0000000000000000)
[2025-11-26T20:14:21.984Z][pid 17808][tid 18144] INFO Status bar background reset (hwnd=0000000000150260 previous=0xFF000000)
[2025-11-26T20:14:21.985Z][pid 17808][tid 18144] INFO Cleared Open In New Tab pending state
[2025-11-26T20:14:21.985Z][pid 17808][tid 18144] INFO Installed shell view window subclass (view=0000000000822464)
[2025-11-26T20:14:21.985Z][pid 17808][tid 18144] INFO Installed explorer frame subclass (frame=0000000005470662)
[2025-11-26T20:14:21.985Z][pid 17808][tid 18144] INFO Cleared Open In New Tab pending state
[2025-11-26T20:14:21.985Z][pid 17808][tid 18144] INFO Explorer view base subclass ready (view=0000000000822464 frame=0000000005470662)
[2025-11-26T20:14:21.985Z][pid 17808][tid 18144] VERBOSE DirectUI IUIElement unavailable (hr=0x80004001)
[2025-11-26T20:14:21.985Z][pid 17808][tid 18144] INFO Installed explorer DirectUI host subclass (direct=000000000547245E)
[2025-11-26T20:14:21.985Z][pid 17808][tid 18144] INFO Installed explorer tree view subclass (tree=000000000003003A)
[2025-11-26T20:14:21.986Z][pid 17808][tid 18144] INFO Explorer status bar discovered (hwnd=0000000000150260)
[2025-11-26T20:14:21.987Z][pid 17808][tid 18144] INFO Status bar theme background updated (hwnd=0000000000150260 new=0x00191919)
[2025-11-26T20:14:21.987Z][pid 17808][tid 18144] INFO Status bar theme text color updated (hwnd=0000000000150260 new=0x00FFFFFF)
[2025-11-26T20:14:21.987Z][pid 17808][tid 18144] INFO Explorer pane creation watch armed (view=0000000000822464 list=1 tree=0)
[2025-11-26T20:14:21.987Z][pid 17808][tid 18144] INFO Explorer pane fallback timer armed (view=0000000000822464 delay=500)
[2025-11-26T20:14:21.987Z][pid 17808][tid 18144] INFO Explorer panes not ready: list view missing (view=0000000000822464)
[2025-11-26T20:14:21.987Z][pid 17808][tid 18144] INFO Explorer pane retry timer armed (view=0000000000822464 delay=500 attempts=1)
[2025-11-26T20:14:21.988Z][pid 17808][tid 18144] INFO TabBand::UpdateTabsUI applying 1 items
[2025-11-26T20:14:21.988Z][pid 17808][tid 18144] INFO Breadcrumb QueryService(IShellBrowser) failed: 0x80004001
[2025-11-26T20:14:21.989Z][pid 17808][tid 18144] INFO Breadcrumb ribbon frame discovered via IShellBrowser (hwnd=0000000005222CAA)
[2025-11-26T20:14:21.989Z][pid 17808][tid 18144] INFO Breadcrumb ribbon frame discovered via IWebBrowser2 (hwnd=0000000005222CAA)
[2025-11-26T20:14:21.989Z][pid 17808][tid 18144] INFO Breadcrumb toolbar located via window enumeration (hwnd=00000000020506BA)
[2025-11-26T20:14:21.989Z][pid 17808][tid 18144] INFO Explorer pane creation watch cleared (view=0000000000822464)
[2025-11-26T20:14:21.989Z][pid 17808][tid 18144] INFO Status bar background reset (hwnd=0000000000150260 previous=0xFF000000)
[2025-11-26T20:14:21.989Z][pid 17808][tid 18144] INFO Cleared Open In New Tab pending state
[2025-11-26T20:14:21.990Z][pid 17808][tid 18144] INFO Installed shell view window subclass (view=0000000000822464)
[2025-11-26T20:14:21.990Z][pid 17808][tid 18144] INFO Installed explorer frame subclass (frame=0000000005470662)
[2025-11-26T20:14:21.990Z][pid 17808][tid 18144] INFO Cleared Open In New Tab pending state
[2025-11-26T20:14:21.990Z][pid 17808][tid 18144] INFO Explorer view base subclass ready (view=0000000000822464 frame=0000000005470662)
[2025-11-26T20:14:21.990Z][pid 17808][tid 18144] VERBOSE DirectUI IUIElement unavailable (hr=0x80004001)
[2025-11-26T20:14:21.990Z][pid 17808][tid 18144] INFO Installed explorer DirectUI host subclass (direct=000000000547245E)
[2025-11-26T20:14:21.990Z][pid 17808][tid 18144] INFO Installed explorer tree view subclass (tree=000000000003003A)
[2025-11-26T20:14:21.990Z][pid 17808][tid 18144] INFO Explorer status bar discovered (hwnd=0000000000150260)
[2025-11-26T20:14:21.992Z][pid 17808][tid 18144] INFO Status bar theme background updated (hwnd=0000000000150260 new=0x00191919)
[2025-11-26T20:14:21.992Z][pid 17808][tid 18144] INFO Status bar theme text color updated (hwnd=0000000000150260 new=0x00FFFFFF)
[2025-11-26T20:14:21.992Z][pid 17808][tid 18144] INFO Explorer pane creation watch armed (view=0000000000822464 list=1 tree=0)
[2025-11-26T20:14:21.992Z][pid 17808][tid 18144] INFO Explorer pane fallback timer armed (view=0000000000822464 delay=500)
[2025-11-26T20:14:21.992Z][pid 17808][tid 18144] INFO Explorer panes not ready: list view missing (view=0000000000822464)
[2025-11-26T20:14:21.993Z][pid 17808][tid 18144] INFO Explorer pane retry timer armed (view=0000000000822464 delay=500 attempts=1)
[2025-11-26T20:14:22.073Z][pid 17808][tid 18144] INFO TabBand::UpdateTabsUI applying 1 items
[2025-11-26T20:14:22.075Z][pid 17808][tid 18144] INFO Breadcrumb QueryService(IShellBrowser) failed: 0x80004001
[2025-11-26T20:14:22.075Z][pid 17808][tid 18144] INFO Breadcrumb ribbon frame discovered via IShellBrowser (hwnd=0000000005222CAA)
[2025-11-26T20:14:22.075Z][pid 17808][tid 18144] INFO Breadcrumb ribbon frame discovered via IWebBrowser2 (hwnd=0000000005222CAA)
[2025-11-26T20:14:22.075Z][pid 17808][tid 18144] INFO Breadcrumb toolbar located via window enumeration (hwnd=00000000020506BA)
[2025-11-26T20:14:22.075Z][pid 17808][tid 18144] INFO Explorer pane creation watch cleared (view=0000000000822464)
[2025-11-26T20:14:22.076Z][pid 17808][tid 18144] INFO Status bar background reset (hwnd=0000000000150260 previous=0xFF000000)
[2025-11-26T20:14:22.076Z][pid 17808][tid 18144] INFO Cleared Open In New Tab pending state
[2025-11-26T20:14:22.076Z][pid 17808][tid 18144] INFO Installed shell view window subclass (view=0000000000822464)
[2025-11-26T20:14:22.076Z][pid 17808][tid 18144] INFO Installed explorer frame subclass (frame=0000000005470662)
[2025-11-26T20:14:22.076Z][pid 17808][tid 18144] INFO Cleared Open In New Tab pending state
[2025-11-26T20:14:22.077Z][pid 17808][tid 18144] INFO Explorer view base subclass ready (view=0000000000822464 frame=0000000005470662)
[2025-11-26T20:14:22.077Z][pid 17808][tid 18144] VERBOSE DirectUI IUIElement unavailable (hr=0x80004001)
[2025-11-26T20:14:22.077Z][pid 17808][tid 18144] INFO Installed explorer DirectUI host subclass (direct=000000000547245E)
[2025-11-26T20:14:22.077Z][pid 17808][tid 18144] INFO Installed explorer tree view subclass (tree=000000000003003A)
[2025-11-26T20:14:22.077Z][pid 17808][tid 18144] INFO Explorer status bar discovered (hwnd=0000000000150260)
[2025-11-26T20:14:22.079Z][pid 17808][tid 18144] INFO Status bar theme background updated (hwnd=0000000000150260 new=0x00191919)
[2025-11-26T20:14:22.079Z][pid 17808][tid 18144] INFO Status bar theme text color updated (hwnd=0000000000150260 new=0x00FFFFFF)
[2025-11-26T20:14:22.079Z][pid 17808][tid 18144] INFO Explorer pane creation watch armed (view=0000000000822464 list=1 tree=0)
[2025-11-26T20:14:22.079Z][pid 17808][tid 18144] INFO Explorer pane fallback timer armed (view=0000000000822464 delay=500)
[2025-11-26T20:14:22.079Z][pid 17808][tid 18144] INFO Explorer panes not ready: list view missing (view=0000000000822464)
[2025-11-26T20:14:22.079Z][pid 17808][tid 18144] INFO Explorer pane retry timer armed (view=0000000000822464 delay=500 attempts=1)
[2025-11-26T20:14:22.105Z][pid 17808][tid 18144] INFO Installed explorer list host subclass (host=0000000005470662)
[2025-11-26T20:14:22.105Z][pid 17808][tid 18144] INFO Installed explorer list host subclass (host=00000000015301C4)
[2025-11-26T20:14:22.105Z][pid 17808][tid 18144] INFO Installed explorer list host subclass (host=00000000003826A4)
[2025-11-26T20:14:22.105Z][pid 17808][tid 18144] INFO Installed explorer list host subclass (host=0000000005222CAA)
[2025-11-26T20:14:22.106Z][pid 17808][tid 18144] INFO Installed explorer list host subclass (host=00000000085502AC)
[2025-11-26T20:14:24.193Z][pid 17808][tid 18144] WARN Status bar custom draw timeout; forcing theme detours (hwnd=0000000000150260)
[2025-11-26T20:14:24.327Z][pid 17808][tid 18144] INFO TabBand::UpdateTabsUI applying 1 items
[2025-11-26T20:14:24.328Z][pid 17808][tid 18144] INFO Tab diff: +1 -1 move=0 update=0 rows=1 incremental=false
[2025-11-26T20:14:24.332Z][pid 17808][tid 18144] INFO Breadcrumb QueryService(IShellBrowser) failed: 0x80004001
[2025-11-26T20:14:24.332Z][pid 17808][tid 18144] INFO Breadcrumb ribbon frame discovered via IShellBrowser (hwnd=0000000005222CAA)
[2025-11-26T20:14:24.332Z][pid 17808][tid 18144] INFO Breadcrumb ribbon frame discovered via IWebBrowser2 (hwnd=0000000005222CAA)
[2025-11-26T20:14:24.333Z][pid 17808][tid 18144] INFO Breadcrumb toolbar located via window enumeration (hwnd=00000000020506BA)
[2025-11-26T20:14:24.333Z][pid 17808][tid 18144] INFO Explorer pane creation watch cleared (view=0000000000000000)
[2025-11-26T20:14:24.333Z][pid 17808][tid 18144] INFO Status bar background reset (hwnd=0000000000150260 previous=0xFF000000)
[2025-11-26T20:14:24.333Z][pid 17808][tid 18144] INFO Cleared Open In New Tab pending state
[2025-11-26T20:14:24.333Z][pid 17808][tid 18144] INFO Installed shell view window subclass (view=00000000006C25E2)
[2025-11-26T20:14:24.333Z][pid 17808][tid 18144] INFO Installed explorer frame subclass (frame=0000000005470662)
[2025-11-26T20:14:24.334Z][pid 17808][tid 18144] INFO Cleared Open In New Tab pending state
[2025-11-26T20:14:24.334Z][pid 17808][tid 18144] INFO Explorer view base subclass ready (view=00000000006C25E2 frame=0000000005470662)
[2025-11-26T20:14:24.334Z][pid 17808][tid 18144] VERBOSE DirectUI IUIElement unavailable (hr=0x80004001)
[2025-11-26T20:14:24.334Z][pid 17808][tid 18144] INFO Installed explorer DirectUI host subclass (direct=0000000000432340)
[2025-11-26T20:14:24.334Z][pid 17808][tid 18144] INFO Installed explorer tree view subclass (tree=000000000003003A)
[2025-11-26T20:14:24.335Z][pid 17808][tid 18144] INFO Explorer status bar discovered (hwnd=0000000000150260)
[2025-11-26T20:14:24.336Z][pid 17808][tid 18144] INFO Status bar theme background updated (hwnd=0000000000150260 new=0x00191919)
[2025-11-26T20:14:24.336Z][pid 17808][tid 18144] INFO Status bar theme text color updated (hwnd=0000000000150260 new=0x00FFFFFF)
[2025-11-26T20:14:24.336Z][pid 17808][tid 18144] INFO Explorer pane creation watch armed (view=00000000006C25E2 list=1 tree=0)
[2025-11-26T20:14:24.336Z][pid 17808][tid 18144] INFO Explorer pane fallback timer armed (view=00000000006C25E2 delay=500)
[2025-11-26T20:14:24.336Z][pid 17808][tid 18144] INFO Explorer panes not ready: list view missing (view=00000000006C25E2)
[2025-11-26T20:14:24.336Z][pid 17808][tid 18144] INFO Explorer pane retry timer armed (view=00000000006C25E2 delay=500 attempts=1)
[2025-11-26T20:14:24.336Z][pid 17808][tid 18144] INFO TabBand::UpdateTabsUI applying 1 items
[2025-11-26T20:14:24.337Z][pid 17808][tid 18144] INFO Breadcrumb QueryService(IShellBrowser) failed: 0x80004001
[2025-11-26T20:14:24.337Z][pid 17808][tid 18144] INFO Breadcrumb ribbon frame discovered via IShellBrowser (hwnd=0000000005222CAA)
[2025-11-26T20:14:24.337Z][pid 17808][tid 18144] INFO Breadcrumb ribbon frame discovered via IWebBrowser2 (hwnd=0000000005222CAA)
[2025-11-26T20:14:24.338Z][pid 17808][tid 18144] INFO Breadcrumb toolbar located via window enumeration (hwnd=00000000020506BA)
[2025-11-26T20:14:24.338Z][pid 17808][tid 18144] INFO Explorer pane creation watch cleared (view=00000000006C25E2)
[2025-11-26T20:14:24.338Z][pid 17808][tid 18144] INFO Status bar background reset (hwnd=0000000000150260 previous=0xFF000000)
[2025-11-26T20:14:24.338Z][pid 17808][tid 18144] INFO Cleared Open In New Tab pending state
[2025-11-26T20:14:24.338Z][pid 17808][tid 18144] INFO Installed shell view window subclass (view=00000000006C25E2)
[2025-11-26T20:14:24.338Z][pid 17808][tid 18144] INFO Installed explorer frame subclass (frame=0000000005470662)
[2025-11-26T20:14:24.338Z][pid 17808][tid 18144] INFO Cleared Open In New Tab pending state
[2025-11-26T20:14:24.338Z][pid 17808][tid 18144] INFO Explorer view base subclass ready (view=00000000006C25E2 frame=0000000005470662)
[2025-11-26T20:14:24.339Z][pid 17808][tid 18144] VERBOSE DirectUI IUIElement unavailable (hr=0x80004001)
[2025-11-26T20:14:24.339Z][pid 17808][tid 18144] INFO Installed explorer DirectUI host subclass (direct=0000000000432340)
[2025-11-26T20:14:24.339Z][pid 17808][tid 18144] INFO Installed explorer tree view subclass (tree=000000000003003A)
[2025-11-26T20:14:24.339Z][pid 17808][tid 18144] INFO Explorer status bar discovered (hwnd=0000000000150260)
[2025-11-26T20:14:24.340Z][pid 17808][tid 18144] INFO Status bar theme background updated (hwnd=0000000000150260 new=0x00191919)
[2025-11-26T20:14:24.340Z][pid 17808][tid 18144] INFO Status bar theme text color updated (hwnd=0000000000150260 new=0x00FFFFFF)
[2025-11-26T20:14:24.340Z][pid 17808][tid 18144] INFO Explorer pane creation watch armed (view=00000000006C25E2 list=1 tree=0)
[2025-11-26T20:14:24.340Z][pid 17808][tid 18144] INFO Explorer pane fallback timer armed (view=00000000006C25E2 delay=500)
[2025-11-26T20:14:24.341Z][pid 17808][tid 18144] INFO Explorer panes not ready: list view missing (view=00000000006C25E2)
[2025-11-26T20:14:24.341Z][pid 17808][tid 18144] INFO Explorer pane retry timer armed (view=00000000006C25E2 delay=500 attempts=1)
[2025-11-26T20:14:24.403Z][pid 17808][tid 18144] INFO TabBand::UpdateTabsUI applying 1 items
[2025-11-26T20:14:24.404Z][pid 17808][tid 18144] INFO Breadcrumb QueryService(IShellBrowser) failed: 0x80004001
[2025-11-26T20:14:24.404Z][pid 17808][tid 18144] INFO Breadcrumb ribbon frame discovered via IShellBrowser (hwnd=0000000005222CAA)
[2025-11-26T20:14:24.404Z][pid 17808][tid 18144] INFO Breadcrumb ribbon frame discovered via IWebBrowser2 (hwnd=0000000005222CAA)
[2025-11-26T20:14:24.405Z][pid 17808][tid 18144] INFO Breadcrumb toolbar located via window enumeration (hwnd=00000000020506BA)
[2025-11-26T20:14:24.405Z][pid 17808][tid 18144] INFO Explorer pane creation watch cleared (view=00000000006C25E2)
[2025-11-26T20:14:24.405Z][pid 17808][tid 18144] INFO Status bar background reset (hwnd=0000000000150260 previous=0xFF000000)
[2025-11-26T20:14:24.405Z][pid 17808][tid 18144] INFO Cleared Open In New Tab pending state
[2025-11-26T20:14:24.405Z][pid 17808][tid 18144] INFO Installed shell view window subclass (view=00000000006C25E2)
[2025-11-26T20:14:24.405Z][pid 17808][tid 18144] INFO Installed explorer frame subclass (frame=0000000005470662)
[2025-11-26T20:14:24.405Z][pid 17808][tid 18144] INFO Cleared Open In New Tab pending state
[2025-11-26T20:14:24.405Z][pid 17808][tid 18144] INFO Explorer view base subclass ready (view=00000000006C25E2 frame=0000000005470662)
[2025-11-26T20:14:24.406Z][pid 17808][tid 18144] VERBOSE DirectUI IUIElement unavailable (hr=0x80004001)
[2025-11-26T20:14:24.406Z][pid 17808][tid 18144] INFO Installed explorer DirectUI host subclass (direct=0000000000432340)
[2025-11-26T20:14:24.406Z][pid 17808][tid 18144] INFO Installed explorer tree view subclass (tree=000000000003003A)
[2025-11-26T20:14:24.406Z][pid 17808][tid 18144] INFO Explorer status bar discovered (hwnd=0000000000150260)
[2025-11-26T20:14:24.407Z][pid 17808][tid 18144] INFO Status bar theme background updated (hwnd=0000000000150260 new=0x00191919)
[2025-11-26T20:14:24.407Z][pid 17808][tid 18144] INFO Status bar theme text color updated (hwnd=0000000000150260 new=0x00FFFFFF)
[2025-11-26T20:14:24.407Z][pid 17808][tid 18144] INFO Explorer pane creation watch armed (view=00000000006C25E2 list=1 tree=0)
[2025-11-26T20:14:24.407Z][pid 17808][tid 18144] INFO Explorer pane fallback timer armed (view=00000000006C25E2 delay=500)
[2025-11-26T20:14:24.407Z][pid 17808][tid 18144] INFO Explorer panes not ready: list view missing (view=00000000006C25E2)
[2025-11-26T20:14:24.408Z][pid 17808][tid 18144] INFO Explorer pane retry timer armed (view=00000000006C25E2 delay=500 attempts=1)
[2025-11-26T20:14:24.435Z][pid 17808][tid 18144] INFO Installed explorer list host subclass (host=0000000005470662)
[2025-11-26T20:14:24.435Z][pid 17808][tid 18144] INFO Installed explorer list host subclass (host=00000000015301C4)
[2025-11-26T20:14:24.435Z][pid 17808][tid 18144] INFO Installed explorer list host subclass (host=00000000003826A4)
[2025-11-26T20:14:24.435Z][pid 17808][tid 18144] INFO Installed explorer list host subclass (host=0000000005222CAA)
[2025-11-26T20:14:24.435Z][pid 17808][tid 18144] INFO Installed explorer list host subclass (host=00000000085502AC)
[2025-11-26T20:14:27.163Z][pid 17808][tid 18144] WARN Status bar custom draw timeout; forcing theme detours (hwnd=0000000000150260)
[2025-11-26T20:14:27.294Z][pid 17808][tid 18144] INFO TabBand::UpdateTabsUI applying 1 items
[2025-11-26T20:14:27.296Z][pid 17808][tid 18144] INFO Tab diff: +1 -1 move=0 update=0 rows=1 incremental=false
[2025-11-26T20:14:27.303Z][pid 17808][tid 18144] INFO Breadcrumb QueryService(IShellBrowser) failed: 0x80004001
[2025-11-26T20:14:27.303Z][pid 17808][tid 18144] INFO Breadcrumb ribbon frame discovered via IShellBrowser (hwnd=0000000005222CAA)
[2025-11-26T20:14:27.303Z][pid 17808][tid 18144] INFO Breadcrumb ribbon frame discovered via IWebBrowser2 (hwnd=0000000005222CAA)
[2025-11-26T20:14:27.304Z][pid 17808][tid 18144] INFO Breadcrumb toolbar located via window enumeration (hwnd=00000000020506BA)
[2025-11-26T20:14:27.304Z][pid 17808][tid 18144] INFO Explorer pane creation watch cleared (view=0000000000000000)
[2025-11-26T20:14:27.304Z][pid 17808][tid 18144] INFO Status bar background reset (hwnd=0000000000150260 previous=0xFF000000)
[2025-11-26T20:14:27.304Z][pid 17808][tid 18144] INFO Cleared Open In New Tab pending state
[2025-11-26T20:14:27.304Z][pid 17808][tid 18144] INFO Installed shell view window subclass (view=0000000000050026)
[2025-11-26T20:14:27.304Z][pid 17808][tid 18144] INFO Installed explorer frame subclass (frame=0000000005470662)
[2025-11-26T20:14:27.304Z][pid 17808][tid 18144] INFO Cleared Open In New Tab pending state
[2025-11-26T20:14:27.305Z][pid 17808][tid 18144] INFO Explorer view base subclass ready (view=0000000000050026 frame=0000000005470662)
[2025-11-26T20:14:27.305Z][pid 17808][tid 18144] VERBOSE DirectUI IUIElement unavailable (hr=0x80004001)
[2025-11-26T20:14:27.305Z][pid 17808][tid 18144] INFO Installed explorer DirectUI host subclass (direct=0000000000832464)
[2025-11-26T20:14:27.305Z][pid 17808][tid 18144] INFO Installed explorer tree view subclass (tree=000000000003003A)
[2025-11-26T20:14:27.305Z][pid 17808][tid 18144] INFO Explorer status bar discovered (hwnd=0000000000150260)
[2025-11-26T20:14:27.306Z][pid 17808][tid 18144] INFO Status bar theme background updated (hwnd=0000000000150260 new=0x00191919)
[2025-11-26T20:14:27.306Z][pid 17808][tid 18144] INFO Status bar theme text color updated (hwnd=0000000000150260 new=0x00FFFFFF)
[2025-11-26T20:14:27.306Z][pid 17808][tid 18144] INFO Explorer pane creation watch armed (view=0000000000050026 list=1 tree=0)
[2025-11-26T20:14:27.307Z][pid 17808][tid 18144] INFO Explorer pane fallback timer armed (view=0000000000050026 delay=500)
[2025-11-26T20:14:27.307Z][pid 17808][tid 18144] INFO Explorer panes not ready: list view missing (view=0000000000050026)
[2025-11-26T20:14:27.307Z][pid 17808][tid 18144] INFO Explorer pane retry timer armed (view=0000000000050026 delay=500 attempts=1)
[2025-11-26T20:14:27.307Z][pid 17808][tid 18144] INFO TabBand::UpdateTabsUI applying 1 items
[2025-11-26T20:14:27.308Z][pid 17808][tid 18144] INFO Breadcrumb QueryService(IShellBrowser) failed: 0x80004001
[2025-11-26T20:14:27.308Z][pid 17808][tid 18144] INFO Breadcrumb ribbon frame discovered via IShellBrowser (hwnd=0000000005222CAA)
[2025-11-26T20:14:27.308Z][pid 17808][tid 18144] INFO Breadcrumb ribbon frame discovered via IWebBrowser2 (hwnd=0000000005222CAA)
[2025-11-26T20:14:27.309Z][pid 17808][tid 18144] INFO Breadcrumb toolbar located via window enumeration (hwnd=00000000020506BA)
[2025-11-26T20:14:27.309Z][pid 17808][tid 18144] INFO Explorer pane creation watch cleared (view=0000000000050026)
[2025-11-26T20:14:27.309Z][pid 17808][tid 18144] INFO Status bar background reset (hwnd=0000000000150260 previous=0xFF000000)
[2025-11-26T20:14:27.309Z][pid 17808][tid 18144] INFO Cleared Open In New Tab pending state
[2025-11-26T20:14:27.309Z][pid 17808][tid 18144] INFO Installed shell view window subclass (view=0000000000050026)
[2025-11-26T20:14:27.309Z][pid 17808][tid 18144] INFO Installed explorer frame subclass (frame=0000000005470662)
[2025-11-26T20:14:27.309Z][pid 17808][tid 18144] INFO Cleared Open In New Tab pending state
[2025-11-26T20:14:27.309Z][pid 17808][tid 18144] INFO Explorer view base subclass ready (view=0000000000050026 frame=0000000005470662)
[2025-11-26T20:14:27.310Z][pid 17808][tid 18144] VERBOSE DirectUI IUIElement unavailable (hr=0x80004001)
[2025-11-26T20:14:27.310Z][pid 17808][tid 18144] INFO Installed explorer DirectUI host subclass (direct=0000000000832464)
[2025-11-26T20:14:27.310Z][pid 17808][tid 18144] INFO Installed explorer tree view subclass (tree=000000000003003A)
[2025-11-26T20:14:27.310Z][pid 17808][tid 18144] INFO Explorer status bar discovered (hwnd=0000000000150260)
[2025-11-26T20:14:27.311Z][pid 17808][tid 18144] INFO Status bar theme background updated (hwnd=0000000000150260 new=0x00191919)
[2025-11-26T20:14:27.311Z][pid 17808][tid 18144] INFO Status bar theme text color updated (hwnd=0000000000150260 new=0x00FFFFFF)
[2025-11-26T20:14:27.311Z][pid 17808][tid 18144] INFO Explorer pane creation watch armed (view=0000000000050026 list=1 tree=0)
[2025-11-26T20:14:27.312Z][pid 17808][tid 18144] INFO Explorer pane fallback timer armed (view=0000000000050026 delay=500)
[2025-11-26T20:14:27.312Z][pid 17808][tid 18144] INFO Explorer panes not ready: list view missing (view=0000000000050026)
[2025-11-26T20:14:27.312Z][pid 17808][tid 18144] INFO Explorer pane retry timer armed (view=0000000000050026 delay=500 attempts=1)
[2025-11-26T20:14:27.348Z][pid 17808][tid 18144] INFO TabBand::UpdateTabsUI applying 1 items
[2025-11-26T20:14:27.350Z][pid 17808][tid 18144] INFO Breadcrumb QueryService(IShellBrowser) failed: 0x80004001
[2025-11-26T20:14:27.350Z][pid 17808][tid 18144] INFO Breadcrumb ribbon frame discovered via IShellBrowser (hwnd=0000000005222CAA)
[2025-11-26T20:14:27.350Z][pid 17808][tid 18144] INFO Breadcrumb ribbon frame discovered via IWebBrowser2 (hwnd=0000000005222CAA)
[2025-11-26T20:14:27.351Z][pid 17808][tid 18144] INFO Breadcrumb toolbar located via window enumeration (hwnd=00000000020506BA)
[2025-11-26T20:14:27.351Z][pid 17808][tid 18144] INFO Explorer pane creation watch cleared (view=0000000000050026)
[2025-11-26T20:14:27.351Z][pid 17808][tid 18144] INFO Status bar background reset (hwnd=0000000000150260 previous=0xFF000000)
[2025-11-26T20:14:27.351Z][pid 17808][tid 18144] INFO Cleared Open In New Tab pending state
[2025-11-26T20:14:27.351Z][pid 17808][tid 18144] INFO Installed shell view window subclass (view=0000000000050026)
[2025-11-26T20:14:27.351Z][pid 17808][tid 18144] INFO Installed explorer frame subclass (frame=0000000005470662)
[2025-11-26T20:14:27.351Z][pid 17808][tid 18144] INFO Cleared Open In New Tab pending state
[2025-11-26T20:14:27.351Z][pid 17808][tid 18144] INFO Explorer view base subclass ready (view=0000000000050026 frame=0000000005470662)
[2025-11-26T20:14:27.352Z][pid 17808][tid 18144] VERBOSE DirectUI IUIElement unavailable (hr=0x80004001)
[2025-11-26T20:14:27.352Z][pid 17808][tid 18144] INFO Installed explorer DirectUI host subclass (direct=0000000000832464)
[2025-11-26T20:14:27.352Z][pid 17808][tid 18144] INFO Installed explorer tree view subclass (tree=000000000003003A)
[2025-11-26T20:14:27.352Z][pid 17808][tid 18144] INFO Explorer status bar discovered (hwnd=0000000000150260)
[2025-11-26T20:14:27.353Z][pid 17808][tid 18144] INFO Status bar theme background updated (hwnd=0000000000150260 new=0x00191919)
[2025-11-26T20:14:27.353Z][pid 17808][tid 18144] INFO Status bar theme text color updated (hwnd=0000000000150260 new=0x00FFFFFF)
[2025-11-26T20:14:27.353Z][pid 17808][tid 18144] INFO Explorer pane creation watch armed (view=0000000000050026 list=1 tree=0)
[2025-11-26T20:14:27.354Z][pid 17808][tid 18144] INFO Explorer pane fallback timer armed (view=0000000000050026 delay=500)
[2025-11-26T20:14:27.354Z][pid 17808][tid 18144] INFO Explorer panes not ready: list view missing (view=0000000000050026)
[2025-11-26T20:14:27.354Z][pid 17808][tid 18144] INFO Explorer pane retry timer armed (view=0000000000050026 delay=500 attempts=1)
[2025-11-26T20:14:27.380Z][pid 17808][tid 18144] INFO Installed explorer list host subclass (host=0000000005470662)
[2025-11-26T20:14:27.381Z][pid 17808][tid 18144] INFO Installed explorer list host subclass (host=00000000015301C4)
[2025-11-26T20:14:27.382Z][pid 17808][tid 18144] INFO Installed explorer list host subclass (host=00000000003826A4)
[2025-11-26T20:14:27.382Z][pid 17808][tid 18144] INFO Installed explorer list host subclass (host=0000000005222CAA)
[2025-11-26T20:14:27.382Z][pid 17808][tid 18144] INFO Installed explorer list host subclass (host=00000000085502AC)
[2025-11-26T20:14:29.074Z][pid 17808][tid 18144] INFO TabBand::UpdateTabsUI applying 1 items
[2025-11-26T20:14:29.075Z][pid 17808][tid 18144] INFO Tab diff: +1 -1 move=0 update=0 rows=1 incremental=false
[2025-11-26T20:14:29.080Z][pid 17808][tid 18144] INFO Breadcrumb QueryService(IShellBrowser) failed: 0x80004001
[2025-11-26T20:14:29.081Z][pid 17808][tid 18144] INFO Breadcrumb ribbon frame discovered via IShellBrowser (hwnd=0000000005222CAA)
[2025-11-26T20:14:29.081Z][pid 17808][tid 18144] INFO Breadcrumb ribbon frame discovered via IWebBrowser2 (hwnd=0000000005222CAA)
[2025-11-26T20:14:29.081Z][pid 17808][tid 18144] INFO Breadcrumb toolbar located via window enumeration (hwnd=00000000020506BA)
[2025-11-26T20:14:29.081Z][pid 17808][tid 18144] INFO Explorer pane creation watch cleared (view=0000000000000000)
[2025-11-26T20:14:29.081Z][pid 17808][tid 18144] INFO Status bar background reset (hwnd=0000000000150260 previous=0xFF000000)
[2025-11-26T20:14:29.081Z][pid 17808][tid 18144] INFO Cleared Open In New Tab pending state
[2025-11-26T20:14:29.081Z][pid 17808][tid 18144] INFO Installed shell view window subclass (view=0000000000442340)
[2025-11-26T20:14:29.082Z][pid 17808][tid 18144] INFO Installed explorer frame subclass (frame=0000000005470662)
[2025-11-26T20:14:29.082Z][pid 17808][tid 18144] INFO Cleared Open In New Tab pending state
[2025-11-26T20:14:29.082Z][pid 17808][tid 18144] INFO Explorer view base subclass ready (view=0000000000442340 frame=0000000005470662)
[2025-11-26T20:14:29.082Z][pid 17808][tid 18144] VERBOSE DirectUI IUIElement unavailable (hr=0x80004001)
[2025-11-26T20:14:29.082Z][pid 17808][tid 18144] INFO Installed explorer DirectUI host subclass (direct=0000000000EE32D8)
[2025-11-26T20:14:29.082Z][pid 17808][tid 18144] INFO Installed explorer tree view subclass (tree=000000000003003A)
[2025-11-26T20:14:29.082Z][pid 17808][tid 18144] INFO Explorer status bar discovered (hwnd=0000000000150260)
[2025-11-26T20:14:29.083Z][pid 17808][tid 18144] INFO Status bar theme background updated (hwnd=0000000000150260 new=0x00191919)
[2025-11-26T20:14:29.083Z][pid 17808][tid 18144] INFO Status bar theme text color updated (hwnd=0000000000150260 new=0x00FFFFFF)
[2025-11-26T20:14:29.083Z][pid 17808][tid 18144] INFO Explorer pane creation watch armed (view=0000000000442340 list=1 tree=0)
[2025-11-26T20:14:29.083Z][pid 17808][tid 18144] INFO Explorer pane fallback timer armed (view=0000000000442340 delay=500)
[2025-11-26T20:14:29.084Z][pid 17808][tid 18144] INFO Explorer panes not ready: list view missing (view=0000000000442340)
[2025-11-26T20:14:29.084Z][pid 17808][tid 18144] INFO Explorer pane retry timer armed (view=0000000000442340 delay=500 attempts=1)
[2025-11-26T20:14:29.084Z][pid 17808][tid 18144] INFO TabBand::UpdateTabsUI applying 1 items
[2025-11-26T20:14:29.085Z][pid 17808][tid 18144] INFO Breadcrumb QueryService(IShellBrowser) failed: 0x80004001
[2025-11-26T20:14:29.085Z][pid 17808][tid 18144] INFO Breadcrumb ribbon frame discovered via IShellBrowser (hwnd=0000000005222CAA)
[2025-11-26T20:14:29.085Z][pid 17808][tid 18144] INFO Breadcrumb ribbon frame discovered via IWebBrowser2 (hwnd=0000000005222CAA)
[2025-11-26T20:14:29.085Z][pid 17808][tid 18144] INFO Breadcrumb toolbar located via window enumeration (hwnd=00000000020506BA)
[2025-11-26T20:14:29.085Z][pid 17808][tid 18144] INFO Explorer pane creation watch cleared (view=0000000000442340)
[2025-11-26T20:14:29.085Z][pid 17808][tid 18144] INFO Status bar background reset (hwnd=0000000000150260 previous=0xFF000000)
[2025-11-26T20:14:29.085Z][pid 17808][tid 18144] INFO Cleared Open In New Tab pending state
[2025-11-26T20:14:29.086Z][pid 17808][tid 18144] INFO Installed shell view window subclass (view=0000000000442340)
[2025-11-26T20:14:29.086Z][pid 17808][tid 18144] INFO Installed explorer frame subclass (frame=0000000005470662)
[2025-11-26T20:14:29.086Z][pid 17808][tid 18144] INFO Cleared Open In New Tab pending state
[2025-11-26T20:14:29.086Z][pid 17808][tid 18144] INFO Explorer view base subclass ready (view=0000000000442340 frame=0000000005470662)
[2025-11-26T20:14:29.086Z][pid 17808][tid 18144] VERBOSE DirectUI IUIElement unavailable (hr=0x80004001)
[2025-11-26T20:14:29.086Z][pid 17808][tid 18144] INFO Installed explorer DirectUI host subclass (direct=0000000000EE32D8)
[2025-11-26T20:14:29.086Z][pid 17808][tid 18144] INFO Installed explorer tree view subclass (tree=000000000003003A)
[2025-11-26T20:14:29.086Z][pid 17808][tid 18144] INFO Explorer status bar discovered (hwnd=0000000000150260)
[2025-11-26T20:14:29.087Z][pid 17808][tid 18144] INFO Status bar theme background updated (hwnd=0000000000150260 new=0x00191919)
[2025-11-26T20:14:29.087Z][pid 17808][tid 18144] INFO Status bar theme text color updated (hwnd=0000000000150260 new=0x00FFFFFF)
[2025-11-26T20:14:29.088Z][pid 17808][tid 18144] INFO Explorer pane creation watch armed (view=0000000000442340 list=1 tree=0)
[2025-11-26T20:14:29.088Z][pid 17808][tid 18144] INFO Explorer pane fallback timer armed (view=0000000000442340 delay=500)
[2025-11-26T20:14:29.088Z][pid 17808][tid 18144] INFO Explorer panes not ready: list view missing (view=0000000000442340)
[2025-11-26T20:14:29.088Z][pid 17808][tid 18144] INFO Explorer pane retry timer armed (view=0000000000442340 delay=500 attempts=1)
[2025-11-26T20:14:29.138Z][pid 17808][tid 18144] INFO TabBand::UpdateTabsUI applying 1 items
[2025-11-26T20:14:29.139Z][pid 17808][tid 18144] INFO Breadcrumb QueryService(IShellBrowser) failed: 0x80004001
[2025-11-26T20:14:29.139Z][pid 17808][tid 18144] INFO Breadcrumb ribbon frame discovered via IShellBrowser (hwnd=0000000005222CAA)
[2025-11-26T20:14:29.139Z][pid 17808][tid 18144] INFO Breadcrumb ribbon frame discovered via IWebBrowser2 (hwnd=0000000005222CAA)
[2025-11-26T20:14:29.139Z][pid 17808][tid 18144] INFO Breadcrumb toolbar located via window enumeration (hwnd=00000000020506BA)
[2025-11-26T20:14:29.140Z][pid 17808][tid 18144] INFO Explorer pane creation watch cleared (view=0000000000442340)
[2025-11-26T20:14:29.140Z][pid 17808][tid 18144] INFO Status bar background reset (hwnd=0000000000150260 previous=0xFF000000)
[2025-11-26T20:14:29.140Z][pid 17808][tid 18144] INFO Cleared Open In New Tab pending state
[2025-11-26T20:14:29.140Z][pid 17808][tid 18144] INFO Installed shell view window subclass (view=0000000000442340)
[2025-11-26T20:14:29.141Z][pid 17808][tid 18144] INFO Installed explorer frame subclass (frame=0000000005470662)
[2025-11-26T20:14:29.141Z][pid 17808][tid 18144] INFO Cleared Open In New Tab pending state
[2025-11-26T20:14:29.141Z][pid 17808][tid 18144] INFO Explorer view base subclass ready (view=0000000000442340 frame=0000000005470662)
[2025-11-26T20:14:29.141Z][pid 17808][tid 18144] VERBOSE DirectUI IUIElement unavailable (hr=0x80004001)
[2025-11-26T20:14:29.141Z][pid 17808][tid 18144] INFO Installed explorer DirectUI host subclass (direct=0000000000EE32D8)
[2025-11-26T20:14:29.141Z][pid 17808][tid 18144] INFO Installed explorer tree view subclass (tree=000000000003003A)
[2025-11-26T20:14:29.141Z][pid 17808][tid 18144] INFO Explorer status bar discovered (hwnd=0000000000150260)
[2025-11-26T20:14:29.143Z][pid 17808][tid 18144] INFO Status bar theme background updated (hwnd=0000000000150260 new=0x00191919)
[2025-11-26T20:14:29.143Z][pid 17808][tid 18144] INFO Status bar theme text color updated (hwnd=0000000000150260 new=0x00FFFFFF)
[2025-11-26T20:14:29.143Z][pid 17808][tid 18144] INFO Explorer pane creation watch armed (view=0000000000442340 list=1 tree=0)
[2025-11-26T20:14:29.143Z][pid 17808][tid 18144] INFO Explorer pane fallback timer armed (view=0000000000442340 delay=500)
[2025-11-26T20:14:29.143Z][pid 17808][tid 18144] INFO Explorer panes not ready: list view missing (view=0000000000442340)
[2025-11-26T20:14:29.143Z][pid 17808][tid 18144] INFO Explorer pane retry timer armed (view=0000000000442340 delay=500 attempts=1)
[2025-11-26T20:14:29.173Z][pid 17808][tid 18144] INFO Installed explorer list host subclass (host=0000000005470662)
[2025-11-26T20:14:29.174Z][pid 17808][tid 18144] INFO Installed explorer list host subclass (host=00000000015301C4)
[2025-11-26T20:14:29.174Z][pid 17808][tid 18144] INFO Installed explorer list host subclass (host=00000000003826A4)
[2025-11-26T20:14:29.174Z][pid 17808][tid 18144] INFO Installed explorer list host subclass (host=0000000005222CAA)
[2025-11-26T20:14:29.174Z][pid 17808][tid 18144] INFO Installed explorer list host subclass (host=00000000085502AC)
[2025-11-26T20:14:47.443Z][pid 17808][tid 18144] INFO Registered glow surface edit (hwnd=0000000000080020)
[2025-11-26T20:14:47.463Z][pid 17808][tid 18144] INFO TabBand::UpdateTabsUI applying 1 items
[2025-11-26T20:14:47.465Z][pid 17808][tid 18144] INFO Tab diff: +1 -1 move=0 update=0 rows=1 incremental=false
[2025-11-26T20:14:47.467Z][pid 17808][tid 18144] WARN Status bar custom draw timeout; forcing theme detours (hwnd=0000000000150260)
[2025-11-26T20:14:47.468Z][pid 17808][tid 18144] INFO Breadcrumb QueryService(IShellBrowser) failed: 0x80004001
[2025-11-26T20:14:47.469Z][pid 17808][tid 18144] INFO Breadcrumb ribbon frame discovered via IShellBrowser (hwnd=0000000005222CAA)
[2025-11-26T20:14:47.469Z][pid 17808][tid 18144] INFO Breadcrumb ribbon frame discovered via IWebBrowser2 (hwnd=0000000005222CAA)
[2025-11-26T20:14:47.469Z][pid 17808][tid 18144] INFO Breadcrumb toolbar located via window enumeration (hwnd=00000000020506BA)
[2025-11-26T20:14:47.469Z][pid 17808][tid 18144] INFO Installed address edit gradient subclass on hwnd=0000000000080020
[2025-11-26T20:14:47.469Z][pid 17808][tid 18144] INFO Explorer pane creation watch cleared (view=0000000000000000)
[2025-11-26T20:14:47.469Z][pid 17808][tid 18144] INFO Status bar background reset (hwnd=0000000000150260 previous=0xFF000000)
[2025-11-26T20:14:47.470Z][pid 17808][tid 18144] INFO Cleared Open In New Tab pending state
[2025-11-26T20:14:47.470Z][pid 17808][tid 18144] INFO Installed shell view window subclass (view=000000000004002A)
[2025-11-26T20:14:47.470Z][pid 17808][tid 18144] INFO Installed explorer frame subclass (frame=0000000005470662)
[2025-11-26T20:14:47.470Z][pid 17808][tid 18144] INFO Cleared Open In New Tab pending state
[2025-11-26T20:14:47.470Z][pid 17808][tid 18144] INFO Explorer view base subclass ready (view=000000000004002A frame=0000000005470662)
[2025-11-26T20:14:47.470Z][pid 17808][tid 18144] VERBOSE DirectUI IUIElement unavailable (hr=0x80004001)
[2025-11-26T20:14:47.470Z][pid 17808][tid 18144] INFO Installed explorer DirectUI host subclass (direct=000000000005002C)
[2025-11-26T20:14:47.470Z][pid 17808][tid 18144] INFO Installed explorer tree view subclass (tree=000000000003003A)
[2025-11-26T20:14:47.470Z][pid 17808][tid 18144] INFO Explorer status bar discovered (hwnd=0000000000150260)
[2025-11-26T20:14:47.474Z][pid 17808][tid 18144] INFO Status bar theme background updated (hwnd=0000000000150260 new=0x00191919)
[2025-11-26T20:14:47.474Z][pid 17808][tid 18144] INFO Status bar theme text color updated (hwnd=0000000000150260 new=0x00FFFFFF)
[2025-11-26T20:14:47.474Z][pid 17808][tid 18144] INFO Registered glow surface edit (hwnd=0000000000080020)
[2025-11-26T20:14:47.475Z][pid 17808][tid 18144] INFO Explorer pane creation watch armed (view=000000000004002A list=1 tree=0)
[2025-11-26T20:14:47.475Z][pid 17808][tid 18144] INFO Explorer pane fallback timer armed (view=000000000004002A delay=500)
[2025-11-26T20:14:47.476Z][pid 17808][tid 18144] INFO Explorer panes not ready: list view missing (view=000000000004002A)
[2025-11-26T20:14:47.476Z][pid 17808][tid 18144] INFO Explorer pane retry timer armed (view=000000000004002A delay=500 attempts=1)
[2025-11-26T20:14:47.476Z][pid 17808][tid 18144] INFO TabBand::UpdateTabsUI applying 1 items
[2025-11-26T20:14:47.477Z][pid 17808][tid 18144] INFO Breadcrumb QueryService(IShellBrowser) failed: 0x80004001
[2025-11-26T20:14:47.477Z][pid 17808][tid 18144] INFO Breadcrumb ribbon frame discovered via IShellBrowser (hwnd=0000000005222CAA)
[2025-11-26T20:14:47.477Z][pid 17808][tid 18144] INFO Breadcrumb ribbon frame discovered via IWebBrowser2 (hwnd=0000000005222CAA)
[2025-11-26T20:14:47.477Z][pid 17808][tid 18144] INFO Breadcrumb toolbar located via window enumeration (hwnd=00000000020506BA)
[2025-11-26T20:14:47.478Z][pid 17808][tid 18144] INFO Explorer pane creation watch cleared (view=000000000004002A)
[2025-11-26T20:14:47.478Z][pid 17808][tid 18144] INFO Status bar background reset (hwnd=0000000000150260 previous=0xFF000000)
[2025-11-26T20:14:47.478Z][pid 17808][tid 18144] INFO Cleared Open In New Tab pending state
[2025-11-26T20:14:47.478Z][pid 17808][tid 18144] INFO Installed shell view window subclass (view=000000000004002A)
[2025-11-26T20:14:47.478Z][pid 17808][tid 18144] INFO Installed explorer frame subclass (frame=0000000005470662)
[2025-11-26T20:14:47.478Z][pid 17808][tid 18144] INFO Cleared Open In New Tab pending state
[2025-11-26T20:14:47.478Z][pid 17808][tid 18144] INFO Explorer view base subclass ready (view=000000000004002A frame=0000000005470662)
[2025-11-26T20:14:47.478Z][pid 17808][tid 18144] VERBOSE DirectUI IUIElement unavailable (hr=0x80004001)
[2025-11-26T20:14:47.478Z][pid 17808][tid 18144] INFO Installed explorer DirectUI host subclass (direct=000000000005002C)
[2025-11-26T20:14:47.479Z][pid 17808][tid 18144] INFO Installed explorer tree view subclass (tree=000000000003003A)
[2025-11-26T20:14:47.479Z][pid 17808][tid 18144] INFO Explorer status bar discovered (hwnd=0000000000150260)
[2025-11-26T20:14:47.480Z][pid 17808][tid 18144] INFO Status bar theme background updated (hwnd=0000000000150260 new=0x00191919)
[2025-11-26T20:14:47.480Z][pid 17808][tid 18144] INFO Status bar theme text color updated (hwnd=0000000000150260 new=0x00FFFFFF)
[2025-11-26T20:14:47.480Z][pid 17808][tid 18144] INFO Registered glow surface edit (hwnd=0000000000080020)
[2025-11-26T20:14:47.481Z][pid 17808][tid 18144] INFO Explorer pane creation watch armed (view=000000000004002A list=1 tree=0)
[2025-11-26T20:14:47.481Z][pid 17808][tid 18144] INFO Explorer pane fallback timer armed (view=000000000004002A delay=500)
[2025-11-26T20:14:47.481Z][pid 17808][tid 18144] INFO Explorer panes not ready: list view missing (view=000000000004002A)
[2025-11-26T20:14:47.481Z][pid 17808][tid 18144] INFO Explorer pane retry timer armed (view=000000000004002A delay=500 attempts=1)
[2025-11-26T20:14:47.515Z][pid 17808][tid 18144] INFO TabBand::UpdateTabsUI applying 1 items
[2025-11-26T20:14:47.517Z][pid 17808][tid 18144] INFO Breadcrumb QueryService(IShellBrowser) failed: 0x80004001
[2025-11-26T20:14:47.517Z][pid 17808][tid 18144] INFO Breadcrumb ribbon frame discovered via IShellBrowser (hwnd=0000000005222CAA)
[2025-11-26T20:14:47.517Z][pid 17808][tid 18144] INFO Breadcrumb ribbon frame discovered via IWebBrowser2 (hwnd=0000000005222CAA)
[2025-11-26T20:14:47.517Z][pid 17808][tid 18144] INFO Breadcrumb toolbar located via window enumeration (hwnd=00000000020506BA)
[2025-11-26T20:14:47.517Z][pid 17808][tid 18144] INFO Explorer pane creation watch cleared (view=000000000004002A)
[2025-11-26T20:14:47.517Z][pid 17808][tid 18144] INFO Status bar background reset (hwnd=0000000000150260 previous=0xFF000000)
[2025-11-26T20:14:47.517Z][pid 17808][tid 18144] INFO Cleared Open In New Tab pending state
[2025-11-26T20:14:47.517Z][pid 17808][tid 18144] INFO Installed shell view window subclass (view=000000000004002A)
[2025-11-26T20:14:47.518Z][pid 17808][tid 18144] INFO Installed explorer frame subclass (frame=0000000005470662)
[2025-11-26T20:14:47.518Z][pid 17808][tid 18144] INFO Cleared Open In New Tab pending state
[2025-11-26T20:14:47.518Z][pid 17808][tid 18144] INFO Explorer view base subclass ready (view=000000000004002A frame=0000000005470662)
[2025-11-26T20:14:47.518Z][pid 17808][tid 18144] VERBOSE DirectUI IUIElement unavailable (hr=0x80004001)
[2025-11-26T20:14:47.518Z][pid 17808][tid 18144] INFO Installed explorer DirectUI host subclass (direct=000000000005002C)
[2025-11-26T20:14:47.518Z][pid 17808][tid 18144] INFO Installed explorer tree view subclass (tree=000000000003003A)
[2025-11-26T20:14:47.519Z][pid 17808][tid 18144] INFO Explorer status bar discovered (hwnd=0000000000150260)
[2025-11-26T20:14:47.520Z][pid 17808][tid 18144] INFO Status bar theme background updated (hwnd=0000000000150260 new=0x00191919)
[2025-11-26T20:14:47.520Z][pid 17808][tid 18144] INFO Status bar theme text color updated (hwnd=0000000000150260 new=0x00FFFFFF)
[2025-11-26T20:14:47.520Z][pid 17808][tid 18144] INFO Registered glow surface edit (hwnd=0000000000080020)
[2025-11-26T20:14:47.521Z][pid 17808][tid 18144] INFO Explorer pane creation watch armed (view=000000000004002A list=1 tree=0)
[2025-11-26T20:14:47.521Z][pid 17808][tid 18144] INFO Explorer pane fallback timer armed (view=000000000004002A delay=500)
[2025-11-26T20:14:47.522Z][pid 17808][tid 18144] INFO Explorer panes not ready: list view missing (view=000000000004002A)
[2025-11-26T20:14:47.522Z][pid 17808][tid 18144] INFO Explorer pane retry timer armed (view=000000000004002A delay=500 attempts=1)
[2025-11-26T20:14:47.563Z][pid 17808][tid 18144] INFO Installed explorer list host subclass (host=0000000005470662)
[2025-11-26T20:14:47.563Z][pid 17808][tid 18144] INFO Installed explorer list host subclass (host=00000000015301C4)
[2025-11-26T20:14:47.563Z][pid 17808][tid 18144] INFO Installed explorer list host subclass (host=00000000003826A4)
[2025-11-26T20:14:47.563Z][pid 17808][tid 18144] INFO Installed explorer list host subclass (host=0000000005222CAA)
[2025-11-26T20:14:47.563Z][pid 17808][tid 18144] INFO Installed explorer list host subclass (host=00000000085502AC)
[2025-11-26T20:14:49.331Z][pid 17808][tid 18144] INFO TabBand::UpdateTabsUI applying 1 items
[2025-11-26T20:14:49.333Z][pid 17808][tid 18144] INFO Tab diff: +1 -1 move=0 update=0 rows=1 incremental=false
[2025-11-26T20:14:49.337Z][pid 17808][tid 18144] INFO Breadcrumb QueryService(IShellBrowser) failed: 0x80004001
[2025-11-26T20:14:49.337Z][pid 17808][tid 18144] INFO Breadcrumb ribbon frame discovered via IShellBrowser (hwnd=0000000005222CAA)
[2025-11-26T20:14:49.337Z][pid 17808][tid 18144] INFO Breadcrumb ribbon frame discovered via IWebBrowser2 (hwnd=0000000005222CAA)
[2025-11-26T20:14:49.338Z][pid 17808][tid 18144] INFO Breadcrumb toolbar located via window enumeration (hwnd=00000000020506BA)
[2025-11-26T20:14:49.338Z][pid 17808][tid 18144] INFO Explorer pane creation watch cleared (view=0000000000000000)
[2025-11-26T20:14:49.338Z][pid 17808][tid 18144] INFO Status bar background reset (hwnd=0000000000150260 previous=0xFF000000)
[2025-11-26T20:14:49.338Z][pid 17808][tid 18144] INFO Cleared Open In New Tab pending state
[2025-11-26T20:14:49.338Z][pid 17808][tid 18144] INFO Installed shell view window subclass (view=0000000000EF32D8)
[2025-11-26T20:14:49.338Z][pid 17808][tid 18144] INFO Installed explorer frame subclass (frame=0000000005470662)
[2025-11-26T20:14:49.338Z][pid 17808][tid 18144] INFO Cleared Open In New Tab pending state
[2025-11-26T20:14:49.338Z][pid 17808][tid 18144] INFO Explorer view base subclass ready (view=0000000000EF32D8 frame=0000000005470662)
[2025-11-26T20:14:49.339Z][pid 17808][tid 18144] VERBOSE DirectUI IUIElement unavailable (hr=0x80004001)
[2025-11-26T20:14:49.339Z][pid 17808][tid 18144] INFO Installed explorer DirectUI host subclass (direct=0000000000040024)
[2025-11-26T20:14:49.339Z][pid 17808][tid 18144] INFO Installed explorer tree view subclass (tree=000000000003003A)
[2025-11-26T20:14:49.339Z][pid 17808][tid 18144] INFO Explorer status bar discovered (hwnd=0000000000150260)
[2025-11-26T20:14:49.340Z][pid 17808][tid 18144] INFO Status bar theme background updated (hwnd=0000000000150260 new=0x00191919)
[2025-11-26T20:14:49.340Z][pid 17808][tid 18144] INFO Status bar theme text color updated (hwnd=0000000000150260 new=0x00FFFFFF)
[2025-11-26T20:14:49.340Z][pid 17808][tid 18144] INFO Registered glow surface edit (hwnd=0000000000080020)
[2025-11-26T20:14:49.341Z][pid 17808][tid 18144] INFO Explorer pane creation watch armed (view=0000000000EF32D8 list=1 tree=0)
[2025-11-26T20:14:49.341Z][pid 17808][tid 18144] INFO Explorer pane fallback timer armed (view=0000000000EF32D8 delay=500)
[2025-11-26T20:14:49.341Z][pid 17808][tid 18144] INFO Explorer panes not ready: list view missing (view=0000000000EF32D8)
[2025-11-26T20:14:49.341Z][pid 17808][tid 18144] INFO Explorer pane retry timer armed (view=0000000000EF32D8 delay=500 attempts=1)
[2025-11-26T20:14:49.342Z][pid 17808][tid 18144] INFO TabBand::UpdateTabsUI applying 1 items
[2025-11-26T20:14:49.343Z][pid 17808][tid 18144] INFO Breadcrumb QueryService(IShellBrowser) failed: 0x80004001
[2025-11-26T20:14:49.343Z][pid 17808][tid 18144] INFO Breadcrumb ribbon frame discovered via IShellBrowser (hwnd=0000000005222CAA)
[2025-11-26T20:14:49.343Z][pid 17808][tid 18144] INFO Breadcrumb ribbon frame discovered via IWebBrowser2 (hwnd=0000000005222CAA)
[2025-11-26T20:14:49.343Z][pid 17808][tid 18144] INFO Breadcrumb toolbar located via window enumeration (hwnd=00000000020506BA)
[2025-11-26T20:14:49.344Z][pid 17808][tid 18144] INFO Explorer pane creation watch cleared (view=0000000000EF32D8)
[2025-11-26T20:14:49.344Z][pid 17808][tid 18144] INFO Status bar background reset (hwnd=0000000000150260 previous=0xFF000000)
[2025-11-26T20:14:49.344Z][pid 17808][tid 18144] INFO Cleared Open In New Tab pending state
[2025-11-26T20:14:49.344Z][pid 17808][tid 18144] INFO Installed shell view window subclass (view=0000000000EF32D8)
[2025-11-26T20:14:49.344Z][pid 17808][tid 18144] INFO Installed explorer frame subclass (frame=0000000005470662)
[2025-11-26T20:14:49.344Z][pid 17808][tid 18144] INFO Cleared Open In New Tab pending state
[2025-11-26T20:14:49.344Z][pid 17808][tid 18144] INFO Explorer view base subclass ready (view=0000000000EF32D8 frame=0000000005470662)
[2025-11-26T20:14:49.345Z][pid 17808][tid 18144] VERBOSE DirectUI IUIElement unavailable (hr=0x80004001)
[2025-11-26T20:14:49.345Z][pid 17808][tid 18144] INFO Installed explorer DirectUI host subclass (direct=0000000000040024)
[2025-11-26T20:14:49.346Z][pid 17808][tid 18144] INFO Installed explorer tree view subclass (tree=000000000003003A)
[2025-11-26T20:14:49.347Z][pid 17808][tid 18144] INFO Explorer status bar discovered (hwnd=0000000000150260)
[2025-11-26T20:14:49.348Z][pid 17808][tid 18144] INFO Status bar theme background updated (hwnd=0000000000150260 new=0x00191919)
[2025-11-26T20:14:49.348Z][pid 17808][tid 18144] INFO Status bar theme text color updated (hwnd=0000000000150260 new=0x00FFFFFF)
[2025-11-26T20:14:49.348Z][pid 17808][tid 18144] INFO Registered glow surface edit (hwnd=0000000000080020)
[2025-11-26T20:14:49.349Z][pid 17808][tid 18144] INFO Explorer pane creation watch armed (view=0000000000EF32D8 list=1 tree=0)
[2025-11-26T20:14:49.349Z][pid 17808][tid 18144] INFO Explorer pane fallback timer armed (view=0000000000EF32D8 delay=500)
[2025-11-26T20:14:49.349Z][pid 17808][tid 18144] INFO Explorer panes not ready: list view missing (view=0000000000EF32D8)
[2025-11-26T20:14:49.349Z][pid 17808][tid 18144] INFO Explorer pane retry timer armed (view=0000000000EF32D8 delay=500 attempts=1)
[2025-11-26T20:14:49.387Z][pid 17808][tid 18144] INFO TabBand::UpdateTabsUI applying 1 items
[2025-11-26T20:14:49.389Z][pid 17808][tid 18144] INFO Breadcrumb QueryService(IShellBrowser) failed: 0x80004001
[2025-11-26T20:14:49.389Z][pid 17808][tid 18144] INFO Breadcrumb ribbon frame discovered via IShellBrowser (hwnd=0000000005222CAA)
[2025-11-26T20:14:49.389Z][pid 17808][tid 18144] INFO Breadcrumb ribbon frame discovered via IWebBrowser2 (hwnd=0000000005222CAA)
[2025-11-26T20:14:49.389Z][pid 17808][tid 18144] INFO Breadcrumb toolbar located via window enumeration (hwnd=00000000020506BA)
[2025-11-26T20:14:49.389Z][pid 17808][tid 18144] INFO Explorer pane creation watch cleared (view=0000000000EF32D8)
[2025-11-26T20:14:49.390Z][pid 17808][tid 18144] INFO Status bar background reset (hwnd=0000000000150260 previous=0xFF000000)
[2025-11-26T20:14:49.390Z][pid 17808][tid 18144] INFO Cleared Open In New Tab pending state
[2025-11-26T20:14:49.390Z][pid 17808][tid 18144] INFO Installed shell view window subclass (view=0000000000EF32D8)
[2025-11-26T20:14:49.390Z][pid 17808][tid 18144] INFO Installed explorer frame subclass (frame=0000000005470662)
[2025-11-26T20:14:49.390Z][pid 17808][tid 18144] INFO Cleared Open In New Tab pending state
[2025-11-26T20:14:49.390Z][pid 17808][tid 18144] INFO Explorer view base subclass ready (view=0000000000EF32D8 frame=0000000005470662)
[2025-11-26T20:14:49.390Z][pid 17808][tid 18144] VERBOSE DirectUI IUIElement unavailable (hr=0x80004001)
[2025-11-26T20:14:49.390Z][pid 17808][tid 18144] INFO Installed explorer DirectUI host subclass (direct=0000000000040024)
[2025-11-26T20:14:49.390Z][pid 17808][tid 18144] INFO Installed explorer tree view subclass (tree=000000000003003A)
[2025-11-26T20:14:49.391Z][pid 17808][tid 18144] INFO Explorer status bar discovered (hwnd=0000000000150260)
[2025-11-26T20:14:49.392Z][pid 17808][tid 18144] INFO Status bar theme background updated (hwnd=0000000000150260 new=0x00191919)
[2025-11-26T20:14:49.392Z][pid 17808][tid 18144] INFO Status bar theme text color updated (hwnd=0000000000150260 new=0x00FFFFFF)
[2025-11-26T20:14:49.393Z][pid 17808][tid 18144] INFO Registered glow surface edit (hwnd=0000000000080020)
[2025-11-26T20:14:49.393Z][pid 17808][tid 18144] INFO Explorer pane creation watch armed (view=0000000000EF32D8 list=1 tree=0)
[2025-11-26T20:14:49.394Z][pid 17808][tid 18144] INFO Explorer pane fallback timer armed (view=0000000000EF32D8 delay=500)
[2025-11-26T20:14:49.394Z][pid 17808][tid 18144] INFO Explorer panes not ready: list view missing (view=0000000000EF32D8)
[2025-11-26T20:14:49.394Z][pid 17808][tid 18144] INFO Explorer pane retry timer armed (view=0000000000EF32D8 delay=500 attempts=1)
[2025-11-26T20:14:49.421Z][pid 17808][tid 18144] INFO Installed explorer list host subclass (host=0000000005470662)
[2025-11-26T20:14:49.421Z][pid 17808][tid 18144] INFO Installed explorer list host subclass (host=00000000015301C4)
[2025-11-26T20:14:49.421Z][pid 17808][tid 18144] INFO Installed explorer list host subclass (host=00000000003826A4)
[2025-11-26T20:14:49.421Z][pid 17808][tid 18144] INFO Installed explorer list host subclass (host=0000000005222CAA)
[2025-11-26T20:14:49.422Z][pid 17808][tid 18144] INFO Installed explorer list host subclass (host=00000000085502AC)
[2025-11-26T20:15:19.050Z][pid 17808][tid 18144] INFO TabBand::UpdateTabsUI applying 1 items
[2025-11-26T20:15:19.051Z][pid 17808][tid 18144] INFO Tab diff: +1 -1 move=0 update=0 rows=1 incremental=false
[2025-11-26T20:15:19.054Z][pid 17808][tid 18144] WARN Status bar custom draw timeout; forcing theme detours (hwnd=0000000000150260)
[2025-11-26T20:15:19.055Z][pid 17808][tid 18144] INFO Breadcrumb QueryService(IShellBrowser) failed: 0x80004001
[2025-11-26T20:15:19.055Z][pid 17808][tid 18144] INFO Breadcrumb ribbon frame discovered via IShellBrowser (hwnd=0000000005222CAA)
[2025-11-26T20:15:19.055Z][pid 17808][tid 18144] INFO Breadcrumb ribbon frame discovered via IWebBrowser2 (hwnd=0000000005222CAA)
[2025-11-26T20:15:19.056Z][pid 17808][tid 18144] INFO Breadcrumb toolbar located via window enumeration (hwnd=00000000020506BA)
[2025-11-26T20:15:19.056Z][pid 17808][tid 18144] INFO Explorer pane creation watch cleared (view=0000000000000000)
[2025-11-26T20:15:19.056Z][pid 17808][tid 18144] INFO Status bar background reset (hwnd=0000000000150260 previous=0xFF000000)
[2025-11-26T20:15:19.056Z][pid 17808][tid 18144] INFO Cleared Open In New Tab pending state
[2025-11-26T20:15:19.056Z][pid 17808][tid 18144] INFO Installed shell view window subclass (view=0000000000CD06AE)
[2025-11-26T20:15:19.056Z][pid 17808][tid 18144] INFO Installed explorer frame subclass (frame=0000000005470662)
[2025-11-26T20:15:19.056Z][pid 17808][tid 18144] INFO Cleared Open In New Tab pending state
[2025-11-26T20:15:19.057Z][pid 17808][tid 18144] INFO Explorer view base subclass ready (view=0000000000CD06AE frame=0000000005470662)
[2025-11-26T20:15:19.057Z][pid 17808][tid 18144] VERBOSE DirectUI IUIElement unavailable (hr=0x80004001)
[2025-11-26T20:15:19.057Z][pid 17808][tid 18144] INFO Installed explorer DirectUI host subclass (direct=00000000054F245E)
[2025-11-26T20:15:19.057Z][pid 17808][tid 18144] INFO Installed explorer tree view subclass (tree=000000000003003A)
[2025-11-26T20:15:19.057Z][pid 17808][tid 18144] INFO Explorer status bar discovered (hwnd=0000000000150260)
[2025-11-26T20:15:19.058Z][pid 17808][tid 18144] INFO Status bar theme background updated (hwnd=0000000000150260 new=0x00191919)
[2025-11-26T20:15:19.059Z][pid 17808][tid 18144] INFO Status bar theme text color updated (hwnd=0000000000150260 new=0x00FFFFFF)
[2025-11-26T20:15:19.059Z][pid 17808][tid 18144] INFO Registered glow surface edit (hwnd=0000000000080020)
[2025-11-26T20:15:19.061Z][pid 17808][tid 18144] INFO Explorer pane creation watch armed (view=0000000000CD06AE list=1 tree=0)
[2025-11-26T20:15:19.061Z][pid 17808][tid 18144] INFO Explorer pane fallback timer armed (view=0000000000CD06AE delay=500)
[2025-11-26T20:15:19.061Z][pid 17808][tid 18144] INFO Explorer panes not ready: list view missing (view=0000000000CD06AE)
[2025-11-26T20:15:19.061Z][pid 17808][tid 18144] INFO Explorer pane retry timer armed (view=0000000000CD06AE delay=500 attempts=1)
[2025-11-26T20:15:19.061Z][pid 17808][tid 18144] INFO TabBand::UpdateTabsUI applying 1 items
[2025-11-26T20:15:19.063Z][pid 17808][tid 18144] INFO Breadcrumb QueryService(IShellBrowser) failed: 0x80004001
[2025-11-26T20:15:19.063Z][pid 17808][tid 18144] INFO Breadcrumb ribbon frame discovered via IShellBrowser (hwnd=0000000005222CAA)
[2025-11-26T20:15:19.063Z][pid 17808][tid 18144] INFO Breadcrumb ribbon frame discovered via IWebBrowser2 (hwnd=0000000005222CAA)
[2025-11-26T20:15:19.063Z][pid 17808][tid 18144] INFO Breadcrumb toolbar located via window enumeration (hwnd=00000000020506BA)
[2025-11-26T20:15:19.063Z][pid 17808][tid 18144] INFO Explorer pane creation watch cleared (view=0000000000CD06AE)
[2025-11-26T20:15:19.064Z][pid 17808][tid 18144] INFO Status bar background reset (hwnd=0000000000150260 previous=0xFF000000)
[2025-11-26T20:15:19.064Z][pid 17808][tid 18144] INFO Cleared Open In New Tab pending state
[2025-11-26T20:15:19.064Z][pid 17808][tid 18144] INFO Installed shell view window subclass (view=0000000000CD06AE)
[2025-11-26T20:15:19.064Z][pid 17808][tid 18144] INFO Installed explorer frame subclass (frame=0000000005470662)
[2025-11-26T20:15:19.064Z][pid 17808][tid 18144] INFO Cleared Open In New Tab pending state
[2025-11-26T20:15:19.064Z][pid 17808][tid 18144] INFO Explorer view base subclass ready (view=0000000000CD06AE frame=0000000005470662)
[2025-11-26T20:15:19.064Z][pid 17808][tid 18144] VERBOSE DirectUI IUIElement unavailable (hr=0x80004001)
[2025-11-26T20:15:19.064Z][pid 17808][tid 18144] INFO Installed explorer DirectUI host subclass (direct=00000000054F245E)
[2025-11-26T20:15:19.064Z][pid 17808][tid 18144] INFO Installed explorer tree view subclass (tree=000000000003003A)
[2025-11-26T20:15:19.065Z][pid 17808][tid 18144] INFO Explorer status bar discovered (hwnd=0000000000150260)
[2025-11-26T20:15:19.066Z][pid 17808][tid 18144] INFO Status bar theme background updated (hwnd=0000000000150260 new=0x00191919)
[2025-11-26T20:15:19.066Z][pid 17808][tid 18144] INFO Status bar theme text color updated (hwnd=0000000000150260 new=0x00FFFFFF)
[2025-11-26T20:15:19.066Z][pid 17808][tid 18144] INFO Registered glow surface edit (hwnd=0000000000080020)
[2025-11-26T20:15:19.067Z][pid 17808][tid 18144] INFO Explorer pane creation watch armed (view=0000000000CD06AE list=1 tree=0)
[2025-11-26T20:15:19.067Z][pid 17808][tid 18144] INFO Explorer pane fallback timer armed (view=0000000000CD06AE delay=500)
[2025-11-26T20:15:19.067Z][pid 17808][tid 18144] INFO Explorer panes not ready: list view missing (view=0000000000CD06AE)
[2025-11-26T20:15:19.067Z][pid 17808][tid 18144] INFO Explorer pane retry timer armed (view=0000000000CD06AE delay=500 attempts=1)
[2025-11-26T20:15:19.123Z][pid 17808][tid 18144] INFO TabBand::UpdateTabsUI applying 1 items
[2025-11-26T20:15:19.124Z][pid 17808][tid 18144] INFO Breadcrumb QueryService(IShellBrowser) failed: 0x80004001
[2025-11-26T20:15:19.124Z][pid 17808][tid 18144] INFO Breadcrumb ribbon frame discovered via IShellBrowser (hwnd=0000000005222CAA)
[2025-11-26T20:15:19.124Z][pid 17808][tid 18144] INFO Breadcrumb ribbon frame discovered via IWebBrowser2 (hwnd=0000000005222CAA)
[2025-11-26T20:15:19.124Z][pid 17808][tid 18144] INFO Breadcrumb toolbar located via window enumeration (hwnd=00000000020506BA)
[2025-11-26T20:15:19.125Z][pid 17808][tid 18144] INFO Explorer pane creation watch cleared (view=0000000000CD06AE)
[2025-11-26T20:15:19.125Z][pid 17808][tid 18144] INFO Status bar background reset (hwnd=0000000000150260 previous=0xFF000000)
[2025-11-26T20:15:19.125Z][pid 17808][tid 18144] INFO Cleared Open In New Tab pending state
[2025-11-26T20:15:19.125Z][pid 17808][tid 18144] INFO Installed shell view window subclass (view=0000000000CD06AE)
[2025-11-26T20:15:19.125Z][pid 17808][tid 18144] INFO Installed explorer frame subclass (frame=0000000005470662)
[2025-11-26T20:15:19.125Z][pid 17808][tid 18144] INFO Cleared Open In New Tab pending state
[2025-11-26T20:15:19.125Z][pid 17808][tid 18144] INFO Explorer view base subclass ready (view=0000000000CD06AE frame=0000000005470662)
[2025-11-26T20:15:19.125Z][pid 17808][tid 18144] VERBOSE DirectUI IUIElement unavailable (hr=0x80004001)
[2025-11-26T20:15:19.126Z][pid 17808][tid 18144] INFO Installed explorer DirectUI host subclass (direct=00000000054F245E)
[2025-11-26T20:15:19.126Z][pid 17808][tid 18144] INFO Installed explorer tree view subclass (tree=000000000003003A)
[2025-11-26T20:15:19.126Z][pid 17808][tid 18144] INFO Explorer status bar discovered (hwnd=0000000000150260)
[2025-11-26T20:15:19.127Z][pid 17808][tid 18144] INFO Status bar theme background updated (hwnd=0000000000150260 new=0x00191919)
[2025-11-26T20:15:19.127Z][pid 17808][tid 18144] INFO Status bar theme text color updated (hwnd=0000000000150260 new=0x00FFFFFF)
[2025-11-26T20:15:19.128Z][pid 17808][tid 18144] INFO Registered glow surface edit (hwnd=0000000000080020)
[2025-11-26T20:15:19.128Z][pid 17808][tid 18144] INFO Explorer pane creation watch armed (view=0000000000CD06AE list=1 tree=0)
[2025-11-26T20:15:19.129Z][pid 17808][tid 18144] INFO Explorer pane fallback timer armed (view=0000000000CD06AE delay=500)
[2025-11-26T20:15:19.129Z][pid 17808][tid 18144] INFO Explorer panes not ready: list view missing (view=0000000000CD06AE)
[2025-11-26T20:15:19.129Z][pid 17808][tid 18144] INFO Explorer pane retry timer armed (view=0000000000CD06AE delay=500 attempts=1)
[2025-11-26T20:15:19.170Z][pid 17808][tid 18144] INFO Installed explorer list host subclass (host=0000000005470662)
[2025-11-26T20:15:19.170Z][pid 17808][tid 18144] INFO Installed explorer list host subclass (host=00000000015301C4)
[2025-11-26T20:15:19.171Z][pid 17808][tid 18144] INFO Installed explorer list host subclass (host=00000000003826A4)
[2025-11-26T20:15:19.171Z][pid 17808][tid 18144] INFO Installed explorer list host subclass (host=0000000005222CAA)
[2025-11-26T20:15:19.171Z][pid 17808][tid 18144] INFO Installed explorer list host subclass (host=00000000085502AC)
[2025-11-26T20:15:20.023Z][pid 17808][tid 18144] INFO TabBand::UpdateTabsUI applying 2 items
[2025-11-26T20:15:20.024Z][pid 17808][tid 18144] INFO Tab diff: +1 -0 move=0 update=1 rows=1 incremental=false
[2025-11-26T20:15:20.082Z][pid 17808][tid 18144] INFO TabBand::UpdateTabsUI applying 2 items
[2025-11-26T20:15:20.084Z][pid 17808][tid 18144] INFO Breadcrumb QueryService(IShellBrowser) failed: 0x80004001
[2025-11-26T20:15:20.084Z][pid 17808][tid 18144] INFO Breadcrumb ribbon frame discovered via IShellBrowser (hwnd=0000000005222CAA)
[2025-11-26T20:15:20.084Z][pid 17808][tid 18144] INFO Breadcrumb ribbon frame discovered via IWebBrowser2 (hwnd=0000000005222CAA)
[2025-11-26T20:15:20.084Z][pid 17808][tid 18144] INFO Breadcrumb toolbar located via window enumeration (hwnd=00000000020506BA)
[2025-11-26T20:15:20.084Z][pid 17808][tid 18144] INFO Explorer pane creation watch cleared (view=0000000000CD06AE)
[2025-11-26T20:15:20.085Z][pid 17808][tid 18144] INFO Status bar background reset (hwnd=0000000000150260 previous=0xFF000000)
[2025-11-26T20:15:20.085Z][pid 17808][tid 18144] INFO Cleared Open In New Tab pending state
[2025-11-26T20:15:20.085Z][pid 17808][tid 18144] INFO Installed shell view window subclass (view=0000000000CD06AE)
[2025-11-26T20:15:20.085Z][pid 17808][tid 18144] INFO Installed explorer frame subclass (frame=0000000005470662)
[2025-11-26T20:15:20.085Z][pid 17808][tid 18144] INFO Cleared Open In New Tab pending state
[2025-11-26T20:15:20.085Z][pid 17808][tid 18144] INFO Explorer view base subclass ready (view=0000000000CD06AE frame=0000000005470662)
[2025-11-26T20:15:20.085Z][pid 17808][tid 18144] VERBOSE DirectUI IUIElement unavailable (hr=0x80004001)
[2025-11-26T20:15:20.085Z][pid 17808][tid 18144] INFO Installed explorer DirectUI host subclass (direct=00000000054F245E)
[2025-11-26T20:15:20.085Z][pid 17808][tid 18144] INFO Installed explorer tree view subclass (tree=000000000003003A)
[2025-11-26T20:15:20.086Z][pid 17808][tid 18144] INFO Explorer status bar discovered (hwnd=0000000000150260)
[2025-11-26T20:15:20.087Z][pid 17808][tid 18144] INFO Status bar theme background updated (hwnd=0000000000150260 new=0x00191919)
[2025-11-26T20:15:20.087Z][pid 17808][tid 18144] INFO Status bar theme text color updated (hwnd=0000000000150260 new=0x00FFFFFF)
[2025-11-26T20:15:20.087Z][pid 17808][tid 18144] INFO Registered glow surface edit (hwnd=0000000000080020)
[2025-11-26T20:15:20.088Z][pid 17808][tid 18144] INFO Explorer pane creation watch armed (view=0000000000CD06AE list=1 tree=0)
[2025-11-26T20:15:20.088Z][pid 17808][tid 18144] INFO Explorer pane fallback timer armed (view=0000000000CD06AE delay=500)
[2025-11-26T20:15:20.088Z][pid 17808][tid 18144] INFO Explorer panes not ready: list view missing (view=0000000000CD06AE)
[2025-11-26T20:15:20.088Z][pid 17808][tid 18144] INFO Explorer pane retry timer armed (view=0000000000CD06AE delay=500 attempts=1)
[2025-11-26T20:15:20.088Z][pid 17808][tid 18144] INFO TabBand::UpdateTabsUI applying 2 items
[2025-11-26T20:15:20.089Z][pid 17808][tid 18144] INFO Breadcrumb QueryService(IShellBrowser) failed: 0x80004001
[2025-11-26T20:15:20.089Z][pid 17808][tid 18144] INFO Breadcrumb ribbon frame discovered via IShellBrowser (hwnd=0000000005222CAA)
[2025-11-26T20:15:20.089Z][pid 17808][tid 18144] INFO Breadcrumb ribbon frame discovered via IWebBrowser2 (hwnd=0000000005222CAA)
[2025-11-26T20:15:20.089Z][pid 17808][tid 18144] INFO Breadcrumb toolbar located via window enumeration (hwnd=00000000020506BA)
[2025-11-26T20:15:20.090Z][pid 17808][tid 18144] INFO Explorer pane creation watch cleared (view=0000000000CD06AE)
[2025-11-26T20:15:20.090Z][pid 17808][tid 18144] INFO Status bar background reset (hwnd=0000000000150260 previous=0xFF000000)
[2025-11-26T20:15:20.090Z][pid 17808][tid 18144] INFO Cleared Open In New Tab pending state
[2025-11-26T20:15:20.090Z][pid 17808][tid 18144] INFO Installed shell view window subclass (view=0000000000CD06AE)
[2025-11-26T20:15:20.090Z][pid 17808][tid 18144] INFO Installed explorer frame subclass (frame=0000000005470662)
[2025-11-26T20:15:20.090Z][pid 17808][tid 18144] INFO Cleared Open In New Tab pending state
[2025-11-26T20:15:20.090Z][pid 17808][tid 18144] INFO Explorer view base subclass ready (view=0000000000CD06AE frame=0000000005470662)
[2025-11-26T20:15:20.090Z][pid 17808][tid 18144] VERBOSE DirectUI IUIElement unavailable (hr=0x80004001)
[2025-11-26T20:15:20.091Z][pid 17808][tid 18144] INFO Installed explorer DirectUI host subclass (direct=00000000054F245E)
[2025-11-26T20:15:20.092Z][pid 17808][tid 18144] INFO Installed explorer tree view subclass (tree=000000000003003A)
[2025-11-26T20:15:20.093Z][pid 17808][tid 18144] INFO Explorer status bar discovered (hwnd=0000000000150260)
[2025-11-26T20:15:20.094Z][pid 17808][tid 18144] INFO Status bar theme background updated (hwnd=0000000000150260 new=0x00191919)
[2025-11-26T20:15:20.095Z][pid 17808][tid 18144] INFO Status bar theme text color updated (hwnd=0000000000150260 new=0x00FFFFFF)
[2025-11-26T20:15:20.095Z][pid 17808][tid 18144] INFO Registered glow surface edit (hwnd=0000000000080020)
[2025-11-26T20:15:20.095Z][pid 17808][tid 18144] INFO Explorer pane creation watch armed (view=0000000000CD06AE list=1 tree=0)
[2025-11-26T20:15:20.095Z][pid 17808][tid 18144] INFO Explorer pane fallback timer armed (view=0000000000CD06AE delay=500)
[2025-11-26T20:15:20.095Z][pid 17808][tid 18144] INFO Explorer panes not ready: list view missing (view=0000000000CD06AE)
[2025-11-26T20:15:20.095Z][pid 17808][tid 18144] INFO Explorer pane retry timer armed (view=0000000000CD06AE delay=500 attempts=1)
[2025-11-26T20:15:20.186Z][pid 17808][tid 18144] INFO TabBand::UpdateTabsUI applying 2 items
[2025-11-26T20:15:20.187Z][pid 17808][tid 18144] INFO Breadcrumb QueryService(IShellBrowser) failed: 0x80004001
[2025-11-26T20:15:20.187Z][pid 17808][tid 18144] INFO Breadcrumb ribbon frame discovered via IShellBrowser (hwnd=0000000005222CAA)
[2025-11-26T20:15:20.188Z][pid 17808][tid 18144] INFO Breadcrumb ribbon frame discovered via IWebBrowser2 (hwnd=0000000005222CAA)
[2025-11-26T20:15:20.188Z][pid 17808][tid 18144] INFO Breadcrumb toolbar located via window enumeration (hwnd=00000000020506BA)
[2025-11-26T20:15:20.188Z][pid 17808][tid 18144] INFO Explorer pane creation watch cleared (view=0000000000CD06AE)
[2025-11-26T20:15:20.188Z][pid 17808][tid 18144] INFO Status bar background reset (hwnd=0000000000150260 previous=0xFF000000)
[2025-11-26T20:15:20.188Z][pid 17808][tid 18144] INFO Cleared Open In New Tab pending state
[2025-11-26T20:15:20.188Z][pid 17808][tid 18144] INFO Installed shell view window subclass (view=0000000000CD06AE)
[2025-11-26T20:15:20.188Z][pid 17808][tid 18144] INFO Installed explorer frame subclass (frame=0000000005470662)
[2025-11-26T20:15:20.188Z][pid 17808][tid 18144] INFO Cleared Open In New Tab pending state
[2025-11-26T20:15:20.189Z][pid 17808][tid 18144] INFO Explorer view base subclass ready (view=0000000000CD06AE frame=0000000005470662)
[2025-11-26T20:15:20.189Z][pid 17808][tid 18144] VERBOSE DirectUI IUIElement unavailable (hr=0x80004001)
[2025-11-26T20:15:20.189Z][pid 17808][tid 18144] INFO Installed explorer DirectUI host subclass (direct=00000000054F245E)
[2025-11-26T20:15:20.189Z][pid 17808][tid 18144] INFO Installed explorer tree view subclass (tree=000000000003003A)
[2025-11-26T20:15:20.189Z][pid 17808][tid 18144] INFO Explorer status bar discovered (hwnd=0000000000150260)
[2025-11-26T20:15:20.190Z][pid 17808][tid 18144] INFO Status bar theme background updated (hwnd=0000000000150260 new=0x00191919)
[2025-11-26T20:15:20.190Z][pid 17808][tid 18144] INFO Status bar theme text color updated (hwnd=0000000000150260 new=0x00FFFFFF)
[2025-11-26T20:15:20.190Z][pid 17808][tid 18144] INFO Registered glow surface edit (hwnd=0000000000080020)
[2025-11-26T20:15:20.191Z][pid 17808][tid 18144] INFO Explorer pane creation watch armed (view=0000000000CD06AE list=1 tree=0)
[2025-11-26T20:15:20.191Z][pid 17808][tid 18144] INFO Explorer pane fallback timer armed (view=0000000000CD06AE delay=500)
[2025-11-26T20:15:20.191Z][pid 17808][tid 18144] INFO Explorer panes not ready: list view missing (view=0000000000CD06AE)
[2025-11-26T20:15:20.192Z][pid 17808][tid 18144] INFO Explorer pane retry timer armed (view=0000000000CD06AE delay=500 attempts=1)
[2025-11-26T20:15:20.210Z][pid 17808][tid 18144] INFO Installed explorer list host subclass (host=0000000005470662)
[2025-11-26T20:15:20.210Z][pid 17808][tid 18144] INFO Installed explorer list host subclass (host=00000000015301C4)
[2025-11-26T20:15:20.210Z][pid 17808][tid 18144] INFO Installed explorer list host subclass (host=00000000003826A4)
[2025-11-26T20:15:20.210Z][pid 17808][tid 18144] INFO Installed explorer list host subclass (host=0000000005222CAA)
[2025-11-26T20:15:20.211Z][pid 17808][tid 18144] INFO Installed explorer list host subclass (host=00000000085502AC)
[2025-11-26T20:15:23.287Z][pid 17808][tid 18144] INFO TabBand::UpdateTabsUI applying 2 items
[2025-11-26T20:15:23.288Z][pid 17808][tid 18144] INFO Tab diff: +1 -1 move=0 update=0 rows=1 incremental=false
[2025-11-26T20:15:23.293Z][pid 17808][tid 18144] WARN Status bar custom draw timeout; forcing theme detours (hwnd=0000000000150260)
[2025-11-26T20:15:23.295Z][pid 17808][tid 18144] INFO Breadcrumb QueryService(IShellBrowser) failed: 0x80004001
[2025-11-26T20:15:23.295Z][pid 17808][tid 18144] INFO Breadcrumb ribbon frame discovered via IShellBrowser (hwnd=0000000005222CAA)
[2025-11-26T20:15:23.295Z][pid 17808][tid 18144] INFO Breadcrumb ribbon frame discovered via IWebBrowser2 (hwnd=0000000005222CAA)
[2025-11-26T20:15:23.295Z][pid 17808][tid 18144] INFO Breadcrumb toolbar located via window enumeration (hwnd=00000000020506BA)
[2025-11-26T20:15:23.295Z][pid 17808][tid 18144] INFO Explorer pane creation watch cleared (view=0000000000000000)
[2025-11-26T20:15:23.296Z][pid 17808][tid 18144] INFO Status bar background reset (hwnd=0000000000150260 previous=0xFF000000)
[2025-11-26T20:15:23.296Z][pid 17808][tid 18144] INFO Cleared Open In New Tab pending state
[2025-11-26T20:15:23.296Z][pid 17808][tid 18144] INFO Installed shell view window subclass (view=00000000000A002A)
[2025-11-26T20:15:23.296Z][pid 17808][tid 18144] INFO Installed explorer frame subclass (frame=0000000005470662)
[2025-11-26T20:15:23.296Z][pid 17808][tid 18144] INFO Cleared Open In New Tab pending state
[2025-11-26T20:15:23.296Z][pid 17808][tid 18144] INFO Explorer view base subclass ready (view=00000000000A002A frame=0000000005470662)
[2025-11-26T20:15:23.296Z][pid 17808][tid 18144] VERBOSE DirectUI IUIElement unavailable (hr=0x80004001)
[2025-11-26T20:15:23.296Z][pid 17808][tid 18144] INFO Installed explorer DirectUI host subclass (direct=0000000000702620)
[2025-11-26T20:15:23.296Z][pid 17808][tid 18144] INFO Installed explorer tree view subclass (tree=000000000003003A)
[2025-11-26T20:15:23.297Z][pid 17808][tid 18144] INFO Explorer status bar discovered (hwnd=0000000000150260)
[2025-11-26T20:15:23.298Z][pid 17808][tid 18144] INFO Status bar theme background updated (hwnd=0000000000150260 new=0x00191919)
[2025-11-26T20:15:23.298Z][pid 17808][tid 18144] INFO Status bar theme text color updated (hwnd=0000000000150260 new=0x00FFFFFF)
[2025-11-26T20:15:23.298Z][pid 17808][tid 18144] INFO Registered glow surface edit (hwnd=0000000000080020)
[2025-11-26T20:15:23.299Z][pid 17808][tid 18144] INFO Explorer pane creation watch armed (view=00000000000A002A list=1 tree=0)
[2025-11-26T20:15:23.299Z][pid 17808][tid 18144] INFO Explorer pane fallback timer armed (view=00000000000A002A delay=500)
[2025-11-26T20:15:23.299Z][pid 17808][tid 18144] INFO Explorer panes not ready: list view missing (view=00000000000A002A)
[2025-11-26T20:15:23.299Z][pid 17808][tid 18144] INFO Explorer pane retry timer armed (view=00000000000A002A delay=500 attempts=1)
[2025-11-26T20:15:23.299Z][pid 17808][tid 18144] INFO TabBand::UpdateTabsUI applying 2 items
[2025-11-26T20:15:23.300Z][pid 17808][tid 18144] INFO Breadcrumb QueryService(IShellBrowser) failed: 0x80004001
[2025-11-26T20:15:23.300Z][pid 17808][tid 18144] INFO Breadcrumb ribbon frame discovered via IShellBrowser (hwnd=0000000005222CAA)
[2025-11-26T20:15:23.300Z][pid 17808][tid 18144] INFO Breadcrumb ribbon frame discovered via IWebBrowser2 (hwnd=0000000005222CAA)
[2025-11-26T20:15:23.300Z][pid 17808][tid 18144] INFO Breadcrumb toolbar located via window enumeration (hwnd=00000000020506BA)
[2025-11-26T20:15:23.300Z][pid 17808][tid 18144] INFO Explorer pane creation watch cleared (view=00000000000A002A)
[2025-11-26T20:15:23.300Z][pid 17808][tid 18144] INFO Status bar background reset (hwnd=0000000000150260 previous=0xFF000000)
[2025-11-26T20:15:23.301Z][pid 17808][tid 18144] INFO Cleared Open In New Tab pending state
[2025-11-26T20:15:23.301Z][pid 17808][tid 18144] INFO Installed shell view window subclass (view=00000000000A002A)
[2025-11-26T20:15:23.301Z][pid 17808][tid 18144] INFO Installed explorer frame subclass (frame=0000000005470662)
[2025-11-26T20:15:23.301Z][pid 17808][tid 18144] INFO Cleared Open In New Tab pending state
[2025-11-26T20:15:23.301Z][pid 17808][tid 18144] INFO Explorer view base subclass ready (view=00000000000A002A frame=0000000005470662)
[2025-11-26T20:15:23.301Z][pid 17808][tid 18144] VERBOSE DirectUI IUIElement unavailable (hr=0x80004001)
[2025-11-26T20:15:23.301Z][pid 17808][tid 18144] INFO Installed explorer DirectUI host subclass (direct=0000000000702620)
[2025-11-26T20:15:23.301Z][pid 17808][tid 18144] INFO Installed explorer tree view subclass (tree=000000000003003A)
[2025-11-26T20:15:23.301Z][pid 17808][tid 18144] INFO Explorer status bar discovered (hwnd=0000000000150260)
[2025-11-26T20:15:23.302Z][pid 17808][tid 18144] INFO Status bar theme background updated (hwnd=0000000000150260 new=0x00191919)
[2025-11-26T20:15:23.303Z][pid 17808][tid 18144] INFO Status bar theme text color updated (hwnd=0000000000150260 new=0x00FFFFFF)
[2025-11-26T20:15:23.303Z][pid 17808][tid 18144] INFO Registered glow surface edit (hwnd=0000000000080020)
[2025-11-26T20:15:23.303Z][pid 17808][tid 18144] INFO Explorer pane creation watch armed (view=00000000000A002A list=1 tree=0)
[2025-11-26T20:15:23.303Z][pid 17808][tid 18144] INFO Explorer pane fallback timer armed (view=00000000000A002A delay=500)
[2025-11-26T20:15:23.303Z][pid 17808][tid 18144] INFO Explorer panes not ready: list view missing (view=00000000000A002A)
[2025-11-26T20:15:23.303Z][pid 17808][tid 18144] INFO Explorer pane retry timer armed (view=00000000000A002A delay=500 attempts=1)
[2025-11-26T20:15:23.360Z][pid 17808][tid 18144] INFO TabBand::UpdateTabsUI applying 2 items
[2025-11-26T20:15:23.362Z][pid 17808][tid 18144] INFO Breadcrumb QueryService(IShellBrowser) failed: 0x80004001
[2025-11-26T20:15:23.362Z][pid 17808][tid 18144] INFO Breadcrumb ribbon frame discovered via IShellBrowser (hwnd=0000000005222CAA)
[2025-11-26T20:15:23.362Z][pid 17808][tid 18144] INFO Breadcrumb ribbon frame discovered via IWebBrowser2 (hwnd=0000000005222CAA)
[2025-11-26T20:15:23.362Z][pid 17808][tid 18144] INFO Breadcrumb toolbar located via window enumeration (hwnd=00000000020506BA)
[2025-11-26T20:15:23.362Z][pid 17808][tid 18144] INFO Explorer pane creation watch cleared (view=00000000000A002A)
[2025-11-26T20:15:23.363Z][pid 17808][tid 18144] INFO Status bar background reset (hwnd=0000000000150260 previous=0xFF000000)
[2025-11-26T20:15:23.363Z][pid 17808][tid 18144] INFO Cleared Open In New Tab pending state
[2025-11-26T20:15:23.363Z][pid 17808][tid 18144] INFO Installed shell view window subclass (view=00000000000A002A)
[2025-11-26T20:15:23.363Z][pid 17808][tid 18144] INFO Installed explorer frame subclass (frame=0000000005470662)
[2025-11-26T20:15:23.363Z][pid 17808][tid 18144] INFO Cleared Open In New Tab pending state
[2025-11-26T20:15:23.363Z][pid 17808][tid 18144] INFO Explorer view base subclass ready (view=00000000000A002A frame=0000000005470662)
[2025-11-26T20:15:23.363Z][pid 17808][tid 18144] VERBOSE DirectUI IUIElement unavailable (hr=0x80004001)
[2025-11-26T20:15:23.363Z][pid 17808][tid 18144] INFO Installed explorer DirectUI host subclass (direct=0000000000702620)
[2025-11-26T20:15:23.363Z][pid 17808][tid 18144] INFO Installed explorer tree view subclass (tree=000000000003003A)
[2025-11-26T20:15:23.364Z][pid 17808][tid 18144] INFO Explorer status bar discovered (hwnd=0000000000150260)
[2025-11-26T20:15:23.365Z][pid 17808][tid 18144] INFO Status bar theme background updated (hwnd=0000000000150260 new=0x00191919)
[2025-11-26T20:15:23.365Z][pid 17808][tid 18144] INFO Status bar theme text color updated (hwnd=0000000000150260 new=0x00FFFFFF)
[2025-11-26T20:15:23.365Z][pid 17808][tid 18144] INFO Registered glow surface edit (hwnd=0000000000080020)
[2025-11-26T20:15:23.366Z][pid 17808][tid 18144] INFO Explorer pane creation watch armed (view=00000000000A002A list=1 tree=0)
[2025-11-26T20:15:23.366Z][pid 17808][tid 18144] INFO Explorer pane fallback timer armed (view=00000000000A002A delay=500)
[2025-11-26T20:15:23.366Z][pid 17808][tid 18144] INFO Explorer panes not ready: list view missing (view=00000000000A002A)
[2025-11-26T20:15:23.366Z][pid 17808][tid 18144] INFO Explorer pane retry timer armed (view=00000000000A002A delay=500 attempts=1)
[2025-11-26T20:15:23.393Z][pid 17808][tid 18144] INFO Installed explorer list host subclass (host=0000000005470662)
[2025-11-26T20:15:23.393Z][pid 17808][tid 18144] INFO Installed explorer list host subclass (host=00000000015301C4)
[2025-11-26T20:15:23.393Z][pid 17808][tid 18144] INFO Installed explorer list host subclass (host=00000000003826A4)
[2025-11-26T20:15:23.393Z][pid 17808][tid 18144] INFO Installed explorer list host subclass (host=0000000005222CAA)
[2025-11-26T20:15:23.394Z][pid 17808][tid 18144] INFO Installed explorer list host subclass (host=00000000085502AC)
[2025-11-26T20:15:25.386Z][pid 17808][tid 18144] WARN Status bar custom draw timeout; forcing theme detours (hwnd=0000000000150260)
[2025-11-26T20:15:26.341Z][pid 17808][tid 18144] INFO TabBand::UpdateTabsUI applying 2 items
[2025-11-26T20:15:26.343Z][pid 17808][tid 18144] INFO Tab diff: +1 -1 move=0 update=0 rows=1 incremental=false
[2025-11-26T20:15:26.347Z][pid 17808][tid 18144] INFO Breadcrumb QueryService(IShellBrowser) failed: 0x80004001
[2025-11-26T20:15:26.347Z][pid 17808][tid 18144] INFO Breadcrumb ribbon frame discovered via IShellBrowser (hwnd=0000000005222CAA)
[2025-11-26T20:15:26.347Z][pid 17808][tid 18144] INFO Breadcrumb ribbon frame discovered via IWebBrowser2 (hwnd=0000000005222CAA)
[2025-11-26T20:15:26.347Z][pid 17808][tid 18144] INFO Breadcrumb toolbar located via window enumeration (hwnd=00000000020506BA)
[2025-11-26T20:15:26.347Z][pid 17808][tid 18144] INFO Explorer pane creation watch cleared (view=0000000000000000)
[2025-11-26T20:15:26.348Z][pid 17808][tid 18144] INFO Status bar background reset (hwnd=0000000000150260 previous=0xFF000000)
[2025-11-26T20:15:26.348Z][pid 17808][tid 18144] INFO Cleared Open In New Tab pending state
[2025-11-26T20:15:26.348Z][pid 17808][tid 18144] INFO Installed shell view window subclass (view=00000000005107D2)
[2025-11-26T20:15:26.348Z][pid 17808][tid 18144] INFO Installed explorer frame subclass (frame=0000000005470662)
[2025-11-26T20:15:26.348Z][pid 17808][tid 18144] INFO Cleared Open In New Tab pending state
[2025-11-26T20:15:26.348Z][pid 17808][tid 18144] INFO Explorer view base subclass ready (view=00000000005107D2 frame=0000000005470662)
[2025-11-26T20:15:26.348Z][pid 17808][tid 18144] VERBOSE DirectUI IUIElement unavailable (hr=0x80004001)
[2025-11-26T20:15:26.348Z][pid 17808][tid 18144] INFO Installed explorer DirectUI host subclass (direct=0000000000F132D8)
[2025-11-26T20:15:26.349Z][pid 17808][tid 18144] INFO Installed explorer tree view subclass (tree=000000000003003A)
[2025-11-26T20:15:26.349Z][pid 17808][tid 18144] INFO Explorer status bar discovered (hwnd=0000000000150260)
[2025-11-26T20:15:26.350Z][pid 17808][tid 18144] INFO Status bar theme background updated (hwnd=0000000000150260 new=0x00191919)
[2025-11-26T20:15:26.350Z][pid 17808][tid 18144] INFO Status bar theme text color updated (hwnd=0000000000150260 new=0x00FFFFFF)
[2025-11-26T20:15:26.350Z][pid 17808][tid 18144] INFO Registered glow surface edit (hwnd=0000000000080020)
[2025-11-26T20:15:26.351Z][pid 17808][tid 18144] INFO Explorer pane creation watch armed (view=00000000005107D2 list=1 tree=0)
[2025-11-26T20:15:26.351Z][pid 17808][tid 18144] INFO Explorer pane fallback timer armed (view=00000000005107D2 delay=500)
[2025-11-26T20:15:26.351Z][pid 17808][tid 18144] INFO Explorer panes not ready: list view missing (view=00000000005107D2)
[2025-11-26T20:15:26.351Z][pid 17808][tid 18144] INFO Explorer pane retry timer armed (view=00000000005107D2 delay=500 attempts=1)
[2025-11-26T20:15:26.352Z][pid 17808][tid 18144] INFO TabBand::UpdateTabsUI applying 2 items
[2025-11-26T20:15:26.353Z][pid 17808][tid 18144] INFO Breadcrumb QueryService(IShellBrowser) failed: 0x80004001
[2025-11-26T20:15:26.353Z][pid 17808][tid 18144] INFO Breadcrumb ribbon frame discovered via IShellBrowser (hwnd=0000000005222CAA)
[2025-11-26T20:15:26.353Z][pid 17808][tid 18144] INFO Breadcrumb ribbon frame discovered via IWebBrowser2 (hwnd=0000000005222CAA)
[2025-11-26T20:15:26.353Z][pid 17808][tid 18144] INFO Breadcrumb toolbar located via window enumeration (hwnd=00000000020506BA)
[2025-11-26T20:15:26.353Z][pid 17808][tid 18144] INFO Explorer pane creation watch cleared (view=00000000005107D2)
[2025-11-26T20:15:26.353Z][pid 17808][tid 18144] INFO Status bar background reset (hwnd=0000000000150260 previous=0xFF000000)
[2025-11-26T20:15:26.354Z][pid 17808][tid 18144] INFO Cleared Open In New Tab pending state
[2025-11-26T20:15:26.354Z][pid 17808][tid 18144] INFO Installed shell view window subclass (view=00000000005107D2)
[2025-11-26T20:15:26.354Z][pid 17808][tid 18144] INFO Installed explorer frame subclass (frame=0000000005470662)
[2025-11-26T20:15:26.354Z][pid 17808][tid 18144] INFO Cleared Open In New Tab pending state
[2025-11-26T20:15:26.354Z][pid 17808][tid 18144] INFO Explorer view base subclass ready (view=00000000005107D2 frame=0000000005470662)
[2025-11-26T20:15:26.354Z][pid 17808][tid 18144] VERBOSE DirectUI IUIElement unavailable (hr=0x80004001)
[2025-11-26T20:15:26.354Z][pid 17808][tid 18144] INFO Installed explorer DirectUI host subclass (direct=0000000000F132D8)
[2025-11-26T20:15:26.354Z][pid 17808][tid 18144] INFO Installed explorer tree view subclass (tree=000000000003003A)
[2025-11-26T20:15:26.355Z][pid 17808][tid 18144] INFO Explorer status bar discovered (hwnd=0000000000150260)
[2025-11-26T20:15:26.356Z][pid 17808][tid 18144] INFO Status bar theme background updated (hwnd=0000000000150260 new=0x00191919)
[2025-11-26T20:15:26.356Z][pid 17808][tid 18144] INFO Status bar theme text color updated (hwnd=0000000000150260 new=0x00FFFFFF)
[2025-11-26T20:15:26.356Z][pid 17808][tid 18144] INFO Registered glow surface edit (hwnd=0000000000080020)
[2025-11-26T20:15:26.357Z][pid 17808][tid 18144] INFO Explorer pane creation watch armed (view=00000000005107D2 list=1 tree=0)
[2025-11-26T20:15:26.357Z][pid 17808][tid 18144] INFO Explorer pane fallback timer armed (view=00000000005107D2 delay=500)
[2025-11-26T20:15:26.357Z][pid 17808][tid 18144] INFO Explorer panes not ready: list view missing (view=00000000005107D2)
[2025-11-26T20:15:26.357Z][pid 17808][tid 18144] INFO Explorer pane retry timer armed (view=00000000005107D2 delay=500 attempts=1)
[2025-11-26T20:15:26.429Z][pid 17808][tid 18144] INFO TabBand::UpdateTabsUI applying 2 items
[2025-11-26T20:15:26.431Z][pid 17808][tid 18144] INFO Breadcrumb QueryService(IShellBrowser) failed: 0x80004001
[2025-11-26T20:15:26.431Z][pid 17808][tid 18144] INFO Breadcrumb ribbon frame discovered via IShellBrowser (hwnd=0000000005222CAA)
[2025-11-26T20:15:26.432Z][pid 17808][tid 18144] INFO Breadcrumb ribbon frame discovered via IWebBrowser2 (hwnd=0000000005222CAA)
[2025-11-26T20:15:26.432Z][pid 17808][tid 18144] INFO Breadcrumb toolbar located via window enumeration (hwnd=00000000020506BA)
[2025-11-26T20:15:26.432Z][pid 17808][tid 18144] INFO Explorer pane creation watch cleared (view=00000000005107D2)
[2025-11-26T20:15:26.432Z][pid 17808][tid 18144] INFO Status bar background reset (hwnd=0000000000150260 previous=0xFF000000)
[2025-11-26T20:15:26.432Z][pid 17808][tid 18144] INFO Cleared Open In New Tab pending state
[2025-11-26T20:15:26.432Z][pid 17808][tid 18144] INFO Installed shell view window subclass (view=00000000005107D2)
[2025-11-26T20:15:26.433Z][pid 17808][tid 18144] INFO Installed explorer frame subclass (frame=0000000005470662)
[2025-11-26T20:15:26.433Z][pid 17808][tid 18144] INFO Cleared Open In New Tab pending state
[2025-11-26T20:15:26.433Z][pid 17808][tid 18144] INFO Explorer view base subclass ready (view=00000000005107D2 frame=0000000005470662)
[2025-11-26T20:15:26.433Z][pid 17808][tid 18144] VERBOSE DirectUI IUIElement unavailable (hr=0x80004001)
[2025-11-26T20:15:26.433Z][pid 17808][tid 18144] INFO Installed explorer DirectUI host subclass (direct=0000000000F132D8)
[2025-11-26T20:15:26.433Z][pid 17808][tid 18144] INFO Installed explorer tree view subclass (tree=000000000003003A)
[2025-11-26T20:15:26.433Z][pid 17808][tid 18144] INFO Explorer status bar discovered (hwnd=0000000000150260)
[2025-11-26T20:15:26.435Z][pid 17808][tid 18144] INFO Status bar theme background updated (hwnd=0000000000150260 new=0x00191919)
[2025-11-26T20:15:26.435Z][pid 17808][tid 18144] INFO Status bar theme text color updated (hwnd=0000000000150260 new=0x00FFFFFF)
[2025-11-26T20:15:26.435Z][pid 17808][tid 18144] INFO Registered glow surface edit (hwnd=0000000000080020)
[2025-11-26T20:15:26.436Z][pid 17808][tid 18144] INFO Explorer pane creation watch armed (view=00000000005107D2 list=1 tree=0)
[2025-11-26T20:15:26.436Z][pid 17808][tid 18144] INFO Explorer pane fallback timer armed (view=00000000005107D2 delay=500)
[2025-11-26T20:15:26.436Z][pid 17808][tid 18144] INFO Explorer panes not ready: list view missing (view=00000000005107D2)
[2025-11-26T20:15:26.436Z][pid 17808][tid 18144] INFO Explorer pane retry timer armed (view=00000000005107D2 delay=500 attempts=1)
[2025-11-26T20:15:26.471Z][pid 17808][tid 18144] INFO Installed explorer list host subclass (host=0000000005470662)
[2025-11-26T20:15:26.472Z][pid 17808][tid 18144] INFO Installed explorer list host subclass (host=00000000015301C4)
[2025-11-26T20:15:26.472Z][pid 17808][tid 18144] INFO Installed explorer list host subclass (host=00000000003826A4)
[2025-11-26T20:15:26.472Z][pid 17808][tid 18144] INFO Installed explorer list host subclass (host=0000000005222CAA)
[2025-11-26T20:15:26.472Z][pid 17808][tid 18144] INFO Installed explorer list host subclass (host=00000000085502AC)
[2025-11-26T20:15:29.375Z][pid 17808][tid 18144] WARN Status bar custom draw timeout; forcing theme detours (hwnd=0000000000150260)
[2025-11-26T20:15:29.901Z][pid 17808][tid 18144] INFO TabBand::UpdateTabsUI applying 2 items
[2025-11-26T20:15:29.903Z][pid 17808][tid 18144] INFO Tab diff: +1 -1 move=0 update=0 rows=1 incremental=false
[2025-11-26T20:15:29.907Z][pid 17808][tid 18144] INFO Breadcrumb QueryService(IShellBrowser) failed: 0x80004001
[2025-11-26T20:15:29.907Z][pid 17808][tid 18144] INFO Breadcrumb ribbon frame discovered via IShellBrowser (hwnd=0000000005222CAA)
[2025-11-26T20:15:29.908Z][pid 17808][tid 18144] INFO Breadcrumb ribbon frame discovered via IWebBrowser2 (hwnd=0000000005222CAA)
[2025-11-26T20:15:29.908Z][pid 17808][tid 18144] INFO Breadcrumb toolbar located via window enumeration (hwnd=00000000020506BA)
[2025-11-26T20:15:29.908Z][pid 17808][tid 18144] INFO Explorer pane creation watch cleared (view=0000000000000000)
[2025-11-26T20:15:29.908Z][pid 17808][tid 18144] INFO Status bar background reset (hwnd=0000000000150260 previous=0xFF000000)
[2025-11-26T20:15:29.908Z][pid 17808][tid 18144] INFO Cleared Open In New Tab pending state
[2025-11-26T20:15:29.908Z][pid 17808][tid 18144] INFO Installed shell view window subclass (view=0000000003A50712)
[2025-11-26T20:15:29.908Z][pid 17808][tid 18144] INFO Installed explorer frame subclass (frame=0000000005470662)
[2025-11-26T20:15:29.908Z][pid 17808][tid 18144] INFO Cleared Open In New Tab pending state
[2025-11-26T20:15:29.909Z][pid 17808][tid 18144] INFO Explorer view base subclass ready (view=0000000003A50712 frame=0000000005470662)
[2025-11-26T20:15:29.909Z][pid 17808][tid 18144] VERBOSE DirectUI IUIElement unavailable (hr=0x80004001)
[2025-11-26T20:15:29.909Z][pid 17808][tid 18144] INFO Installed explorer DirectUI host subclass (direct=0000000002F007B0)
[2025-11-26T20:15:29.909Z][pid 17808][tid 18144] INFO Installed explorer tree view subclass (tree=000000000003003A)
[2025-11-26T20:15:29.909Z][pid 17808][tid 18144] INFO Explorer status bar discovered (hwnd=0000000000150260)
[2025-11-26T20:15:29.910Z][pid 17808][tid 18144] INFO Status bar theme background updated (hwnd=0000000000150260 new=0x00191919)
[2025-11-26T20:15:29.910Z][pid 17808][tid 18144] INFO Status bar theme text color updated (hwnd=0000000000150260 new=0x00FFFFFF)
[2025-11-26T20:15:29.910Z][pid 17808][tid 18144] INFO Registered glow surface edit (hwnd=0000000000080020)
[2025-11-26T20:15:29.911Z][pid 17808][tid 18144] INFO Explorer pane creation watch armed (view=0000000003A50712 list=1 tree=0)
[2025-11-26T20:15:29.911Z][pid 17808][tid 18144] INFO Explorer pane fallback timer armed (view=0000000003A50712 delay=500)
[2025-11-26T20:15:29.911Z][pid 17808][tid 18144] INFO Explorer panes not ready: list view missing (view=0000000003A50712)
[2025-11-26T20:15:29.911Z][pid 17808][tid 18144] INFO Explorer pane retry timer armed (view=0000000003A50712 delay=500 attempts=1)
[2025-11-26T20:15:29.912Z][pid 17808][tid 18144] INFO TabBand::UpdateTabsUI applying 2 items
[2025-11-26T20:15:29.912Z][pid 17808][tid 18144] INFO Breadcrumb QueryService(IShellBrowser) failed: 0x80004001
[2025-11-26T20:15:29.913Z][pid 17808][tid 18144] INFO Breadcrumb ribbon frame discovered via IShellBrowser (hwnd=0000000005222CAA)
[2025-11-26T20:15:29.913Z][pid 17808][tid 18144] INFO Breadcrumb ribbon frame discovered via IWebBrowser2 (hwnd=0000000005222CAA)
[2025-11-26T20:15:29.913Z][pid 17808][tid 18144] INFO Breadcrumb toolbar located via window enumeration (hwnd=00000000020506BA)
[2025-11-26T20:15:29.914Z][pid 17808][tid 18144] INFO Explorer pane creation watch cleared (view=0000000003A50712)
[2025-11-26T20:15:29.914Z][pid 17808][tid 18144] INFO Status bar background reset (hwnd=0000000000150260 previous=0xFF000000)
[2025-11-26T20:15:29.914Z][pid 17808][tid 18144] INFO Cleared Open In New Tab pending state
[2025-11-26T20:15:29.914Z][pid 17808][tid 18144] INFO Installed shell view window subclass (view=0000000003A50712)
[2025-11-26T20:15:29.914Z][pid 17808][tid 18144] INFO Installed explorer frame subclass (frame=0000000005470662)
[2025-11-26T20:15:29.914Z][pid 17808][tid 18144] INFO Cleared Open In New Tab pending state
[2025-11-26T20:15:29.914Z][pid 17808][tid 18144] INFO Explorer view base subclass ready (view=0000000003A50712 frame=0000000005470662)
[2025-11-26T20:15:29.914Z][pid 17808][tid 18144] VERBOSE DirectUI IUIElement unavailable (hr=0x80004001)
[2025-11-26T20:15:29.915Z][pid 17808][tid 18144] INFO Installed explorer DirectUI host subclass (direct=0000000002F007B0)
[2025-11-26T20:15:29.915Z][pid 17808][tid 18144] INFO Installed explorer tree view subclass (tree=000000000003003A)
[2025-11-26T20:15:29.915Z][pid 17808][tid 18144] INFO Explorer status bar discovered (hwnd=0000000000150260)
[2025-11-26T20:15:29.916Z][pid 17808][tid 18144] INFO Status bar theme background updated (hwnd=0000000000150260 new=0x00191919)
[2025-11-26T20:15:29.916Z][pid 17808][tid 18144] INFO Status bar theme text color updated (hwnd=0000000000150260 new=0x00FFFFFF)
[2025-11-26T20:15:29.916Z][pid 17808][tid 18144] INFO Registered glow surface edit (hwnd=0000000000080020)
[2025-11-26T20:15:29.917Z][pid 17808][tid 18144] INFO Explorer pane creation watch armed (view=0000000003A50712 list=1 tree=0)
[2025-11-26T20:15:29.917Z][pid 17808][tid 18144] INFO Explorer pane fallback timer armed (view=0000000003A50712 delay=500)
[2025-11-26T20:15:29.917Z][pid 17808][tid 18144] INFO Explorer panes not ready: list view missing (view=0000000003A50712)
[2025-11-26T20:15:29.917Z][pid 17808][tid 18144] INFO Explorer pane retry timer armed (view=0000000003A50712 delay=500 attempts=1)
[2025-11-26T20:15:29.971Z][pid 17808][tid 18144] INFO TabBand::UpdateTabsUI applying 2 items
[2025-11-26T20:15:29.972Z][pid 17808][tid 18144] INFO Breadcrumb QueryService(IShellBrowser) failed: 0x80004001
[2025-11-26T20:15:29.972Z][pid 17808][tid 18144] INFO Breadcrumb ribbon frame discovered via IShellBrowser (hwnd=0000000005222CAA)
[2025-11-26T20:15:29.972Z][pid 17808][tid 18144] INFO Breadcrumb ribbon frame discovered via IWebBrowser2 (hwnd=0000000005222CAA)
[2025-11-26T20:15:29.973Z][pid 17808][tid 18144] INFO Breadcrumb toolbar located via window enumeration (hwnd=00000000020506BA)
[2025-11-26T20:15:29.973Z][pid 17808][tid 18144] INFO Explorer pane creation watch cleared (view=0000000003A50712)
[2025-11-26T20:15:29.973Z][pid 17808][tid 18144] INFO Status bar background reset (hwnd=0000000000150260 previous=0xFF000000)
[2025-11-26T20:15:29.973Z][pid 17808][tid 18144] INFO Cleared Open In New Tab pending state
[2025-11-26T20:15:29.973Z][pid 17808][tid 18144] INFO Installed shell view window subclass (view=0000000003A50712)
[2025-11-26T20:15:29.973Z][pid 17808][tid 18144] INFO Installed explorer frame subclass (frame=0000000005470662)
[2025-11-26T20:15:29.974Z][pid 17808][tid 18144] INFO Cleared Open In New Tab pending state
[2025-11-26T20:15:29.974Z][pid 17808][tid 18144] INFO Explorer view base subclass ready (view=0000000003A50712 frame=0000000005470662)
[2025-11-26T20:15:29.974Z][pid 17808][tid 18144] VERBOSE DirectUI IUIElement unavailable (hr=0x80004001)
[2025-11-26T20:15:29.974Z][pid 17808][tid 18144] INFO Installed explorer DirectUI host subclass (direct=0000000002F007B0)
[2025-11-26T20:15:29.974Z][pid 17808][tid 18144] INFO Installed explorer tree view subclass (tree=000000000003003A)
[2025-11-26T20:15:29.974Z][pid 17808][tid 18144] INFO Explorer status bar discovered (hwnd=0000000000150260)
[2025-11-26T20:15:29.975Z][pid 17808][tid 18144] INFO Status bar theme background updated (hwnd=0000000000150260 new=0x00191919)
[2025-11-26T20:15:29.975Z][pid 17808][tid 18144] INFO Status bar theme text color updated (hwnd=0000000000150260 new=0x00FFFFFF)
[2025-11-26T20:15:29.976Z][pid 17808][tid 18144] INFO Registered glow surface edit (hwnd=0000000000080020)
[2025-11-26T20:15:29.976Z][pid 17808][tid 18144] INFO Explorer pane creation watch armed (view=0000000003A50712 list=1 tree=0)
[2025-11-26T20:15:29.976Z][pid 17808][tid 18144] INFO Explorer pane fallback timer armed (view=0000000003A50712 delay=500)
[2025-11-26T20:15:29.976Z][pid 17808][tid 18144] INFO Explorer panes not ready: list view missing (view=0000000003A50712)
[2025-11-26T20:15:29.977Z][pid 17808][tid 18144] INFO Explorer pane retry timer armed (view=0000000003A50712 delay=500 attempts=1)
[2025-11-26T20:15:30.000Z][pid 17808][tid 18144] INFO Installed explorer list host subclass (host=0000000005470662)
[2025-11-26T20:15:30.001Z][pid 17808][tid 18144] INFO Installed explorer list host subclass (host=00000000015301C4)
[2025-11-26T20:15:30.001Z][pid 17808][tid 18144] INFO Installed explorer list host subclass (host=00000000003826A4)
[2025-11-26T20:15:30.001Z][pid 17808][tid 18144] INFO Installed explorer list host subclass (host=0000000005222CAA)
[2025-11-26T20:15:30.001Z][pid 17808][tid 18144] INFO Installed explorer list host subclass (host=00000000085502AC)
[2025-11-26T20:15:32.358Z][pid 17808][tid 18144] WARN Status bar custom draw timeout; forcing theme detours (hwnd=0000000000150260)
[2025-11-26T20:15:32.977Z][pid 17808][tid 18144] INFO TabBand::UpdateTabsUI applying 2 items
[2025-11-26T20:15:35.360Z][pid 17808][tid 18144] INFO Tab diff: +1 -1 move=0 update=1 rows=1 incremental=false
[2025-11-26T20:15:35.361Z][pid 17808][tid 18144] INFO Breadcrumb QueryService(IShellBrowser) failed: 0x80004001
[2025-11-26T20:15:35.361Z][pid 17808][tid 18144] INFO Breadcrumb ribbon frame discovered via IShellBrowser (hwnd=0000000005222CAA)
[2025-11-26T20:15:35.362Z][pid 17808][tid 18144] INFO Breadcrumb ribbon frame discovered via IWebBrowser2 (hwnd=0000000005222CAA)
[2025-11-26T20:15:35.362Z][pid 17808][tid 18144] INFO Breadcrumb toolbar located via window enumeration (hwnd=00000000020506BA)
[2025-11-26T20:15:35.362Z][pid 17808][tid 18144] INFO Explorer pane creation watch cleared (view=0000000000000000)
[2025-11-26T20:15:35.362Z][pid 17808][tid 18144] INFO Status bar background reset (hwnd=0000000000150260 previous=0xFF000000)
[2025-11-26T20:15:35.362Z][pid 17808][tid 18144] INFO Cleared Open In New Tab pending state
[2025-11-26T20:15:35.363Z][pid 17808][tid 18144] INFO Installed shell view window subclass (view=00000000005407D2)
[2025-11-26T20:15:35.363Z][pid 17808][tid 18144] INFO Installed explorer frame subclass (frame=0000000005470662)
[2025-11-26T20:15:35.363Z][pid 17808][tid 18144] INFO Cleared Open In New Tab pending state
[2025-11-26T20:15:35.363Z][pid 17808][tid 18144] INFO Explorer view base subclass ready (view=00000000005407D2 frame=0000000005470662)
[2025-11-26T20:15:35.363Z][pid 17808][tid 18144] VERBOSE DirectUI IUIElement unavailable (hr=0x80004001)
[2025-11-26T20:15:35.363Z][pid 17808][tid 18144] INFO Installed explorer DirectUI host subclass (direct=0000000000F232D8)
[2025-11-26T20:15:35.363Z][pid 17808][tid 18144] INFO Installed explorer tree view subclass (tree=000000000003003A)
[2025-11-26T20:15:35.363Z][pid 17808][tid 18144] INFO Explorer status bar discovered (hwnd=0000000000150260)
[2025-11-26T20:15:35.364Z][pid 17808][tid 18144] INFO Status bar theme fallback to dark preference (hwnd=0000000000150260)
[2025-11-26T20:15:35.364Z][pid 17808][tid 18144] INFO Status bar theme background updated (hwnd=0000000000150260 new=0x00202020)
[2025-11-26T20:15:35.364Z][pid 17808][tid 18144] INFO Status bar theme text color updated (hwnd=0000000000150260 new=0x00FFFFFF)
[2025-11-26T20:15:35.364Z][pid 17808][tid 18144] INFO Registered glow surface edit (hwnd=0000000000080020)
[2025-11-26T20:15:35.364Z][pid 17808][tid 18144] INFO Status bar theme fallback to dark preference (hwnd=0000000000150260)
[2025-11-26T20:15:35.365Z][pid 17808][tid 18144] INFO Explorer pane creation watch armed (view=00000000005407D2 list=1 tree=0)
[2025-11-26T20:15:35.365Z][pid 17808][tid 18144] INFO Explorer pane fallback timer armed (view=00000000005407D2 delay=500)
[2025-11-26T20:15:35.365Z][pid 17808][tid 18144] INFO Explorer panes not ready: list view missing (view=00000000005407D2)
[2025-11-26T20:15:35.365Z][pid 17808][tid 18144] INFO Explorer pane retry timer armed (view=00000000005407D2 delay=500 attempts=1)
[2025-11-26T20:15:35.365Z][pid 17808][tid 18144] INFO TabBand::UpdateTabsUI applying 2 items
[2025-11-26T20:15:35.366Z][pid 17808][tid 18144] INFO Breadcrumb QueryService(IShellBrowser) failed: 0x80004001
[2025-11-26T20:15:35.366Z][pid 17808][tid 18144] INFO Breadcrumb ribbon frame discovered via IShellBrowser (hwnd=0000000005222CAA)
[2025-11-26T20:15:35.366Z][pid 17808][tid 18144] INFO Breadcrumb ribbon frame discovered via IWebBrowser2 (hwnd=0000000005222CAA)
[2025-11-26T20:15:35.366Z][pid 17808][tid 18144] INFO Breadcrumb toolbar located via window enumeration (hwnd=00000000020506BA)
[2025-11-26T20:15:35.367Z][pid 17808][tid 18144] INFO Explorer pane creation watch cleared (view=00000000005407D2)
[2025-11-26T20:15:35.368Z][pid 17808][tid 18144] INFO Status bar background reset (hwnd=0000000000150260 previous=0xFF000000)
[2025-11-26T20:15:35.368Z][pid 17808][tid 18144] INFO Cleared Open In New Tab pending state
[2025-11-26T20:15:35.368Z][pid 17808][tid 18144] INFO Installed shell view window subclass (view=00000000005407D2)
[2025-11-26T20:15:35.368Z][pid 17808][tid 18144] INFO Installed explorer frame subclass (frame=0000000005470662)
[2025-11-26T20:15:35.369Z][pid 17808][tid 18144] INFO Cleared Open In New Tab pending state
[2025-11-26T20:15:35.369Z][pid 17808][tid 18144] INFO Explorer view base subclass ready (view=00000000005407D2 frame=0000000005470662)
[2025-11-26T20:15:35.369Z][pid 17808][tid 18144] VERBOSE DirectUI IUIElement unavailable (hr=0x80004001)
[2025-11-26T20:15:35.369Z][pid 17808][tid 18144] INFO Installed explorer DirectUI host subclass (direct=0000000000F232D8)
[2025-11-26T20:15:35.369Z][pid 17808][tid 18144] INFO Installed explorer tree view subclass (tree=000000000003003A)
[2025-11-26T20:15:35.369Z][pid 17808][tid 18144] INFO Explorer status bar discovered (hwnd=0000000000150260)
[2025-11-26T20:15:35.370Z][pid 17808][tid 18144] INFO Status bar theme fallback to dark preference (hwnd=0000000000150260)
[2025-11-26T20:15:35.370Z][pid 17808][tid 18144] INFO Status bar theme background updated (hwnd=0000000000150260 new=0x00202020)
[2025-11-26T20:15:35.370Z][pid 17808][tid 18144] INFO Status bar theme text color updated (hwnd=0000000000150260 new=0x00FFFFFF)
[2025-11-26T20:15:35.370Z][pid 17808][tid 18144] INFO Registered glow surface edit (hwnd=0000000000080020)
[2025-11-26T20:15:35.370Z][pid 17808][tid 18144] INFO Status bar theme fallback to dark preference (hwnd=0000000000150260)
[2025-11-26T20:15:35.370Z][pid 17808][tid 18144] INFO Explorer pane creation watch armed (view=00000000005407D2 list=1 tree=0)
[2025-11-26T20:15:35.371Z][pid 17808][tid 18144] INFO Explorer pane fallback timer armed (view=00000000005407D2 delay=500)
[2025-11-26T20:15:35.371Z][pid 17808][tid 18144] INFO Explorer panes not ready: list view missing (view=00000000005407D2)
[2025-11-26T20:15:35.371Z][pid 17808][tid 18144] INFO Explorer pane retry timer armed (view=00000000005407D2 delay=500 attempts=1)
[2025-11-26T20:15:35.386Z][pid 17808][tid 18144] INFO Status bar theme fallback to dark preference (hwnd=0000000000150260)
[2025-11-26T20:15:35.400Z][pid 17808][tid 18144] INFO Status bar theme background updated (hwnd=0000000000150260 new=0x00191919)
[2025-11-26T20:15:35.488Z][pid 17808][tid 18144] INFO TabBand::UpdateTabsUI applying 2 items
[2025-11-26T20:15:35.490Z][pid 17808][tid 18144] INFO Breadcrumb QueryService(IShellBrowser) failed: 0x80004001
[2025-11-26T20:15:35.490Z][pid 17808][tid 18144] INFO Breadcrumb ribbon frame discovered via IShellBrowser (hwnd=0000000005222CAA)
[2025-11-26T20:15:35.490Z][pid 17808][tid 18144] INFO Breadcrumb ribbon frame discovered via IWebBrowser2 (hwnd=0000000005222CAA)
[2025-11-26T20:15:35.490Z][pid 17808][tid 18144] INFO Breadcrumb toolbar located via window enumeration (hwnd=00000000020506BA)
[2025-11-26T20:15:35.491Z][pid 17808][tid 18144] INFO Explorer pane creation watch cleared (view=00000000005407D2)
[2025-11-26T20:15:35.491Z][pid 17808][tid 18144] INFO Status bar background reset (hwnd=0000000000150260 previous=0xFF000000)
[2025-11-26T20:15:35.491Z][pid 17808][tid 18144] INFO Cleared Open In New Tab pending state
[2025-11-26T20:15:35.491Z][pid 17808][tid 18144] INFO Installed shell view window subclass (view=00000000005407D2)
[2025-11-26T20:15:35.491Z][pid 17808][tid 18144] INFO Installed explorer frame subclass (frame=0000000005470662)
[2025-11-26T20:15:35.491Z][pid 17808][tid 18144] INFO Cleared Open In New Tab pending state
[2025-11-26T20:15:35.491Z][pid 17808][tid 18144] INFO Explorer view base subclass ready (view=00000000005407D2 frame=0000000005470662)
[2025-11-26T20:15:35.491Z][pid 17808][tid 18144] VERBOSE DirectUI IUIElement unavailable (hr=0x80004001)
[2025-11-26T20:15:35.492Z][pid 17808][tid 18144] INFO Installed explorer DirectUI host subclass (direct=0000000000F232D8)
[2025-11-26T20:15:35.492Z][pid 17808][tid 18144] INFO Installed explorer tree view subclass (tree=000000000003003A)
[2025-11-26T20:15:35.492Z][pid 17808][tid 18144] INFO Explorer status bar discovered (hwnd=0000000000150260)
[2025-11-26T20:15:35.493Z][pid 17808][tid 18144] INFO Status bar theme background updated (hwnd=0000000000150260 new=0x00191919)
[2025-11-26T20:15:35.493Z][pid 17808][tid 18144] INFO Status bar theme text color updated (hwnd=0000000000150260 new=0x00FFFFFF)
[2025-11-26T20:15:35.493Z][pid 17808][tid 18144] INFO Registered glow surface edit (hwnd=0000000000080020)
[2025-11-26T20:15:35.494Z][pid 17808][tid 18144] INFO Explorer pane creation watch armed (view=00000000005407D2 list=1 tree=0)
[2025-11-26T20:15:35.494Z][pid 17808][tid 18144] INFO Explorer pane fallback timer armed (view=00000000005407D2 delay=500)
[2025-11-26T20:15:35.494Z][pid 17808][tid 18144] INFO Explorer panes not ready: list view missing (view=00000000005407D2)
[2025-11-26T20:15:35.494Z][pid 17808][tid 18144] INFO Explorer pane retry timer armed (view=00000000005407D2 delay=500 attempts=1)
[2025-11-26T20:15:35.539Z][pid 17808][tid 18144] INFO Installed explorer list host subclass (host=0000000005470662)
[2025-11-26T20:15:35.539Z][pid 17808][tid 18144] INFO Installed explorer list host subclass (host=00000000015301C4)
[2025-11-26T20:15:35.540Z][pid 17808][tid 18144] INFO Installed explorer list host subclass (host=00000000003826A4)
[2025-11-26T20:15:35.540Z][pid 17808][tid 18144] INFO Installed explorer list host subclass (host=0000000005222CAA)
[2025-11-26T20:15:35.540Z][pid 17808][tid 18144] INFO Installed explorer list host subclass (host=00000000085502AC)
[2025-11-26T20:15:38.719Z][pid 17808][tid 18144] INFO Registered glow surface edit (hwnd=0000000000DD2724)
[2025-11-26T20:15:38.814Z][pid 17808][tid 18144] WARN Status bar custom draw timeout; forcing theme detours (hwnd=0000000000150260)
[2025-11-26T20:15:42.425Z][pid 17808][tid 18144] INFO TabBand::UpdateTabsUI applying 2 items
[2025-11-26T20:15:42.427Z][pid 17808][tid 18144] INFO Tab diff: +1 -1 move=1 update=0 rows=1 incremental=false
[2025-11-26T20:15:42.431Z][pid 17808][tid 18144] INFO Breadcrumb QueryService(IShellBrowser) failed: 0x80004001
[2025-11-26T20:15:42.431Z][pid 17808][tid 18144] INFO Breadcrumb ribbon frame discovered via IShellBrowser (hwnd=0000000005222CAA)
[2025-11-26T20:15:42.431Z][pid 17808][tid 18144] INFO Breadcrumb ribbon frame discovered via IWebBrowser2 (hwnd=0000000005222CAA)
[2025-11-26T20:15:42.431Z][pid 17808][tid 18144] INFO Breadcrumb toolbar located via window enumeration (hwnd=00000000020506BA)
[2025-11-26T20:15:42.431Z][pid 17808][tid 18144] INFO Explorer pane creation watch cleared (view=0000000000000000)
[2025-11-26T20:15:42.431Z][pid 17808][tid 18144] INFO Status bar background reset (hwnd=0000000000150260 previous=0xFF000000)
[2025-11-26T20:15:42.431Z][pid 17808][tid 18144] INFO Cleared Open In New Tab pending state
[2025-11-26T20:15:42.431Z][pid 17808][tid 18144] INFO Installed shell view window subclass (view=0000000000DE2724)
[2025-11-26T20:15:42.432Z][pid 17808][tid 18144] INFO Installed explorer frame subclass (frame=0000000005470662)
[2025-11-26T20:15:42.432Z][pid 17808][tid 18144] INFO Cleared Open In New Tab pending state
[2025-11-26T20:15:42.432Z][pid 17808][tid 18144] INFO Explorer view base subclass ready (view=0000000000DE2724 frame=0000000005470662)
[2025-11-26T20:15:42.432Z][pid 17808][tid 18144] VERBOSE DirectUI IUIElement unavailable (hr=0x80004001)
[2025-11-26T20:15:42.432Z][pid 17808][tid 18144] INFO Installed explorer DirectUI host subclass (direct=000000000010002C)
[2025-11-26T20:15:42.432Z][pid 17808][tid 18144] INFO Installed explorer tree view subclass (tree=000000000003003A)
[2025-11-26T20:15:42.432Z][pid 17808][tid 18144] INFO Explorer status bar discovered (hwnd=0000000000150260)
[2025-11-26T20:15:42.433Z][pid 17808][tid 18144] INFO Status bar theme background updated (hwnd=0000000000150260 new=0x00191919)
[2025-11-26T20:15:42.434Z][pid 17808][tid 18144] INFO Status bar theme text color updated (hwnd=0000000000150260 new=0x00FFFFFF)
[2025-11-26T20:15:42.434Z][pid 17808][tid 18144] INFO Registered glow surface edit (hwnd=0000000000080020)
[2025-11-26T20:15:42.435Z][pid 17808][tid 18144] INFO Explorer pane creation watch armed (view=0000000000DE2724 list=1 tree=0)
[2025-11-26T20:15:42.435Z][pid 17808][tid 18144] INFO Explorer pane fallback timer armed (view=0000000000DE2724 delay=500)
[2025-11-26T20:15:42.435Z][pid 17808][tid 18144] INFO Explorer panes not ready: list view missing (view=0000000000DE2724)
[2025-11-26T20:15:42.435Z][pid 17808][tid 18144] INFO Explorer pane retry timer armed (view=0000000000DE2724 delay=500 attempts=1)
[2025-11-26T20:15:42.436Z][pid 17808][tid 18144] INFO TabBand::UpdateTabsUI applying 2 items
[2025-11-26T20:15:42.438Z][pid 17808][tid 18144] INFO Breadcrumb QueryService(IShellBrowser) failed: 0x80004001
[2025-11-26T20:15:42.438Z][pid 17808][tid 18144] INFO Breadcrumb ribbon frame discovered via IShellBrowser (hwnd=0000000005222CAA)
[2025-11-26T20:15:42.438Z][pid 17808][tid 18144] INFO Breadcrumb ribbon frame discovered via IWebBrowser2 (hwnd=0000000005222CAA)
[2025-11-26T20:15:42.438Z][pid 17808][tid 18144] INFO Breadcrumb toolbar located via window enumeration (hwnd=00000000020506BA)
[2025-11-26T20:15:42.438Z][pid 17808][tid 18144] INFO Explorer pane creation watch cleared (view=0000000000DE2724)
[2025-11-26T20:15:42.438Z][pid 17808][tid 18144] INFO Status bar background reset (hwnd=0000000000150260 previous=0xFF000000)
[2025-11-26T20:15:42.438Z][pid 17808][tid 18144] INFO Cleared Open In New Tab pending state
[2025-11-26T20:15:42.438Z][pid 17808][tid 18144] INFO Installed shell view window subclass (view=0000000000DE2724)
[2025-11-26T20:15:42.439Z][pid 17808][tid 18144] INFO Installed explorer frame subclass (frame=0000000005470662)
[2025-11-26T20:15:42.439Z][pid 17808][tid 18144] INFO Cleared Open In New Tab pending state
[2025-11-26T20:15:42.439Z][pid 17808][tid 18144] INFO Explorer view base subclass ready (view=0000000000DE2724 frame=0000000005470662)
[2025-11-26T20:15:42.439Z][pid 17808][tid 18144] VERBOSE DirectUI IUIElement unavailable (hr=0x80004001)
[2025-11-26T20:15:42.439Z][pid 17808][tid 18144] INFO Installed explorer DirectUI host subclass (direct=000000000010002C)
[2025-11-26T20:15:42.439Z][pid 17808][tid 18144] INFO Installed explorer tree view subclass (tree=000000000003003A)
[2025-11-26T20:15:42.439Z][pid 17808][tid 18144] INFO Explorer status bar discovered (hwnd=0000000000150260)
[2025-11-26T20:15:42.440Z][pid 17808][tid 18144] INFO Status bar theme background updated (hwnd=0000000000150260 new=0x00191919)
[2025-11-26T20:15:42.440Z][pid 17808][tid 18144] INFO Status bar theme text color updated (hwnd=0000000000150260 new=0x00FFFFFF)
[2025-11-26T20:15:42.441Z][pid 17808][tid 18144] INFO Registered glow surface edit (hwnd=0000000000080020)
[2025-11-26T20:15:42.441Z][pid 17808][tid 18144] INFO Explorer pane creation watch armed (view=0000000000DE2724 list=1 tree=0)
[2025-11-26T20:15:42.442Z][pid 17808][tid 18144] INFO Explorer pane fallback timer armed (view=0000000000DE2724 delay=500)
[2025-11-26T20:15:42.442Z][pid 17808][tid 18144] INFO Explorer panes not ready: list view missing (view=0000000000DE2724)
[2025-11-26T20:15:42.442Z][pid 17808][tid 18144] INFO Explorer pane retry timer armed (view=0000000000DE2724 delay=500 attempts=1)
[2025-11-26T20:15:42.472Z][pid 17808][tid 18144] INFO TabBand::UpdateTabsUI applying 2 items
[2025-11-26T20:15:42.474Z][pid 17808][tid 18144] INFO Breadcrumb QueryService(IShellBrowser) failed: 0x80004001
[2025-11-26T20:15:42.474Z][pid 17808][tid 18144] INFO Breadcrumb ribbon frame discovered via IShellBrowser (hwnd=0000000005222CAA)
[2025-11-26T20:15:42.474Z][pid 17808][tid 18144] INFO Breadcrumb ribbon frame discovered via IWebBrowser2 (hwnd=0000000005222CAA)
[2025-11-26T20:15:42.474Z][pid 17808][tid 18144] INFO Breadcrumb toolbar located via window enumeration (hwnd=00000000020506BA)
[2025-11-26T20:15:42.474Z][pid 17808][tid 18144] INFO Explorer pane creation watch cleared (view=0000000000DE2724)
[2025-11-26T20:15:42.474Z][pid 17808][tid 18144] INFO Status bar background reset (hwnd=0000000000150260 previous=0xFF000000)
[2025-11-26T20:15:42.475Z][pid 17808][tid 18144] INFO Cleared Open In New Tab pending state
[2025-11-26T20:15:42.475Z][pid 17808][tid 18144] INFO Installed shell view window subclass (view=0000000000DE2724)
[2025-11-26T20:15:42.475Z][pid 17808][tid 18144] INFO Installed explorer frame subclass (frame=0000000005470662)
[2025-11-26T20:15:42.475Z][pid 17808][tid 18144] INFO Cleared Open In New Tab pending state
[2025-11-26T20:15:42.475Z][pid 17808][tid 18144] INFO Explorer view base subclass ready (view=0000000000DE2724 frame=0000000005470662)
[2025-11-26T20:15:42.475Z][pid 17808][tid 18144] VERBOSE DirectUI IUIElement unavailable (hr=0x80004001)
[2025-11-26T20:15:42.475Z][pid 17808][tid 18144] INFO Installed explorer DirectUI host subclass (direct=000000000010002C)
[2025-11-26T20:15:42.475Z][pid 17808][tid 18144] INFO Installed explorer tree view subclass (tree=000000000003003A)
[2025-11-26T20:15:42.475Z][pid 17808][tid 18144] INFO Explorer status bar discovered (hwnd=0000000000150260)
[2025-11-26T20:15:42.477Z][pid 17808][tid 18144] INFO Status bar theme background updated (hwnd=0000000000150260 new=0x00191919)
[2025-11-26T20:15:42.477Z][pid 17808][tid 18144] INFO Status bar theme text color updated (hwnd=0000000000150260 new=0x00FFFFFF)
[2025-11-26T20:15:42.477Z][pid 17808][tid 18144] INFO Registered glow surface edit (hwnd=0000000000080020)
[2025-11-26T20:15:42.478Z][pid 17808][tid 18144] INFO Explorer pane creation watch armed (view=0000000000DE2724 list=1 tree=0)
[2025-11-26T20:15:42.478Z][pid 17808][tid 18144] INFO Explorer pane fallback timer armed (view=0000000000DE2724 delay=500)
[2025-11-26T20:15:42.478Z][pid 17808][tid 18144] INFO Explorer panes not ready: list view missing (view=0000000000DE2724)
[2025-11-26T20:15:42.478Z][pid 17808][tid 18144] INFO Explorer pane retry timer armed (view=0000000000DE2724 delay=500 attempts=1)
[2025-11-26T20:15:42.506Z][pid 17808][tid 18144] INFO Installed explorer list host subclass (host=0000000005470662)
[2025-11-26T20:15:42.506Z][pid 17808][tid 18144] INFO Installed explorer list host subclass (host=00000000015301C4)
[2025-11-26T20:15:42.507Z][pid 17808][tid 18144] INFO Installed explorer list host subclass (host=00000000003826A4)
[2025-11-26T20:15:42.507Z][pid 17808][tid 18144] INFO Installed explorer list host subclass (host=0000000005222CAA)
[2025-11-26T20:15:42.507Z][pid 17808][tid 18144] INFO Installed explorer list host subclass (host=00000000085502AC)
[2025-11-26T20:16:03.657Z][pid 17808][tid 18144] INFO TabBand::UpdateTabsUI applying 3 items
[2025-11-26T20:16:03.658Z][pid 17808][tid 18144] INFO Tab diff: +1 -0 move=0 update=1 rows=1 incremental=false
[2025-11-26T20:16:03.691Z][pid 17808][tid 18144] INFO TabBand::UpdateTabsUI applying 3 items
[2025-11-26T20:16:03.691Z][pid 17808][tid 18144] WARN Status bar custom draw timeout; forcing theme detours (hwnd=0000000000150260)
[2025-11-26T20:16:03.693Z][pid 17808][tid 18144] INFO Breadcrumb QueryService(IShellBrowser) failed: 0x80004001
[2025-11-26T20:16:03.693Z][pid 17808][tid 18144] INFO Breadcrumb ribbon frame discovered via IShellBrowser (hwnd=0000000005222CAA)
[2025-11-26T20:16:03.694Z][pid 17808][tid 18144] INFO Breadcrumb ribbon frame discovered via IWebBrowser2 (hwnd=0000000005222CAA)
[2025-11-26T20:16:03.694Z][pid 17808][tid 18144] INFO Breadcrumb toolbar located via window enumeration (hwnd=00000000020506BA)
[2025-11-26T20:16:03.694Z][pid 17808][tid 18144] INFO Explorer pane creation watch cleared (view=0000000000DE2724)
[2025-11-26T20:16:03.694Z][pid 17808][tid 18144] INFO Status bar background reset (hwnd=0000000000150260 previous=0xFF000000)
[2025-11-26T20:16:03.694Z][pid 17808][tid 18144] INFO Cleared Open In New Tab pending state
[2025-11-26T20:16:03.694Z][pid 17808][tid 18144] INFO Installed shell view window subclass (view=0000000000DE2724)
[2025-11-26T20:16:03.694Z][pid 17808][tid 18144] INFO Installed explorer frame subclass (frame=0000000005470662)
[2025-11-26T20:16:03.694Z][pid 17808][tid 18144] INFO Cleared Open In New Tab pending state
[2025-11-26T20:16:03.695Z][pid 17808][tid 18144] INFO Explorer view base subclass ready (view=0000000000DE2724 frame=0000000005470662)
[2025-11-26T20:16:03.695Z][pid 17808][tid 18144] VERBOSE DirectUI IUIElement unavailable (hr=0x80004001)
[2025-11-26T20:16:03.695Z][pid 17808][tid 18144] INFO Installed explorer DirectUI host subclass (direct=000000000010002C)
[2025-11-26T20:16:03.695Z][pid 17808][tid 18144] INFO Installed explorer tree view subclass (tree=000000000003003A)
[2025-11-26T20:16:03.695Z][pid 17808][tid 18144] INFO Explorer status bar discovered (hwnd=0000000000150260)
[2025-11-26T20:16:03.696Z][pid 17808][tid 18144] INFO Status bar theme background updated (hwnd=0000000000150260 new=0x00191919)
[2025-11-26T20:16:03.696Z][pid 17808][tid 18144] INFO Status bar theme text color updated (hwnd=0000000000150260 new=0x00FFFFFF)
[2025-11-26T20:16:03.696Z][pid 17808][tid 18144] INFO Registered glow surface edit (hwnd=0000000000080020)
[2025-11-26T20:16:03.697Z][pid 17808][tid 18144] INFO Explorer pane creation watch armed (view=0000000000DE2724 list=1 tree=0)
[2025-11-26T20:16:03.697Z][pid 17808][tid 18144] INFO Explorer pane fallback timer armed (view=0000000000DE2724 delay=500)
[2025-11-26T20:16:03.697Z][pid 17808][tid 18144] INFO Explorer panes not ready: list view missing (view=0000000000DE2724)
[2025-11-26T20:16:03.697Z][pid 17808][tid 18144] INFO Explorer pane retry timer armed (view=0000000000DE2724 delay=500 attempts=1)
[2025-11-26T20:16:03.697Z][pid 17808][tid 18144] INFO TabBand::UpdateTabsUI applying 3 items
[2025-11-26T20:16:03.698Z][pid 17808][tid 18144] INFO Breadcrumb QueryService(IShellBrowser) failed: 0x80004001
[2025-11-26T20:16:03.698Z][pid 17808][tid 18144] INFO Breadcrumb ribbon frame discovered via IShellBrowser (hwnd=0000000005222CAA)
[2025-11-26T20:16:03.698Z][pid 17808][tid 18144] INFO Breadcrumb ribbon frame discovered via IWebBrowser2 (hwnd=0000000005222CAA)
[2025-11-26T20:16:03.698Z][pid 17808][tid 18144] INFO Breadcrumb toolbar located via window enumeration (hwnd=00000000020506BA)
[2025-11-26T20:16:03.698Z][pid 17808][tid 18144] INFO Explorer pane creation watch cleared (view=0000000000DE2724)
[2025-11-26T20:16:03.699Z][pid 17808][tid 18144] INFO Status bar background reset (hwnd=0000000000150260 previous=0xFF000000)
[2025-11-26T20:16:03.699Z][pid 17808][tid 18144] INFO Cleared Open In New Tab pending state
[2025-11-26T20:16:03.699Z][pid 17808][tid 18144] INFO Installed shell view window subclass (view=0000000000DE2724)
[2025-11-26T20:16:03.699Z][pid 17808][tid 18144] INFO Installed explorer frame subclass (frame=0000000005470662)
[2025-11-26T20:16:03.699Z][pid 17808][tid 18144] INFO Cleared Open In New Tab pending state
[2025-11-26T20:16:03.699Z][pid 17808][tid 18144] INFO Explorer view base subclass ready (view=0000000000DE2724 frame=0000000005470662)
[2025-11-26T20:16:03.699Z][pid 17808][tid 18144] VERBOSE DirectUI IUIElement unavailable (hr=0x80004001)
[2025-11-26T20:16:03.699Z][pid 17808][tid 18144] INFO Installed explorer DirectUI host subclass (direct=000000000010002C)
[2025-11-26T20:16:03.700Z][pid 17808][tid 18144] INFO Installed explorer tree view subclass (tree=000000000003003A)
[2025-11-26T20:16:03.700Z][pid 17808][tid 18144] INFO Explorer status bar discovered (hwnd=0000000000150260)
[2025-11-26T20:16:03.701Z][pid 17808][tid 18144] INFO Status bar theme background updated (hwnd=0000000000150260 new=0x00191919)
[2025-11-26T20:16:03.701Z][pid 17808][tid 18144] INFO Status bar theme text color updated (hwnd=0000000000150260 new=0x00FFFFFF)
[2025-11-26T20:16:03.701Z][pid 17808][tid 18144] INFO Registered glow surface edit (hwnd=0000000000080020)
[2025-11-26T20:16:03.702Z][pid 17808][tid 18144] INFO Explorer pane creation watch armed (view=0000000000DE2724 list=1 tree=0)
[2025-11-26T20:16:03.702Z][pid 17808][tid 18144] INFO Explorer pane fallback timer armed (view=0000000000DE2724 delay=500)
[2025-11-26T20:16:03.702Z][pid 17808][tid 18144] INFO Explorer panes not ready: list view missing (view=0000000000DE2724)
[2025-11-26T20:16:03.702Z][pid 17808][tid 18144] INFO Explorer pane retry timer armed (view=0000000000DE2724 delay=500 attempts=1)
[2025-11-26T20:16:03.747Z][pid 17808][tid 18144] INFO TabBand::UpdateTabsUI applying 3 items
[2025-11-26T20:16:03.749Z][pid 17808][tid 18144] INFO Breadcrumb QueryService(IShellBrowser) failed: 0x80004001
[2025-11-26T20:16:03.749Z][pid 17808][tid 18144] INFO Breadcrumb ribbon frame discovered via IShellBrowser (hwnd=0000000005222CAA)
[2025-11-26T20:16:03.749Z][pid 17808][tid 18144] INFO Breadcrumb ribbon frame discovered via IWebBrowser2 (hwnd=0000000005222CAA)
[2025-11-26T20:16:03.749Z][pid 17808][tid 18144] INFO Breadcrumb toolbar located via window enumeration (hwnd=00000000020506BA)
[2025-11-26T20:16:03.749Z][pid 17808][tid 18144] INFO Explorer pane creation watch cleared (view=0000000000DE2724)
[2025-11-26T20:16:03.749Z][pid 17808][tid 18144] INFO Status bar background reset (hwnd=0000000000150260 previous=0xFF000000)
[2025-11-26T20:16:03.749Z][pid 17808][tid 18144] INFO Cleared Open In New Tab pending state
[2025-11-26T20:16:03.749Z][pid 17808][tid 18144] INFO Installed shell view window subclass (view=0000000000DE2724)
[2025-11-26T20:16:03.750Z][pid 17808][tid 18144] INFO Installed explorer frame subclass (frame=0000000005470662)
[2025-11-26T20:16:03.750Z][pid 17808][tid 18144] INFO Cleared Open In New Tab pending state
[2025-11-26T20:16:03.750Z][pid 17808][tid 18144] INFO Explorer view base subclass ready (view=0000000000DE2724 frame=0000000005470662)
[2025-11-26T20:16:03.750Z][pid 17808][tid 18144] VERBOSE DirectUI IUIElement unavailable (hr=0x80004001)
[2025-11-26T20:16:03.750Z][pid 17808][tid 18144] INFO Installed explorer DirectUI host subclass (direct=000000000010002C)
[2025-11-26T20:16:03.750Z][pid 17808][tid 18144] INFO Installed explorer tree view subclass (tree=000000000003003A)
[2025-11-26T20:16:03.750Z][pid 17808][tid 18144] INFO Explorer status bar discovered (hwnd=0000000000150260)
[2025-11-26T20:16:03.752Z][pid 17808][tid 18144] INFO Status bar theme background updated (hwnd=0000000000150260 new=0x00191919)
[2025-11-26T20:16:03.752Z][pid 17808][tid 18144] INFO Status bar theme text color updated (hwnd=0000000000150260 new=0x00FFFFFF)
[2025-11-26T20:16:03.752Z][pid 17808][tid 18144] INFO Registered glow surface edit (hwnd=0000000000080020)
[2025-11-26T20:16:03.754Z][pid 17808][tid 18144] INFO Explorer pane creation watch armed (view=0000000000DE2724 list=1 tree=0)
[2025-11-26T20:16:03.754Z][pid 17808][tid 18144] INFO Explorer pane fallback timer armed (view=0000000000DE2724 delay=500)
[2025-11-26T20:16:03.754Z][pid 17808][tid 18144] INFO Explorer panes not ready: list view missing (view=0000000000DE2724)
[2025-11-26T20:16:03.754Z][pid 17808][tid 18144] INFO Explorer pane retry timer armed (view=0000000000DE2724 delay=500 attempts=1)
[2025-11-26T20:16:03.779Z][pid 17808][tid 18144] INFO Installed explorer list host subclass (host=0000000005470662)
[2025-11-26T20:16:03.779Z][pid 17808][tid 18144] INFO Installed explorer list host subclass (host=00000000015301C4)
[2025-11-26T20:16:03.779Z][pid 17808][tid 18144] INFO Installed explorer list host subclass (host=00000000003826A4)
[2025-11-26T20:16:03.779Z][pid 17808][tid 18144] INFO Installed explorer list host subclass (host=0000000005222CAA)
[2025-11-26T20:16:03.779Z][pid 17808][tid 18144] INFO Installed explorer list host subclass (host=00000000085502AC)
[2025-11-26T20:16:09.554Z][pid 17808][tid 18144] INFO TabBand::UpdateTabsUI applying 3 items
[2025-11-26T20:16:09.578Z][pid 17808][tid 18144] INFO Tab diff: +1 -1 move=0 update=0 rows=1 incremental=false
[2025-11-26T20:16:09.587Z][pid 17808][tid 18144] WARN Status bar custom draw timeout; forcing theme detours (hwnd=0000000000150260)
[2025-11-26T20:16:09.590Z][pid 17808][tid 18144] INFO Breadcrumb QueryService(IShellBrowser) failed: 0x80004001
[2025-11-26T20:16:09.590Z][pid 17808][tid 18144] INFO Breadcrumb ribbon frame discovered via IShellBrowser (hwnd=0000000005222CAA)
[2025-11-26T20:16:09.590Z][pid 17808][tid 18144] INFO Breadcrumb ribbon frame discovered via IWebBrowser2 (hwnd=0000000005222CAA)
[2025-11-26T20:16:09.590Z][pid 17808][tid 18144] INFO Breadcrumb toolbar located via window enumeration (hwnd=00000000020506BA)
[2025-11-26T20:16:09.590Z][pid 17808][tid 18144] INFO Explorer pane creation watch cleared (view=0000000000000000)
[2025-11-26T20:16:09.590Z][pid 17808][tid 18144] INFO Status bar background reset (hwnd=0000000000150260 previous=0xFF000000)
[2025-11-26T20:16:09.591Z][pid 17808][tid 18144] INFO Cleared Open In New Tab pending state
[2025-11-26T20:16:09.591Z][pid 17808][tid 18144] INFO Installed shell view window subclass (view=0000000000E82438)
[2025-11-26T20:16:09.591Z][pid 17808][tid 18144] INFO Installed explorer frame subclass (frame=0000000005470662)
[2025-11-26T20:16:09.591Z][pid 17808][tid 18144] INFO Cleared Open In New Tab pending state
[2025-11-26T20:16:09.591Z][pid 17808][tid 18144] INFO Explorer view base subclass ready (view=0000000000E82438 frame=0000000005470662)
[2025-11-26T20:16:09.591Z][pid 17808][tid 18144] VERBOSE DirectUI IUIElement unavailable (hr=0x80004001)
[2025-11-26T20:16:09.591Z][pid 17808][tid 18144] INFO Installed explorer DirectUI host subclass (direct=0000000003AA0712)
[2025-11-26T20:16:09.592Z][pid 17808][tid 18144] INFO Installed explorer tree view subclass (tree=000000000003003A)
[2025-11-26T20:16:09.592Z][pid 17808][tid 18144] INFO Explorer status bar discovered (hwnd=0000000000150260)
[2025-11-26T20:16:09.593Z][pid 17808][tid 18144] INFO Status bar theme background updated (hwnd=0000000000150260 new=0x00191919)
[2025-11-26T20:16:09.593Z][pid 17808][tid 18144] INFO Status bar theme text color updated (hwnd=0000000000150260 new=0x00FFFFFF)
[2025-11-26T20:16:09.593Z][pid 17808][tid 18144] INFO Registered glow surface edit (hwnd=0000000000080020)
[2025-11-26T20:16:09.594Z][pid 17808][tid 18144] INFO Explorer pane creation watch armed (view=0000000000E82438 list=1 tree=0)
[2025-11-26T20:16:09.594Z][pid 17808][tid 18144] INFO Explorer pane fallback timer armed (view=0000000000E82438 delay=500)
[2025-11-26T20:16:09.595Z][pid 17808][tid 18144] INFO Explorer panes not ready: list view missing (view=0000000000E82438)
[2025-11-26T20:16:09.595Z][pid 17808][tid 18144] INFO Explorer pane retry timer armed (view=0000000000E82438 delay=500 attempts=1)
[2025-11-26T20:16:09.595Z][pid 17808][tid 18144] INFO TabBand::UpdateTabsUI applying 3 items
[2025-11-26T20:16:09.596Z][pid 17808][tid 18144] INFO Breadcrumb QueryService(IShellBrowser) failed: 0x80004001
[2025-11-26T20:16:09.596Z][pid 17808][tid 18144] INFO Breadcrumb ribbon frame discovered via IShellBrowser (hwnd=0000000005222CAA)
[2025-11-26T20:16:09.596Z][pid 17808][tid 18144] INFO Breadcrumb ribbon frame discovered via IWebBrowser2 (hwnd=0000000005222CAA)
[2025-11-26T20:16:09.596Z][pid 17808][tid 18144] INFO Breadcrumb toolbar located via window enumeration (hwnd=00000000020506BA)
[2025-11-26T20:16:09.597Z][pid 17808][tid 18144] INFO Explorer pane creation watch cleared (view=0000000000E82438)
[2025-11-26T20:16:09.597Z][pid 17808][tid 18144] INFO Status bar background reset (hwnd=0000000000150260 previous=0xFF000000)
[2025-11-26T20:16:09.597Z][pid 17808][tid 18144] INFO Cleared Open In New Tab pending state
[2025-11-26T20:16:09.597Z][pid 17808][tid 18144] INFO Installed shell view window subclass (view=0000000000E82438)
[2025-11-26T20:16:09.597Z][pid 17808][tid 18144] INFO Installed explorer frame subclass (frame=0000000005470662)
[2025-11-26T20:16:09.597Z][pid 17808][tid 18144] INFO Cleared Open In New Tab pending state
[2025-11-26T20:16:09.597Z][pid 17808][tid 18144] INFO Explorer view base subclass ready (view=0000000000E82438 frame=0000000005470662)
[2025-11-26T20:16:09.597Z][pid 17808][tid 18144] VERBOSE DirectUI IUIElement unavailable (hr=0x80004001)
[2025-11-26T20:16:09.598Z][pid 17808][tid 18144] INFO Installed explorer DirectUI host subclass (direct=0000000003AA0712)
[2025-11-26T20:16:09.598Z][pid 17808][tid 18144] INFO Installed explorer tree view subclass (tree=000000000003003A)
[2025-11-26T20:16:09.598Z][pid 17808][tid 18144] INFO Explorer status bar discovered (hwnd=0000000000150260)
[2025-11-26T20:16:09.599Z][pid 17808][tid 18144] INFO Status bar theme background updated (hwnd=0000000000150260 new=0x00191919)
[2025-11-26T20:16:09.599Z][pid 17808][tid 18144] INFO Status bar theme text color updated (hwnd=0000000000150260 new=0x00FFFFFF)
[2025-11-26T20:16:09.599Z][pid 17808][tid 18144] INFO Registered glow surface edit (hwnd=0000000000080020)
[2025-11-26T20:16:09.600Z][pid 17808][tid 18144] INFO Explorer pane creation watch armed (view=0000000000E82438 list=1 tree=0)
[2025-11-26T20:16:09.600Z][pid 17808][tid 18144] INFO Explorer pane fallback timer armed (view=0000000000E82438 delay=500)
[2025-11-26T20:16:09.600Z][pid 17808][tid 18144] INFO Explorer panes not ready: list view missing (view=0000000000E82438)
[2025-11-26T20:16:09.600Z][pid 17808][tid 18144] INFO Explorer pane retry timer armed (view=0000000000E82438 delay=500 attempts=1)
[2025-11-26T20:16:09.659Z][pid 17808][tid 18144] INFO TabBand::UpdateTabsUI applying 3 items
[2025-11-26T20:16:09.660Z][pid 17808][tid 18144] INFO Breadcrumb QueryService(IShellBrowser) failed: 0x80004001
[2025-11-26T20:16:09.660Z][pid 17808][tid 18144] INFO Breadcrumb ribbon frame discovered via IShellBrowser (hwnd=0000000005222CAA)
[2025-11-26T20:16:09.660Z][pid 17808][tid 18144] INFO Breadcrumb ribbon frame discovered via IWebBrowser2 (hwnd=0000000005222CAA)
[2025-11-26T20:16:09.660Z][pid 17808][tid 18144] INFO Breadcrumb toolbar located via window enumeration (hwnd=00000000020506BA)
[2025-11-26T20:16:09.661Z][pid 17808][tid 18144] INFO Explorer pane creation watch cleared (view=0000000000E82438)
[2025-11-26T20:16:09.661Z][pid 17808][tid 18144] INFO Status bar background reset (hwnd=0000000000150260 previous=0xFF000000)
[2025-11-26T20:16:09.661Z][pid 17808][tid 18144] INFO Cleared Open In New Tab pending state
[2025-11-26T20:16:09.661Z][pid 17808][tid 18144] INFO Installed shell view window subclass (view=0000000000E82438)
[2025-11-26T20:16:09.661Z][pid 17808][tid 18144] INFO Installed explorer frame subclass (frame=0000000005470662)
[2025-11-26T20:16:09.661Z][pid 17808][tid 18144] INFO Cleared Open In New Tab pending state
[2025-11-26T20:16:09.661Z][pid 17808][tid 18144] INFO Explorer view base subclass ready (view=0000000000E82438 frame=0000000005470662)
[2025-11-26T20:16:09.661Z][pid 17808][tid 18144] VERBOSE DirectUI IUIElement unavailable (hr=0x80004001)
[2025-11-26T20:16:09.661Z][pid 17808][tid 18144] INFO Installed explorer DirectUI host subclass (direct=0000000003AA0712)
[2025-11-26T20:16:09.662Z][pid 17808][tid 18144] INFO Installed explorer tree view subclass (tree=000000000003003A)
[2025-11-26T20:16:09.662Z][pid 17808][tid 18144] INFO Explorer status bar discovered (hwnd=0000000000150260)
[2025-11-26T20:16:09.663Z][pid 17808][tid 18144] INFO Status bar theme background updated (hwnd=0000000000150260 new=0x00191919)
[2025-11-26T20:16:09.663Z][pid 17808][tid 18144] INFO Status bar theme text color updated (hwnd=0000000000150260 new=0x00FFFFFF)
[2025-11-26T20:16:09.663Z][pid 17808][tid 18144] INFO Registered glow surface edit (hwnd=0000000000080020)
[2025-11-26T20:16:09.664Z][pid 17808][tid 18144] INFO Explorer pane creation watch armed (view=0000000000E82438 list=1 tree=0)
[2025-11-26T20:16:09.664Z][pid 17808][tid 18144] INFO Explorer pane fallback timer armed (view=0000000000E82438 delay=500)
[2025-11-26T20:16:09.664Z][pid 17808][tid 18144] INFO Explorer panes not ready: list view missing (view=0000000000E82438)
[2025-11-26T20:16:09.664Z][pid 17808][tid 18144] INFO Explorer pane retry timer armed (view=0000000000E82438 delay=500 attempts=1)
[2025-11-26T20:16:09.689Z][pid 17808][tid 18144] INFO Installed explorer list host subclass (host=0000000005470662)
[2025-11-26T20:16:09.689Z][pid 17808][tid 18144] INFO Installed explorer list host subclass (host=00000000015301C4)
[2025-11-26T20:16:09.689Z][pid 17808][tid 18144] INFO Installed explorer list host subclass (host=00000000003826A4)
[2025-11-26T20:16:09.690Z][pid 17808][tid 18144] INFO Installed explorer list host subclass (host=0000000005222CAA)
[2025-11-26T20:16:09.690Z][pid 17808][tid 18144] INFO Installed explorer list host subclass (host=00000000085502AC)
[2025-11-26T20:16:17.286Z][pid 17808][tid 18144] WARN Status bar custom draw timeout; forcing theme detours (hwnd=0000000000150260)
[2025-11-26T20:16:35.395Z][pid 17808][tid 18144] INFO TabBand::UpdateTabsUI applying 3 items
[2025-11-26T20:16:35.396Z][pid 17808][tid 18144] INFO Tab diff: +1 -1 move=0 update=1 rows=1 incremental=false
[2025-11-26T20:16:35.397Z][pid 17808][tid 18144] INFO Breadcrumb QueryService(IShellBrowser) failed: 0x80004001
[2025-11-26T20:16:35.397Z][pid 17808][tid 18144] INFO Breadcrumb ribbon frame discovered via IShellBrowser (hwnd=0000000005222CAA)
[2025-11-26T20:16:35.397Z][pid 17808][tid 18144] INFO Breadcrumb ribbon frame discovered via IWebBrowser2 (hwnd=0000000005222CAA)
[2025-11-26T20:16:35.397Z][pid 17808][tid 18144] INFO Breadcrumb toolbar located via window enumeration (hwnd=00000000020506BA)
[2025-11-26T20:16:35.397Z][pid 17808][tid 18144] INFO Explorer pane creation watch cleared (view=0000000000000000)
[2025-11-26T20:16:35.398Z][pid 17808][tid 18144] INFO Status bar background reset (hwnd=0000000000150260 previous=0xFF000000)
[2025-11-26T20:16:35.398Z][pid 17808][tid 18144] INFO Cleared Open In New Tab pending state
[2025-11-26T20:16:35.398Z][pid 17808][tid 18144] INFO Installed shell view window subclass (view=0000000000120038)
[2025-11-26T20:16:35.398Z][pid 17808][tid 18144] INFO Installed explorer frame subclass (frame=0000000005470662)
[2025-11-26T20:16:35.398Z][pid 17808][tid 18144] INFO Cleared Open In New Tab pending state
[2025-11-26T20:16:35.398Z][pid 17808][tid 18144] INFO Explorer view base subclass ready (view=0000000000120038 frame=0000000005470662)
[2025-11-26T20:16:35.398Z][pid 17808][tid 18144] VERBOSE DirectUI IUIElement unavailable (hr=0x80004001)
[2025-11-26T20:16:35.398Z][pid 17808][tid 18144] INFO Installed explorer DirectUI host subclass (direct=00000000014E2892)
[2025-11-26T20:16:35.398Z][pid 17808][tid 18144] INFO Installed explorer tree view subclass (tree=000000000003003A)
[2025-11-26T20:16:35.399Z][pid 17808][tid 18144] INFO Explorer status bar discovered (hwnd=0000000000150260)
[2025-11-26T20:16:35.401Z][pid 17808][tid 18144] INFO Status bar theme background updated (hwnd=0000000000150260 new=0x00191919)
[2025-11-26T20:16:35.401Z][pid 17808][tid 18144] INFO Status bar theme text color updated (hwnd=0000000000150260 new=0x00FFFFFF)
[2025-11-26T20:16:35.404Z][pid 17808][tid 18144] INFO Registered glow surface edit (hwnd=0000000000080020)
[2025-11-26T20:16:35.405Z][pid 17808][tid 18144] INFO Explorer pane creation watch armed (view=0000000000120038 list=1 tree=0)
[2025-11-26T20:16:35.405Z][pid 17808][tid 18144] INFO Explorer pane fallback timer armed (view=0000000000120038 delay=500)
[2025-11-26T20:16:35.405Z][pid 17808][tid 18144] INFO Explorer panes not ready: list view missing (view=0000000000120038)
[2025-11-26T20:16:35.405Z][pid 17808][tid 18144] INFO Explorer pane retry timer armed (view=0000000000120038 delay=500 attempts=1)
[2025-11-26T20:16:35.406Z][pid 17808][tid 18144] INFO TabBand::UpdateTabsUI applying 3 items
[2025-11-26T20:16:35.406Z][pid 17808][tid 18144] INFO Breadcrumb QueryService(IShellBrowser) failed: 0x80004001
[2025-11-26T20:16:35.407Z][pid 17808][tid 18144] INFO Breadcrumb ribbon frame discovered via IShellBrowser (hwnd=0000000005222CAA)
[2025-11-26T20:16:35.407Z][pid 17808][tid 18144] INFO Breadcrumb ribbon frame discovered via IWebBrowser2 (hwnd=0000000005222CAA)
[2025-11-26T20:16:35.407Z][pid 17808][tid 18144] INFO Breadcrumb toolbar located via window enumeration (hwnd=00000000020506BA)
[2025-11-26T20:16:35.407Z][pid 17808][tid 18144] INFO Explorer pane creation watch cleared (view=0000000000120038)
[2025-11-26T20:16:35.408Z][pid 17808][tid 18144] INFO Status bar background reset (hwnd=0000000000150260 previous=0xFF000000)
[2025-11-26T20:16:35.408Z][pid 17808][tid 18144] INFO Cleared Open In New Tab pending state
[2025-11-26T20:16:35.408Z][pid 17808][tid 18144] INFO Installed shell view window subclass (view=0000000000120038)
[2025-11-26T20:16:35.408Z][pid 17808][tid 18144] INFO Installed explorer frame subclass (frame=0000000005470662)
[2025-11-26T20:16:35.408Z][pid 17808][tid 18144] INFO Cleared Open In New Tab pending state
[2025-11-26T20:16:35.408Z][pid 17808][tid 18144] INFO Explorer view base subclass ready (view=0000000000120038 frame=0000000005470662)
[2025-11-26T20:16:35.408Z][pid 17808][tid 18144] VERBOSE DirectUI IUIElement unavailable (hr=0x80004001)
[2025-11-26T20:16:35.408Z][pid 17808][tid 18144] INFO Installed explorer DirectUI host subclass (direct=00000000014E2892)
[2025-11-26T20:16:35.408Z][pid 17808][tid 18144] INFO Installed explorer tree view subclass (tree=000000000003003A)
[2025-11-26T20:16:35.409Z][pid 17808][tid 18144] INFO Explorer status bar discovered (hwnd=0000000000150260)
[2025-11-26T20:16:35.409Z][pid 17808][tid 18144] INFO Status bar theme background updated (hwnd=0000000000150260 new=0x00191919)
[2025-11-26T20:16:35.409Z][pid 17808][tid 18144] INFO Status bar theme text color updated (hwnd=0000000000150260 new=0x00FFFFFF)
[2025-11-26T20:16:35.410Z][pid 17808][tid 18144] INFO Registered glow surface edit (hwnd=0000000000080020)
[2025-11-26T20:16:35.410Z][pid 17808][tid 18144] INFO Explorer pane creation watch armed (view=0000000000120038 list=1 tree=0)
[2025-11-26T20:16:35.410Z][pid 17808][tid 18144] INFO Explorer pane fallback timer armed (view=0000000000120038 delay=500)
[2025-11-26T20:16:35.410Z][pid 17808][tid 18144] INFO Explorer panes not ready: list view missing (view=0000000000120038)
[2025-11-26T20:16:35.410Z][pid 17808][tid 18144] INFO Explorer pane retry timer armed (view=0000000000120038 delay=500 attempts=1)
[2025-11-26T20:16:35.534Z][pid 17808][tid 18144] INFO TabBand::UpdateTabsUI applying 3 items
[2025-11-26T20:16:35.536Z][pid 17808][tid 18144] INFO Breadcrumb QueryService(IShellBrowser) failed: 0x80004001
[2025-11-26T20:16:35.536Z][pid 17808][tid 18144] INFO Breadcrumb ribbon frame discovered via IShellBrowser (hwnd=0000000005222CAA)
[2025-11-26T20:16:35.536Z][pid 17808][tid 18144] INFO Breadcrumb ribbon frame discovered via IWebBrowser2 (hwnd=0000000005222CAA)
[2025-11-26T20:16:35.536Z][pid 17808][tid 18144] INFO Breadcrumb toolbar located via window enumeration (hwnd=00000000020506BA)
[2025-11-26T20:16:35.536Z][pid 17808][tid 18144] INFO Explorer pane creation watch cleared (view=0000000000120038)
[2025-11-26T20:16:35.537Z][pid 17808][tid 18144] INFO Status bar background reset (hwnd=0000000000150260 previous=0xFF000000)
[2025-11-26T20:16:35.537Z][pid 17808][tid 18144] INFO Cleared Open In New Tab pending state
[2025-11-26T20:16:35.537Z][pid 17808][tid 18144] INFO Installed shell view window subclass (view=0000000000120038)
[2025-11-26T20:16:35.537Z][pid 17808][tid 18144] INFO Installed explorer frame subclass (frame=0000000005470662)
[2025-11-26T20:16:35.537Z][pid 17808][tid 18144] INFO Cleared Open In New Tab pending state
[2025-11-26T20:16:35.537Z][pid 17808][tid 18144] INFO Explorer view base subclass ready (view=0000000000120038 frame=0000000005470662)
[2025-11-26T20:16:35.537Z][pid 17808][tid 18144] VERBOSE DirectUI IUIElement unavailable (hr=0x80004001)
[2025-11-26T20:16:35.537Z][pid 17808][tid 18144] INFO Installed explorer DirectUI host subclass (direct=00000000014E2892)
[2025-11-26T20:16:35.537Z][pid 17808][tid 18144] INFO Installed explorer tree view subclass (tree=000000000003003A)
[2025-11-26T20:16:35.538Z][pid 17808][tid 18144] INFO Explorer status bar discovered (hwnd=0000000000150260)
[2025-11-26T20:16:35.539Z][pid 17808][tid 18144] INFO Status bar theme background updated (hwnd=0000000000150260 new=0x00191919)
[2025-11-26T20:16:35.539Z][pid 17808][tid 18144] INFO Status bar theme text color updated (hwnd=0000000000150260 new=0x00FFFFFF)
[2025-11-26T20:16:35.539Z][pid 17808][tid 18144] INFO Registered glow surface edit (hwnd=0000000000080020)
[2025-11-26T20:16:35.541Z][pid 17808][tid 18144] INFO Explorer pane creation watch armed (view=0000000000120038 list=1 tree=0)
[2025-11-26T20:16:35.542Z][pid 17808][tid 18144] INFO Explorer pane fallback timer armed (view=0000000000120038 delay=500)
[2025-11-26T20:16:35.542Z][pid 17808][tid 18144] INFO Explorer panes not ready: list view missing (view=0000000000120038)
[2025-11-26T20:16:35.542Z][pid 17808][tid 18144] INFO Explorer pane retry timer armed (view=0000000000120038 delay=500 attempts=1)
[2025-11-26T20:16:35.569Z][pid 17808][tid 18144] INFO Installed explorer list host subclass (host=0000000005470662)
[2025-11-26T20:16:35.570Z][pid 17808][tid 18144] INFO Installed explorer list host subclass (host=00000000015301C4)
[2025-11-26T20:16:35.570Z][pid 17808][tid 18144] INFO Installed explorer list host subclass (host=00000000003826A4)
[2025-11-26T20:16:35.570Z][pid 17808][tid 18144] INFO Installed explorer list host subclass (host=0000000005222CAA)
[2025-11-26T20:16:35.570Z][pid 17808][tid 18144] INFO Installed explorer list host subclass (host=00000000085502AC)
[2025-11-26T20:16:37.690Z][pid 17808][tid 18144] WARN Status bar custom draw timeout; forcing theme detours (hwnd=0000000000150260)
[2025-11-26T20:16:37.838Z][pid 17808][tid 18144] INFO TabBand::UpdateTabsUI applying 3 items
[2025-11-26T20:16:37.840Z][pid 17808][tid 18144] INFO Tab diff: +1 -1 move=1 update=0 rows=1 incremental=false
[2025-11-26T20:16:37.845Z][pid 17808][tid 18144] INFO Breadcrumb QueryService(IShellBrowser) failed: 0x80004001
[2025-11-26T20:16:37.846Z][pid 17808][tid 18144] INFO Breadcrumb ribbon frame discovered via IShellBrowser (hwnd=0000000005222CAA)
[2025-11-26T20:16:37.846Z][pid 17808][tid 18144] INFO Breadcrumb ribbon frame discovered via IWebBrowser2 (hwnd=0000000005222CAA)
[2025-11-26T20:16:37.846Z][pid 17808][tid 18144] INFO Breadcrumb toolbar located via window enumeration (hwnd=00000000020506BA)
[2025-11-26T20:16:37.846Z][pid 17808][tid 18144] INFO Explorer pane creation watch cleared (view=0000000000000000)
[2025-11-26T20:16:37.846Z][pid 17808][tid 18144] INFO Status bar background reset (hwnd=0000000000150260 previous=0xFF000000)
[2025-11-26T20:16:37.846Z][pid 17808][tid 18144] INFO Cleared Open In New Tab pending state
[2025-11-26T20:16:37.846Z][pid 17808][tid 18144] INFO Installed shell view window subclass (view=0000000002580654)
[2025-11-26T20:16:37.846Z][pid 17808][tid 18144] INFO Installed explorer frame subclass (frame=0000000005470662)
[2025-11-26T20:16:37.847Z][pid 17808][tid 18144] INFO Cleared Open In New Tab pending state
[2025-11-26T20:16:37.847Z][pid 17808][tid 18144] INFO Explorer view base subclass ready (view=0000000002580654 frame=0000000005470662)
[2025-11-26T20:16:37.847Z][pid 17808][tid 18144] VERBOSE DirectUI IUIElement unavailable (hr=0x80004001)
[2025-11-26T20:16:37.847Z][pid 17808][tid 18144] INFO Installed explorer DirectUI host subclass (direct=00000000019D051E)
[2025-11-26T20:16:37.847Z][pid 17808][tid 18144] INFO Installed explorer tree view subclass (tree=000000000003003A)
[2025-11-26T20:16:37.847Z][pid 17808][tid 18144] INFO Explorer status bar discovered (hwnd=0000000000150260)
[2025-11-26T20:16:37.848Z][pid 17808][tid 18144] INFO Status bar theme background updated (hwnd=0000000000150260 new=0x00191919)
[2025-11-26T20:16:37.848Z][pid 17808][tid 18144] INFO Status bar theme text color updated (hwnd=0000000000150260 new=0x00FFFFFF)
[2025-11-26T20:16:37.849Z][pid 17808][tid 18144] INFO Registered glow surface edit (hwnd=0000000000080020)
[2025-11-26T20:16:37.849Z][pid 17808][tid 18144] INFO Explorer pane creation watch armed (view=0000000002580654 list=1 tree=0)
[2025-11-26T20:16:37.849Z][pid 17808][tid 18144] INFO Explorer pane fallback timer armed (view=0000000002580654 delay=500)
[2025-11-26T20:16:37.849Z][pid 17808][tid 18144] INFO Explorer panes not ready: list view missing (view=0000000002580654)
[2025-11-26T20:16:37.849Z][pid 17808][tid 18144] INFO Explorer pane retry timer armed (view=0000000002580654 delay=500 attempts=1)
[2025-11-26T20:16:37.850Z][pid 17808][tid 18144] INFO TabBand::UpdateTabsUI applying 3 items
[2025-11-26T20:16:37.850Z][pid 17808][tid 18144] INFO Breadcrumb QueryService(IShellBrowser) failed: 0x80004001
[2025-11-26T20:16:37.850Z][pid 17808][tid 18144] INFO Breadcrumb ribbon frame discovered via IShellBrowser (hwnd=0000000005222CAA)
[2025-11-26T20:16:37.850Z][pid 17808][tid 18144] INFO Breadcrumb ribbon frame discovered via IWebBrowser2 (hwnd=0000000005222CAA)
[2025-11-26T20:16:37.851Z][pid 17808][tid 18144] INFO Breadcrumb toolbar located via window enumeration (hwnd=00000000020506BA)
[2025-11-26T20:16:37.851Z][pid 17808][tid 18144] INFO Explorer pane creation watch cleared (view=0000000002580654)
[2025-11-26T20:16:37.851Z][pid 17808][tid 18144] INFO Status bar background reset (hwnd=0000000000150260 previous=0xFF000000)
[2025-11-26T20:16:37.851Z][pid 17808][tid 18144] INFO Cleared Open In New Tab pending state
[2025-11-26T20:16:37.851Z][pid 17808][tid 18144] INFO Installed shell view window subclass (view=0000000002580654)
[2025-11-26T20:16:37.851Z][pid 17808][tid 18144] INFO Installed explorer frame subclass (frame=0000000005470662)
[2025-11-26T20:16:37.851Z][pid 17808][tid 18144] INFO Cleared Open In New Tab pending state
[2025-11-26T20:16:37.851Z][pid 17808][tid 18144] INFO Explorer view base subclass ready (view=0000000002580654 frame=0000000005470662)
[2025-11-26T20:16:37.851Z][pid 17808][tid 18144] VERBOSE DirectUI IUIElement unavailable (hr=0x80004001)
[2025-11-26T20:16:37.851Z][pid 17808][tid 18144] INFO Installed explorer DirectUI host subclass (direct=00000000019D051E)
[2025-11-26T20:16:37.852Z][pid 17808][tid 18144] INFO Installed explorer tree view subclass (tree=000000000003003A)
[2025-11-26T20:16:37.852Z][pid 17808][tid 18144] INFO Explorer status bar discovered (hwnd=0000000000150260)
[2025-11-26T20:16:37.853Z][pid 17808][tid 18144] INFO Status bar theme background updated (hwnd=0000000000150260 new=0x00191919)
[2025-11-26T20:16:37.853Z][pid 17808][tid 18144] INFO Status bar theme text color updated (hwnd=0000000000150260 new=0x00FFFFFF)
[2025-11-26T20:16:37.853Z][pid 17808][tid 18144] INFO Registered glow surface edit (hwnd=0000000000080020)
[2025-11-26T20:16:37.854Z][pid 17808][tid 18144] INFO Explorer pane creation watch armed (view=0000000002580654 list=1 tree=0)
[2025-11-26T20:16:37.854Z][pid 17808][tid 18144] INFO Explorer pane fallback timer armed (view=0000000002580654 delay=500)
[2025-11-26T20:16:37.854Z][pid 17808][tid 18144] INFO Explorer panes not ready: list view missing (view=0000000002580654)
[2025-11-26T20:16:37.854Z][pid 17808][tid 18144] INFO Explorer pane retry timer armed (view=0000000002580654 delay=500 attempts=1)
[2025-11-26T20:16:37.902Z][pid 17808][tid 18144] INFO TabBand::UpdateTabsUI applying 3 items
[2025-11-26T20:16:37.904Z][pid 17808][tid 18144] INFO Breadcrumb QueryService(IShellBrowser) failed: 0x80004001
[2025-11-26T20:16:37.904Z][pid 17808][tid 18144] INFO Breadcrumb ribbon frame discovered via IShellBrowser (hwnd=0000000005222CAA)
[2025-11-26T20:16:37.905Z][pid 17808][tid 18144] INFO Breadcrumb ribbon frame discovered via IWebBrowser2 (hwnd=0000000005222CAA)
[2025-11-26T20:16:37.905Z][pid 17808][tid 18144] INFO Breadcrumb toolbar located via window enumeration (hwnd=00000000020506BA)
[2025-11-26T20:16:37.905Z][pid 17808][tid 18144] INFO Explorer pane creation watch cleared (view=0000000002580654)
[2025-11-26T20:16:37.906Z][pid 17808][tid 18144] INFO Status bar background reset (hwnd=0000000000150260 previous=0xFF000000)
[2025-11-26T20:16:37.906Z][pid 17808][tid 18144] INFO Cleared Open In New Tab pending state
[2025-11-26T20:16:37.906Z][pid 17808][tid 18144] INFO Installed shell view window subclass (view=0000000002580654)
[2025-11-26T20:16:37.906Z][pid 17808][tid 18144] INFO Installed explorer frame subclass (frame=0000000005470662)
[2025-11-26T20:16:37.906Z][pid 17808][tid 18144] INFO Cleared Open In New Tab pending state
[2025-11-26T20:16:37.906Z][pid 17808][tid 18144] INFO Explorer view base subclass ready (view=0000000002580654 frame=0000000005470662)
[2025-11-26T20:16:37.906Z][pid 17808][tid 18144] VERBOSE DirectUI IUIElement unavailable (hr=0x80004001)
[2025-11-26T20:16:37.906Z][pid 17808][tid 18144] INFO Installed explorer DirectUI host subclass (direct=00000000019D051E)
[2025-11-26T20:16:37.907Z][pid 17808][tid 18144] INFO Installed explorer tree view subclass (tree=000000000003003A)
[2025-11-26T20:16:37.907Z][pid 17808][tid 18144] INFO Explorer status bar discovered (hwnd=0000000000150260)
[2025-11-26T20:16:37.908Z][pid 17808][tid 18144] INFO Status bar theme background updated (hwnd=0000000000150260 new=0x00191919)
[2025-11-26T20:16:37.908Z][pid 17808][tid 18144] INFO Status bar theme text color updated (hwnd=0000000000150260 new=0x00FFFFFF)
[2025-11-26T20:16:37.908Z][pid 17808][tid 18144] INFO Registered glow surface edit (hwnd=0000000000080020)
[2025-11-26T20:16:37.909Z][pid 17808][tid 18144] INFO Explorer pane creation watch armed (view=0000000002580654 list=1 tree=0)
[2025-11-26T20:16:37.909Z][pid 17808][tid 18144] INFO Explorer pane fallback timer armed (view=0000000002580654 delay=500)
[2025-11-26T20:16:37.909Z][pid 17808][tid 18144] INFO Explorer panes not ready: list view missing (view=0000000002580654)
[2025-11-26T20:16:37.910Z][pid 17808][tid 18144] INFO Explorer pane retry timer armed (view=0000000002580654 delay=500 attempts=1)
[2025-11-26T20:16:37.942Z][pid 17808][tid 18144] INFO Installed explorer list host subclass (host=0000000005470662)
[2025-11-26T20:16:37.942Z][pid 17808][tid 18144] INFO Installed explorer list host subclass (host=00000000015301C4)
[2025-11-26T20:16:37.942Z][pid 17808][tid 18144] INFO Installed explorer list host subclass (host=00000000003826A4)
[2025-11-26T20:16:37.942Z][pid 17808][tid 18144] INFO Installed explorer list host subclass (host=0000000005222CAA)
[2025-11-26T20:16:37.942Z][pid 17808][tid 18144] INFO Installed explorer list host subclass (host=00000000085502AC)
[2025-11-26T20:16:40.377Z][pid 17808][tid 18144] INFO Status bar theme background updated (hwnd=0000000000150260 new=0x00CCCCCC)
[2025-11-26T20:16:40.377Z][pid 17808][tid 18144] INFO Status bar theme text color updated (hwnd=0000000000150260 new=0x00000000)
[2025-11-26T20:16:40.507Z][pid 17808][tid 18144] INFO Status bar theme background updated (hwnd=0000000000150260 new=0x00191919)
[2025-11-26T20:16:40.508Z][pid 17808][tid 18144] INFO Status bar theme text color updated (hwnd=0000000000150260 new=0x00FFFFFF)
[2025-11-26T20:16:40.540Z][pid 17808][tid 18144] WARN Status bar custom draw timeout; forcing theme detours (hwnd=0000000000150260)
[2025-11-26T20:16:42.027Z][pid 17808][tid 18144] INFO Tab redraw metrics: incremental 0.00 ms (0), full 0.31 ms (60), last 0.38 ms (full)
[2025-11-26T20:16:43.035Z][pid 17808][tid 18144] INFO TabBand::UpdateTabsUI applying 3 items
[2025-11-26T20:16:43.035Z][pid 17808][tid 18144] INFO Tab diff: +1 -1 move=0 update=1 rows=1 incremental=false
[2025-11-26T20:16:43.037Z][pid 17808][tid 18144] INFO Breadcrumb QueryService(IShellBrowser) failed: 0x80004001
[2025-11-26T20:16:43.037Z][pid 17808][tid 18144] INFO Breadcrumb ribbon frame discovered via IShellBrowser (hwnd=0000000005222CAA)
[2025-11-26T20:16:43.037Z][pid 17808][tid 18144] INFO Breadcrumb ribbon frame discovered via IWebBrowser2 (hwnd=0000000005222CAA)
[2025-11-26T20:16:43.037Z][pid 17808][tid 18144] INFO Breadcrumb toolbar located via window enumeration (hwnd=00000000020506BA)
[2025-11-26T20:16:43.037Z][pid 17808][tid 18144] INFO Explorer pane creation watch cleared (view=0000000000000000)
[2025-11-26T20:16:43.037Z][pid 17808][tid 18144] INFO Status bar background reset (hwnd=0000000000150260 previous=0xFF000000)
[2025-11-26T20:16:43.037Z][pid 17808][tid 18144] INFO Cleared Open In New Tab pending state
[2025-11-26T20:16:43.038Z][pid 17808][tid 18144] INFO Installed shell view window subclass (view=0000000000672530)
[2025-11-26T20:16:43.038Z][pid 17808][tid 18144] INFO Installed explorer frame subclass (frame=0000000005470662)
[2025-11-26T20:16:43.038Z][pid 17808][tid 18144] INFO Cleared Open In New Tab pending state
[2025-11-26T20:16:43.038Z][pid 17808][tid 18144] INFO Explorer view base subclass ready (view=0000000000672530 frame=0000000005470662)
[2025-11-26T20:16:43.038Z][pid 17808][tid 18144] VERBOSE DirectUI IUIElement unavailable (hr=0x80004001)
[2025-11-26T20:16:43.038Z][pid 17808][tid 18144] INFO Installed explorer DirectUI host subclass (direct=0000000001A10538)
[2025-11-26T20:16:43.038Z][pid 17808][tid 18144] INFO Installed explorer tree view subclass (tree=000000000003003A)
[2025-11-26T20:16:43.038Z][pid 17808][tid 18144] INFO Explorer status bar discovered (hwnd=0000000000150260)
[2025-11-26T20:16:43.039Z][pid 17808][tid 18144] INFO Status bar theme background updated (hwnd=0000000000150260 new=0x00191919)
[2025-11-26T20:16:43.039Z][pid 17808][tid 18144] INFO Status bar theme text color updated (hwnd=0000000000150260 new=0x00FFFFFF)
[2025-11-26T20:16:43.039Z][pid 17808][tid 18144] INFO Registered glow surface edit (hwnd=0000000000080020)
[2025-11-26T20:16:43.040Z][pid 17808][tid 18144] INFO Explorer pane creation watch armed (view=0000000000672530 list=1 tree=0)
[2025-11-26T20:16:43.040Z][pid 17808][tid 18144] INFO Explorer pane fallback timer armed (view=0000000000672530 delay=500)
[2025-11-26T20:16:43.040Z][pid 17808][tid 18144] INFO Explorer panes not ready: list view missing (view=0000000000672530)
[2025-11-26T20:16:43.040Z][pid 17808][tid 18144] INFO Explorer pane retry timer armed (view=0000000000672530 delay=500 attempts=1)
[2025-11-26T20:16:43.041Z][pid 17808][tid 18144] INFO TabBand::UpdateTabsUI applying 3 items
[2025-11-26T20:16:43.041Z][pid 17808][tid 18144] INFO Breadcrumb QueryService(IShellBrowser) failed: 0x80004001
[2025-11-26T20:16:43.041Z][pid 17808][tid 18144] INFO Breadcrumb ribbon frame discovered via IShellBrowser (hwnd=0000000005222CAA)
[2025-11-26T20:16:43.042Z][pid 17808][tid 18144] INFO Breadcrumb ribbon frame discovered via IWebBrowser2 (hwnd=0000000005222CAA)
[2025-11-26T20:16:43.042Z][pid 17808][tid 18144] INFO Breadcrumb toolbar located via window enumeration (hwnd=00000000020506BA)
[2025-11-26T20:16:43.042Z][pid 17808][tid 18144] INFO Explorer pane creation watch cleared (view=0000000000672530)
[2025-11-26T20:16:43.042Z][pid 17808][tid 18144] INFO Status bar background reset (hwnd=0000000000150260 previous=0xFF000000)
[2025-11-26T20:16:43.042Z][pid 17808][tid 18144] INFO Cleared Open In New Tab pending state
[2025-11-26T20:16:43.042Z][pid 17808][tid 18144] INFO Installed shell view window subclass (view=0000000000672530)
[2025-11-26T20:16:43.042Z][pid 17808][tid 18144] INFO Installed explorer frame subclass (frame=0000000005470662)
[2025-11-26T20:16:43.043Z][pid 17808][tid 18144] INFO Cleared Open In New Tab pending state
[2025-11-26T20:16:43.043Z][pid 17808][tid 18144] INFO Explorer view base subclass ready (view=0000000000672530 frame=0000000005470662)
[2025-11-26T20:16:43.043Z][pid 17808][tid 18144] VERBOSE DirectUI IUIElement unavailable (hr=0x80004001)
[2025-11-26T20:16:43.043Z][pid 17808][tid 18144] INFO Installed explorer DirectUI host subclass (direct=0000000001A10538)
[2025-11-26T20:16:43.043Z][pid 17808][tid 18144] INFO Installed explorer tree view subclass (tree=000000000003003A)
[2025-11-26T20:16:43.043Z][pid 17808][tid 18144] INFO Explorer status bar discovered (hwnd=0000000000150260)
[2025-11-26T20:16:43.044Z][pid 17808][tid 18144] INFO Status bar theme background updated (hwnd=0000000000150260 new=0x00191919)
[2025-11-26T20:16:43.044Z][pid 17808][tid 18144] INFO Status bar theme text color updated (hwnd=0000000000150260 new=0x00FFFFFF)
[2025-11-26T20:16:43.045Z][pid 17808][tid 18144] INFO Registered glow surface edit (hwnd=0000000000080020)
[2025-11-26T20:16:43.046Z][pid 17808][tid 18144] INFO Explorer pane creation watch armed (view=0000000000672530 list=1 tree=0)
[2025-11-26T20:16:43.046Z][pid 17808][tid 18144] INFO Explorer pane fallback timer armed (view=0000000000672530 delay=500)
[2025-11-26T20:16:43.046Z][pid 17808][tid 18144] INFO Explorer panes not ready: list view missing (view=0000000000672530)
[2025-11-26T20:16:43.046Z][pid 17808][tid 18144] INFO Explorer pane retry timer armed (view=0000000000672530 delay=500 attempts=1)
[2025-11-26T20:16:43.094Z][pid 17808][tid 18144] INFO TabBand::UpdateTabsUI applying 3 items
[2025-11-26T20:16:43.096Z][pid 17808][tid 18144] INFO Breadcrumb QueryService(IShellBrowser) failed: 0x80004001
[2025-11-26T20:16:43.096Z][pid 17808][tid 18144] INFO Breadcrumb ribbon frame discovered via IShellBrowser (hwnd=0000000005222CAA)
[2025-11-26T20:16:43.096Z][pid 17808][tid 18144] INFO Breadcrumb ribbon frame discovered via IWebBrowser2 (hwnd=0000000005222CAA)
[2025-11-26T20:16:43.097Z][pid 17808][tid 18144] INFO Breadcrumb toolbar located via window enumeration (hwnd=00000000020506BA)
[2025-11-26T20:16:43.097Z][pid 17808][tid 18144] INFO Explorer pane creation watch cleared (view=0000000000672530)
[2025-11-26T20:16:43.097Z][pid 17808][tid 18144] INFO Status bar background reset (hwnd=0000000000150260 previous=0xFF000000)
[2025-11-26T20:16:43.097Z][pid 17808][tid 18144] INFO Cleared Open In New Tab pending state
[2025-11-26T20:16:43.097Z][pid 17808][tid 18144] INFO Installed shell view window subclass (view=0000000000672530)
[2025-11-26T20:16:43.097Z][pid 17808][tid 18144] INFO Installed explorer frame subclass (frame=0000000005470662)
[2025-11-26T20:16:43.097Z][pid 17808][tid 18144] INFO Cleared Open In New Tab pending state
[2025-11-26T20:16:43.097Z][pid 17808][tid 18144] INFO Explorer view base subclass ready (view=0000000000672530 frame=0000000005470662)
[2025-11-26T20:16:43.097Z][pid 17808][tid 18144] VERBOSE DirectUI IUIElement unavailable (hr=0x80004001)
[2025-11-26T20:16:43.098Z][pid 17808][tid 18144] INFO Installed explorer DirectUI host subclass (direct=0000000001A10538)
[2025-11-26T20:16:43.098Z][pid 17808][tid 18144] INFO Installed explorer tree view subclass (tree=000000000003003A)
[2025-11-26T20:16:43.098Z][pid 17808][tid 18144] INFO Explorer status bar discovered (hwnd=0000000000150260)
[2025-11-26T20:16:43.099Z][pid 17808][tid 18144] INFO Status bar theme background updated (hwnd=0000000000150260 new=0x00191919)
[2025-11-26T20:16:43.099Z][pid 17808][tid 18144] INFO Status bar theme text color updated (hwnd=0000000000150260 new=0x00FFFFFF)
[2025-11-26T20:16:43.099Z][pid 17808][tid 18144] INFO Registered glow surface edit (hwnd=0000000000080020)
[2025-11-26T20:16:43.100Z][pid 17808][tid 18144] INFO Explorer pane creation watch armed (view=0000000000672530 list=1 tree=0)
[2025-11-26T20:16:43.100Z][pid 17808][tid 18144] INFO Explorer pane fallback timer armed (view=0000000000672530 delay=500)
[2025-11-26T20:16:43.100Z][pid 17808][tid 18144] INFO Explorer panes not ready: list view missing (view=0000000000672530)
[2025-11-26T20:16:43.100Z][pid 17808][tid 18144] INFO Explorer pane retry timer armed (view=0000000000672530 delay=500 attempts=1)
[2025-11-26T20:16:43.125Z][pid 17808][tid 18144] INFO Installed explorer list host subclass (host=0000000005470662)
[2025-11-26T20:16:43.126Z][pid 17808][tid 18144] INFO Installed explorer list host subclass (host=00000000015301C4)
[2025-11-26T20:16:43.126Z][pid 17808][tid 18144] INFO Installed explorer list host subclass (host=00000000003826A4)
[2025-11-26T20:16:43.126Z][pid 17808][tid 18144] INFO Installed explorer list host subclass (host=0000000005222CAA)
[2025-11-26T20:16:43.126Z][pid 17808][tid 18144] INFO Installed explorer list host subclass (host=00000000085502AC)
[2025-11-26T20:16:45.629Z][pid 17808][tid 18144] INFO TabBand::UpdateTabsUI applying 3 items
[2025-11-26T20:16:45.629Z][pid 17808][tid 18144] INFO Tab diff: +1 -1 move=0 update=1 rows=1 incremental=false
[2025-11-26T20:16:45.629Z][pid 17808][tid 18144] WARN Status bar custom draw timeout; forcing theme detours (hwnd=0000000000150260)
[2025-11-26T20:16:45.631Z][pid 17808][tid 18144] INFO Breadcrumb QueryService(IShellBrowser) failed: 0x80004001
[2025-11-26T20:16:45.631Z][pid 17808][tid 18144] INFO Breadcrumb ribbon frame discovered via IShellBrowser (hwnd=0000000005222CAA)
[2025-11-26T20:16:45.631Z][pid 17808][tid 18144] INFO Breadcrumb ribbon frame discovered via IWebBrowser2 (hwnd=0000000005222CAA)
[2025-11-26T20:16:45.631Z][pid 17808][tid 18144] INFO Breadcrumb toolbar located via window enumeration (hwnd=00000000020506BA)
[2025-11-26T20:16:45.631Z][pid 17808][tid 18144] INFO Explorer pane creation watch cleared (view=0000000000000000)
[2025-11-26T20:16:45.632Z][pid 17808][tid 18144] INFO Status bar background reset (hwnd=0000000000150260 previous=0xFF000000)
[2025-11-26T20:16:45.632Z][pid 17808][tid 18144] INFO Cleared Open In New Tab pending state
[2025-11-26T20:16:45.632Z][pid 17808][tid 18144] INFO Installed shell view window subclass (view=0000000000160022)
[2025-11-26T20:16:45.632Z][pid 17808][tid 18144] INFO Installed explorer frame subclass (frame=0000000005470662)
[2025-11-26T20:16:45.632Z][pid 17808][tid 18144] INFO Cleared Open In New Tab pending state
[2025-11-26T20:16:45.632Z][pid 17808][tid 18144] INFO Explorer view base subclass ready (view=0000000000160022 frame=0000000005470662)
[2025-11-26T20:16:45.632Z][pid 17808][tid 18144] VERBOSE DirectUI IUIElement unavailable (hr=0x80004001)
[2025-11-26T20:16:45.632Z][pid 17808][tid 18144] INFO Installed explorer DirectUI host subclass (direct=0000000002F807B0)
[2025-11-26T20:16:45.633Z][pid 17808][tid 18144] INFO Installed explorer tree view subclass (tree=000000000003003A)
[2025-11-26T20:16:45.633Z][pid 17808][tid 18144] INFO Explorer status bar discovered (hwnd=0000000000150260)
[2025-11-26T20:16:45.634Z][pid 17808][tid 18144] INFO Status bar theme background updated (hwnd=0000000000150260 new=0x00191919)
[2025-11-26T20:16:45.634Z][pid 17808][tid 18144] INFO Status bar theme text color updated (hwnd=0000000000150260 new=0x00FFFFFF)
[2025-11-26T20:16:45.634Z][pid 17808][tid 18144] INFO Registered glow surface edit (hwnd=0000000000080020)
[2025-11-26T20:16:45.635Z][pid 17808][tid 18144] INFO Explorer pane creation watch armed (view=0000000000160022 list=1 tree=0)
[2025-11-26T20:16:45.635Z][pid 17808][tid 18144] INFO Explorer pane fallback timer armed (view=0000000000160022 delay=500)
[2025-11-26T20:16:45.635Z][pid 17808][tid 18144] INFO Explorer panes not ready: list view missing (view=0000000000160022)
[2025-11-26T20:16:45.635Z][pid 17808][tid 18144] INFO Explorer pane retry timer armed (view=0000000000160022 delay=500 attempts=1)
[2025-11-26T20:16:45.636Z][pid 17808][tid 18144] INFO TabBand::UpdateTabsUI applying 3 items
[2025-11-26T20:16:45.637Z][pid 17808][tid 18144] INFO Breadcrumb QueryService(IShellBrowser) failed: 0x80004001
[2025-11-26T20:16:45.637Z][pid 17808][tid 18144] INFO Breadcrumb ribbon frame discovered via IShellBrowser (hwnd=0000000005222CAA)
[2025-11-26T20:16:45.637Z][pid 17808][tid 18144] INFO Breadcrumb ribbon frame discovered via IWebBrowser2 (hwnd=0000000005222CAA)
[2025-11-26T20:16:45.638Z][pid 17808][tid 18144] INFO Breadcrumb toolbar located via window enumeration (hwnd=00000000020506BA)
[2025-11-26T20:16:45.638Z][pid 17808][tid 18144] INFO Explorer pane creation watch cleared (view=0000000000160022)
[2025-11-26T20:16:45.638Z][pid 17808][tid 18144] INFO Status bar background reset (hwnd=0000000000150260 previous=0xFF000000)
[2025-11-26T20:16:45.639Z][pid 17808][tid 18144] INFO Cleared Open In New Tab pending state
[2025-11-26T20:16:45.639Z][pid 17808][tid 18144] INFO Installed shell view window subclass (view=0000000000160022)
[2025-11-26T20:16:45.639Z][pid 17808][tid 18144] INFO Installed explorer frame subclass (frame=0000000005470662)
[2025-11-26T20:16:45.639Z][pid 17808][tid 18144] INFO Cleared Open In New Tab pending state
[2025-11-26T20:16:45.639Z][pid 17808][tid 18144] INFO Explorer view base subclass ready (view=0000000000160022 frame=0000000005470662)
[2025-11-26T20:16:45.639Z][pid 17808][tid 18144] VERBOSE DirectUI IUIElement unavailable (hr=0x80004001)
[2025-11-26T20:16:45.639Z][pid 17808][tid 18144] INFO Installed explorer DirectUI host subclass (direct=0000000002F807B0)
[2025-11-26T20:16:45.639Z][pid 17808][tid 18144] INFO Installed explorer tree view subclass (tree=000000000003003A)
[2025-11-26T20:16:45.640Z][pid 17808][tid 18144] INFO Explorer status bar discovered (hwnd=0000000000150260)
[2025-11-26T20:16:45.641Z][pid 17808][tid 18144] INFO Status bar theme background updated (hwnd=0000000000150260 new=0x00191919)
[2025-11-26T20:16:45.641Z][pid 17808][tid 18144] INFO Status bar theme text color updated (hwnd=0000000000150260 new=0x00FFFFFF)
[2025-11-26T20:16:45.641Z][pid 17808][tid 18144] INFO Registered glow surface edit (hwnd=0000000000080020)
[2025-11-26T20:16:45.642Z][pid 17808][tid 18144] INFO Explorer pane creation watch armed (view=0000000000160022 list=1 tree=0)
[2025-11-26T20:16:45.642Z][pid 17808][tid 18144] INFO Explorer pane fallback timer armed (view=0000000000160022 delay=500)
[2025-11-26T20:16:45.642Z][pid 17808][tid 18144] INFO Explorer panes not ready: list view missing (view=0000000000160022)
[2025-11-26T20:16:45.642Z][pid 17808][tid 18144] INFO Explorer pane retry timer armed (view=0000000000160022 delay=500 attempts=1)
[2025-11-26T20:16:45.700Z][pid 17808][tid 18144] INFO TabBand::UpdateTabsUI applying 3 items
[2025-11-26T20:16:45.701Z][pid 17808][tid 18144] INFO Breadcrumb QueryService(IShellBrowser) failed: 0x80004001
[2025-11-26T20:16:45.702Z][pid 17808][tid 18144] INFO Breadcrumb ribbon frame discovered via IShellBrowser (hwnd=0000000005222CAA)
[2025-11-26T20:16:45.702Z][pid 17808][tid 18144] INFO Breadcrumb ribbon frame discovered via IWebBrowser2 (hwnd=0000000005222CAA)
[2025-11-26T20:16:45.702Z][pid 17808][tid 18144] INFO Breadcrumb toolbar located via window enumeration (hwnd=00000000020506BA)
[2025-11-26T20:16:45.702Z][pid 17808][tid 18144] INFO Explorer pane creation watch cleared (view=0000000000160022)
[2025-11-26T20:16:45.702Z][pid 17808][tid 18144] INFO Status bar background reset (hwnd=0000000000150260 previous=0xFF000000)
[2025-11-26T20:16:45.702Z][pid 17808][tid 18144] INFO Cleared Open In New Tab pending state
[2025-11-26T20:16:45.702Z][pid 17808][tid 18144] INFO Installed shell view window subclass (view=0000000000160022)
[2025-11-26T20:16:45.702Z][pid 17808][tid 18144] INFO Installed explorer frame subclass (frame=0000000005470662)
[2025-11-26T20:16:45.703Z][pid 17808][tid 18144] INFO Cleared Open In New Tab pending state
[2025-11-26T20:16:45.703Z][pid 17808][tid 18144] INFO Explorer view base subclass ready (view=0000000000160022 frame=0000000005470662)
[2025-11-26T20:16:45.703Z][pid 17808][tid 18144] VERBOSE DirectUI IUIElement unavailable (hr=0x80004001)
[2025-11-26T20:16:45.703Z][pid 17808][tid 18144] INFO Installed explorer DirectUI host subclass (direct=0000000002F807B0)
[2025-11-26T20:16:45.703Z][pid 17808][tid 18144] INFO Installed explorer tree view subclass (tree=000000000003003A)
[2025-11-26T20:16:45.703Z][pid 17808][tid 18144] INFO Explorer status bar discovered (hwnd=0000000000150260)
[2025-11-26T20:16:45.705Z][pid 17808][tid 18144] INFO Status bar theme background updated (hwnd=0000000000150260 new=0x00191919)
[2025-11-26T20:16:45.705Z][pid 17808][tid 18144] INFO Status bar theme text color updated (hwnd=0000000000150260 new=0x00FFFFFF)
[2025-11-26T20:16:45.705Z][pid 17808][tid 18144] INFO Registered glow surface edit (hwnd=0000000000080020)
[2025-11-26T20:16:45.706Z][pid 17808][tid 18144] INFO Explorer pane creation watch armed (view=0000000000160022 list=1 tree=0)
[2025-11-26T20:16:45.706Z][pid 17808][tid 18144] INFO Explorer pane fallback timer armed (view=0000000000160022 delay=500)
[2025-11-26T20:16:45.707Z][pid 17808][tid 18144] INFO Explorer panes not ready: list view missing (view=0000000000160022)
[2025-11-26T20:16:45.707Z][pid 17808][tid 18144] INFO Explorer pane retry timer armed (view=0000000000160022 delay=500 attempts=1)
[2025-11-26T20:16:45.734Z][pid 17808][tid 18144] INFO Installed explorer list host subclass (host=0000000005470662)
[2025-11-26T20:16:45.735Z][pid 17808][tid 18144] INFO Installed explorer list host subclass (host=00000000015301C4)
[2025-11-26T20:16:45.735Z][pid 17808][tid 18144] INFO Installed explorer list host subclass (host=00000000003826A4)
[2025-11-26T20:16:45.735Z][pid 17808][tid 18144] INFO Installed explorer list host subclass (host=0000000005222CAA)
[2025-11-26T20:16:45.735Z][pid 17808][tid 18144] INFO Installed explorer list host subclass (host=00000000085502AC)
[2025-11-26T20:17:04.320Z][pid 17808][tid 18144] WARN Status bar custom draw timeout; forcing theme detours (hwnd=0000000000150260)
[2025-11-26T20:17:46.731Z][pid 17808][tid 18144] INFO TabBand::UpdateTabsUI applying 3 items
[2025-11-26T20:17:46.732Z][pid 17808][tid 18144] INFO Tab diff: +1 -1 move=0 update=0 rows=1 incremental=false
[2025-11-26T20:17:46.736Z][pid 17808][tid 18144] INFO Breadcrumb QueryService(IShellBrowser) failed: 0x80004001
[2025-11-26T20:17:46.736Z][pid 17808][tid 18144] INFO Breadcrumb ribbon frame discovered via IShellBrowser (hwnd=0000000005222CAA)
[2025-11-26T20:17:46.736Z][pid 17808][tid 18144] INFO Breadcrumb ribbon frame discovered via IWebBrowser2 (hwnd=0000000005222CAA)
[2025-11-26T20:17:46.736Z][pid 17808][tid 18144] INFO Breadcrumb toolbar located via window enumeration (hwnd=00000000020506BA)
[2025-11-26T20:17:46.737Z][pid 17808][tid 18144] INFO Explorer pane creation watch cleared (view=0000000000000000)
[2025-11-26T20:17:46.737Z][pid 17808][tid 18144] INFO Status bar background reset (hwnd=0000000000150260 previous=0xFF000000)
[2025-11-26T20:17:46.737Z][pid 17808][tid 18144] INFO Cleared Open In New Tab pending state
[2025-11-26T20:17:46.737Z][pid 17808][tid 18144] INFO Installed shell view window subclass (view=00000000007C2620)
[2025-11-26T20:17:46.737Z][pid 17808][tid 18144] INFO Installed explorer frame subclass (frame=0000000005470662)
[2025-11-26T20:17:46.737Z][pid 17808][tid 18144] INFO Cleared Open In New Tab pending state
[2025-11-26T20:17:46.737Z][pid 17808][tid 18144] INFO Explorer view base subclass ready (view=00000000007C2620 frame=0000000005470662)
[2025-11-26T20:17:46.737Z][pid 17808][tid 18144] VERBOSE DirectUI IUIElement unavailable (hr=0x80004001)
[2025-11-26T20:17:46.737Z][pid 17808][tid 18144] INFO Installed explorer DirectUI host subclass (direct=00000000055A245E)
[2025-11-26T20:17:46.738Z][pid 17808][tid 18144] INFO Installed explorer tree view subclass (tree=000000000003003A)
[2025-11-26T20:17:46.738Z][pid 17808][tid 18144] INFO Explorer status bar discovered (hwnd=0000000000150260)
[2025-11-26T20:17:46.739Z][pid 17808][tid 18144] INFO Status bar theme background updated (hwnd=0000000000150260 new=0x00191919)
[2025-11-26T20:17:46.739Z][pid 17808][tid 18144] INFO Status bar theme text color updated (hwnd=0000000000150260 new=0x00FFFFFF)
[2025-11-26T20:17:46.739Z][pid 17808][tid 18144] INFO Registered glow surface edit (hwnd=0000000000080020)
[2025-11-26T20:17:46.740Z][pid 17808][tid 18144] INFO Explorer pane creation watch armed (view=00000000007C2620 list=1 tree=0)
[2025-11-26T20:17:46.740Z][pid 17808][tid 18144] INFO Explorer pane fallback timer armed (view=00000000007C2620 delay=500)
[2025-11-26T20:17:46.740Z][pid 17808][tid 18144] INFO Explorer panes not ready: list view missing (view=00000000007C2620)
[2025-11-26T20:17:46.740Z][pid 17808][tid 18144] INFO Explorer pane retry timer armed (view=00000000007C2620 delay=500 attempts=1)
[2025-11-26T20:17:46.741Z][pid 17808][tid 18144] INFO TabBand::UpdateTabsUI applying 3 items
[2025-11-26T20:17:46.742Z][pid 17808][tid 18144] INFO Breadcrumb QueryService(IShellBrowser) failed: 0x80004001
[2025-11-26T20:17:46.742Z][pid 17808][tid 18144] INFO Breadcrumb ribbon frame discovered via IShellBrowser (hwnd=0000000005222CAA)
[2025-11-26T20:17:46.743Z][pid 17808][tid 18144] INFO Breadcrumb ribbon frame discovered via IWebBrowser2 (hwnd=0000000005222CAA)
[2025-11-26T20:17:46.743Z][pid 17808][tid 18144] INFO Breadcrumb toolbar located via window enumeration (hwnd=00000000020506BA)
[2025-11-26T20:17:46.744Z][pid 17808][tid 18144] INFO Explorer pane creation watch cleared (view=00000000007C2620)
[2025-11-26T20:17:46.744Z][pid 17808][tid 18144] INFO Status bar background reset (hwnd=0000000000150260 previous=0xFF000000)
[2025-11-26T20:17:46.744Z][pid 17808][tid 18144] INFO Cleared Open In New Tab pending state
[2025-11-26T20:17:46.744Z][pid 17808][tid 18144] INFO Installed shell view window subclass (view=00000000007C2620)
[2025-11-26T20:17:46.744Z][pid 17808][tid 18144] INFO Installed explorer frame subclass (frame=0000000005470662)
[2025-11-26T20:17:46.744Z][pid 17808][tid 18144] INFO Cleared Open In New Tab pending state
[2025-11-26T20:17:46.744Z][pid 17808][tid 18144] INFO Explorer view base subclass ready (view=00000000007C2620 frame=0000000005470662)
[2025-11-26T20:17:46.744Z][pid 17808][tid 18144] VERBOSE DirectUI IUIElement unavailable (hr=0x80004001)
[2025-11-26T20:17:46.745Z][pid 17808][tid 18144] INFO Installed explorer DirectUI host subclass (direct=00000000055A245E)
[2025-11-26T20:17:46.745Z][pid 17808][tid 18144] INFO Installed explorer tree view subclass (tree=000000000003003A)
[2025-11-26T20:17:46.745Z][pid 17808][tid 18144] INFO Explorer status bar discovered (hwnd=0000000000150260)
[2025-11-26T20:17:46.746Z][pid 17808][tid 18144] INFO Status bar theme background updated (hwnd=0000000000150260 new=0x00191919)
[2025-11-26T20:17:46.746Z][pid 17808][tid 18144] INFO Status bar theme text color updated (hwnd=0000000000150260 new=0x00FFFFFF)
[2025-11-26T20:17:46.746Z][pid 17808][tid 18144] INFO Registered glow surface edit (hwnd=0000000000080020)
[2025-11-26T20:17:46.747Z][pid 17808][tid 18144] INFO Explorer pane creation watch armed (view=00000000007C2620 list=1 tree=0)
[2025-11-26T20:17:46.747Z][pid 17808][tid 18144] INFO Explorer pane fallback timer armed (view=00000000007C2620 delay=500)
[2025-11-26T20:17:46.747Z][pid 17808][tid 18144] INFO Explorer panes not ready: list view missing (view=00000000007C2620)
[2025-11-26T20:17:46.747Z][pid 17808][tid 18144] INFO Explorer pane retry timer armed (view=00000000007C2620 delay=500 attempts=1)
[2025-11-26T20:17:46.809Z][pid 17808][tid 18144] INFO TabBand::UpdateTabsUI applying 3 items
[2025-11-26T20:17:46.810Z][pid 17808][tid 18144] INFO Breadcrumb QueryService(IShellBrowser) failed: 0x80004001
[2025-11-26T20:17:46.811Z][pid 17808][tid 18144] INFO Breadcrumb ribbon frame discovered via IShellBrowser (hwnd=0000000005222CAA)
[2025-11-26T20:17:46.811Z][pid 17808][tid 18144] INFO Breadcrumb ribbon frame discovered via IWebBrowser2 (hwnd=0000000005222CAA)
[2025-11-26T20:17:46.811Z][pid 17808][tid 18144] INFO Breadcrumb toolbar located via window enumeration (hwnd=00000000020506BA)
[2025-11-26T20:17:46.811Z][pid 17808][tid 18144] INFO Explorer pane creation watch cleared (view=00000000007C2620)
[2025-11-26T20:17:46.811Z][pid 17808][tid 18144] INFO Status bar background reset (hwnd=0000000000150260 previous=0xFF000000)
[2025-11-26T20:17:46.811Z][pid 17808][tid 18144] INFO Cleared Open In New Tab pending state
[2025-11-26T20:17:46.811Z][pid 17808][tid 18144] INFO Installed shell view window subclass (view=00000000007C2620)
[2025-11-26T20:17:46.811Z][pid 17808][tid 18144] INFO Installed explorer frame subclass (frame=0000000005470662)
[2025-11-26T20:17:46.812Z][pid 17808][tid 18144] INFO Cleared Open In New Tab pending state
[2025-11-26T20:17:46.812Z][pid 17808][tid 18144] INFO Explorer view base subclass ready (view=00000000007C2620 frame=0000000005470662)
[2025-11-26T20:17:46.812Z][pid 17808][tid 18144] VERBOSE DirectUI IUIElement unavailable (hr=0x80004001)
[2025-11-26T20:17:46.812Z][pid 17808][tid 18144] INFO Installed explorer DirectUI host subclass (direct=00000000055A245E)
[2025-11-26T20:17:46.812Z][pid 17808][tid 18144] INFO Installed explorer tree view subclass (tree=000000000003003A)
[2025-11-26T20:17:46.812Z][pid 17808][tid 18144] INFO Explorer status bar discovered (hwnd=0000000000150260)
[2025-11-26T20:17:46.813Z][pid 17808][tid 18144] INFO Status bar theme background updated (hwnd=0000000000150260 new=0x00191919)
[2025-11-26T20:17:46.814Z][pid 17808][tid 18144] INFO Status bar theme text color updated (hwnd=0000000000150260 new=0x00FFFFFF)
[2025-11-26T20:17:46.814Z][pid 17808][tid 18144] INFO Registered glow surface edit (hwnd=0000000000080020)
[2025-11-26T20:17:46.815Z][pid 17808][tid 18144] INFO Explorer pane creation watch armed (view=00000000007C2620 list=1 tree=0)
[2025-11-26T20:17:46.815Z][pid 17808][tid 18144] INFO Explorer pane fallback timer armed (view=00000000007C2620 delay=500)
[2025-11-26T20:17:46.815Z][pid 17808][tid 18144] INFO Explorer panes not ready: list view missing (view=00000000007C2620)
[2025-11-26T20:17:46.815Z][pid 17808][tid 18144] INFO Explorer pane retry timer armed (view=00000000007C2620 delay=500 attempts=1)
[2025-11-26T20:17:46.844Z][pid 17808][tid 18144] INFO Installed explorer list host subclass (host=0000000005470662)
[2025-11-26T20:17:46.844Z][pid 17808][tid 18144] INFO Installed explorer list host subclass (host=00000000015301C4)
[2025-11-26T20:17:46.844Z][pid 17808][tid 18144] INFO Installed explorer list host subclass (host=00000000003826A4)
[2025-11-26T20:17:46.845Z][pid 17808][tid 18144] INFO Installed explorer list host subclass (host=0000000005222CAA)
[2025-11-26T20:17:46.845Z][pid 17808][tid 18144] INFO Installed explorer list host subclass (host=00000000085502AC)
[2025-11-26T20:17:54.957Z][pid 17808][tid 18144] WARN Status bar custom draw timeout; forcing theme detours (hwnd=0000000000150260)
[2025-11-26T20:17:55.145Z][pid 17808][tid 18144] INFO TabBand::UpdateTabsUI applying 3 items
[2025-11-26T20:17:55.146Z][pid 17808][tid 18144] INFO Tab diff: +1 -1 move=0 update=0 rows=1 incremental=false
[2025-11-26T20:17:55.156Z][pid 17808][tid 18144] INFO Breadcrumb QueryService(IShellBrowser) failed: 0x80004001
[2025-11-26T20:17:55.156Z][pid 17808][tid 18144] INFO Breadcrumb ribbon frame discovered via IShellBrowser (hwnd=0000000005222CAA)
[2025-11-26T20:17:55.158Z][pid 17808][tid 18144] INFO Breadcrumb ribbon frame discovered via IWebBrowser2 (hwnd=0000000005222CAA)
[2025-11-26T20:17:55.158Z][pid 17808][tid 18144] INFO Breadcrumb toolbar located via window enumeration (hwnd=00000000020506BA)
[2025-11-26T20:17:55.158Z][pid 17808][tid 18144] INFO Explorer pane creation watch cleared (view=0000000000000000)
[2025-11-26T20:17:55.158Z][pid 17808][tid 18144] INFO Status bar background reset (hwnd=0000000000150260 previous=0xFF000000)
[2025-11-26T20:17:55.158Z][pid 17808][tid 18144] INFO Cleared Open In New Tab pending state
[2025-11-26T20:17:55.158Z][pid 17808][tid 18144] INFO Installed shell view window subclass (view=0000000000190022)
[2025-11-26T20:17:55.158Z][pid 17808][tid 18144] INFO Installed explorer frame subclass (frame=0000000005470662)
[2025-11-26T20:17:55.158Z][pid 17808][tid 18144] INFO Cleared Open In New Tab pending state
[2025-11-26T20:17:55.159Z][pid 17808][tid 18144] INFO Explorer view base subclass ready (view=0000000000190022 frame=0000000005470662)
[2025-11-26T20:17:55.159Z][pid 17808][tid 18144] VERBOSE DirectUI IUIElement unavailable (hr=0x80004001)
[2025-11-26T20:17:55.159Z][pid 17808][tid 18144] INFO Installed explorer DirectUI host subclass (direct=0000000002F907B0)
[2025-11-26T20:17:55.159Z][pid 17808][tid 18144] INFO Installed explorer tree view subclass (tree=000000000003003A)
[2025-11-26T20:17:55.159Z][pid 17808][tid 18144] INFO Explorer status bar discovered (hwnd=0000000000150260)
[2025-11-26T20:17:55.160Z][pid 17808][tid 18144] INFO Status bar theme background updated (hwnd=0000000000150260 new=0x00191919)
[2025-11-26T20:17:55.160Z][pid 17808][tid 18144] INFO Status bar theme text color updated (hwnd=0000000000150260 new=0x00FFFFFF)
[2025-11-26T20:17:55.160Z][pid 17808][tid 18144] INFO Registered glow surface edit (hwnd=0000000000080020)
[2025-11-26T20:17:55.161Z][pid 17808][tid 18144] INFO Explorer pane creation watch armed (view=0000000000190022 list=1 tree=0)
[2025-11-26T20:17:55.161Z][pid 17808][tid 18144] INFO Explorer pane fallback timer armed (view=0000000000190022 delay=500)
[2025-11-26T20:17:55.162Z][pid 17808][tid 18144] INFO Explorer panes not ready: list view missing (view=0000000000190022)
[2025-11-26T20:17:55.162Z][pid 17808][tid 18144] INFO Explorer pane retry timer armed (view=0000000000190022 delay=500 attempts=1)
[2025-11-26T20:17:55.162Z][pid 17808][tid 18144] INFO TabBand::UpdateTabsUI applying 3 items
[2025-11-26T20:17:55.163Z][pid 17808][tid 18144] INFO Breadcrumb QueryService(IShellBrowser) failed: 0x80004001
[2025-11-26T20:17:55.163Z][pid 17808][tid 18144] INFO Breadcrumb ribbon frame discovered via IShellBrowser (hwnd=0000000005222CAA)
[2025-11-26T20:17:55.163Z][pid 17808][tid 18144] INFO Breadcrumb ribbon frame discovered via IWebBrowser2 (hwnd=0000000005222CAA)
[2025-11-26T20:17:55.163Z][pid 17808][tid 18144] INFO Breadcrumb toolbar located via window enumeration (hwnd=00000000020506BA)
[2025-11-26T20:17:55.163Z][pid 17808][tid 18144] INFO Explorer pane creation watch cleared (view=0000000000190022)
[2025-11-26T20:17:55.163Z][pid 17808][tid 18144] INFO Status bar background reset (hwnd=0000000000150260 previous=0xFF000000)
[2025-11-26T20:17:55.164Z][pid 17808][tid 18144] INFO Cleared Open In New Tab pending state
[2025-11-26T20:17:55.164Z][pid 17808][tid 18144] INFO Installed shell view window subclass (view=0000000000190022)
[2025-11-26T20:17:55.164Z][pid 17808][tid 18144] INFO Installed explorer frame subclass (frame=0000000005470662)
[2025-11-26T20:17:55.164Z][pid 17808][tid 18144] INFO Cleared Open In New Tab pending state
[2025-11-26T20:17:55.164Z][pid 17808][tid 18144] INFO Explorer view base subclass ready (view=0000000000190022 frame=0000000005470662)
[2025-11-26T20:17:55.164Z][pid 17808][tid 18144] VERBOSE DirectUI IUIElement unavailable (hr=0x80004001)
[2025-11-26T20:17:55.164Z][pid 17808][tid 18144] INFO Installed explorer DirectUI host subclass (direct=0000000002F907B0)
[2025-11-26T20:17:55.164Z][pid 17808][tid 18144] INFO Installed explorer tree view subclass (tree=000000000003003A)
[2025-11-26T20:17:55.165Z][pid 17808][tid 18144] INFO Explorer status bar discovered (hwnd=0000000000150260)
[2025-11-26T20:17:55.165Z][pid 17808][tid 18144] INFO Status bar theme background updated (hwnd=0000000000150260 new=0x00191919)
[2025-11-26T20:17:55.165Z][pid 17808][tid 18144] INFO Status bar theme text color updated (hwnd=0000000000150260 new=0x00FFFFFF)
[2025-11-26T20:17:55.166Z][pid 17808][tid 18144] INFO Registered glow surface edit (hwnd=0000000000080020)
[2025-11-26T20:17:55.166Z][pid 17808][tid 18144] INFO Explorer pane creation watch armed (view=0000000000190022 list=1 tree=0)
[2025-11-26T20:17:55.166Z][pid 17808][tid 18144] INFO Explorer pane fallback timer armed (view=0000000000190022 delay=500)
[2025-11-26T20:17:55.166Z][pid 17808][tid 18144] INFO Explorer panes not ready: list view missing (view=0000000000190022)
[2025-11-26T20:17:55.166Z][pid 17808][tid 18144] INFO Explorer pane retry timer armed (view=0000000000190022 delay=500 attempts=1)
[2025-11-26T20:17:55.239Z][pid 17808][tid 18144] INFO TabBand::UpdateTabsUI applying 3 items
[2025-11-26T20:17:55.241Z][pid 17808][tid 18144] INFO Breadcrumb QueryService(IShellBrowser) failed: 0x80004001
[2025-11-26T20:17:55.241Z][pid 17808][tid 18144] INFO Breadcrumb ribbon frame discovered via IShellBrowser (hwnd=0000000005222CAA)
[2025-11-26T20:17:55.241Z][pid 17808][tid 18144] INFO Breadcrumb ribbon frame discovered via IWebBrowser2 (hwnd=0000000005222CAA)
[2025-11-26T20:17:55.241Z][pid 17808][tid 18144] INFO Breadcrumb toolbar located via window enumeration (hwnd=00000000020506BA)
[2025-11-26T20:17:55.242Z][pid 17808][tid 18144] INFO Explorer pane creation watch cleared (view=0000000000190022)
[2025-11-26T20:17:55.242Z][pid 17808][tid 18144] INFO Status bar background reset (hwnd=0000000000150260 previous=0xFF000000)
[2025-11-26T20:17:55.242Z][pid 17808][tid 18144] INFO Cleared Open In New Tab pending state
[2025-11-26T20:17:55.242Z][pid 17808][tid 18144] INFO Installed shell view window subclass (view=0000000000190022)
[2025-11-26T20:17:55.242Z][pid 17808][tid 18144] INFO Installed explorer frame subclass (frame=0000000005470662)
[2025-11-26T20:17:55.243Z][pid 17808][tid 18144] INFO Cleared Open In New Tab pending state
[2025-11-26T20:17:55.243Z][pid 17808][tid 18144] INFO Explorer view base subclass ready (view=0000000000190022 frame=0000000005470662)
[2025-11-26T20:17:55.243Z][pid 17808][tid 18144] VERBOSE DirectUI IUIElement unavailable (hr=0x80004001)
[2025-11-26T20:17:55.243Z][pid 17808][tid 18144] INFO Installed explorer DirectUI host subclass (direct=0000000002F907B0)
[2025-11-26T20:17:55.243Z][pid 17808][tid 18144] INFO Installed explorer tree view subclass (tree=000000000003003A)
[2025-11-26T20:17:55.243Z][pid 17808][tid 18144] INFO Explorer status bar discovered (hwnd=0000000000150260)
[2025-11-26T20:17:55.245Z][pid 17808][tid 18144] INFO Status bar theme background updated (hwnd=0000000000150260 new=0x00191919)
[2025-11-26T20:17:55.245Z][pid 17808][tid 18144] INFO Status bar theme text color updated (hwnd=0000000000150260 new=0x00FFFFFF)
[2025-11-26T20:17:55.245Z][pid 17808][tid 18144] INFO Registered glow surface edit (hwnd=0000000000080020)
[2025-11-26T20:17:55.246Z][pid 17808][tid 18144] INFO Explorer pane creation watch armed (view=0000000000190022 list=1 tree=0)
[2025-11-26T20:17:55.246Z][pid 17808][tid 18144] INFO Explorer pane fallback timer armed (view=0000000000190022 delay=500)
[2025-11-26T20:17:55.246Z][pid 17808][tid 18144] INFO Explorer panes not ready: list view missing (view=0000000000190022)
[2025-11-26T20:17:55.246Z][pid 17808][tid 18144] INFO Explorer pane retry timer armed (view=0000000000190022 delay=500 attempts=1)
[2025-11-26T20:17:55.277Z][pid 17808][tid 18144] INFO Installed explorer list host subclass (host=0000000005470662)
[2025-11-26T20:17:55.278Z][pid 17808][tid 18144] INFO Installed explorer list host subclass (host=00000000015301C4)
[2025-11-26T20:17:55.278Z][pid 17808][tid 18144] INFO Installed explorer list host subclass (host=00000000003826A4)
[2025-11-26T20:17:55.278Z][pid 17808][tid 18144] INFO Installed explorer list host subclass (host=0000000005222CAA)
[2025-11-26T20:17:55.278Z][pid 17808][tid 18144] INFO Installed explorer list host subclass (host=00000000085502AC)
[2025-11-26T20:18:03.568Z][pid 17808][tid 18144] WARN Status bar custom draw timeout; forcing theme detours (hwnd=0000000000150260)
[2025-11-26T20:18:03.753Z][pid 17808][tid 18144] INFO TabBand::UpdateTabsUI applying 3 items
[2025-11-26T20:18:03.755Z][pid 17808][tid 18144] INFO Tab diff: +1 -1 move=0 update=0 rows=1 incremental=false
[2025-11-26T20:18:03.766Z][pid 17808][tid 18144] INFO Breadcrumb QueryService(IShellBrowser) failed: 0x80004001
[2025-11-26T20:18:03.766Z][pid 17808][tid 18144] INFO Breadcrumb ribbon frame discovered via IShellBrowser (hwnd=0000000005222CAA)
[2025-11-26T20:18:03.766Z][pid 17808][tid 18144] INFO Breadcrumb ribbon frame discovered via IWebBrowser2 (hwnd=0000000005222CAA)
[2025-11-26T20:18:03.766Z][pid 17808][tid 18144] INFO Breadcrumb toolbar located via window enumeration (hwnd=00000000020506BA)
[2025-11-26T20:18:03.766Z][pid 17808][tid 18144] INFO Explorer pane creation watch cleared (view=0000000000000000)
[2025-11-26T20:18:03.766Z][pid 17808][tid 18144] INFO Status bar background reset (hwnd=0000000000150260 previous=0xFF000000)
[2025-11-26T20:18:03.767Z][pid 17808][tid 18144] INFO Cleared Open In New Tab pending state
[2025-11-26T20:18:03.767Z][pid 17808][tid 18144] INFO Installed shell view window subclass (view=0000000000E42724)
[2025-11-26T20:18:03.767Z][pid 17808][tid 18144] INFO Installed explorer frame subclass (frame=0000000005470662)
[2025-11-26T20:18:03.767Z][pid 17808][tid 18144] INFO Cleared Open In New Tab pending state
[2025-11-26T20:18:03.767Z][pid 17808][tid 18144] INFO Explorer view base subclass ready (view=0000000000E42724 frame=0000000005470662)
[2025-11-26T20:18:03.767Z][pid 17808][tid 18144] VERBOSE DirectUI IUIElement unavailable (hr=0x80004001)
[2025-11-26T20:18:03.767Z][pid 17808][tid 18144] INFO Installed explorer DirectUI host subclass (direct=00000000006B2530)
[2025-11-26T20:18:03.767Z][pid 17808][tid 18144] INFO Installed explorer tree view subclass (tree=000000000003003A)
[2025-11-26T20:18:03.767Z][pid 17808][tid 18144] INFO Explorer status bar discovered (hwnd=0000000000150260)
[2025-11-26T20:18:03.769Z][pid 17808][tid 18144] INFO Status bar theme background updated (hwnd=0000000000150260 new=0x00191919)
[2025-11-26T20:18:03.769Z][pid 17808][tid 18144] INFO Status bar theme text color updated (hwnd=0000000000150260 new=0x00FFFFFF)
[2025-11-26T20:18:03.769Z][pid 17808][tid 18144] INFO Registered glow surface edit (hwnd=0000000000080020)
[2025-11-26T20:18:03.770Z][pid 17808][tid 18144] INFO Explorer pane creation watch armed (view=0000000000E42724 list=1 tree=0)
[2025-11-26T20:18:03.770Z][pid 17808][tid 18144] INFO Explorer pane fallback timer armed (view=0000000000E42724 delay=500)
[2025-11-26T20:18:03.770Z][pid 17808][tid 18144] INFO Explorer panes not ready: list view missing (view=0000000000E42724)
[2025-11-26T20:18:03.770Z][pid 17808][tid 18144] INFO Explorer pane retry timer armed (view=0000000000E42724 delay=500 attempts=1)
[2025-11-26T20:18:03.770Z][pid 17808][tid 18144] INFO TabBand::UpdateTabsUI applying 3 items
[2025-11-26T20:18:03.771Z][pid 17808][tid 18144] INFO Breadcrumb QueryService(IShellBrowser) failed: 0x80004001
[2025-11-26T20:18:03.771Z][pid 17808][tid 18144] INFO Breadcrumb ribbon frame discovered via IShellBrowser (hwnd=0000000005222CAA)
[2025-11-26T20:18:03.771Z][pid 17808][tid 18144] INFO Breadcrumb ribbon frame discovered via IWebBrowser2 (hwnd=0000000005222CAA)
[2025-11-26T20:18:03.771Z][pid 17808][tid 18144] INFO Breadcrumb toolbar located via window enumeration (hwnd=00000000020506BA)
[2025-11-26T20:18:03.772Z][pid 17808][tid 18144] INFO Explorer pane creation watch cleared (view=0000000000E42724)
[2025-11-26T20:18:03.772Z][pid 17808][tid 18144] INFO Status bar background reset (hwnd=0000000000150260 previous=0xFF000000)
[2025-11-26T20:18:03.772Z][pid 17808][tid 18144] INFO Cleared Open In New Tab pending state
[2025-11-26T20:18:03.772Z][pid 17808][tid 18144] INFO Installed shell view window subclass (view=0000000000E42724)
[2025-11-26T20:18:03.772Z][pid 17808][tid 18144] INFO Installed explorer frame subclass (frame=0000000005470662)
[2025-11-26T20:18:03.772Z][pid 17808][tid 18144] INFO Cleared Open In New Tab pending state
[2025-11-26T20:18:03.772Z][pid 17808][tid 18144] INFO Explorer view base subclass ready (view=0000000000E42724 frame=0000000005470662)
[2025-11-26T20:18:03.773Z][pid 17808][tid 18144] VERBOSE DirectUI IUIElement unavailable (hr=0x80004001)
[2025-11-26T20:18:03.773Z][pid 17808][tid 18144] INFO Installed explorer DirectUI host subclass (direct=00000000006B2530)
[2025-11-26T20:18:03.773Z][pid 17808][tid 18144] INFO Installed explorer tree view subclass (tree=000000000003003A)
[2025-11-26T20:18:03.773Z][pid 17808][tid 18144] INFO Explorer status bar discovered (hwnd=0000000000150260)
[2025-11-26T20:18:03.775Z][pid 17808][tid 18144] INFO Status bar theme background updated (hwnd=0000000000150260 new=0x00191919)
[2025-11-26T20:18:03.775Z][pid 17808][tid 18144] INFO Status bar theme text color updated (hwnd=0000000000150260 new=0x00FFFFFF)
[2025-11-26T20:18:03.775Z][pid 17808][tid 18144] INFO Registered glow surface edit (hwnd=0000000000080020)
[2025-11-26T20:18:03.776Z][pid 17808][tid 18144] INFO Explorer pane creation watch armed (view=0000000000E42724 list=1 tree=0)
[2025-11-26T20:18:03.776Z][pid 17808][tid 18144] INFO Explorer pane fallback timer armed (view=0000000000E42724 delay=500)
[2025-11-26T20:18:03.776Z][pid 17808][tid 18144] INFO Explorer panes not ready: list view missing (view=0000000000E42724)
[2025-11-26T20:18:03.776Z][pid 17808][tid 18144] INFO Explorer pane retry timer armed (view=0000000000E42724 delay=500 attempts=1)
[2025-11-26T20:18:03.844Z][pid 17808][tid 18144] INFO TabBand::UpdateTabsUI applying 3 items
[2025-11-26T20:18:03.846Z][pid 17808][tid 18144] INFO Breadcrumb QueryService(IShellBrowser) failed: 0x80004001
[2025-11-26T20:18:03.846Z][pid 17808][tid 18144] INFO Breadcrumb ribbon frame discovered via IShellBrowser (hwnd=0000000005222CAA)
[2025-11-26T20:18:03.846Z][pid 17808][tid 18144] INFO Breadcrumb ribbon frame discovered via IWebBrowser2 (hwnd=0000000005222CAA)
[2025-11-26T20:18:03.846Z][pid 17808][tid 18144] INFO Breadcrumb toolbar located via window enumeration (hwnd=00000000020506BA)
[2025-11-26T20:18:03.846Z][pid 17808][tid 18144] INFO Explorer pane creation watch cleared (view=0000000000E42724)
[2025-11-26T20:18:03.846Z][pid 17808][tid 18144] INFO Status bar background reset (hwnd=0000000000150260 previous=0xFF000000)
[2025-11-26T20:18:03.846Z][pid 17808][tid 18144] INFO Cleared Open In New Tab pending state
[2025-11-26T20:18:03.847Z][pid 17808][tid 18144] INFO Installed shell view window subclass (view=0000000000E42724)
[2025-11-26T20:18:03.847Z][pid 17808][tid 18144] INFO Installed explorer frame subclass (frame=0000000005470662)
[2025-11-26T20:18:03.847Z][pid 17808][tid 18144] INFO Cleared Open In New Tab pending state
[2025-11-26T20:18:03.847Z][pid 17808][tid 18144] INFO Explorer view base subclass ready (view=0000000000E42724 frame=0000000005470662)
[2025-11-26T20:18:03.847Z][pid 17808][tid 18144] VERBOSE DirectUI IUIElement unavailable (hr=0x80004001)
[2025-11-26T20:18:03.847Z][pid 17808][tid 18144] INFO Installed explorer DirectUI host subclass (direct=00000000006B2530)
[2025-11-26T20:18:03.847Z][pid 17808][tid 18144] INFO Installed explorer tree view subclass (tree=000000000003003A)
[2025-11-26T20:18:03.848Z][pid 17808][tid 18144] INFO Explorer status bar discovered (hwnd=0000000000150260)
[2025-11-26T20:18:03.849Z][pid 17808][tid 18144] INFO Status bar theme background updated (hwnd=0000000000150260 new=0x00191919)
[2025-11-26T20:18:03.849Z][pid 17808][tid 18144] INFO Status bar theme text color updated (hwnd=0000000000150260 new=0x00FFFFFF)
[2025-11-26T20:18:03.849Z][pid 17808][tid 18144] INFO Registered glow surface edit (hwnd=0000000000080020)
[2025-11-26T20:18:03.850Z][pid 17808][tid 18144] INFO Explorer pane creation watch armed (view=0000000000E42724 list=1 tree=0)
[2025-11-26T20:18:03.850Z][pid 17808][tid 18144] INFO Explorer pane fallback timer armed (view=0000000000E42724 delay=500)
[2025-11-26T20:18:03.850Z][pid 17808][tid 18144] INFO Explorer panes not ready: list view missing (view=0000000000E42724)
[2025-11-26T20:18:03.850Z][pid 17808][tid 18144] INFO Explorer pane retry timer armed (view=0000000000E42724 delay=500 attempts=1)
[2025-11-26T20:18:03.884Z][pid 17808][tid 18144] INFO Installed explorer list host subclass (host=0000000005470662)
[2025-11-26T20:18:03.884Z][pid 17808][tid 18144] INFO Installed explorer list host subclass (host=00000000015301C4)
[2025-11-26T20:18:03.885Z][pid 17808][tid 18144] INFO Installed explorer list host subclass (host=00000000003826A4)
[2025-11-26T20:18:03.885Z][pid 17808][tid 18144] INFO Installed explorer list host subclass (host=0000000005222CAA)
[2025-11-26T20:18:03.885Z][pid 17808][tid 18144] INFO Installed explorer list host subclass (host=00000000085502AC)
[2025-11-26T20:18:12.957Z][pid 17808][tid 18144] INFO TabBand::UpdateTabsUI applying 3 items
[2025-11-26T20:18:12.959Z][pid 17808][tid 18144] INFO Tab diff: +1 -1 move=0 update=0 rows=1 incremental=false
[2025-11-26T20:18:12.970Z][pid 17808][tid 18144] WARN Status bar custom draw timeout; forcing theme detours (hwnd=0000000000150260)
[2025-11-26T20:18:12.971Z][pid 17808][tid 18144] INFO Breadcrumb QueryService(IShellBrowser) failed: 0x80004001
[2025-11-26T20:18:12.971Z][pid 17808][tid 18144] INFO Breadcrumb ribbon frame discovered via IShellBrowser (hwnd=0000000005222CAA)
[2025-11-26T20:18:12.971Z][pid 17808][tid 18144] INFO Breadcrumb ribbon frame discovered via IWebBrowser2 (hwnd=0000000005222CAA)
[2025-11-26T20:18:12.971Z][pid 17808][tid 18144] INFO Breadcrumb toolbar located via window enumeration (hwnd=00000000020506BA)
[2025-11-26T20:18:12.971Z][pid 17808][tid 18144] INFO Explorer pane creation watch cleared (view=0000000000000000)
[2025-11-26T20:18:12.972Z][pid 17808][tid 18144] INFO Status bar background reset (hwnd=0000000000150260 previous=0xFF000000)
[2025-11-26T20:18:12.972Z][pid 17808][tid 18144] INFO Cleared Open In New Tab pending state
[2025-11-26T20:18:12.972Z][pid 17808][tid 18144] INFO Installed shell view window subclass (view=0000000000180038)
[2025-11-26T20:18:12.972Z][pid 17808][tid 18144] INFO Installed explorer frame subclass (frame=0000000005470662)
[2025-11-26T20:18:12.972Z][pid 17808][tid 18144] INFO Cleared Open In New Tab pending state
[2025-11-26T20:18:12.973Z][pid 17808][tid 18144] INFO Explorer view base subclass ready (view=0000000000180038 frame=0000000005470662)
[2025-11-26T20:18:12.973Z][pid 17808][tid 18144] VERBOSE DirectUI IUIElement unavailable (hr=0x80004001)
[2025-11-26T20:18:12.973Z][pid 17808][tid 18144] INFO Installed explorer DirectUI host subclass (direct=0000000000D406AE)
[2025-11-26T20:18:12.973Z][pid 17808][tid 18144] INFO Installed explorer tree view subclass (tree=000000000003003A)
[2025-11-26T20:18:12.973Z][pid 17808][tid 18144] INFO Explorer status bar discovered (hwnd=0000000000150260)
[2025-11-26T20:18:12.974Z][pid 17808][tid 18144] INFO Status bar theme background updated (hwnd=0000000000150260 new=0x00191919)
[2025-11-26T20:18:12.974Z][pid 17808][tid 18144] INFO Status bar theme text color updated (hwnd=0000000000150260 new=0x00FFFFFF)
[2025-11-26T20:18:12.975Z][pid 17808][tid 18144] INFO Registered glow surface edit (hwnd=0000000000080020)
[2025-11-26T20:18:12.975Z][pid 17808][tid 18144] INFO Explorer pane creation watch armed (view=0000000000180038 list=1 tree=0)
[2025-11-26T20:18:12.975Z][pid 17808][tid 18144] INFO Explorer pane fallback timer armed (view=0000000000180038 delay=500)
[2025-11-26T20:18:12.975Z][pid 17808][tid 18144] INFO Explorer panes not ready: list view missing (view=0000000000180038)
[2025-11-26T20:18:12.976Z][pid 17808][tid 18144] INFO Explorer pane retry timer armed (view=0000000000180038 delay=500 attempts=1)
[2025-11-26T20:18:12.976Z][pid 17808][tid 18144] INFO TabBand::UpdateTabsUI applying 3 items
[2025-11-26T20:18:12.976Z][pid 17808][tid 18144] INFO Breadcrumb QueryService(IShellBrowser) failed: 0x80004001
[2025-11-26T20:18:12.977Z][pid 17808][tid 18144] INFO Breadcrumb ribbon frame discovered via IShellBrowser (hwnd=0000000005222CAA)
[2025-11-26T20:18:12.977Z][pid 17808][tid 18144] INFO Breadcrumb ribbon frame discovered via IWebBrowser2 (hwnd=0000000005222CAA)
[2025-11-26T20:18:12.977Z][pid 17808][tid 18144] INFO Breadcrumb toolbar located via window enumeration (hwnd=00000000020506BA)
[2025-11-26T20:18:12.977Z][pid 17808][tid 18144] INFO Explorer pane creation watch cleared (view=0000000000180038)
[2025-11-26T20:18:12.977Z][pid 17808][tid 18144] INFO Status bar background reset (hwnd=0000000000150260 previous=0xFF000000)
[2025-11-26T20:18:12.977Z][pid 17808][tid 18144] INFO Cleared Open In New Tab pending state
[2025-11-26T20:18:12.977Z][pid 17808][tid 18144] INFO Installed shell view window subclass (view=0000000000180038)
[2025-11-26T20:18:12.977Z][pid 17808][tid 18144] INFO Installed explorer frame subclass (frame=0000000005470662)
[2025-11-26T20:18:12.978Z][pid 17808][tid 18144] INFO Cleared Open In New Tab pending state
[2025-11-26T20:18:12.978Z][pid 17808][tid 18144] INFO Explorer view base subclass ready (view=0000000000180038 frame=0000000005470662)
[2025-11-26T20:18:12.978Z][pid 17808][tid 18144] VERBOSE DirectUI IUIElement unavailable (hr=0x80004001)
[2025-11-26T20:18:12.978Z][pid 17808][tid 18144] INFO Installed explorer DirectUI host subclass (direct=0000000000D406AE)
[2025-11-26T20:18:12.978Z][pid 17808][tid 18144] INFO Installed explorer tree view subclass (tree=000000000003003A)
[2025-11-26T20:18:12.978Z][pid 17808][tid 18144] INFO Explorer status bar discovered (hwnd=0000000000150260)
[2025-11-26T20:18:12.979Z][pid 17808][tid 18144] INFO Status bar theme background updated (hwnd=0000000000150260 new=0x00191919)
[2025-11-26T20:18:12.979Z][pid 17808][tid 18144] INFO Status bar theme text color updated (hwnd=0000000000150260 new=0x00FFFFFF)
[2025-11-26T20:18:12.980Z][pid 17808][tid 18144] INFO Registered glow surface edit (hwnd=0000000000080020)
[2025-11-26T20:18:12.980Z][pid 17808][tid 18144] INFO Explorer pane creation watch armed (view=0000000000180038 list=1 tree=0)
[2025-11-26T20:18:12.980Z][pid 17808][tid 18144] INFO Explorer pane fallback timer armed (view=0000000000180038 delay=500)
[2025-11-26T20:18:12.980Z][pid 17808][tid 18144] INFO Explorer panes not ready: list view missing (view=0000000000180038)
[2025-11-26T20:18:12.980Z][pid 17808][tid 18144] INFO Explorer pane retry timer armed (view=0000000000180038 delay=500 attempts=1)
[2025-11-26T20:18:13.035Z][pid 17808][tid 18144] INFO TabBand::UpdateTabsUI applying 3 items
[2025-11-26T20:18:13.037Z][pid 17808][tid 18144] INFO Breadcrumb QueryService(IShellBrowser) failed: 0x80004001
[2025-11-26T20:18:13.037Z][pid 17808][tid 18144] INFO Breadcrumb ribbon frame discovered via IShellBrowser (hwnd=0000000005222CAA)
[2025-11-26T20:18:13.037Z][pid 17808][tid 18144] INFO Breadcrumb ribbon frame discovered via IWebBrowser2 (hwnd=0000000005222CAA)
[2025-11-26T20:18:13.037Z][pid 17808][tid 18144] INFO Breadcrumb toolbar located via window enumeration (hwnd=00000000020506BA)
[2025-11-26T20:18:13.037Z][pid 17808][tid 18144] INFO Explorer pane creation watch cleared (view=0000000000180038)
[2025-11-26T20:18:13.037Z][pid 17808][tid 18144] INFO Status bar background reset (hwnd=0000000000150260 previous=0xFF000000)
[2025-11-26T20:18:13.037Z][pid 17808][tid 18144] INFO Cleared Open In New Tab pending state
[2025-11-26T20:18:13.037Z][pid 17808][tid 18144] INFO Installed shell view window subclass (view=0000000000180038)
[2025-11-26T20:18:13.038Z][pid 17808][tid 18144] INFO Installed explorer frame subclass (frame=0000000005470662)
[2025-11-26T20:18:13.038Z][pid 17808][tid 18144] INFO Cleared Open In New Tab pending state
[2025-11-26T20:18:13.038Z][pid 17808][tid 18144] INFO Explorer view base subclass ready (view=0000000000180038 frame=0000000005470662)
[2025-11-26T20:18:13.038Z][pid 17808][tid 18144] VERBOSE DirectUI IUIElement unavailable (hr=0x80004001)
[2025-11-26T20:18:13.038Z][pid 17808][tid 18144] INFO Installed explorer DirectUI host subclass (direct=0000000000D406AE)
[2025-11-26T20:18:13.038Z][pid 17808][tid 18144] INFO Installed explorer tree view subclass (tree=000000000003003A)
[2025-11-26T20:18:13.038Z][pid 17808][tid 18144] INFO Explorer status bar discovered (hwnd=0000000000150260)
[2025-11-26T20:18:13.039Z][pid 17808][tid 18144] INFO Status bar theme background updated (hwnd=0000000000150260 new=0x00191919)
[2025-11-26T20:18:13.039Z][pid 17808][tid 18144] INFO Status bar theme text color updated (hwnd=0000000000150260 new=0x00FFFFFF)
[2025-11-26T20:18:13.040Z][pid 17808][tid 18144] INFO Registered glow surface edit (hwnd=0000000000080020)
[2025-11-26T20:18:13.040Z][pid 17808][tid 18144] INFO Explorer pane creation watch armed (view=0000000000180038 list=1 tree=0)
[2025-11-26T20:18:13.040Z][pid 17808][tid 18144] INFO Explorer pane fallback timer armed (view=0000000000180038 delay=500)
[2025-11-26T20:18:13.040Z][pid 17808][tid 18144] INFO Explorer panes not ready: list view missing (view=0000000000180038)
[2025-11-26T20:18:13.040Z][pid 17808][tid 18144] INFO Explorer pane retry timer armed (view=0000000000180038 delay=500 attempts=1)
[2025-11-26T20:18:13.090Z][pid 17808][tid 18144] INFO Installed explorer list host subclass (host=0000000005470662)
[2025-11-26T20:18:13.090Z][pid 17808][tid 18144] INFO Installed explorer list host subclass (host=00000000015301C4)
[2025-11-26T20:18:13.090Z][pid 17808][tid 18144] INFO Installed explorer list host subclass (host=00000000003826A4)
[2025-11-26T20:18:13.090Z][pid 17808][tid 18144] INFO Installed explorer list host subclass (host=0000000005222CAA)
[2025-11-26T20:18:13.090Z][pid 17808][tid 18144] INFO Installed explorer list host subclass (host=00000000085502AC)
[2025-11-26T20:18:22.892Z][pid 17808][tid 18144] WARN Status bar custom draw timeout; forcing theme detours (hwnd=0000000000150260)
[2025-11-26T20:18:40.169Z][pid 17808][tid 18144] INFO TabBand::UpdateTabsUI applying 3 items
[2025-11-26T20:18:40.170Z][pid 17808][tid 18144] INFO Tab diff: +1 -1 move=0 update=0 rows=1 incremental=false
[2025-11-26T20:18:40.174Z][pid 17808][tid 18144] INFO Breadcrumb QueryService(IShellBrowser) failed: 0x80004001
[2025-11-26T20:18:40.174Z][pid 17808][tid 18144] INFO Breadcrumb ribbon frame discovered via IShellBrowser (hwnd=0000000005222CAA)
[2025-11-26T20:18:40.176Z][pid 17808][tid 18144] INFO Breadcrumb ribbon frame discovered via IWebBrowser2 (hwnd=0000000005222CAA)
[2025-11-26T20:18:40.176Z][pid 17808][tid 18144] INFO Breadcrumb toolbar located via window enumeration (hwnd=00000000020506BA)
[2025-11-26T20:18:40.176Z][pid 17808][tid 18144] INFO Explorer pane creation watch cleared (view=0000000000000000)
[2025-11-26T20:18:40.177Z][pid 17808][tid 18144] INFO Status bar background reset (hwnd=0000000000150260 previous=0xFF000000)
[2025-11-26T20:18:40.177Z][pid 17808][tid 18144] INFO Cleared Open In New Tab pending state
[2025-11-26T20:18:40.177Z][pid 17808][tid 18144] INFO Installed shell view window subclass (view=0000000002621810)
[2025-11-26T20:18:40.177Z][pid 17808][tid 18144] INFO Installed explorer frame subclass (frame=0000000005470662)
[2025-11-26T20:18:40.177Z][pid 17808][tid 18144] INFO Cleared Open In New Tab pending state
[2025-11-26T20:18:40.177Z][pid 17808][tid 18144] INFO Explorer view base subclass ready (view=0000000002621810 frame=0000000005470662)
[2025-11-26T20:18:40.177Z][pid 17808][tid 18144] VERBOSE DirectUI IUIElement unavailable (hr=0x80004001)
[2025-11-26T20:18:40.177Z][pid 17808][tid 18144] INFO Installed explorer DirectUI host subclass (direct=000000000075253C)
[2025-11-26T20:18:40.177Z][pid 17808][tid 18144] INFO Installed explorer tree view subclass (tree=000000000003003A)
[2025-11-26T20:18:40.178Z][pid 17808][tid 18144] INFO Explorer status bar discovered (hwnd=0000000000150260)
[2025-11-26T20:18:40.179Z][pid 17808][tid 18144] INFO Status bar theme background updated (hwnd=0000000000150260 new=0x00191919)
[2025-11-26T20:18:40.179Z][pid 17808][tid 18144] INFO Status bar theme text color updated (hwnd=0000000000150260 new=0x00FFFFFF)
[2025-11-26T20:18:40.179Z][pid 17808][tid 18144] INFO Registered glow surface edit (hwnd=0000000000080020)
[2025-11-26T20:18:40.180Z][pid 17808][tid 18144] INFO Explorer pane creation watch armed (view=0000000002621810 list=1 tree=0)
[2025-11-26T20:18:40.180Z][pid 17808][tid 18144] INFO Explorer pane fallback timer armed (view=0000000002621810 delay=500)
[2025-11-26T20:18:40.180Z][pid 17808][tid 18144] INFO Explorer panes not ready: list view missing (view=0000000002621810)
[2025-11-26T20:18:40.180Z][pid 17808][tid 18144] INFO Explorer pane retry timer armed (view=0000000002621810 delay=500 attempts=1)
[2025-11-26T20:18:40.180Z][pid 17808][tid 18144] INFO TabBand::UpdateTabsUI applying 3 items
[2025-11-26T20:18:40.181Z][pid 17808][tid 18144] INFO Breadcrumb QueryService(IShellBrowser) failed: 0x80004001
[2025-11-26T20:18:40.181Z][pid 17808][tid 18144] INFO Breadcrumb ribbon frame discovered via IShellBrowser (hwnd=0000000005222CAA)
[2025-11-26T20:18:40.181Z][pid 17808][tid 18144] INFO Breadcrumb ribbon frame discovered via IWebBrowser2 (hwnd=0000000005222CAA)
[2025-11-26T20:18:40.181Z][pid 17808][tid 18144] INFO Breadcrumb toolbar located via window enumeration (hwnd=00000000020506BA)
[2025-11-26T20:18:40.181Z][pid 17808][tid 18144] INFO Explorer pane creation watch cleared (view=0000000002621810)
[2025-11-26T20:18:40.181Z][pid 17808][tid 18144] INFO Status bar background reset (hwnd=0000000000150260 previous=0xFF000000)
[2025-11-26T20:18:40.182Z][pid 17808][tid 18144] INFO Cleared Open In New Tab pending state
[2025-11-26T20:18:40.182Z][pid 17808][tid 18144] INFO Installed shell view window subclass (view=0000000002621810)
[2025-11-26T20:18:40.182Z][pid 17808][tid 18144] INFO Installed explorer frame subclass (frame=0000000005470662)
[2025-11-26T20:18:40.182Z][pid 17808][tid 18144] INFO Cleared Open In New Tab pending state
[2025-11-26T20:18:40.182Z][pid 17808][tid 18144] INFO Explorer view base subclass ready (view=0000000002621810 frame=0000000005470662)
[2025-11-26T20:18:40.182Z][pid 17808][tid 18144] VERBOSE DirectUI IUIElement unavailable (hr=0x80004001)
[2025-11-26T20:18:40.182Z][pid 17808][tid 18144] INFO Installed explorer DirectUI host subclass (direct=000000000075253C)
[2025-11-26T20:18:40.182Z][pid 17808][tid 18144] INFO Installed explorer tree view subclass (tree=000000000003003A)
[2025-11-26T20:18:40.183Z][pid 17808][tid 18144] INFO Explorer status bar discovered (hwnd=0000000000150260)
[2025-11-26T20:18:40.183Z][pid 17808][tid 18144] INFO Status bar theme background updated (hwnd=0000000000150260 new=0x00191919)
[2025-11-26T20:18:40.184Z][pid 17808][tid 18144] INFO Status bar theme text color updated (hwnd=0000000000150260 new=0x00FFFFFF)
[2025-11-26T20:18:40.184Z][pid 17808][tid 18144] INFO Registered glow surface edit (hwnd=0000000000080020)
[2025-11-26T20:18:40.184Z][pid 17808][tid 18144] INFO Explorer pane creation watch armed (view=0000000002621810 list=1 tree=0)
[2025-11-26T20:18:40.184Z][pid 17808][tid 18144] INFO Explorer pane fallback timer armed (view=0000000002621810 delay=500)
[2025-11-26T20:18:40.185Z][pid 17808][tid 18144] INFO Explorer panes not ready: list view missing (view=0000000002621810)
[2025-11-26T20:18:40.185Z][pid 17808][tid 18144] INFO Explorer pane retry timer armed (view=0000000002621810 delay=500 attempts=1)
[2025-11-26T20:18:40.225Z][pid 17808][tid 18144] INFO TabBand::UpdateTabsUI applying 3 items
[2025-11-26T20:18:40.226Z][pid 17808][tid 18144] INFO Breadcrumb QueryService(IShellBrowser) failed: 0x80004001
[2025-11-26T20:18:40.226Z][pid 17808][tid 18144] INFO Breadcrumb ribbon frame discovered via IShellBrowser (hwnd=0000000005222CAA)
[2025-11-26T20:18:40.226Z][pid 17808][tid 18144] INFO Breadcrumb ribbon frame discovered via IWebBrowser2 (hwnd=0000000005222CAA)
[2025-11-26T20:18:40.227Z][pid 17808][tid 18144] INFO Breadcrumb toolbar located via window enumeration (hwnd=00000000020506BA)
[2025-11-26T20:18:40.227Z][pid 17808][tid 18144] INFO Explorer pane creation watch cleared (view=0000000002621810)
[2025-11-26T20:18:40.227Z][pid 17808][tid 18144] INFO Status bar background reset (hwnd=0000000000150260 previous=0xFF000000)
[2025-11-26T20:18:40.227Z][pid 17808][tid 18144] INFO Cleared Open In New Tab pending state
[2025-11-26T20:18:40.227Z][pid 17808][tid 18144] INFO Installed shell view window subclass (view=0000000002621810)
[2025-11-26T20:18:40.227Z][pid 17808][tid 18144] INFO Installed explorer frame subclass (frame=0000000005470662)
[2025-11-26T20:18:40.227Z][pid 17808][tid 18144] INFO Cleared Open In New Tab pending state
[2025-11-26T20:18:40.227Z][pid 17808][tid 18144] INFO Explorer view base subclass ready (view=0000000002621810 frame=0000000005470662)
[2025-11-26T20:18:40.227Z][pid 17808][tid 18144] VERBOSE DirectUI IUIElement unavailable (hr=0x80004001)
[2025-11-26T20:18:40.228Z][pid 17808][tid 18144] INFO Installed explorer DirectUI host subclass (direct=000000000075253C)
[2025-11-26T20:18:40.228Z][pid 17808][tid 18144] INFO Installed explorer tree view subclass (tree=000000000003003A)
[2025-11-26T20:18:40.228Z][pid 17808][tid 18144] INFO Explorer status bar discovered (hwnd=0000000000150260)
[2025-11-26T20:18:40.229Z][pid 17808][tid 18144] INFO Status bar theme background updated (hwnd=0000000000150260 new=0x00191919)
[2025-11-26T20:18:40.229Z][pid 17808][tid 18144] INFO Status bar theme text color updated (hwnd=0000000000150260 new=0x00FFFFFF)
[2025-11-26T20:18:40.229Z][pid 17808][tid 18144] INFO Registered glow surface edit (hwnd=0000000000080020)
[2025-11-26T20:18:40.230Z][pid 17808][tid 18144] INFO Explorer pane creation watch armed (view=0000000002621810 list=1 tree=0)
[2025-11-26T20:18:40.230Z][pid 17808][tid 18144] INFO Explorer pane fallback timer armed (view=0000000002621810 delay=500)
[2025-11-26T20:18:40.230Z][pid 17808][tid 18144] INFO Explorer panes not ready: list view missing (view=0000000002621810)
[2025-11-26T20:18:40.231Z][pid 17808][tid 18144] INFO Explorer pane retry timer armed (view=0000000002621810 delay=500 attempts=1)
[2025-11-26T20:18:40.258Z][pid 17808][tid 18144] INFO Installed explorer list host subclass (host=0000000005470662)
[2025-11-26T20:18:40.258Z][pid 17808][tid 18144] INFO Installed explorer list host subclass (host=00000000015301C4)
[2025-11-26T20:18:40.258Z][pid 17808][tid 18144] INFO Installed explorer list host subclass (host=00000000003826A4)
[2025-11-26T20:18:40.258Z][pid 17808][tid 18144] INFO Installed explorer list host subclass (host=0000000005222CAA)
[2025-11-26T20:18:40.258Z][pid 17808][tid 18144] INFO Installed explorer list host subclass (host=00000000085502AC)
[2025-11-26T20:20:54.574Z][pid 17808][tid 18144] WARN Status bar custom draw timeout; forcing theme detours (hwnd=0000000000150260)
[2025-11-26T20:20:54.712Z][pid 17808][tid 18144] INFO TabBand::UpdateTabsUI applying 3 items
[2025-11-26T20:20:54.713Z][pid 17808][tid 18144] INFO Tab diff: +1 -1 move=0 update=0 rows=1 incremental=false
[2025-11-26T20:20:54.719Z][pid 17808][tid 18144] INFO Breadcrumb QueryService(IShellBrowser) failed: 0x80004001
[2025-11-26T20:20:54.719Z][pid 17808][tid 18144] INFO Breadcrumb ribbon frame discovered via IShellBrowser (hwnd=0000000005222CAA)
[2025-11-26T20:20:54.719Z][pid 17808][tid 18144] INFO Breadcrumb ribbon frame discovered via IWebBrowser2 (hwnd=0000000005222CAA)
[2025-11-26T20:20:54.719Z][pid 17808][tid 18144] INFO Breadcrumb toolbar located via window enumeration (hwnd=00000000020506BA)
[2025-11-26T20:20:54.719Z][pid 17808][tid 18144] INFO Explorer pane creation watch cleared (view=0000000000000000)
[2025-11-26T20:20:54.720Z][pid 17808][tid 18144] INFO Status bar background reset (hwnd=0000000000150260 previous=0xFF000000)
[2025-11-26T20:20:54.720Z][pid 17808][tid 18144] INFO Cleared Open In New Tab pending state
[2025-11-26T20:20:54.720Z][pid 17808][tid 18144] INFO Installed shell view window subclass (view=0000000000AD0718)
[2025-11-26T20:20:54.720Z][pid 17808][tid 18144] INFO Installed explorer frame subclass (frame=0000000005470662)
[2025-11-26T20:20:54.720Z][pid 17808][tid 18144] INFO Cleared Open In New Tab pending state
[2025-11-26T20:20:54.720Z][pid 17808][tid 18144] INFO Explorer view base subclass ready (view=0000000000AD0718 frame=0000000005470662)
[2025-11-26T20:20:54.720Z][pid 17808][tid 18144] VERBOSE DirectUI IUIElement unavailable (hr=0x80004001)
[2025-11-26T20:20:54.720Z][pid 17808][tid 18144] INFO Installed explorer DirectUI host subclass (direct=0000000004B5282E)
[2025-11-26T20:20:54.720Z][pid 17808][tid 18144] INFO Installed explorer tree view subclass (tree=000000000003003A)
[2025-11-26T20:20:54.721Z][pid 17808][tid 18144] INFO Explorer status bar discovered (hwnd=0000000000150260)
[2025-11-26T20:20:54.722Z][pid 17808][tid 18144] INFO Status bar theme background updated (hwnd=0000000000150260 new=0x00191919)
[2025-11-26T20:20:54.722Z][pid 17808][tid 18144] INFO Status bar theme text color updated (hwnd=0000000000150260 new=0x00FFFFFF)
[2025-11-26T20:20:54.722Z][pid 17808][tid 18144] INFO Registered glow surface edit (hwnd=0000000000080020)
[2025-11-26T20:20:54.723Z][pid 17808][tid 18144] INFO Explorer pane creation watch armed (view=0000000000AD0718 list=1 tree=0)
[2025-11-26T20:20:54.723Z][pid 17808][tid 18144] INFO Explorer pane fallback timer armed (view=0000000000AD0718 delay=500)
[2025-11-26T20:20:54.723Z][pid 17808][tid 18144] INFO Explorer panes not ready: list view missing (view=0000000000AD0718)
[2025-11-26T20:20:54.723Z][pid 17808][tid 18144] INFO Explorer pane retry timer armed (view=0000000000AD0718 delay=500 attempts=1)
[2025-11-26T20:20:54.724Z][pid 17808][tid 18144] INFO TabBand::UpdateTabsUI applying 3 items
[2025-11-26T20:20:54.724Z][pid 17808][tid 18144] INFO Breadcrumb QueryService(IShellBrowser) failed: 0x80004001
[2025-11-26T20:20:54.724Z][pid 17808][tid 18144] INFO Breadcrumb ribbon frame discovered via IShellBrowser (hwnd=0000000005222CAA)
[2025-11-26T20:20:54.724Z][pid 17808][tid 18144] INFO Breadcrumb ribbon frame discovered via IWebBrowser2 (hwnd=0000000005222CAA)
[2025-11-26T20:20:54.725Z][pid 17808][tid 18144] INFO Breadcrumb toolbar located via window enumeration (hwnd=00000000020506BA)
[2025-11-26T20:20:54.725Z][pid 17808][tid 18144] INFO Explorer pane creation watch cleared (view=0000000000AD0718)
[2025-11-26T20:20:54.725Z][pid 17808][tid 18144] INFO Status bar background reset (hwnd=0000000000150260 previous=0xFF000000)
[2025-11-26T20:20:54.725Z][pid 17808][tid 18144] INFO Cleared Open In New Tab pending state
[2025-11-26T20:20:54.725Z][pid 17808][tid 18144] INFO Installed shell view window subclass (view=0000000000AD0718)
[2025-11-26T20:20:54.725Z][pid 17808][tid 18144] INFO Installed explorer frame subclass (frame=0000000005470662)
[2025-11-26T20:20:54.725Z][pid 17808][tid 18144] INFO Cleared Open In New Tab pending state
[2025-11-26T20:20:54.725Z][pid 17808][tid 18144] INFO Explorer view base subclass ready (view=0000000000AD0718 frame=0000000005470662)
[2025-11-26T20:20:54.726Z][pid 17808][tid 18144] VERBOSE DirectUI IUIElement unavailable (hr=0x80004001)
[2025-11-26T20:20:54.726Z][pid 17808][tid 18144] INFO Installed explorer DirectUI host subclass (direct=0000000004B5282E)
[2025-11-26T20:20:54.726Z][pid 17808][tid 18144] INFO Installed explorer tree view subclass (tree=000000000003003A)
[2025-11-26T20:20:54.726Z][pid 17808][tid 18144] INFO Explorer status bar discovered (hwnd=0000000000150260)
[2025-11-26T20:20:54.727Z][pid 17808][tid 18144] INFO Status bar theme background updated (hwnd=0000000000150260 new=0x00191919)
[2025-11-26T20:20:54.727Z][pid 17808][tid 18144] INFO Status bar theme text color updated (hwnd=0000000000150260 new=0x00FFFFFF)
[2025-11-26T20:20:54.727Z][pid 17808][tid 18144] INFO Registered glow surface edit (hwnd=0000000000080020)
[2025-11-26T20:20:54.728Z][pid 17808][tid 18144] INFO Explorer pane creation watch armed (view=0000000000AD0718 list=1 tree=0)
[2025-11-26T20:20:54.728Z][pid 17808][tid 18144] INFO Explorer pane fallback timer armed (view=0000000000AD0718 delay=500)
[2025-11-26T20:20:54.728Z][pid 17808][tid 18144] INFO Explorer panes not ready: list view missing (view=0000000000AD0718)
[2025-11-26T20:20:54.728Z][pid 17808][tid 18144] INFO Explorer pane retry timer armed (view=0000000000AD0718 delay=500 attempts=1)
[2025-11-26T20:20:54.768Z][pid 17808][tid 18144] INFO TabBand::UpdateTabsUI applying 3 items
[2025-11-26T20:20:54.770Z][pid 17808][tid 18144] INFO Breadcrumb QueryService(IShellBrowser) failed: 0x80004001
[2025-11-26T20:20:54.770Z][pid 17808][tid 18144] INFO Breadcrumb ribbon frame discovered via IShellBrowser (hwnd=0000000005222CAA)
[2025-11-26T20:20:54.770Z][pid 17808][tid 18144] INFO Breadcrumb ribbon frame discovered via IWebBrowser2 (hwnd=0000000005222CAA)
[2025-11-26T20:20:54.770Z][pid 17808][tid 18144] INFO Breadcrumb toolbar located via window enumeration (hwnd=00000000020506BA)
[2025-11-26T20:20:54.770Z][pid 17808][tid 18144] INFO Explorer pane creation watch cleared (view=0000000000AD0718)
[2025-11-26T20:20:54.771Z][pid 17808][tid 18144] INFO Status bar background reset (hwnd=0000000000150260 previous=0xFF000000)
[2025-11-26T20:20:54.771Z][pid 17808][tid 18144] INFO Cleared Open In New Tab pending state
[2025-11-26T20:20:54.771Z][pid 17808][tid 18144] INFO Installed shell view window subclass (view=0000000000AD0718)
[2025-11-26T20:20:54.771Z][pid 17808][tid 18144] INFO Installed explorer frame subclass (frame=0000000005470662)
[2025-11-26T20:20:54.771Z][pid 17808][tid 18144] INFO Cleared Open In New Tab pending state
[2025-11-26T20:20:54.771Z][pid 17808][tid 18144] INFO Explorer view base subclass ready (view=0000000000AD0718 frame=0000000005470662)
[2025-11-26T20:20:54.771Z][pid 17808][tid 18144] VERBOSE DirectUI IUIElement unavailable (hr=0x80004001)
[2025-11-26T20:20:54.771Z][pid 17808][tid 18144] INFO Installed explorer DirectUI host subclass (direct=0000000004B5282E)
[2025-11-26T20:20:54.772Z][pid 17808][tid 18144] INFO Installed explorer tree view subclass (tree=000000000003003A)
[2025-11-26T20:20:54.772Z][pid 17808][tid 18144] INFO Explorer status bar discovered (hwnd=0000000000150260)
[2025-11-26T20:20:54.773Z][pid 17808][tid 18144] INFO Status bar theme background updated (hwnd=0000000000150260 new=0x00191919)
[2025-11-26T20:20:54.773Z][pid 17808][tid 18144] INFO Status bar theme text color updated (hwnd=0000000000150260 new=0x00FFFFFF)
[2025-11-26T20:20:54.773Z][pid 17808][tid 18144] INFO Registered glow surface edit (hwnd=0000000000080020)
[2025-11-26T20:20:54.774Z][pid 17808][tid 18144] INFO Explorer pane creation watch armed (view=0000000000AD0718 list=1 tree=0)
[2025-11-26T20:20:54.774Z][pid 17808][tid 18144] INFO Explorer pane fallback timer armed (view=0000000000AD0718 delay=500)
[2025-11-26T20:20:54.774Z][pid 17808][tid 18144] INFO Explorer panes not ready: list view missing (view=0000000000AD0718)
[2025-11-26T20:20:54.775Z][pid 17808][tid 18144] INFO Explorer pane retry timer armed (view=0000000000AD0718 delay=500 attempts=1)
[2025-11-26T20:20:54.814Z][pid 17808][tid 18144] INFO Installed explorer list host subclass (host=0000000005470662)
[2025-11-26T20:20:54.814Z][pid 17808][tid 18144] INFO Installed explorer list host subclass (host=00000000015301C4)
[2025-11-26T20:20:54.815Z][pid 17808][tid 18144] INFO Installed explorer list host subclass (host=00000000003826A4)
[2025-11-26T20:20:54.815Z][pid 17808][tid 18144] INFO Installed explorer list host subclass (host=0000000005222CAA)
[2025-11-26T20:20:54.815Z][pid 17808][tid 18144] INFO Installed explorer list host subclass (host=00000000085502AC)
[2025-11-26T20:20:56.473Z][pid 17808][tid 18144] INFO TabBand::UpdateTabsUI applying 3 items
[2025-11-26T20:20:56.474Z][pid 17808][tid 18144] INFO Tab diff: +1 -1 move=0 update=0 rows=1 incremental=false
[2025-11-26T20:20:56.480Z][pid 17808][tid 18144] INFO Breadcrumb QueryService(IShellBrowser) failed: 0x80004001
[2025-11-26T20:20:56.481Z][pid 17808][tid 18144] INFO Breadcrumb ribbon frame discovered via IShellBrowser (hwnd=0000000005222CAA)
[2025-11-26T20:20:56.481Z][pid 17808][tid 18144] INFO Breadcrumb ribbon frame discovered via IWebBrowser2 (hwnd=0000000005222CAA)
[2025-11-26T20:20:56.481Z][pid 17808][tid 18144] INFO Breadcrumb toolbar located via window enumeration (hwnd=00000000020506BA)
[2025-11-26T20:20:56.481Z][pid 17808][tid 18144] INFO Explorer pane creation watch cleared (view=0000000000000000)
[2025-11-26T20:20:56.481Z][pid 17808][tid 18144] INFO Status bar background reset (hwnd=0000000000150260 previous=0xFF000000)
[2025-11-26T20:20:56.481Z][pid 17808][tid 18144] INFO Cleared Open In New Tab pending state
[2025-11-26T20:20:56.481Z][pid 17808][tid 18144] INFO Installed shell view window subclass (view=000000000076253C)
[2025-11-26T20:20:56.481Z][pid 17808][tid 18144] INFO Installed explorer frame subclass (frame=0000000005470662)
[2025-11-26T20:20:56.482Z][pid 17808][tid 18144] INFO Cleared Open In New Tab pending state
[2025-11-26T20:20:56.482Z][pid 17808][tid 18144] INFO Explorer view base subclass ready (view=000000000076253C frame=0000000005470662)
[2025-11-26T20:20:56.482Z][pid 17808][tid 18144] VERBOSE DirectUI IUIElement unavailable (hr=0x80004001)
[2025-11-26T20:20:56.482Z][pid 17808][tid 18144] INFO Installed explorer DirectUI host subclass (direct=0000000000B124C6)
[2025-11-26T20:20:56.482Z][pid 17808][tid 18144] INFO Installed explorer tree view subclass (tree=000000000003003A)
[2025-11-26T20:20:56.482Z][pid 17808][tid 18144] INFO Explorer status bar discovered (hwnd=0000000000150260)
[2025-11-26T20:20:56.483Z][pid 17808][tid 18144] INFO Status bar theme background updated (hwnd=0000000000150260 new=0x00191919)
[2025-11-26T20:20:56.483Z][pid 17808][tid 18144] INFO Status bar theme text color updated (hwnd=0000000000150260 new=0x00FFFFFF)
[2025-11-26T20:20:56.483Z][pid 17808][tid 18144] INFO Registered glow surface edit (hwnd=0000000000080020)
[2025-11-26T20:20:56.484Z][pid 17808][tid 18144] INFO Explorer pane creation watch armed (view=000000000076253C list=1 tree=0)
[2025-11-26T20:20:56.484Z][pid 17808][tid 18144] INFO Explorer pane fallback timer armed (view=000000000076253C delay=500)
[2025-11-26T20:20:56.484Z][pid 17808][tid 18144] INFO Explorer panes not ready: list view missing (view=000000000076253C)
[2025-11-26T20:20:56.484Z][pid 17808][tid 18144] INFO Explorer pane retry timer armed (view=000000000076253C delay=500 attempts=1)
[2025-11-26T20:20:56.485Z][pid 17808][tid 18144] INFO TabBand::UpdateTabsUI applying 3 items
[2025-11-26T20:20:56.486Z][pid 17808][tid 18144] INFO Breadcrumb QueryService(IShellBrowser) failed: 0x80004001
[2025-11-26T20:20:56.486Z][pid 17808][tid 18144] INFO Breadcrumb ribbon frame discovered via IShellBrowser (hwnd=0000000005222CAA)
[2025-11-26T20:20:56.486Z][pid 17808][tid 18144] INFO Breadcrumb ribbon frame discovered via IWebBrowser2 (hwnd=0000000005222CAA)
[2025-11-26T20:20:56.486Z][pid 17808][tid 18144] INFO Breadcrumb toolbar located via window enumeration (hwnd=00000000020506BA)
[2025-11-26T20:20:56.486Z][pid 17808][tid 18144] INFO Explorer pane creation watch cleared (view=000000000076253C)
[2025-11-26T20:20:56.486Z][pid 17808][tid 18144] INFO Status bar background reset (hwnd=0000000000150260 previous=0xFF000000)
[2025-11-26T20:20:56.487Z][pid 17808][tid 18144] INFO Cleared Open In New Tab pending state
[2025-11-26T20:20:56.487Z][pid 17808][tid 18144] INFO Installed shell view window subclass (view=000000000076253C)
[2025-11-26T20:20:56.487Z][pid 17808][tid 18144] INFO Installed explorer frame subclass (frame=0000000005470662)
[2025-11-26T20:20:56.487Z][pid 17808][tid 18144] INFO Cleared Open In New Tab pending state
[2025-11-26T20:20:56.487Z][pid 17808][tid 18144] INFO Explorer view base subclass ready (view=000000000076253C frame=0000000005470662)
[2025-11-26T20:20:56.488Z][pid 17808][tid 18144] VERBOSE DirectUI IUIElement unavailable (hr=0x80004001)
[2025-11-26T20:20:56.488Z][pid 17808][tid 18144] INFO Installed explorer DirectUI host subclass (direct=0000000000B124C6)
[2025-11-26T20:20:56.488Z][pid 17808][tid 18144] INFO Installed explorer tree view subclass (tree=000000000003003A)
[2025-11-26T20:20:56.488Z][pid 17808][tid 18144] INFO Explorer status bar discovered (hwnd=0000000000150260)
[2025-11-26T20:20:56.489Z][pid 17808][tid 18144] INFO Status bar theme background updated (hwnd=0000000000150260 new=0x00191919)
[2025-11-26T20:20:56.489Z][pid 17808][tid 18144] INFO Status bar theme text color updated (hwnd=0000000000150260 new=0x00FFFFFF)
[2025-11-26T20:20:56.489Z][pid 17808][tid 18144] INFO Registered glow surface edit (hwnd=0000000000080020)
[2025-11-26T20:20:56.490Z][pid 17808][tid 18144] INFO Explorer pane creation watch armed (view=000000000076253C list=1 tree=0)
[2025-11-26T20:20:56.490Z][pid 17808][tid 18144] INFO Explorer pane fallback timer armed (view=000000000076253C delay=500)
[2025-11-26T20:20:56.490Z][pid 17808][tid 18144] INFO Explorer panes not ready: list view missing (view=000000000076253C)
[2025-11-26T20:20:56.490Z][pid 17808][tid 18144] INFO Explorer pane retry timer armed (view=000000000076253C delay=500 attempts=1)
[2025-11-26T20:20:56.541Z][pid 17808][tid 18144] INFO TabBand::UpdateTabsUI applying 3 items
[2025-11-26T20:20:56.543Z][pid 17808][tid 18144] INFO Breadcrumb QueryService(IShellBrowser) failed: 0x80004001
[2025-11-26T20:20:56.543Z][pid 17808][tid 18144] INFO Breadcrumb ribbon frame discovered via IShellBrowser (hwnd=0000000005222CAA)
[2025-11-26T20:20:56.543Z][pid 17808][tid 18144] INFO Breadcrumb ribbon frame discovered via IWebBrowser2 (hwnd=0000000005222CAA)
[2025-11-26T20:20:56.543Z][pid 17808][tid 18144] INFO Breadcrumb toolbar located via window enumeration (hwnd=00000000020506BA)
[2025-11-26T20:20:56.543Z][pid 17808][tid 18144] INFO Explorer pane creation watch cleared (view=000000000076253C)
[2025-11-26T20:20:56.544Z][pid 17808][tid 18144] INFO Status bar background reset (hwnd=0000000000150260 previous=0xFF000000)
[2025-11-26T20:20:56.544Z][pid 17808][tid 18144] INFO Cleared Open In New Tab pending state
[2025-11-26T20:20:56.544Z][pid 17808][tid 18144] INFO Installed shell view window subclass (view=000000000076253C)
[2025-11-26T20:20:56.544Z][pid 17808][tid 18144] INFO Installed explorer frame subclass (frame=0000000005470662)
[2025-11-26T20:20:56.544Z][pid 17808][tid 18144] INFO Cleared Open In New Tab pending state
[2025-11-26T20:20:56.544Z][pid 17808][tid 18144] INFO Explorer view base subclass ready (view=000000000076253C frame=0000000005470662)
[2025-11-26T20:20:56.544Z][pid 17808][tid 18144] VERBOSE DirectUI IUIElement unavailable (hr=0x80004001)
[2025-11-26T20:20:56.544Z][pid 17808][tid 18144] INFO Installed explorer DirectUI host subclass (direct=0000000000B124C6)
[2025-11-26T20:20:56.544Z][pid 17808][tid 18144] INFO Installed explorer tree view subclass (tree=000000000003003A)
[2025-11-26T20:20:56.545Z][pid 17808][tid 18144] INFO Explorer status bar discovered (hwnd=0000000000150260)
[2025-11-26T20:20:56.546Z][pid 17808][tid 18144] INFO Status bar theme background updated (hwnd=0000000000150260 new=0x00191919)
[2025-11-26T20:20:56.546Z][pid 17808][tid 18144] INFO Status bar theme text color updated (hwnd=0000000000150260 new=0x00FFFFFF)
[2025-11-26T20:20:56.546Z][pid 17808][tid 18144] INFO Registered glow surface edit (hwnd=0000000000080020)
[2025-11-26T20:20:56.547Z][pid 17808][tid 18144] INFO Explorer pane creation watch armed (view=000000000076253C list=1 tree=0)
[2025-11-26T20:20:56.547Z][pid 17808][tid 18144] INFO Explorer pane fallback timer armed (view=000000000076253C delay=500)
[2025-11-26T20:20:56.547Z][pid 17808][tid 18144] INFO Explorer panes not ready: list view missing (view=000000000076253C)
[2025-11-26T20:20:56.548Z][pid 17808][tid 18144] INFO Explorer pane retry timer armed (view=000000000076253C delay=500 attempts=1)
[2025-11-26T20:20:56.574Z][pid 17808][tid 18144] INFO Installed explorer list host subclass (host=0000000005470662)
[2025-11-26T20:20:56.575Z][pid 17808][tid 18144] INFO Installed explorer list host subclass (host=00000000015301C4)
[2025-11-26T20:20:56.575Z][pid 17808][tid 18144] INFO Installed explorer list host subclass (host=00000000003826A4)
[2025-11-26T20:20:56.575Z][pid 17808][tid 18144] INFO Installed explorer list host subclass (host=0000000005222CAA)
[2025-11-26T20:20:56.575Z][pid 17808][tid 18144] INFO Installed explorer list host subclass (host=00000000085502AC)
[2025-11-26T20:20:58.098Z][pid 17808][tid 18144] INFO TabBand::UpdateTabsUI applying 3 items
[2025-11-26T20:20:58.101Z][pid 17808][tid 18144] INFO Tab diff: +1 -1 move=0 update=0 rows=1 incremental=false
[2025-11-26T20:20:58.105Z][pid 17808][tid 18144] INFO Breadcrumb QueryService(IShellBrowser) failed: 0x80004001
[2025-11-26T20:20:58.105Z][pid 17808][tid 18144] INFO Breadcrumb ribbon frame discovered via IShellBrowser (hwnd=0000000005222CAA)
[2025-11-26T20:20:58.105Z][pid 17808][tid 18144] INFO Breadcrumb ribbon frame discovered via IWebBrowser2 (hwnd=0000000005222CAA)
[2025-11-26T20:20:58.106Z][pid 17808][tid 18144] INFO Breadcrumb toolbar located via window enumeration (hwnd=00000000020506BA)
[2025-11-26T20:20:58.106Z][pid 17808][tid 18144] INFO Explorer pane creation watch cleared (view=0000000000000000)
[2025-11-26T20:20:58.106Z][pid 17808][tid 18144] INFO Status bar background reset (hwnd=0000000000150260 previous=0xFF000000)
[2025-11-26T20:20:58.106Z][pid 17808][tid 18144] INFO Cleared Open In New Tab pending state
[2025-11-26T20:20:58.106Z][pid 17808][tid 18144] INFO Installed shell view window subclass (view=0000000001A4051E)
[2025-11-26T20:20:58.106Z][pid 17808][tid 18144] INFO Installed explorer frame subclass (frame=0000000005470662)
[2025-11-26T20:20:58.106Z][pid 17808][tid 18144] INFO Cleared Open In New Tab pending state
[2025-11-26T20:20:58.106Z][pid 17808][tid 18144] INFO Explorer view base subclass ready (view=0000000001A4051E frame=0000000005470662)
[2025-11-26T20:20:58.106Z][pid 17808][tid 18144] VERBOSE DirectUI IUIElement unavailable (hr=0x80004001)
[2025-11-26T20:20:58.107Z][pid 17808][tid 18144] INFO Installed explorer DirectUI host subclass (direct=0000000000AE0718)
[2025-11-26T20:20:58.107Z][pid 17808][tid 18144] INFO Installed explorer tree view subclass (tree=000000000003003A)
[2025-11-26T20:20:58.107Z][pid 17808][tid 18144] INFO Explorer status bar discovered (hwnd=0000000000150260)
[2025-11-26T20:20:58.108Z][pid 17808][tid 18144] INFO Status bar theme background updated (hwnd=0000000000150260 new=0x00191919)
[2025-11-26T20:20:58.108Z][pid 17808][tid 18144] INFO Status bar theme text color updated (hwnd=0000000000150260 new=0x00FFFFFF)
[2025-11-26T20:20:58.109Z][pid 17808][tid 18144] INFO Registered glow surface edit (hwnd=0000000000080020)
[2025-11-26T20:20:58.109Z][pid 17808][tid 18144] INFO Explorer pane creation watch armed (view=0000000001A4051E list=1 tree=0)
[2025-11-26T20:20:58.109Z][pid 17808][tid 18144] INFO Explorer pane fallback timer armed (view=0000000001A4051E delay=500)
[2025-11-26T20:20:58.109Z][pid 17808][tid 18144] INFO Explorer panes not ready: list view missing (view=0000000001A4051E)
[2025-11-26T20:20:58.110Z][pid 17808][tid 18144] INFO Explorer pane retry timer armed (view=0000000001A4051E delay=500 attempts=1)
[2025-11-26T20:20:58.110Z][pid 17808][tid 18144] INFO TabBand::UpdateTabsUI applying 3 items
[2025-11-26T20:20:58.111Z][pid 17808][tid 18144] INFO Breadcrumb QueryService(IShellBrowser) failed: 0x80004001
[2025-11-26T20:20:58.111Z][pid 17808][tid 18144] INFO Breadcrumb ribbon frame discovered via IShellBrowser (hwnd=0000000005222CAA)
[2025-11-26T20:20:58.111Z][pid 17808][tid 18144] INFO Breadcrumb ribbon frame discovered via IWebBrowser2 (hwnd=0000000005222CAA)
[2025-11-26T20:20:58.111Z][pid 17808][tid 18144] INFO Breadcrumb toolbar located via window enumeration (hwnd=00000000020506BA)
[2025-11-26T20:20:58.111Z][pid 17808][tid 18144] INFO Explorer pane creation watch cleared (view=0000000001A4051E)
[2025-11-26T20:20:58.112Z][pid 17808][tid 18144] INFO Status bar background reset (hwnd=0000000000150260 previous=0xFF000000)
[2025-11-26T20:20:58.112Z][pid 17808][tid 18144] INFO Cleared Open In New Tab pending state
[2025-11-26T20:20:58.112Z][pid 17808][tid 18144] INFO Installed shell view window subclass (view=0000000001A4051E)
[2025-11-26T20:20:58.112Z][pid 17808][tid 18144] INFO Installed explorer frame subclass (frame=0000000005470662)
[2025-11-26T20:20:58.112Z][pid 17808][tid 18144] INFO Cleared Open In New Tab pending state
[2025-11-26T20:20:58.112Z][pid 17808][tid 18144] INFO Explorer view base subclass ready (view=0000000001A4051E frame=0000000005470662)
[2025-11-26T20:20:58.112Z][pid 17808][tid 18144] VERBOSE DirectUI IUIElement unavailable (hr=0x80004001)
[2025-11-26T20:20:58.112Z][pid 17808][tid 18144] INFO Installed explorer DirectUI host subclass (direct=0000000000AE0718)
[2025-11-26T20:20:58.113Z][pid 17808][tid 18144] INFO Installed explorer tree view subclass (tree=000000000003003A)
[2025-11-26T20:20:58.113Z][pid 17808][tid 18144] INFO Explorer status bar discovered (hwnd=0000000000150260)
[2025-11-26T20:20:58.114Z][pid 17808][tid 18144] INFO Status bar theme background updated (hwnd=0000000000150260 new=0x00191919)
[2025-11-26T20:20:58.114Z][pid 17808][tid 18144] INFO Status bar theme text color updated (hwnd=0000000000150260 new=0x00FFFFFF)
[2025-11-26T20:20:58.114Z][pid 17808][tid 18144] INFO Registered glow surface edit (hwnd=0000000000080020)
[2025-11-26T20:20:58.115Z][pid 17808][tid 18144] INFO Explorer pane creation watch armed (view=0000000001A4051E list=1 tree=0)
[2025-11-26T20:20:58.115Z][pid 17808][tid 18144] INFO Explorer pane fallback timer armed (view=0000000001A4051E delay=500)
[2025-11-26T20:20:58.115Z][pid 17808][tid 18144] INFO Explorer panes not ready: list view missing (view=0000000001A4051E)
[2025-11-26T20:20:58.115Z][pid 17808][tid 18144] INFO Explorer pane retry timer armed (view=0000000001A4051E delay=500 attempts=1)
[2025-11-26T20:20:58.151Z][pid 17808][tid 18144] INFO TabBand::UpdateTabsUI applying 3 items
[2025-11-26T20:20:58.153Z][pid 17808][tid 18144] INFO Breadcrumb QueryService(IShellBrowser) failed: 0x80004001
[2025-11-26T20:20:58.153Z][pid 17808][tid 18144] INFO Breadcrumb ribbon frame discovered via IShellBrowser (hwnd=0000000005222CAA)
[2025-11-26T20:20:58.153Z][pid 17808][tid 18144] INFO Breadcrumb ribbon frame discovered via IWebBrowser2 (hwnd=0000000005222CAA)
[2025-11-26T20:20:58.154Z][pid 17808][tid 18144] INFO Breadcrumb toolbar located via window enumeration (hwnd=00000000020506BA)
[2025-11-26T20:20:58.154Z][pid 17808][tid 18144] INFO Explorer pane creation watch cleared (view=0000000001A4051E)
[2025-11-26T20:20:58.154Z][pid 17808][tid 18144] INFO Status bar background reset (hwnd=0000000000150260 previous=0xFF000000)
[2025-11-26T20:20:58.154Z][pid 17808][tid 18144] INFO Cleared Open In New Tab pending state
[2025-11-26T20:20:58.154Z][pid 17808][tid 18144] INFO Installed shell view window subclass (view=0000000001A4051E)
[2025-11-26T20:20:58.154Z][pid 17808][tid 18144] INFO Installed explorer frame subclass (frame=0000000005470662)
[2025-11-26T20:20:58.154Z][pid 17808][tid 18144] INFO Cleared Open In New Tab pending state
[2025-11-26T20:20:58.154Z][pid 17808][tid 18144] INFO Explorer view base subclass ready (view=0000000001A4051E frame=0000000005470662)
[2025-11-26T20:20:58.154Z][pid 17808][tid 18144] VERBOSE DirectUI IUIElement unavailable (hr=0x80004001)
[2025-11-26T20:20:58.155Z][pid 17808][tid 18144] INFO Installed explorer DirectUI host subclass (direct=0000000000AE0718)
[2025-11-26T20:20:58.155Z][pid 17808][tid 18144] INFO Installed explorer tree view subclass (tree=000000000003003A)
[2025-11-26T20:20:58.155Z][pid 17808][tid 18144] INFO Explorer status bar discovered (hwnd=0000000000150260)
[2025-11-26T20:20:58.156Z][pid 17808][tid 18144] INFO Status bar theme background updated (hwnd=0000000000150260 new=0x00191919)
[2025-11-26T20:20:58.156Z][pid 17808][tid 18144] INFO Status bar theme text color updated (hwnd=0000000000150260 new=0x00FFFFFF)
[2025-11-26T20:20:58.156Z][pid 17808][tid 18144] INFO Registered glow surface edit (hwnd=0000000000080020)
[2025-11-26T20:20:58.158Z][pid 17808][tid 18144] INFO Explorer pane creation watch armed (view=0000000001A4051E list=1 tree=0)
[2025-11-26T20:20:58.158Z][pid 17808][tid 18144] INFO Explorer pane fallback timer armed (view=0000000001A4051E delay=500)
[2025-11-26T20:20:58.158Z][pid 17808][tid 18144] INFO Explorer panes not ready: list view missing (view=0000000001A4051E)
[2025-11-26T20:20:58.158Z][pid 17808][tid 18144] INFO Explorer pane retry timer armed (view=0000000001A4051E delay=500 attempts=1)
[2025-11-26T20:20:58.232Z][pid 17808][tid 18144] INFO Installed explorer list host subclass (host=0000000005470662)
[2025-11-26T20:20:58.233Z][pid 17808][tid 18144] INFO Installed explorer list host subclass (host=00000000015301C4)
[2025-11-26T20:20:58.233Z][pid 17808][tid 18144] INFO Installed explorer list host subclass (host=00000000003826A4)
[2025-11-26T20:20:58.233Z][pid 17808][tid 18144] INFO Installed explorer list host subclass (host=0000000005222CAA)
[2025-11-26T20:20:58.233Z][pid 17808][tid 18144] INFO Installed explorer list host subclass (host=00000000085502AC)
[2025-11-26T20:21:00.298Z][pid 17808][tid 18144] WARN Status bar custom draw timeout; forcing theme detours (hwnd=0000000000150260)
[2025-11-26T20:21:00.573Z][pid 17808][tid 18144] INFO TabBand::UpdateTabsUI applying 3 items
[2025-11-26T20:21:00.575Z][pid 17808][tid 18144] INFO Tab diff: +1 -1 move=0 update=0 rows=1 incremental=false
[2025-11-26T20:21:00.581Z][pid 17808][tid 18144] INFO Breadcrumb QueryService(IShellBrowser) failed: 0x80004001
[2025-11-26T20:21:00.581Z][pid 17808][tid 18144] INFO Breadcrumb ribbon frame discovered via IShellBrowser (hwnd=0000000005222CAA)
[2025-11-26T20:21:00.581Z][pid 17808][tid 18144] INFO Breadcrumb ribbon frame discovered via IWebBrowser2 (hwnd=0000000005222CAA)
[2025-11-26T20:21:00.581Z][pid 17808][tid 18144] INFO Breadcrumb toolbar located via window enumeration (hwnd=00000000020506BA)
[2025-11-26T20:21:00.582Z][pid 17808][tid 18144] INFO Explorer pane creation watch cleared (view=0000000000000000)
[2025-11-26T20:21:00.582Z][pid 17808][tid 18144] INFO Status bar background reset (hwnd=0000000000150260 previous=0xFF000000)
[2025-11-26T20:21:00.582Z][pid 17808][tid 18144] INFO Cleared Open In New Tab pending state
[2025-11-26T20:21:00.582Z][pid 17808][tid 18144] INFO Installed shell view window subclass (view=0000000000E22C82)
[2025-11-26T20:21:00.582Z][pid 17808][tid 18144] INFO Installed explorer frame subclass (frame=0000000005470662)
[2025-11-26T20:21:00.582Z][pid 17808][tid 18144] INFO Cleared Open In New Tab pending state
[2025-11-26T20:21:00.582Z][pid 17808][tid 18144] INFO Explorer view base subclass ready (view=0000000000E22C82 frame=0000000005470662)
[2025-11-26T20:21:00.582Z][pid 17808][tid 18144] VERBOSE DirectUI IUIElement unavailable (hr=0x80004001)
[2025-11-26T20:21:00.582Z][pid 17808][tid 18144] INFO Installed explorer DirectUI host subclass (direct=0000000000F62696)
[2025-11-26T20:21:00.583Z][pid 17808][tid 18144] INFO Installed explorer tree view subclass (tree=000000000003003A)
[2025-11-26T20:21:00.583Z][pid 17808][tid 18144] INFO Explorer status bar discovered (hwnd=0000000000150260)
[2025-11-26T20:21:00.584Z][pid 17808][tid 18144] INFO Status bar theme background updated (hwnd=0000000000150260 new=0x00191919)
[2025-11-26T20:21:00.584Z][pid 17808][tid 18144] INFO Status bar theme text color updated (hwnd=0000000000150260 new=0x00FFFFFF)
[2025-11-26T20:21:00.584Z][pid 17808][tid 18144] INFO Registered glow surface edit (hwnd=0000000000080020)
[2025-11-26T20:21:00.585Z][pid 17808][tid 18144] INFO Explorer pane creation watch armed (view=0000000000E22C82 list=1 tree=0)
[2025-11-26T20:21:00.585Z][pid 17808][tid 18144] INFO Explorer pane fallback timer armed (view=0000000000E22C82 delay=500)
[2025-11-26T20:21:00.585Z][pid 17808][tid 18144] INFO Explorer panes not ready: list view missing (view=0000000000E22C82)
[2025-11-26T20:21:00.586Z][pid 17808][tid 18144] INFO Explorer pane retry timer armed (view=0000000000E22C82 delay=500 attempts=1)
[2025-11-26T20:21:00.586Z][pid 17808][tid 18144] INFO TabBand::UpdateTabsUI applying 3 items
[2025-11-26T20:21:00.586Z][pid 17808][tid 18144] INFO Breadcrumb QueryService(IShellBrowser) failed: 0x80004001
[2025-11-26T20:21:00.587Z][pid 17808][tid 18144] INFO Breadcrumb ribbon frame discovered via IShellBrowser (hwnd=0000000005222CAA)
[2025-11-26T20:21:00.587Z][pid 17808][tid 18144] INFO Breadcrumb ribbon frame discovered via IWebBrowser2 (hwnd=0000000005222CAA)
[2025-11-26T20:21:00.587Z][pid 17808][tid 18144] INFO Breadcrumb toolbar located via window enumeration (hwnd=00000000020506BA)
[2025-11-26T20:21:00.587Z][pid 17808][tid 18144] INFO Explorer pane creation watch cleared (view=0000000000E22C82)
[2025-11-26T20:21:00.587Z][pid 17808][tid 18144] INFO Status bar background reset (hwnd=0000000000150260 previous=0xFF000000)
[2025-11-26T20:21:00.587Z][pid 17808][tid 18144] INFO Cleared Open In New Tab pending state
[2025-11-26T20:21:00.588Z][pid 17808][tid 18144] INFO Installed shell view window subclass (view=0000000000E22C82)
[2025-11-26T20:21:00.588Z][pid 17808][tid 18144] INFO Installed explorer frame subclass (frame=0000000005470662)
[2025-11-26T20:21:00.588Z][pid 17808][tid 18144] INFO Cleared Open In New Tab pending state
[2025-11-26T20:21:00.588Z][pid 17808][tid 18144] INFO Explorer view base subclass ready (view=0000000000E22C82 frame=0000000005470662)
[2025-11-26T20:21:00.588Z][pid 17808][tid 18144] VERBOSE DirectUI IUIElement unavailable (hr=0x80004001)
[2025-11-26T20:21:00.588Z][pid 17808][tid 18144] INFO Installed explorer DirectUI host subclass (direct=0000000000F62696)
[2025-11-26T20:21:00.588Z][pid 17808][tid 18144] INFO Installed explorer tree view subclass (tree=000000000003003A)
[2025-11-26T20:21:00.588Z][pid 17808][tid 18144] INFO Explorer status bar discovered (hwnd=0000000000150260)
[2025-11-26T20:21:00.589Z][pid 17808][tid 18144] INFO Status bar theme background updated (hwnd=0000000000150260 new=0x00191919)
[2025-11-26T20:21:00.589Z][pid 17808][tid 18144] INFO Status bar theme text color updated (hwnd=0000000000150260 new=0x00FFFFFF)
[2025-11-26T20:21:00.589Z][pid 17808][tid 18144] INFO Registered glow surface edit (hwnd=0000000000080020)
[2025-11-26T20:21:00.590Z][pid 17808][tid 18144] INFO Explorer pane creation watch armed (view=0000000000E22C82 list=1 tree=0)
[2025-11-26T20:21:00.590Z][pid 17808][tid 18144] INFO Explorer pane fallback timer armed (view=0000000000E22C82 delay=500)
[2025-11-26T20:21:00.590Z][pid 17808][tid 18144] INFO Explorer panes not ready: list view missing (view=0000000000E22C82)
[2025-11-26T20:21:00.590Z][pid 17808][tid 18144] INFO Explorer pane retry timer armed (view=0000000000E22C82 delay=500 attempts=1)
[2025-11-26T20:21:00.619Z][pid 17808][tid 18144] INFO TabBand::UpdateTabsUI applying 3 items
[2025-11-26T20:21:00.621Z][pid 17808][tid 18144] INFO Breadcrumb QueryService(IShellBrowser) failed: 0x80004001
[2025-11-26T20:21:00.621Z][pid 17808][tid 18144] INFO Breadcrumb ribbon frame discovered via IShellBrowser (hwnd=0000000005222CAA)
[2025-11-26T20:21:00.621Z][pid 17808][tid 18144] INFO Breadcrumb ribbon frame discovered via IWebBrowser2 (hwnd=0000000005222CAA)
[2025-11-26T20:21:00.621Z][pid 17808][tid 18144] INFO Breadcrumb toolbar located via window enumeration (hwnd=00000000020506BA)
[2025-11-26T20:21:00.621Z][pid 17808][tid 18144] INFO Explorer pane creation watch cleared (view=0000000000E22C82)
[2025-11-26T20:21:00.621Z][pid 17808][tid 18144] INFO Status bar background reset (hwnd=0000000000150260 previous=0xFF000000)
[2025-11-26T20:21:00.622Z][pid 17808][tid 18144] INFO Cleared Open In New Tab pending state
[2025-11-26T20:21:00.622Z][pid 17808][tid 18144] INFO Installed shell view window subclass (view=0000000000E22C82)
[2025-11-26T20:21:00.622Z][pid 17808][tid 18144] INFO Installed explorer frame subclass (frame=0000000005470662)
[2025-11-26T20:21:00.622Z][pid 17808][tid 18144] INFO Cleared Open In New Tab pending state
[2025-11-26T20:21:00.622Z][pid 17808][tid 18144] INFO Explorer view base subclass ready (view=0000000000E22C82 frame=0000000005470662)
[2025-11-26T20:21:00.622Z][pid 17808][tid 18144] VERBOSE DirectUI IUIElement unavailable (hr=0x80004001)
[2025-11-26T20:21:00.622Z][pid 17808][tid 18144] INFO Installed explorer DirectUI host subclass (direct=0000000000F62696)
[2025-11-26T20:21:00.623Z][pid 17808][tid 18144] INFO Installed explorer tree view subclass (tree=000000000003003A)
[2025-11-26T20:21:00.623Z][pid 17808][tid 18144] INFO Explorer status bar discovered (hwnd=0000000000150260)
[2025-11-26T20:21:00.624Z][pid 17808][tid 18144] INFO Status bar theme background updated (hwnd=0000000000150260 new=0x00191919)
[2025-11-26T20:21:00.624Z][pid 17808][tid 18144] INFO Status bar theme text color updated (hwnd=0000000000150260 new=0x00FFFFFF)
[2025-11-26T20:21:00.624Z][pid 17808][tid 18144] INFO Registered glow surface edit (hwnd=0000000000080020)
[2025-11-26T20:21:00.625Z][pid 17808][tid 18144] INFO Explorer pane creation watch armed (view=0000000000E22C82 list=1 tree=0)
[2025-11-26T20:21:00.625Z][pid 17808][tid 18144] INFO Explorer pane fallback timer armed (view=0000000000E22C82 delay=500)
[2025-11-26T20:21:00.625Z][pid 17808][tid 18144] INFO Explorer panes not ready: list view missing (view=0000000000E22C82)
[2025-11-26T20:21:00.625Z][pid 17808][tid 18144] INFO Explorer pane retry timer armed (view=0000000000E22C82 delay=500 attempts=1)
[2025-11-26T20:21:00.651Z][pid 17808][tid 18144] INFO Installed explorer list host subclass (host=0000000005470662)
[2025-11-26T20:21:00.652Z][pid 17808][tid 18144] INFO Installed explorer list host subclass (host=00000000015301C4)
[2025-11-26T20:21:00.652Z][pid 17808][tid 18144] INFO Installed explorer list host subclass (host=00000000003826A4)
[2025-11-26T20:21:00.652Z][pid 17808][tid 18144] INFO Installed explorer list host subclass (host=0000000005222CAA)
[2025-11-26T20:21:00.652Z][pid 17808][tid 18144] INFO Installed explorer list host subclass (host=00000000085502AC)
[2025-11-26T20:21:01.816Z][pid 17808][tid 18144] INFO TabBand::UpdateTabsUI applying 3 items
[2025-11-26T20:21:01.817Z][pid 17808][tid 18144] INFO Tab diff: +1 -1 move=0 update=0 rows=1 incremental=false
[2025-11-26T20:21:01.823Z][pid 17808][tid 18144] INFO Breadcrumb QueryService(IShellBrowser) failed: 0x80004001
[2025-11-26T20:21:01.823Z][pid 17808][tid 18144] INFO Breadcrumb ribbon frame discovered via IShellBrowser (hwnd=0000000005222CAA)
[2025-11-26T20:21:01.823Z][pid 17808][tid 18144] INFO Breadcrumb ribbon frame discovered via IWebBrowser2 (hwnd=0000000005222CAA)
[2025-11-26T20:21:01.823Z][pid 17808][tid 18144] INFO Breadcrumb toolbar located via window enumeration (hwnd=00000000020506BA)
[2025-11-26T20:21:01.823Z][pid 17808][tid 18144] INFO Explorer pane creation watch cleared (view=0000000000000000)
[2025-11-26T20:21:01.824Z][pid 17808][tid 18144] INFO Status bar background reset (hwnd=0000000000150260 previous=0xFF000000)
[2025-11-26T20:21:01.824Z][pid 17808][tid 18144] INFO Cleared Open In New Tab pending state
[2025-11-26T20:21:01.824Z][pid 17808][tid 18144] INFO Installed shell view window subclass (view=00000000006F263C)
[2025-11-26T20:21:01.824Z][pid 17808][tid 18144] INFO Installed explorer frame subclass (frame=0000000005470662)
[2025-11-26T20:21:01.824Z][pid 17808][tid 18144] INFO Cleared Open In New Tab pending state
[2025-11-26T20:21:01.824Z][pid 17808][tid 18144] INFO Explorer view base subclass ready (view=00000000006F263C frame=0000000005470662)
[2025-11-26T20:21:01.824Z][pid 17808][tid 18144] VERBOSE DirectUI IUIElement unavailable (hr=0x80004001)
[2025-11-26T20:21:01.824Z][pid 17808][tid 18144] INFO Installed explorer DirectUI host subclass (direct=0000000001A5051E)
[2025-11-26T20:21:01.825Z][pid 17808][tid 18144] INFO Installed explorer tree view subclass (tree=000000000003003A)
[2025-11-26T20:21:01.825Z][pid 17808][tid 18144] INFO Explorer status bar discovered (hwnd=0000000000150260)
[2025-11-26T20:21:01.826Z][pid 17808][tid 18144] INFO Status bar theme background updated (hwnd=0000000000150260 new=0x00191919)
[2025-11-26T20:21:01.826Z][pid 17808][tid 18144] INFO Status bar theme text color updated (hwnd=0000000000150260 new=0x00FFFFFF)
[2025-11-26T20:21:01.826Z][pid 17808][tid 18144] INFO Registered glow surface edit (hwnd=0000000000080020)
[2025-11-26T20:21:01.827Z][pid 17808][tid 18144] INFO Explorer pane creation watch armed (view=00000000006F263C list=1 tree=0)
[2025-11-26T20:21:01.827Z][pid 17808][tid 18144] INFO Explorer pane fallback timer armed (view=00000000006F263C delay=500)
[2025-11-26T20:21:01.827Z][pid 17808][tid 18144] INFO Explorer panes not ready: list view missing (view=00000000006F263C)
[2025-11-26T20:21:01.827Z][pid 17808][tid 18144] INFO Explorer pane retry timer armed (view=00000000006F263C delay=500 attempts=1)
[2025-11-26T20:21:01.827Z][pid 17808][tid 18144] INFO TabBand::UpdateTabsUI applying 3 items
[2025-11-26T20:21:01.828Z][pid 17808][tid 18144] INFO Breadcrumb QueryService(IShellBrowser) failed: 0x80004001
[2025-11-26T20:21:01.828Z][pid 17808][tid 18144] INFO Breadcrumb ribbon frame discovered via IShellBrowser (hwnd=0000000005222CAA)
[2025-11-26T20:21:01.829Z][pid 17808][tid 18144] INFO Breadcrumb ribbon frame discovered via IWebBrowser2 (hwnd=0000000005222CAA)
[2025-11-26T20:21:01.829Z][pid 17808][tid 18144] INFO Breadcrumb toolbar located via window enumeration (hwnd=00000000020506BA)
[2025-11-26T20:21:01.829Z][pid 17808][tid 18144] INFO Explorer pane creation watch cleared (view=00000000006F263C)
[2025-11-26T20:21:01.829Z][pid 17808][tid 18144] INFO Status bar background reset (hwnd=0000000000150260 previous=0xFF000000)
[2025-11-26T20:21:01.829Z][pid 17808][tid 18144] INFO Cleared Open In New Tab pending state
[2025-11-26T20:21:01.829Z][pid 17808][tid 18144] INFO Installed shell view window subclass (view=00000000006F263C)
[2025-11-26T20:21:01.830Z][pid 17808][tid 18144] INFO Installed explorer frame subclass (frame=0000000005470662)
[2025-11-26T20:21:01.830Z][pid 17808][tid 18144] INFO Cleared Open In New Tab pending state
[2025-11-26T20:21:01.830Z][pid 17808][tid 18144] INFO Explorer view base subclass ready (view=00000000006F263C frame=0000000005470662)
[2025-11-26T20:21:01.830Z][pid 17808][tid 18144] VERBOSE DirectUI IUIElement unavailable (hr=0x80004001)
[2025-11-26T20:21:01.830Z][pid 17808][tid 18144] INFO Installed explorer DirectUI host subclass (direct=0000000001A5051E)
[2025-11-26T20:21:01.830Z][pid 17808][tid 18144] INFO Installed explorer tree view subclass (tree=000000000003003A)
[2025-11-26T20:21:01.830Z][pid 17808][tid 18144] INFO Explorer status bar discovered (hwnd=0000000000150260)
[2025-11-26T20:21:01.831Z][pid 17808][tid 18144] INFO Status bar theme background updated (hwnd=0000000000150260 new=0x00191919)
[2025-11-26T20:21:01.831Z][pid 17808][tid 18144] INFO Status bar theme text color updated (hwnd=0000000000150260 new=0x00FFFFFF)
[2025-11-26T20:21:01.831Z][pid 17808][tid 18144] INFO Registered glow surface edit (hwnd=0000000000080020)
[2025-11-26T20:21:01.832Z][pid 17808][tid 18144] INFO Explorer pane creation watch armed (view=00000000006F263C list=1 tree=0)
[2025-11-26T20:21:01.832Z][pid 17808][tid 18144] INFO Explorer pane fallback timer armed (view=00000000006F263C delay=500)
[2025-11-26T20:21:01.832Z][pid 17808][tid 18144] INFO Explorer panes not ready: list view missing (view=00000000006F263C)
[2025-11-26T20:21:01.833Z][pid 17808][tid 18144] INFO Explorer pane retry timer armed (view=00000000006F263C delay=500 attempts=1)
[2025-11-26T20:21:01.887Z][pid 17808][tid 18144] INFO TabBand::UpdateTabsUI applying 3 items
[2025-11-26T20:21:01.888Z][pid 17808][tid 18144] INFO Breadcrumb QueryService(IShellBrowser) failed: 0x80004001
[2025-11-26T20:21:01.888Z][pid 17808][tid 18144] INFO Breadcrumb ribbon frame discovered via IShellBrowser (hwnd=0000000005222CAA)
[2025-11-26T20:21:01.888Z][pid 17808][tid 18144] INFO Breadcrumb ribbon frame discovered via IWebBrowser2 (hwnd=0000000005222CAA)
[2025-11-26T20:21:01.889Z][pid 17808][tid 18144] INFO Breadcrumb toolbar located via window enumeration (hwnd=00000000020506BA)
[2025-11-26T20:21:01.889Z][pid 17808][tid 18144] INFO Explorer pane creation watch cleared (view=00000000006F263C)
[2025-11-26T20:21:01.889Z][pid 17808][tid 18144] INFO Status bar background reset (hwnd=0000000000150260 previous=0xFF000000)
[2025-11-26T20:21:01.889Z][pid 17808][tid 18144] INFO Cleared Open In New Tab pending state
[2025-11-26T20:21:01.889Z][pid 17808][tid 18144] INFO Installed shell view window subclass (view=00000000006F263C)
[2025-11-26T20:21:01.889Z][pid 17808][tid 18144] INFO Installed explorer frame subclass (frame=0000000005470662)
[2025-11-26T20:21:01.889Z][pid 17808][tid 18144] INFO Cleared Open In New Tab pending state
[2025-11-26T20:21:01.889Z][pid 17808][tid 18144] INFO Explorer view base subclass ready (view=00000000006F263C frame=0000000005470662)
[2025-11-26T20:21:01.889Z][pid 17808][tid 18144] VERBOSE DirectUI IUIElement unavailable (hr=0x80004001)
[2025-11-26T20:21:01.890Z][pid 17808][tid 18144] INFO Installed explorer DirectUI host subclass (direct=0000000001A5051E)
[2025-11-26T20:21:01.890Z][pid 17808][tid 18144] INFO Installed explorer tree view subclass (tree=000000000003003A)
[2025-11-26T20:21:01.890Z][pid 17808][tid 18144] INFO Explorer status bar discovered (hwnd=0000000000150260)
[2025-11-26T20:21:01.891Z][pid 17808][tid 18144] INFO Status bar theme background updated (hwnd=0000000000150260 new=0x00191919)
[2025-11-26T20:21:01.891Z][pid 17808][tid 18144] INFO Status bar theme text color updated (hwnd=0000000000150260 new=0x00FFFFFF)
[2025-11-26T20:21:01.891Z][pid 17808][tid 18144] INFO Registered glow surface edit (hwnd=0000000000080020)
[2025-11-26T20:21:01.893Z][pid 17808][tid 18144] INFO Explorer pane creation watch armed (view=00000000006F263C list=1 tree=0)
[2025-11-26T20:21:01.893Z][pid 17808][tid 18144] INFO Explorer pane fallback timer armed (view=00000000006F263C delay=500)
[2025-11-26T20:21:01.893Z][pid 17808][tid 18144] INFO Explorer panes not ready: list view missing (view=00000000006F263C)
[2025-11-26T20:21:01.893Z][pid 17808][tid 18144] INFO Explorer pane retry timer armed (view=00000000006F263C delay=500 attempts=1)
[2025-11-26T20:21:01.931Z][pid 17808][tid 18144] INFO Installed explorer list host subclass (host=0000000005470662)
[2025-11-26T20:21:01.931Z][pid 17808][tid 18144] INFO Installed explorer list host subclass (host=00000000015301C4)
[2025-11-26T20:21:01.931Z][pid 17808][tid 18144] INFO Installed explorer list host subclass (host=00000000003826A4)
[2025-11-26T20:21:01.932Z][pid 17808][tid 18144] INFO Installed explorer list host subclass (host=0000000005222CAA)
[2025-11-26T20:21:01.932Z][pid 17808][tid 18144] INFO Installed explorer list host subclass (host=00000000085502AC)
[2025-11-26T20:21:21.150Z][pid 17808][tid 18144] INFO TabBand::UpdateTabsUI applying 3 items
[2025-11-26T20:21:21.151Z][pid 17808][tid 18144] INFO Tab diff: +1 -1 move=0 update=0 rows=1 incremental=false
[2025-11-26T20:21:21.154Z][pid 17808][tid 18144] WARN Status bar custom draw timeout; forcing theme detours (hwnd=0000000000150260)
[2025-11-26T20:21:21.156Z][pid 17808][tid 18144] INFO Breadcrumb QueryService(IShellBrowser) failed: 0x80004001
[2025-11-26T20:21:21.156Z][pid 17808][tid 18144] INFO Breadcrumb ribbon frame discovered via IShellBrowser (hwnd=0000000005222CAA)
[2025-11-26T20:21:21.159Z][pid 17808][tid 18144] INFO Breadcrumb ribbon frame discovered via IWebBrowser2 (hwnd=0000000005222CAA)
[2025-11-26T20:21:21.159Z][pid 17808][tid 18144] INFO Breadcrumb toolbar located via window enumeration (hwnd=00000000020506BA)
[2025-11-26T20:21:21.159Z][pid 17808][tid 18144] INFO Explorer pane creation watch cleared (view=0000000000000000)
[2025-11-26T20:21:21.159Z][pid 17808][tid 18144] INFO Status bar background reset (hwnd=0000000000150260 previous=0xFF000000)
[2025-11-26T20:21:21.160Z][pid 17808][tid 18144] INFO Cleared Open In New Tab pending state
[2025-11-26T20:21:21.160Z][pid 17808][tid 18144] INFO Installed shell view window subclass (view=0000000002CA28B0)
[2025-11-26T20:21:21.160Z][pid 17808][tid 18144] INFO Installed explorer frame subclass (frame=0000000005470662)
[2025-11-26T20:21:21.160Z][pid 17808][tid 18144] INFO Cleared Open In New Tab pending state
[2025-11-26T20:21:21.160Z][pid 17808][tid 18144] INFO Explorer view base subclass ready (view=0000000002CA28B0 frame=0000000005470662)
[2025-11-26T20:21:21.160Z][pid 17808][tid 18144] VERBOSE DirectUI IUIElement unavailable (hr=0x80004001)
[2025-11-26T20:21:21.160Z][pid 17808][tid 18144] INFO Installed explorer DirectUI host subclass (direct=0000000002650654)
[2025-11-26T20:21:21.160Z][pid 17808][tid 18144] INFO Installed explorer tree view subclass (tree=000000000003003A)
[2025-11-26T20:21:21.161Z][pid 17808][tid 18144] INFO Explorer status bar discovered (hwnd=0000000000150260)
[2025-11-26T20:21:21.162Z][pid 17808][tid 18144] INFO Status bar theme background updated (hwnd=0000000000150260 new=0x00191919)
[2025-11-26T20:21:21.162Z][pid 17808][tid 18144] INFO Status bar theme text color updated (hwnd=0000000000150260 new=0x00FFFFFF)
[2025-11-26T20:21:21.162Z][pid 17808][tid 18144] INFO Registered glow surface edit (hwnd=0000000000080020)
[2025-11-26T20:21:21.163Z][pid 17808][tid 18144] INFO Explorer pane creation watch armed (view=0000000002CA28B0 list=1 tree=0)
[2025-11-26T20:21:21.163Z][pid 17808][tid 18144] INFO Explorer pane fallback timer armed (view=0000000002CA28B0 delay=500)
[2025-11-26T20:21:21.163Z][pid 17808][tid 18144] INFO Explorer panes not ready: list view missing (view=0000000002CA28B0)
[2025-11-26T20:21:21.163Z][pid 17808][tid 18144] INFO Explorer pane retry timer armed (view=0000000002CA28B0 delay=500 attempts=1)
[2025-11-26T20:21:21.164Z][pid 17808][tid 18144] INFO TabBand::UpdateTabsUI applying 3 items
[2025-11-26T20:21:21.164Z][pid 17808][tid 18144] INFO Breadcrumb QueryService(IShellBrowser) failed: 0x80004001
[2025-11-26T20:21:21.164Z][pid 17808][tid 18144] INFO Breadcrumb ribbon frame discovered via IShellBrowser (hwnd=0000000005222CAA)
[2025-11-26T20:21:21.165Z][pid 17808][tid 18144] INFO Breadcrumb ribbon frame discovered via IWebBrowser2 (hwnd=0000000005222CAA)
[2025-11-26T20:21:21.165Z][pid 17808][tid 18144] INFO Breadcrumb toolbar located via window enumeration (hwnd=00000000020506BA)
[2025-11-26T20:21:21.166Z][pid 17808][tid 18144] INFO Explorer pane creation watch cleared (view=0000000002CA28B0)
[2025-11-26T20:21:21.166Z][pid 17808][tid 18144] INFO Status bar background reset (hwnd=0000000000150260 previous=0xFF000000)
[2025-11-26T20:21:21.166Z][pid 17808][tid 18144] INFO Cleared Open In New Tab pending state
[2025-11-26T20:21:21.166Z][pid 17808][tid 18144] INFO Installed shell view window subclass (view=0000000002CA28B0)
[2025-11-26T20:21:21.166Z][pid 17808][tid 18144] INFO Installed explorer frame subclass (frame=0000000005470662)
[2025-11-26T20:21:21.166Z][pid 17808][tid 18144] INFO Cleared Open In New Tab pending state
[2025-11-26T20:21:21.166Z][pid 17808][tid 18144] INFO Explorer view base subclass ready (view=0000000002CA28B0 frame=0000000005470662)
[2025-11-26T20:21:21.166Z][pid 17808][tid 18144] VERBOSE DirectUI IUIElement unavailable (hr=0x80004001)
[2025-11-26T20:21:21.166Z][pid 17808][tid 18144] INFO Installed explorer DirectUI host subclass (direct=0000000002650654)
[2025-11-26T20:21:21.167Z][pid 17808][tid 18144] INFO Installed explorer tree view subclass (tree=000000000003003A)
[2025-11-26T20:21:21.167Z][pid 17808][tid 18144] INFO Explorer status bar discovered (hwnd=0000000000150260)
[2025-11-26T20:21:21.168Z][pid 17808][tid 18144] INFO Status bar theme background updated (hwnd=0000000000150260 new=0x00191919)
[2025-11-26T20:21:21.169Z][pid 17808][tid 18144] INFO Status bar theme text color updated (hwnd=0000000000150260 new=0x00FFFFFF)
[2025-11-26T20:21:21.169Z][pid 17808][tid 18144] INFO Registered glow surface edit (hwnd=0000000000080020)
[2025-11-26T20:21:21.170Z][pid 17808][tid 18144] INFO Explorer pane creation watch armed (view=0000000002CA28B0 list=1 tree=0)
[2025-11-26T20:21:21.170Z][pid 17808][tid 18144] INFO Explorer pane fallback timer armed (view=0000000002CA28B0 delay=500)
[2025-11-26T20:21:21.170Z][pid 17808][tid 18144] INFO Explorer panes not ready: list view missing (view=0000000002CA28B0)
[2025-11-26T20:21:21.171Z][pid 17808][tid 18144] INFO Explorer pane retry timer armed (view=0000000002CA28B0 delay=500 attempts=1)
[2025-11-26T20:21:21.206Z][pid 17808][tid 18144] INFO TabBand::UpdateTabsUI applying 3 items
[2025-11-26T20:21:21.207Z][pid 17808][tid 18144] INFO Breadcrumb QueryService(IShellBrowser) failed: 0x80004001
[2025-11-26T20:21:21.207Z][pid 17808][tid 18144] INFO Breadcrumb ribbon frame discovered via IShellBrowser (hwnd=0000000005222CAA)
[2025-11-26T20:21:21.207Z][pid 17808][tid 18144] INFO Breadcrumb ribbon frame discovered via IWebBrowser2 (hwnd=0000000005222CAA)
[2025-11-26T20:21:21.207Z][pid 17808][tid 18144] INFO Breadcrumb toolbar located via window enumeration (hwnd=00000000020506BA)
[2025-11-26T20:21:21.208Z][pid 17808][tid 18144] INFO Explorer pane creation watch cleared (view=0000000002CA28B0)
[2025-11-26T20:21:21.208Z][pid 17808][tid 18144] INFO Status bar background reset (hwnd=0000000000150260 previous=0xFF000000)
[2025-11-26T20:21:21.208Z][pid 17808][tid 18144] INFO Cleared Open In New Tab pending state
[2025-11-26T20:21:21.208Z][pid 17808][tid 18144] INFO Installed shell view window subclass (view=0000000002CA28B0)
[2025-11-26T20:21:21.208Z][pid 17808][tid 18144] INFO Installed explorer frame subclass (frame=0000000005470662)
[2025-11-26T20:21:21.208Z][pid 17808][tid 18144] INFO Cleared Open In New Tab pending state
[2025-11-26T20:21:21.208Z][pid 17808][tid 18144] INFO Explorer view base subclass ready (view=0000000002CA28B0 frame=0000000005470662)
[2025-11-26T20:21:21.208Z][pid 17808][tid 18144] VERBOSE DirectUI IUIElement unavailable (hr=0x80004001)
[2025-11-26T20:21:21.208Z][pid 17808][tid 18144] INFO Installed explorer DirectUI host subclass (direct=0000000002650654)
[2025-11-26T20:21:21.209Z][pid 17808][tid 18144] INFO Installed explorer tree view subclass (tree=000000000003003A)
[2025-11-26T20:21:21.209Z][pid 17808][tid 18144] INFO Explorer status bar discovered (hwnd=0000000000150260)
[2025-11-26T20:21:21.210Z][pid 17808][tid 18144] INFO Status bar theme background updated (hwnd=0000000000150260 new=0x00191919)
[2025-11-26T20:21:21.210Z][pid 17808][tid 18144] INFO Status bar theme text color updated (hwnd=0000000000150260 new=0x00FFFFFF)
[2025-11-26T20:21:21.210Z][pid 17808][tid 18144] INFO Registered glow surface edit (hwnd=0000000000080020)
[2025-11-26T20:21:21.211Z][pid 17808][tid 18144] INFO Explorer pane creation watch armed (view=0000000002CA28B0 list=1 tree=0)
[2025-11-26T20:21:21.211Z][pid 17808][tid 18144] INFO Explorer pane fallback timer armed (view=0000000002CA28B0 delay=500)
[2025-11-26T20:21:21.211Z][pid 17808][tid 18144] INFO Explorer panes not ready: list view missing (view=0000000002CA28B0)
[2025-11-26T20:21:21.212Z][pid 17808][tid 18144] INFO Explorer pane retry timer armed (view=0000000002CA28B0 delay=500 attempts=1)
[2025-11-26T20:21:21.255Z][pid 17808][tid 18144] INFO Installed explorer list host subclass (host=0000000005470662)
[2025-11-26T20:21:21.255Z][pid 17808][tid 18144] INFO Installed explorer list host subclass (host=00000000015301C4)
[2025-11-26T20:21:21.255Z][pid 17808][tid 18144] INFO Installed explorer list host subclass (host=00000000003826A4)
[2025-11-26T20:21:21.256Z][pid 17808][tid 18144] INFO Installed explorer list host subclass (host=0000000005222CAA)
[2025-11-26T20:21:21.256Z][pid 17808][tid 18144] INFO Installed explorer list host subclass (host=00000000085502AC)
[2025-11-26T20:21:23.397Z][pid 17808][tid 18144] INFO TabBand::UpdateTabsUI applying 3 items
[2025-11-26T20:21:23.398Z][pid 17808][tid 18144] INFO Tab diff: +1 -1 move=0 update=0 rows=1 incremental=false
[2025-11-26T20:21:23.401Z][pid 17808][tid 18144] WARN Status bar custom draw timeout; forcing theme detours (hwnd=0000000000150260)
[2025-11-26T20:21:23.402Z][pid 17808][tid 18144] INFO Breadcrumb QueryService(IShellBrowser) failed: 0x80004001
[2025-11-26T20:21:23.402Z][pid 17808][tid 18144] INFO Breadcrumb ribbon frame discovered via IShellBrowser (hwnd=0000000005222CAA)
[2025-11-26T20:21:23.402Z][pid 17808][tid 18144] INFO Breadcrumb ribbon frame discovered via IWebBrowser2 (hwnd=0000000005222CAA)
[2025-11-26T20:21:23.402Z][pid 17808][tid 18144] INFO Breadcrumb toolbar located via window enumeration (hwnd=00000000020506BA)
[2025-11-26T20:21:23.402Z][pid 17808][tid 18144] INFO Explorer pane creation watch cleared (view=0000000000000000)
[2025-11-26T20:21:23.402Z][pid 17808][tid 18144] INFO Status bar background reset (hwnd=0000000000150260 previous=0xFF000000)
[2025-11-26T20:21:23.402Z][pid 17808][tid 18144] INFO Cleared Open In New Tab pending state
[2025-11-26T20:21:23.403Z][pid 17808][tid 18144] INFO Installed shell view window subclass (view=0000000004BB282E)
[2025-11-26T20:21:23.403Z][pid 17808][tid 18144] INFO Installed explorer frame subclass (frame=0000000005470662)
[2025-11-26T20:21:23.403Z][pid 17808][tid 18144] INFO Cleared Open In New Tab pending state
[2025-11-26T20:21:23.403Z][pid 17808][tid 18144] INFO Explorer view base subclass ready (view=0000000004BB282E frame=0000000005470662)
[2025-11-26T20:21:23.404Z][pid 17808][tid 18144] VERBOSE DirectUI IUIElement unavailable (hr=0x80004001)
[2025-11-26T20:21:23.404Z][pid 17808][tid 18144] INFO Installed explorer DirectUI host subclass (direct=0000000001A6051E)
[2025-11-26T20:21:23.406Z][pid 17808][tid 18144] INFO Installed explorer tree view subclass (tree=000000000003003A)
[2025-11-26T20:21:23.407Z][pid 17808][tid 18144] INFO Explorer status bar discovered (hwnd=0000000000150260)
[2025-11-26T20:21:23.408Z][pid 17808][tid 18144] INFO Status bar theme background updated (hwnd=0000000000150260 new=0x00191919)
[2025-11-26T20:21:23.408Z][pid 17808][tid 18144] INFO Status bar theme text color updated (hwnd=0000000000150260 new=0x00FFFFFF)
[2025-11-26T20:21:23.409Z][pid 17808][tid 18144] INFO Registered glow surface edit (hwnd=0000000000080020)
[2025-11-26T20:21:23.409Z][pid 17808][tid 18144] INFO Explorer pane creation watch armed (view=0000000004BB282E list=1 tree=0)
[2025-11-26T20:21:23.409Z][pid 17808][tid 18144] INFO Explorer pane fallback timer armed (view=0000000004BB282E delay=500)
[2025-11-26T20:21:23.409Z][pid 17808][tid 18144] INFO Explorer panes not ready: list view missing (view=0000000004BB282E)
[2025-11-26T20:21:23.409Z][pid 17808][tid 18144] INFO Explorer pane retry timer armed (view=0000000004BB282E delay=500 attempts=1)
[2025-11-26T20:21:23.410Z][pid 17808][tid 18144] INFO TabBand::UpdateTabsUI applying 3 items
[2025-11-26T20:21:23.410Z][pid 17808][tid 18144] INFO Breadcrumb QueryService(IShellBrowser) failed: 0x80004001
[2025-11-26T20:21:23.410Z][pid 17808][tid 18144] INFO Breadcrumb ribbon frame discovered via IShellBrowser (hwnd=0000000005222CAA)
[2025-11-26T20:21:23.410Z][pid 17808][tid 18144] INFO Breadcrumb ribbon frame discovered via IWebBrowser2 (hwnd=0000000005222CAA)
[2025-11-26T20:21:23.411Z][pid 17808][tid 18144] INFO Breadcrumb toolbar located via window enumeration (hwnd=00000000020506BA)
[2025-11-26T20:21:23.411Z][pid 17808][tid 18144] INFO Explorer pane creation watch cleared (view=0000000004BB282E)
[2025-11-26T20:21:23.411Z][pid 17808][tid 18144] INFO Status bar background reset (hwnd=0000000000150260 previous=0xFF000000)
[2025-11-26T20:21:23.411Z][pid 17808][tid 18144] INFO Cleared Open In New Tab pending state
[2025-11-26T20:21:23.411Z][pid 17808][tid 18144] INFO Installed shell view window subclass (view=0000000004BB282E)
[2025-11-26T20:21:23.411Z][pid 17808][tid 18144] INFO Installed explorer frame subclass (frame=0000000005470662)
[2025-11-26T20:21:23.412Z][pid 17808][tid 18144] INFO Cleared Open In New Tab pending state
[2025-11-26T20:21:23.412Z][pid 17808][tid 18144] INFO Explorer view base subclass ready (view=0000000004BB282E frame=0000000005470662)
[2025-11-26T20:21:23.412Z][pid 17808][tid 18144] VERBOSE DirectUI IUIElement unavailable (hr=0x80004001)
[2025-11-26T20:21:23.412Z][pid 17808][tid 18144] INFO Installed explorer DirectUI host subclass (direct=0000000001A6051E)
[2025-11-26T20:21:23.412Z][pid 17808][tid 18144] INFO Installed explorer tree view subclass (tree=000000000003003A)
[2025-11-26T20:21:23.412Z][pid 17808][tid 18144] INFO Explorer status bar discovered (hwnd=0000000000150260)
[2025-11-26T20:21:23.413Z][pid 17808][tid 18144] INFO Status bar theme background updated (hwnd=0000000000150260 new=0x00191919)
[2025-11-26T20:21:23.413Z][pid 17808][tid 18144] INFO Status bar theme text color updated (hwnd=0000000000150260 new=0x00FFFFFF)
[2025-11-26T20:21:23.413Z][pid 17808][tid 18144] INFO Registered glow surface edit (hwnd=0000000000080020)
[2025-11-26T20:21:23.414Z][pid 17808][tid 18144] INFO Explorer pane creation watch armed (view=0000000004BB282E list=1 tree=0)
[2025-11-26T20:21:23.414Z][pid 17808][tid 18144] INFO Explorer pane fallback timer armed (view=0000000004BB282E delay=500)
[2025-11-26T20:21:23.414Z][pid 17808][tid 18144] INFO Explorer panes not ready: list view missing (view=0000000004BB282E)
[2025-11-26T20:21:23.414Z][pid 17808][tid 18144] INFO Explorer pane retry timer armed (view=0000000004BB282E delay=500 attempts=1)
[2025-11-26T20:21:23.729Z][pid 17808][tid 18144] INFO TabBand::UpdateTabsUI applying 3 items
[2025-11-26T20:21:23.731Z][pid 17808][tid 18144] INFO Breadcrumb QueryService(IShellBrowser) failed: 0x80004001
[2025-11-26T20:21:23.732Z][pid 17808][tid 18144] INFO Breadcrumb ribbon frame discovered via IShellBrowser (hwnd=0000000005222CAA)
[2025-11-26T20:21:23.732Z][pid 17808][tid 18144] INFO Breadcrumb ribbon frame discovered via IWebBrowser2 (hwnd=0000000005222CAA)
[2025-11-26T20:21:23.732Z][pid 17808][tid 18144] INFO Breadcrumb toolbar located via window enumeration (hwnd=00000000020506BA)
[2025-11-26T20:21:23.732Z][pid 17808][tid 18144] INFO Explorer pane creation watch cleared (view=0000000004BB282E)
[2025-11-26T20:21:23.732Z][pid 17808][tid 18144] INFO Status bar background reset (hwnd=0000000000150260 previous=0xFF000000)
[2025-11-26T20:21:23.732Z][pid 17808][tid 18144] INFO Cleared Open In New Tab pending state
[2025-11-26T20:21:23.732Z][pid 17808][tid 18144] INFO Installed shell view window subclass (view=0000000004BB282E)
[2025-11-26T20:21:23.732Z][pid 17808][tid 18144] INFO Installed explorer frame subclass (frame=0000000005470662)
[2025-11-26T20:21:23.733Z][pid 17808][tid 18144] INFO Cleared Open In New Tab pending state
[2025-11-26T20:21:23.733Z][pid 17808][tid 18144] INFO Explorer view base subclass ready (view=0000000004BB282E frame=0000000005470662)
[2025-11-26T20:21:23.733Z][pid 17808][tid 18144] VERBOSE DirectUI IUIElement unavailable (hr=0x80004001)
[2025-11-26T20:21:23.733Z][pid 17808][tid 18144] INFO Installed explorer DirectUI host subclass (direct=0000000001A6051E)
[2025-11-26T20:21:23.733Z][pid 17808][tid 18144] INFO Installed explorer tree view subclass (tree=000000000003003A)
[2025-11-26T20:21:23.733Z][pid 17808][tid 18144] INFO Explorer status bar discovered (hwnd=0000000000150260)
[2025-11-26T20:21:23.735Z][pid 17808][tid 18144] INFO Status bar theme background updated (hwnd=0000000000150260 new=0x00191919)
[2025-11-26T20:21:23.735Z][pid 17808][tid 18144] INFO Status bar theme text color updated (hwnd=0000000000150260 new=0x00FFFFFF)
[2025-11-26T20:21:23.735Z][pid 17808][tid 18144] INFO Registered glow surface edit (hwnd=0000000000080020)
[2025-11-26T20:21:23.736Z][pid 17808][tid 18144] INFO Explorer pane creation watch armed (view=0000000004BB282E list=1 tree=0)
[2025-11-26T20:21:23.736Z][pid 17808][tid 18144] INFO Explorer pane fallback timer armed (view=0000000004BB282E delay=500)
[2025-11-26T20:21:23.737Z][pid 17808][tid 18144] INFO Explorer panes not ready: list view missing (view=0000000004BB282E)
[2025-11-26T20:21:23.737Z][pid 17808][tid 18144] INFO Explorer pane retry timer armed (view=0000000004BB282E delay=500 attempts=1)
[2025-11-26T20:21:23.808Z][pid 17808][tid 18144] INFO Installed explorer list host subclass (host=0000000005470662)
[2025-11-26T20:21:23.808Z][pid 17808][tid 18144] INFO Installed explorer list host subclass (host=00000000015301C4)
[2025-11-26T20:21:23.808Z][pid 17808][tid 18144] INFO Installed explorer list host subclass (host=00000000003826A4)
[2025-11-26T20:21:23.808Z][pid 17808][tid 18144] INFO Installed explorer list host subclass (host=0000000005222CAA)
[2025-11-26T20:21:23.809Z][pid 17808][tid 18144] INFO Installed explorer list host subclass (host=00000000085502AC)
[2025-11-26T20:21:25.063Z][pid 17808][tid 18144] INFO TabBand::UpdateTabsUI applying 3 items
[2025-11-26T20:21:25.065Z][pid 17808][tid 18144] INFO Tab diff: +1 -1 move=0 update=0 rows=1 incremental=false
[2025-11-26T20:21:25.068Z][pid 17808][tid 18144] INFO Breadcrumb QueryService(IShellBrowser) failed: 0x80004001
[2025-11-26T20:21:25.068Z][pid 17808][tid 18144] INFO Breadcrumb ribbon frame discovered via IShellBrowser (hwnd=0000000005222CAA)
[2025-11-26T20:21:25.068Z][pid 17808][tid 18144] INFO Breadcrumb ribbon frame discovered via IWebBrowser2 (hwnd=0000000005222CAA)
[2025-11-26T20:21:25.069Z][pid 17808][tid 18144] INFO Breadcrumb toolbar located via window enumeration (hwnd=00000000020506BA)
[2025-11-26T20:21:25.069Z][pid 17808][tid 18144] INFO Explorer pane creation watch cleared (view=0000000000000000)
[2025-11-26T20:21:25.069Z][pid 17808][tid 18144] INFO Status bar background reset (hwnd=0000000000150260 previous=0xFF000000)
[2025-11-26T20:21:25.069Z][pid 17808][tid 18144] INFO Cleared Open In New Tab pending state
[2025-11-26T20:21:25.069Z][pid 17808][tid 18144] INFO Installed shell view window subclass (view=0000000000A02868)
[2025-11-26T20:21:25.069Z][pid 17808][tid 18144] INFO Installed explorer frame subclass (frame=0000000005470662)
[2025-11-26T20:21:25.069Z][pid 17808][tid 18144] INFO Cleared Open In New Tab pending state
[2025-11-26T20:21:25.069Z][pid 17808][tid 18144] INFO Explorer view base subclass ready (view=0000000000A02868 frame=0000000005470662)
[2025-11-26T20:21:25.069Z][pid 17808][tid 18144] VERBOSE DirectUI IUIElement unavailable (hr=0x80004001)
[2025-11-26T20:21:25.070Z][pid 17808][tid 18144] INFO Installed explorer DirectUI host subclass (direct=0000000001D52E7A)
[2025-11-26T20:21:25.070Z][pid 17808][tid 18144] INFO Installed explorer tree view subclass (tree=000000000003003A)
[2025-11-26T20:21:25.070Z][pid 17808][tid 18144] INFO Explorer status bar discovered (hwnd=0000000000150260)
[2025-11-26T20:21:25.071Z][pid 17808][tid 18144] INFO Status bar theme background updated (hwnd=0000000000150260 new=0x00191919)
[2025-11-26T20:21:25.071Z][pid 17808][tid 18144] INFO Status bar theme text color updated (hwnd=0000000000150260 new=0x00FFFFFF)
[2025-11-26T20:21:25.071Z][pid 17808][tid 18144] INFO Registered glow surface edit (hwnd=0000000000080020)
[2025-11-26T20:21:25.072Z][pid 17808][tid 18144] INFO Explorer pane creation watch armed (view=0000000000A02868 list=1 tree=0)
[2025-11-26T20:21:25.072Z][pid 17808][tid 18144] INFO Explorer pane fallback timer armed (view=0000000000A02868 delay=500)
[2025-11-26T20:21:25.072Z][pid 17808][tid 18144] INFO Explorer panes not ready: list view missing (view=0000000000A02868)
[2025-11-26T20:21:25.072Z][pid 17808][tid 18144] INFO Explorer pane retry timer armed (view=0000000000A02868 delay=500 attempts=1)
[2025-11-26T20:21:25.073Z][pid 17808][tid 18144] INFO TabBand::UpdateTabsUI applying 3 items
[2025-11-26T20:21:25.074Z][pid 17808][tid 18144] INFO Breadcrumb QueryService(IShellBrowser) failed: 0x80004001
[2025-11-26T20:21:25.074Z][pid 17808][tid 18144] INFO Breadcrumb ribbon frame discovered via IShellBrowser (hwnd=0000000005222CAA)
[2025-11-26T20:21:25.074Z][pid 17808][tid 18144] INFO Breadcrumb ribbon frame discovered via IWebBrowser2 (hwnd=0000000005222CAA)
[2025-11-26T20:21:25.074Z][pid 17808][tid 18144] INFO Breadcrumb toolbar located via window enumeration (hwnd=00000000020506BA)
[2025-11-26T20:21:25.075Z][pid 17808][tid 18144] INFO Explorer pane creation watch cleared (view=0000000000A02868)
[2025-11-26T20:21:25.075Z][pid 17808][tid 18144] INFO Status bar background reset (hwnd=0000000000150260 previous=0xFF000000)
[2025-11-26T20:21:25.075Z][pid 17808][tid 18144] INFO Cleared Open In New Tab pending state
[2025-11-26T20:21:25.075Z][pid 17808][tid 18144] INFO Installed shell view window subclass (view=0000000000A02868)
[2025-11-26T20:21:25.075Z][pid 17808][tid 18144] INFO Installed explorer frame subclass (frame=0000000005470662)
[2025-11-26T20:21:25.075Z][pid 17808][tid 18144] INFO Cleared Open In New Tab pending state
[2025-11-26T20:21:25.075Z][pid 17808][tid 18144] INFO Explorer view base subclass ready (view=0000000000A02868 frame=0000000005470662)
[2025-11-26T20:21:25.075Z][pid 17808][tid 18144] VERBOSE DirectUI IUIElement unavailable (hr=0x80004001)
[2025-11-26T20:21:25.075Z][pid 17808][tid 18144] INFO Installed explorer DirectUI host subclass (direct=0000000001D52E7A)
[2025-11-26T20:21:25.076Z][pid 17808][tid 18144] INFO Installed explorer tree view subclass (tree=000000000003003A)
[2025-11-26T20:21:25.076Z][pid 17808][tid 18144] INFO Explorer status bar discovered (hwnd=0000000000150260)
[2025-11-26T20:21:25.077Z][pid 17808][tid 18144] INFO Status bar theme background updated (hwnd=0000000000150260 new=0x00191919)
[2025-11-26T20:21:25.077Z][pid 17808][tid 18144] INFO Status bar theme text color updated (hwnd=0000000000150260 new=0x00FFFFFF)
[2025-11-26T20:21:25.077Z][pid 17808][tid 18144] INFO Registered glow surface edit (hwnd=0000000000080020)
[2025-11-26T20:21:25.078Z][pid 17808][tid 18144] INFO Explorer pane creation watch armed (view=0000000000A02868 list=1 tree=0)
[2025-11-26T20:21:25.078Z][pid 17808][tid 18144] INFO Explorer pane fallback timer armed (view=0000000000A02868 delay=500)
[2025-11-26T20:21:25.078Z][pid 17808][tid 18144] INFO Explorer panes not ready: list view missing (view=0000000000A02868)
[2025-11-26T20:21:25.079Z][pid 17808][tid 18144] INFO Explorer pane retry timer armed (view=0000000000A02868 delay=500 attempts=1)
[2025-11-26T20:21:25.132Z][pid 17808][tid 18144] INFO TabBand::UpdateTabsUI applying 3 items
[2025-11-26T20:21:25.133Z][pid 17808][tid 18144] INFO Breadcrumb QueryService(IShellBrowser) failed: 0x80004001
[2025-11-26T20:21:25.133Z][pid 17808][tid 18144] INFO Breadcrumb ribbon frame discovered via IShellBrowser (hwnd=0000000005222CAA)
[2025-11-26T20:21:25.134Z][pid 17808][tid 18144] INFO Breadcrumb ribbon frame discovered via IWebBrowser2 (hwnd=0000000005222CAA)
[2025-11-26T20:21:25.134Z][pid 17808][tid 18144] INFO Breadcrumb toolbar located via window enumeration (hwnd=00000000020506BA)
[2025-11-26T20:21:25.134Z][pid 17808][tid 18144] INFO Explorer pane creation watch cleared (view=0000000000A02868)
[2025-11-26T20:21:25.134Z][pid 17808][tid 18144] INFO Status bar background reset (hwnd=0000000000150260 previous=0xFF000000)
[2025-11-26T20:21:25.134Z][pid 17808][tid 18144] INFO Cleared Open In New Tab pending state
[2025-11-26T20:21:25.135Z][pid 17808][tid 18144] INFO Installed shell view window subclass (view=0000000000A02868)
[2025-11-26T20:21:25.135Z][pid 17808][tid 18144] INFO Installed explorer frame subclass (frame=0000000005470662)
[2025-11-26T20:21:25.135Z][pid 17808][tid 18144] INFO Cleared Open In New Tab pending state
[2025-11-26T20:21:25.135Z][pid 17808][tid 18144] INFO Explorer view base subclass ready (view=0000000000A02868 frame=0000000005470662)
[2025-11-26T20:21:25.135Z][pid 17808][tid 18144] VERBOSE DirectUI IUIElement unavailable (hr=0x80004001)
[2025-11-26T20:21:25.135Z][pid 17808][tid 18144] INFO Installed explorer DirectUI host subclass (direct=0000000001D52E7A)
[2025-11-26T20:21:25.135Z][pid 17808][tid 18144] INFO Installed explorer tree view subclass (tree=000000000003003A)
[2025-11-26T20:21:25.135Z][pid 17808][tid 18144] INFO Explorer status bar discovered (hwnd=0000000000150260)
[2025-11-26T20:21:25.137Z][pid 17808][tid 18144] INFO Status bar theme background updated (hwnd=0000000000150260 new=0x00191919)
[2025-11-26T20:21:25.137Z][pid 17808][tid 18144] INFO Status bar theme text color updated (hwnd=0000000000150260 new=0x00FFFFFF)
[2025-11-26T20:21:25.137Z][pid 17808][tid 18144] INFO Registered glow surface edit (hwnd=0000000000080020)
[2025-11-26T20:21:25.138Z][pid 17808][tid 18144] INFO Explorer pane creation watch armed (view=0000000000A02868 list=1 tree=0)
[2025-11-26T20:21:25.138Z][pid 17808][tid 18144] INFO Explorer pane fallback timer armed (view=0000000000A02868 delay=500)
[2025-11-26T20:21:25.138Z][pid 17808][tid 18144] INFO Explorer panes not ready: list view missing (view=0000000000A02868)
[2025-11-26T20:21:25.138Z][pid 17808][tid 18144] INFO Explorer pane retry timer armed (view=0000000000A02868 delay=500 attempts=1)
[2025-11-26T20:21:25.167Z][pid 17808][tid 18144] INFO Installed explorer list host subclass (host=0000000005470662)
[2025-11-26T20:21:25.168Z][pid 17808][tid 18144] INFO Installed explorer list host subclass (host=00000000015301C4)
[2025-11-26T20:21:25.168Z][pid 17808][tid 18144] INFO Installed explorer list host subclass (host=00000000003826A4)
[2025-11-26T20:21:25.168Z][pid 17808][tid 18144] INFO Installed explorer list host subclass (host=0000000005222CAA)
[2025-11-26T20:21:25.168Z][pid 17808][tid 18144] INFO Installed explorer list host subclass (host=00000000085502AC)
[2025-11-26T20:21:26.961Z][pid 17808][tid 18144] INFO TabBand::UpdateTabsUI applying 3 items
[2025-11-26T20:21:26.963Z][pid 17808][tid 18144] INFO Tab diff: +1 -1 move=0 update=0 rows=1 incremental=false
[2025-11-26T20:21:26.968Z][pid 17808][tid 18144] INFO Breadcrumb QueryService(IShellBrowser) failed: 0x80004001
[2025-11-26T20:21:26.968Z][pid 17808][tid 18144] INFO Breadcrumb ribbon frame discovered via IShellBrowser (hwnd=0000000005222CAA)
[2025-11-26T20:21:26.968Z][pid 17808][tid 18144] INFO Breadcrumb ribbon frame discovered via IWebBrowser2 (hwnd=0000000005222CAA)
[2025-11-26T20:21:26.968Z][pid 17808][tid 18144] INFO Breadcrumb toolbar located via window enumeration (hwnd=00000000020506BA)
[2025-11-26T20:21:26.969Z][pid 17808][tid 18144] INFO Explorer pane creation watch cleared (view=0000000000000000)
[2025-11-26T20:21:26.969Z][pid 17808][tid 18144] INFO Status bar background reset (hwnd=0000000000150260 previous=0xFF000000)
[2025-11-26T20:21:26.969Z][pid 17808][tid 18144] INFO Cleared Open In New Tab pending state
[2025-11-26T20:21:26.969Z][pid 17808][tid 18144] INFO Installed shell view window subclass (view=00000000001D0038)
[2025-11-26T20:21:26.969Z][pid 17808][tid 18144] INFO Installed explorer frame subclass (frame=0000000005470662)
[2025-11-26T20:21:26.969Z][pid 17808][tid 18144] INFO Cleared Open In New Tab pending state
[2025-11-26T20:21:26.969Z][pid 17808][tid 18144] INFO Explorer view base subclass ready (view=00000000001D0038 frame=0000000005470662)
[2025-11-26T20:21:26.970Z][pid 17808][tid 18144] VERBOSE DirectUI IUIElement unavailable (hr=0x80004001)
[2025-11-26T20:21:26.970Z][pid 17808][tid 18144] INFO Installed explorer DirectUI host subclass (direct=0000000000D02E36)
[2025-11-26T20:21:26.970Z][pid 17808][tid 18144] INFO Installed explorer tree view subclass (tree=000000000003003A)
[2025-11-26T20:21:26.970Z][pid 17808][tid 18144] INFO Explorer status bar discovered (hwnd=0000000000150260)
[2025-11-26T20:21:26.972Z][pid 17808][tid 18144] INFO Status bar theme background updated (hwnd=0000000000150260 new=0x00191919)
[2025-11-26T20:21:26.972Z][pid 17808][tid 18144] INFO Status bar theme text color updated (hwnd=0000000000150260 new=0x00FFFFFF)
[2025-11-26T20:21:26.972Z][pid 17808][tid 18144] INFO Registered glow surface edit (hwnd=0000000000080020)
[2025-11-26T20:21:26.973Z][pid 17808][tid 18144] INFO Explorer pane creation watch armed (view=00000000001D0038 list=1 tree=0)
[2025-11-26T20:21:26.973Z][pid 17808][tid 18144] INFO Explorer pane fallback timer armed (view=00000000001D0038 delay=500)
[2025-11-26T20:21:26.973Z][pid 17808][tid 18144] INFO Explorer panes not ready: list view missing (view=00000000001D0038)
[2025-11-26T20:21:26.973Z][pid 17808][tid 18144] INFO Explorer pane retry timer armed (view=00000000001D0038 delay=500 attempts=1)
[2025-11-26T20:21:26.974Z][pid 17808][tid 18144] INFO TabBand::UpdateTabsUI applying 3 items
[2025-11-26T20:21:26.975Z][pid 17808][tid 18144] INFO Breadcrumb QueryService(IShellBrowser) failed: 0x80004001
[2025-11-26T20:21:26.976Z][pid 17808][tid 18144] INFO Breadcrumb ribbon frame discovered via IShellBrowser (hwnd=0000000005222CAA)
[2025-11-26T20:21:26.976Z][pid 17808][tid 18144] INFO Breadcrumb ribbon frame discovered via IWebBrowser2 (hwnd=0000000005222CAA)
[2025-11-26T20:21:26.976Z][pid 17808][tid 18144] INFO Breadcrumb toolbar located via window enumeration (hwnd=00000000020506BA)
[2025-11-26T20:21:26.976Z][pid 17808][tid 18144] INFO Explorer pane creation watch cleared (view=00000000001D0038)
[2025-11-26T20:21:26.976Z][pid 17808][tid 18144] INFO Status bar background reset (hwnd=0000000000150260 previous=0xFF000000)
[2025-11-26T20:21:26.976Z][pid 17808][tid 18144] INFO Cleared Open In New Tab pending state
[2025-11-26T20:21:26.976Z][pid 17808][tid 18144] INFO Installed shell view window subclass (view=00000000001D0038)
[2025-11-26T20:21:26.977Z][pid 17808][tid 18144] INFO Installed explorer frame subclass (frame=0000000005470662)
[2025-11-26T20:21:26.977Z][pid 17808][tid 18144] INFO Cleared Open In New Tab pending state
[2025-11-26T20:21:26.977Z][pid 17808][tid 18144] INFO Explorer view base subclass ready (view=00000000001D0038 frame=0000000005470662)
[2025-11-26T20:21:26.977Z][pid 17808][tid 18144] VERBOSE DirectUI IUIElement unavailable (hr=0x80004001)
[2025-11-26T20:21:26.977Z][pid 17808][tid 18144] INFO Installed explorer DirectUI host subclass (direct=0000000000D02E36)
[2025-11-26T20:21:26.977Z][pid 17808][tid 18144] INFO Installed explorer tree view subclass (tree=000000000003003A)
[2025-11-26T20:21:26.977Z][pid 17808][tid 18144] INFO Explorer status bar discovered (hwnd=0000000000150260)
[2025-11-26T20:21:26.979Z][pid 17808][tid 18144] INFO Status bar theme background updated (hwnd=0000000000150260 new=0x00191919)
[2025-11-26T20:21:26.979Z][pid 17808][tid 18144] INFO Status bar theme text color updated (hwnd=0000000000150260 new=0x00FFFFFF)
[2025-11-26T20:21:26.979Z][pid 17808][tid 18144] INFO Registered glow surface edit (hwnd=0000000000080020)
[2025-11-26T20:21:26.980Z][pid 17808][tid 18144] INFO Explorer pane creation watch armed (view=00000000001D0038 list=1 tree=0)
[2025-11-26T20:21:26.980Z][pid 17808][tid 18144] INFO Explorer pane fallback timer armed (view=00000000001D0038 delay=500)
[2025-11-26T20:21:26.980Z][pid 17808][tid 18144] INFO Explorer panes not ready: list view missing (view=00000000001D0038)
[2025-11-26T20:21:26.980Z][pid 17808][tid 18144] INFO Explorer pane retry timer armed (view=00000000001D0038 delay=500 attempts=1)
[2025-11-26T20:21:27.019Z][pid 17808][tid 18144] INFO TabBand::UpdateTabsUI applying 3 items
[2025-11-26T20:21:27.020Z][pid 17808][tid 18144] INFO Breadcrumb QueryService(IShellBrowser) failed: 0x80004001
[2025-11-26T20:21:27.020Z][pid 17808][tid 18144] INFO Breadcrumb ribbon frame discovered via IShellBrowser (hwnd=0000000005222CAA)
[2025-11-26T20:21:27.021Z][pid 17808][tid 18144] INFO Breadcrumb ribbon frame discovered via IWebBrowser2 (hwnd=0000000005222CAA)
[2025-11-26T20:21:27.021Z][pid 17808][tid 18144] INFO Breadcrumb toolbar located via window enumeration (hwnd=00000000020506BA)
[2025-11-26T20:21:27.021Z][pid 17808][tid 18144] INFO Explorer pane creation watch cleared (view=00000000001D0038)
[2025-11-26T20:21:27.021Z][pid 17808][tid 18144] INFO Status bar background reset (hwnd=0000000000150260 previous=0xFF000000)
[2025-11-26T20:21:27.021Z][pid 17808][tid 18144] INFO Cleared Open In New Tab pending state
[2025-11-26T20:21:27.021Z][pid 17808][tid 18144] INFO Installed shell view window subclass (view=00000000001D0038)
[2025-11-26T20:21:27.021Z][pid 17808][tid 18144] INFO Installed explorer frame subclass (frame=0000000005470662)
[2025-11-26T20:21:27.021Z][pid 17808][tid 18144] INFO Cleared Open In New Tab pending state
[2025-11-26T20:21:27.022Z][pid 17808][tid 18144] INFO Explorer view base subclass ready (view=00000000001D0038 frame=0000000005470662)
[2025-11-26T20:21:27.022Z][pid 17808][tid 18144] VERBOSE DirectUI IUIElement unavailable (hr=0x80004001)
[2025-11-26T20:21:27.022Z][pid 17808][tid 18144] INFO Installed explorer DirectUI host subclass (direct=0000000000D02E36)
[2025-11-26T20:21:27.022Z][pid 17808][tid 18144] INFO Installed explorer tree view subclass (tree=000000000003003A)
[2025-11-26T20:21:27.022Z][pid 17808][tid 18144] INFO Explorer status bar discovered (hwnd=0000000000150260)
[2025-11-26T20:21:27.024Z][pid 17808][tid 18144] INFO Status bar theme background updated (hwnd=0000000000150260 new=0x00191919)
[2025-11-26T20:21:27.024Z][pid 17808][tid 18144] INFO Status bar theme text color updated (hwnd=0000000000150260 new=0x00FFFFFF)
[2025-11-26T20:21:27.024Z][pid 17808][tid 18144] INFO Registered glow surface edit (hwnd=0000000000080020)
[2025-11-26T20:21:27.025Z][pid 17808][tid 18144] INFO Explorer pane creation watch armed (view=00000000001D0038 list=1 tree=0)
[2025-11-26T20:21:27.025Z][pid 17808][tid 18144] INFO Explorer pane fallback timer armed (view=00000000001D0038 delay=500)
[2025-11-26T20:21:27.025Z][pid 17808][tid 18144] INFO Explorer panes not ready: list view missing (view=00000000001D0038)
[2025-11-26T20:21:27.025Z][pid 17808][tid 18144] INFO Explorer pane retry timer armed (view=00000000001D0038 delay=500 attempts=1)
[2025-11-26T20:21:27.097Z][pid 17808][tid 18144] INFO Installed explorer list host subclass (host=0000000005470662)
[2025-11-26T20:21:27.097Z][pid 17808][tid 18144] INFO Installed explorer list host subclass (host=00000000015301C4)
[2025-11-26T20:21:27.097Z][pid 17808][tid 18144] INFO Installed explorer list host subclass (host=00000000003826A4)
[2025-11-26T20:21:27.097Z][pid 17808][tid 18144] INFO Installed explorer list host subclass (host=0000000005222CAA)
[2025-11-26T20:21:27.097Z][pid 17808][tid 18144] INFO Installed explorer list host subclass (host=00000000085502AC)
[2025-11-26T20:21:27.937Z][pid 17808][tid 18144] INFO TabBand::UpdateTabsUI applying 3 items
[2025-11-26T20:21:27.938Z][pid 17808][tid 18144] INFO Tab diff: +1 -1 move=0 update=0 rows=1 incremental=false
[2025-11-26T20:21:27.945Z][pid 17808][tid 18144] INFO Breadcrumb QueryService(IShellBrowser) failed: 0x80004001
[2025-11-26T20:21:27.945Z][pid 17808][tid 18144] INFO Breadcrumb ribbon frame discovered via IShellBrowser (hwnd=0000000005222CAA)
[2025-11-26T20:21:27.945Z][pid 17808][tid 18144] INFO Breadcrumb ribbon frame discovered via IWebBrowser2 (hwnd=0000000005222CAA)
[2025-11-26T20:21:27.945Z][pid 17808][tid 18144] INFO Breadcrumb toolbar located via window enumeration (hwnd=00000000020506BA)
[2025-11-26T20:21:27.946Z][pid 17808][tid 18144] INFO Explorer pane creation watch cleared (view=0000000000000000)
[2025-11-26T20:21:27.946Z][pid 17808][tid 18144] INFO Status bar background reset (hwnd=0000000000150260 previous=0xFF000000)
[2025-11-26T20:21:27.946Z][pid 17808][tid 18144] INFO Cleared Open In New Tab pending state
[2025-11-26T20:21:27.946Z][pid 17808][tid 18144] INFO Installed shell view window subclass (view=0000000002CC28B0)
[2025-11-26T20:21:27.946Z][pid 17808][tid 18144] INFO Installed explorer frame subclass (frame=0000000005470662)
[2025-11-26T20:21:27.946Z][pid 17808][tid 18144] INFO Cleared Open In New Tab pending state
[2025-11-26T20:21:27.946Z][pid 17808][tid 18144] INFO Explorer view base subclass ready (view=0000000002CC28B0 frame=0000000005470662)
[2025-11-26T20:21:27.946Z][pid 17808][tid 18144] VERBOSE DirectUI IUIElement unavailable (hr=0x80004001)
[2025-11-26T20:21:27.946Z][pid 17808][tid 18144] INFO Installed explorer DirectUI host subclass (direct=000000000122333A)
[2025-11-26T20:21:27.947Z][pid 17808][tid 18144] INFO Installed explorer tree view subclass (tree=000000000003003A)
[2025-11-26T20:21:27.947Z][pid 17808][tid 18144] INFO Explorer status bar discovered (hwnd=0000000000150260)
[2025-11-26T20:21:27.948Z][pid 17808][tid 18144] INFO Status bar theme background updated (hwnd=0000000000150260 new=0x00191919)
[2025-11-26T20:21:27.948Z][pid 17808][tid 18144] INFO Status bar theme text color updated (hwnd=0000000000150260 new=0x00FFFFFF)
[2025-11-26T20:21:27.948Z][pid 17808][tid 18144] INFO Registered glow surface edit (hwnd=0000000000080020)
[2025-11-26T20:21:27.949Z][pid 17808][tid 18144] INFO Explorer pane creation watch armed (view=0000000002CC28B0 list=1 tree=0)
[2025-11-26T20:21:27.949Z][pid 17808][tid 18144] INFO Explorer pane fallback timer armed (view=0000000002CC28B0 delay=500)
[2025-11-26T20:21:27.949Z][pid 17808][tid 18144] INFO Explorer panes not ready: list view missing (view=0000000002CC28B0)
[2025-11-26T20:21:27.949Z][pid 17808][tid 18144] INFO Explorer pane retry timer armed (view=0000000002CC28B0 delay=500 attempts=1)
[2025-11-26T20:21:27.950Z][pid 17808][tid 18144] INFO TabBand::UpdateTabsUI applying 3 items
[2025-11-26T20:21:27.950Z][pid 17808][tid 18144] INFO Breadcrumb QueryService(IShellBrowser) failed: 0x80004001
[2025-11-26T20:21:27.950Z][pid 17808][tid 18144] INFO Breadcrumb ribbon frame discovered via IShellBrowser (hwnd=0000000005222CAA)
[2025-11-26T20:21:27.950Z][pid 17808][tid 18144] INFO Breadcrumb ribbon frame discovered via IWebBrowser2 (hwnd=0000000005222CAA)
[2025-11-26T20:21:27.951Z][pid 17808][tid 18144] INFO Breadcrumb toolbar located via window enumeration (hwnd=00000000020506BA)
[2025-11-26T20:21:27.951Z][pid 17808][tid 18144] INFO Explorer pane creation watch cleared (view=0000000002CC28B0)
[2025-11-26T20:21:27.951Z][pid 17808][tid 18144] INFO Status bar background reset (hwnd=0000000000150260 previous=0xFF000000)
[2025-11-26T20:21:27.951Z][pid 17808][tid 18144] INFO Cleared Open In New Tab pending state
[2025-11-26T20:21:27.951Z][pid 17808][tid 18144] INFO Installed shell view window subclass (view=0000000002CC28B0)
[2025-11-26T20:21:27.951Z][pid 17808][tid 18144] INFO Installed explorer frame subclass (frame=0000000005470662)
[2025-11-26T20:21:27.951Z][pid 17808][tid 18144] INFO Cleared Open In New Tab pending state
[2025-11-26T20:21:27.951Z][pid 17808][tid 18144] INFO Explorer view base subclass ready (view=0000000002CC28B0 frame=0000000005470662)
[2025-11-26T20:21:27.951Z][pid 17808][tid 18144] VERBOSE DirectUI IUIElement unavailable (hr=0x80004001)
[2025-11-26T20:21:27.952Z][pid 17808][tid 18144] INFO Installed explorer DirectUI host subclass (direct=000000000122333A)
[2025-11-26T20:21:27.952Z][pid 17808][tid 18144] INFO Installed explorer tree view subclass (tree=000000000003003A)
[2025-11-26T20:21:27.952Z][pid 17808][tid 18144] INFO Explorer status bar discovered (hwnd=0000000000150260)
[2025-11-26T20:21:27.953Z][pid 17808][tid 18144] INFO Status bar theme background updated (hwnd=0000000000150260 new=0x00191919)
[2025-11-26T20:21:27.954Z][pid 17808][tid 18144] INFO Status bar theme text color updated (hwnd=0000000000150260 new=0x00FFFFFF)
[2025-11-26T20:21:27.954Z][pid 17808][tid 18144] INFO Registered glow surface edit (hwnd=0000000000080020)
[2025-11-26T20:21:27.955Z][pid 17808][tid 18144] INFO Explorer pane creation watch armed (view=0000000002CC28B0 list=1 tree=0)
[2025-11-26T20:21:27.955Z][pid 17808][tid 18144] INFO Explorer pane fallback timer armed (view=0000000002CC28B0 delay=500)
[2025-11-26T20:21:27.955Z][pid 17808][tid 18144] INFO Explorer panes not ready: list view missing (view=0000000002CC28B0)
[2025-11-26T20:21:27.955Z][pid 17808][tid 18144] INFO Explorer pane retry timer armed (view=0000000002CC28B0 delay=500 attempts=1)
[2025-11-26T20:21:27.990Z][pid 17808][tid 18144] INFO TabBand::UpdateTabsUI applying 3 items
[2025-11-26T20:21:27.992Z][pid 17808][tid 18144] INFO Breadcrumb QueryService(IShellBrowser) failed: 0x80004001
[2025-11-26T20:21:27.992Z][pid 17808][tid 18144] INFO Breadcrumb ribbon frame discovered via IShellBrowser (hwnd=0000000005222CAA)
[2025-11-26T20:21:27.993Z][pid 17808][tid 18144] INFO Breadcrumb ribbon frame discovered via IWebBrowser2 (hwnd=0000000005222CAA)
[2025-11-26T20:21:27.993Z][pid 17808][tid 18144] INFO Breadcrumb toolbar located via window enumeration (hwnd=00000000020506BA)
[2025-11-26T20:21:27.993Z][pid 17808][tid 18144] INFO Explorer pane creation watch cleared (view=0000000002CC28B0)
[2025-11-26T20:21:27.993Z][pid 17808][tid 18144] INFO Status bar background reset (hwnd=0000000000150260 previous=0xFF000000)
[2025-11-26T20:21:27.993Z][pid 17808][tid 18144] INFO Cleared Open In New Tab pending state
[2025-11-26T20:21:27.993Z][pid 17808][tid 18144] INFO Installed shell view window subclass (view=0000000002CC28B0)
[2025-11-26T20:21:27.993Z][pid 17808][tid 18144] INFO Installed explorer frame subclass (frame=0000000005470662)
[2025-11-26T20:21:27.994Z][pid 17808][tid 18144] INFO Cleared Open In New Tab pending state
[2025-11-26T20:21:27.994Z][pid 17808][tid 18144] INFO Explorer view base subclass ready (view=0000000002CC28B0 frame=0000000005470662)
[2025-11-26T20:21:27.994Z][pid 17808][tid 18144] VERBOSE DirectUI IUIElement unavailable (hr=0x80004001)
[2025-11-26T20:21:27.994Z][pid 17808][tid 18144] INFO Installed explorer DirectUI host subclass (direct=000000000122333A)
[2025-11-26T20:21:27.994Z][pid 17808][tid 18144] INFO Installed explorer tree view subclass (tree=000000000003003A)
[2025-11-26T20:21:27.994Z][pid 17808][tid 18144] INFO Explorer status bar discovered (hwnd=0000000000150260)
[2025-11-26T20:21:27.996Z][pid 17808][tid 18144] INFO Status bar theme background updated (hwnd=0000000000150260 new=0x00191919)
[2025-11-26T20:21:27.996Z][pid 17808][tid 18144] INFO Status bar theme text color updated (hwnd=0000000000150260 new=0x00FFFFFF)
[2025-11-26T20:21:27.996Z][pid 17808][tid 18144] INFO Registered glow surface edit (hwnd=0000000000080020)
[2025-11-26T20:21:27.997Z][pid 17808][tid 18144] INFO Explorer pane creation watch armed (view=0000000002CC28B0 list=1 tree=0)
[2025-11-26T20:21:27.997Z][pid 17808][tid 18144] INFO Explorer pane fallback timer armed (view=0000000002CC28B0 delay=500)
[2025-11-26T20:21:27.997Z][pid 17808][tid 18144] INFO Explorer panes not ready: list view missing (view=0000000002CC28B0)
[2025-11-26T20:21:27.998Z][pid 17808][tid 18144] INFO Explorer pane retry timer armed (view=0000000002CC28B0 delay=500 attempts=1)
[2025-11-26T20:21:28.025Z][pid 17808][tid 18144] INFO Installed explorer list host subclass (host=0000000005470662)
[2025-11-26T20:21:28.025Z][pid 17808][tid 18144] INFO Installed explorer list host subclass (host=00000000015301C4)
[2025-11-26T20:21:28.025Z][pid 17808][tid 18144] INFO Installed explorer list host subclass (host=00000000003826A4)
[2025-11-26T20:21:28.025Z][pid 17808][tid 18144] INFO Installed explorer list host subclass (host=0000000005222CAA)
[2025-11-26T20:21:28.026Z][pid 17808][tid 18144] INFO Installed explorer list host subclass (host=00000000085502AC)
[2025-11-26T20:21:29.419Z][pid 17808][tid 18144] INFO TabBand::UpdateTabsUI applying 3 items
[2025-11-26T20:21:29.421Z][pid 17808][tid 18144] INFO Tab diff: +1 -1 move=0 update=0 rows=1 incremental=false
[2025-11-26T20:21:29.425Z][pid 17808][tid 18144] INFO Breadcrumb QueryService(IShellBrowser) failed: 0x80004001
[2025-11-26T20:21:29.425Z][pid 17808][tid 18144] INFO Breadcrumb ribbon frame discovered via IShellBrowser (hwnd=0000000005222CAA)
[2025-11-26T20:21:29.425Z][pid 17808][tid 18144] INFO Breadcrumb ribbon frame discovered via IWebBrowser2 (hwnd=0000000005222CAA)
[2025-11-26T20:21:29.425Z][pid 17808][tid 18144] INFO Breadcrumb toolbar located via window enumeration (hwnd=00000000020506BA)
[2025-11-26T20:21:29.425Z][pid 17808][tid 18144] INFO Explorer pane creation watch cleared (view=0000000000000000)
[2025-11-26T20:21:29.426Z][pid 17808][tid 18144] INFO Status bar background reset (hwnd=0000000000150260 previous=0xFF000000)
[2025-11-26T20:21:29.426Z][pid 17808][tid 18144] INFO Cleared Open In New Tab pending state
[2025-11-26T20:21:29.426Z][pid 17808][tid 18144] INFO Installed shell view window subclass (view=00000000001E0038)
[2025-11-26T20:21:29.426Z][pid 17808][tid 18144] INFO Installed explorer frame subclass (frame=0000000005470662)
[2025-11-26T20:21:29.426Z][pid 17808][tid 18144] INFO Cleared Open In New Tab pending state
[2025-11-26T20:21:29.426Z][pid 17808][tid 18144] INFO Explorer view base subclass ready (view=00000000001E0038 frame=0000000005470662)
[2025-11-26T20:21:29.426Z][pid 17808][tid 18144] VERBOSE DirectUI IUIElement unavailable (hr=0x80004001)
[2025-11-26T20:21:29.426Z][pid 17808][tid 18144] INFO Installed explorer DirectUI host subclass (direct=0000000000D12E36)
[2025-11-26T20:21:29.426Z][pid 17808][tid 18144] INFO Installed explorer tree view subclass (tree=000000000003003A)
[2025-11-26T20:21:29.427Z][pid 17808][tid 18144] INFO Explorer status bar discovered (hwnd=0000000000150260)
[2025-11-26T20:21:29.428Z][pid 17808][tid 18144] INFO Status bar theme background updated (hwnd=0000000000150260 new=0x00191919)
[2025-11-26T20:21:29.428Z][pid 17808][tid 18144] INFO Status bar theme text color updated (hwnd=0000000000150260 new=0x00FFFFFF)
[2025-11-26T20:21:29.428Z][pid 17808][tid 18144] INFO Registered glow surface edit (hwnd=0000000000080020)
[2025-11-26T20:21:29.429Z][pid 17808][tid 18144] INFO Explorer pane creation watch armed (view=00000000001E0038 list=1 tree=0)
[2025-11-26T20:21:29.429Z][pid 17808][tid 18144] INFO Explorer pane fallback timer armed (view=00000000001E0038 delay=500)
[2025-11-26T20:21:29.429Z][pid 17808][tid 18144] INFO Explorer panes not ready: list view missing (view=00000000001E0038)
[2025-11-26T20:21:29.429Z][pid 17808][tid 18144] INFO Explorer pane retry timer armed (view=00000000001E0038 delay=500 attempts=1)
[2025-11-26T20:21:29.430Z][pid 17808][tid 18144] INFO TabBand::UpdateTabsUI applying 3 items
[2025-11-26T20:21:29.430Z][pid 17808][tid 18144] INFO Breadcrumb QueryService(IShellBrowser) failed: 0x80004001
[2025-11-26T20:21:29.431Z][pid 17808][tid 18144] INFO Breadcrumb ribbon frame discovered via IShellBrowser (hwnd=0000000005222CAA)
[2025-11-26T20:21:29.431Z][pid 17808][tid 18144] INFO Breadcrumb ribbon frame discovered via IWebBrowser2 (hwnd=0000000005222CAA)
[2025-11-26T20:21:29.431Z][pid 17808][tid 18144] INFO Breadcrumb toolbar located via window enumeration (hwnd=00000000020506BA)
[2025-11-26T20:21:29.431Z][pid 17808][tid 18144] INFO Explorer pane creation watch cleared (view=00000000001E0038)
[2025-11-26T20:21:29.431Z][pid 17808][tid 18144] INFO Status bar background reset (hwnd=0000000000150260 previous=0xFF000000)
[2025-11-26T20:21:29.431Z][pid 17808][tid 18144] INFO Cleared Open In New Tab pending state
[2025-11-26T20:21:29.431Z][pid 17808][tid 18144] INFO Installed shell view window subclass (view=00000000001E0038)
[2025-11-26T20:21:29.432Z][pid 17808][tid 18144] INFO Installed explorer frame subclass (frame=0000000005470662)
[2025-11-26T20:21:29.432Z][pid 17808][tid 18144] INFO Cleared Open In New Tab pending state
[2025-11-26T20:21:29.432Z][pid 17808][tid 18144] INFO Explorer view base subclass ready (view=00000000001E0038 frame=0000000005470662)
[2025-11-26T20:21:29.432Z][pid 17808][tid 18144] VERBOSE DirectUI IUIElement unavailable (hr=0x80004001)
[2025-11-26T20:21:29.432Z][pid 17808][tid 18144] INFO Installed explorer DirectUI host subclass (direct=0000000000D12E36)
[2025-11-26T20:21:29.432Z][pid 17808][tid 18144] INFO Installed explorer tree view subclass (tree=000000000003003A)
[2025-11-26T20:21:29.432Z][pid 17808][tid 18144] INFO Explorer status bar discovered (hwnd=0000000000150260)
[2025-11-26T20:21:29.434Z][pid 17808][tid 18144] INFO Status bar theme background updated (hwnd=0000000000150260 new=0x00191919)
[2025-11-26T20:21:29.434Z][pid 17808][tid 18144] INFO Status bar theme text color updated (hwnd=0000000000150260 new=0x00FFFFFF)
[2025-11-26T20:21:29.434Z][pid 17808][tid 18144] INFO Registered glow surface edit (hwnd=0000000000080020)
[2025-11-26T20:21:29.435Z][pid 17808][tid 18144] INFO Explorer pane creation watch armed (view=00000000001E0038 list=1 tree=0)
[2025-11-26T20:21:29.435Z][pid 17808][tid 18144] INFO Explorer pane fallback timer armed (view=00000000001E0038 delay=500)
[2025-11-26T20:21:29.435Z][pid 17808][tid 18144] INFO Explorer panes not ready: list view missing (view=00000000001E0038)
[2025-11-26T20:21:29.435Z][pid 17808][tid 18144] INFO Explorer pane retry timer armed (view=00000000001E0038 delay=500 attempts=1)
[2025-11-26T20:21:29.475Z][pid 17808][tid 18144] INFO TabBand::UpdateTabsUI applying 3 items
[2025-11-26T20:21:29.476Z][pid 17808][tid 18144] INFO Breadcrumb QueryService(IShellBrowser) failed: 0x80004001
[2025-11-26T20:21:29.476Z][pid 17808][tid 18144] INFO Breadcrumb ribbon frame discovered via IShellBrowser (hwnd=0000000005222CAA)
[2025-11-26T20:21:29.477Z][pid 17808][tid 18144] INFO Breadcrumb ribbon frame discovered via IWebBrowser2 (hwnd=0000000005222CAA)
[2025-11-26T20:21:29.477Z][pid 17808][tid 18144] INFO Breadcrumb toolbar located via window enumeration (hwnd=00000000020506BA)
[2025-11-26T20:21:29.477Z][pid 17808][tid 18144] INFO Explorer pane creation watch cleared (view=00000000001E0038)
[2025-11-26T20:21:29.477Z][pid 17808][tid 18144] INFO Status bar background reset (hwnd=0000000000150260 previous=0xFF000000)
[2025-11-26T20:21:29.477Z][pid 17808][tid 18144] INFO Cleared Open In New Tab pending state
[2025-11-26T20:21:29.477Z][pid 17808][tid 18144] INFO Installed shell view window subclass (view=00000000001E0038)
[2025-11-26T20:21:29.477Z][pid 17808][tid 18144] INFO Installed explorer frame subclass (frame=0000000005470662)
[2025-11-26T20:21:29.477Z][pid 17808][tid 18144] INFO Cleared Open In New Tab pending state
[2025-11-26T20:21:29.478Z][pid 17808][tid 18144] INFO Explorer view base subclass ready (view=00000000001E0038 frame=0000000005470662)
[2025-11-26T20:21:29.478Z][pid 17808][tid 18144] VERBOSE DirectUI IUIElement unavailable (hr=0x80004001)
[2025-11-26T20:21:29.478Z][pid 17808][tid 18144] INFO Installed explorer DirectUI host subclass (direct=0000000000D12E36)
[2025-11-26T20:21:29.478Z][pid 17808][tid 18144] INFO Installed explorer tree view subclass (tree=000000000003003A)
[2025-11-26T20:21:29.479Z][pid 17808][tid 18144] INFO Explorer status bar discovered (hwnd=0000000000150260)
[2025-11-26T20:21:29.480Z][pid 17808][tid 18144] INFO Status bar theme background updated (hwnd=0000000000150260 new=0x00191919)
[2025-11-26T20:21:29.480Z][pid 17808][tid 18144] INFO Status bar theme text color updated (hwnd=0000000000150260 new=0x00FFFFFF)
[2025-11-26T20:21:29.480Z][pid 17808][tid 18144] INFO Registered glow surface edit (hwnd=0000000000080020)
[2025-11-26T20:21:29.481Z][pid 17808][tid 18144] INFO Explorer pane creation watch armed (view=00000000001E0038 list=1 tree=0)
[2025-11-26T20:21:29.481Z][pid 17808][tid 18144] INFO Explorer pane fallback timer armed (view=00000000001E0038 delay=500)
[2025-11-26T20:21:29.481Z][pid 17808][tid 18144] INFO Explorer panes not ready: list view missing (view=00000000001E0038)
[2025-11-26T20:21:29.481Z][pid 17808][tid 18144] INFO Explorer pane retry timer armed (view=00000000001E0038 delay=500 attempts=1)
[2025-11-26T20:21:29.507Z][pid 17808][tid 18144] INFO Installed explorer list host subclass (host=0000000005470662)
[2025-11-26T20:21:29.507Z][pid 17808][tid 18144] INFO Installed explorer list host subclass (host=00000000015301C4)
[2025-11-26T20:21:29.508Z][pid 17808][tid 18144] INFO Installed explorer list host subclass (host=00000000003826A4)
[2025-11-26T20:21:29.508Z][pid 17808][tid 18144] INFO Installed explorer list host subclass (host=0000000005222CAA)
[2025-11-26T20:21:29.508Z][pid 17808][tid 18144] INFO Installed explorer list host subclass (host=00000000085502AC)
[2025-11-26T20:21:32.375Z][pid 17808][tid 18144] WARN Status bar custom draw timeout; forcing theme detours (hwnd=0000000000150260)
[2025-11-26T20:21:33.195Z][pid 17808][tid 18144] INFO TabBand::UpdateTabsUI applying 3 items
[2025-11-26T20:21:33.196Z][pid 17808][tid 18144] INFO Tab diff: +1 -1 move=0 update=0 rows=1 incremental=false
[2025-11-26T20:21:33.200Z][pid 17808][tid 18144] INFO Breadcrumb QueryService(IShellBrowser) failed: 0x80004001
[2025-11-26T20:21:33.200Z][pid 17808][tid 18144] INFO Breadcrumb ribbon frame discovered via IShellBrowser (hwnd=0000000005222CAA)
[2025-11-26T20:21:33.200Z][pid 17808][tid 18144] INFO Breadcrumb ribbon frame discovered via IWebBrowser2 (hwnd=0000000005222CAA)
[2025-11-26T20:21:33.200Z][pid 17808][tid 18144] INFO Breadcrumb toolbar located via window enumeration (hwnd=00000000020506BA)
[2025-11-26T20:21:33.200Z][pid 17808][tid 18144] INFO Explorer pane creation watch cleared (view=0000000000000000)
[2025-11-26T20:21:33.200Z][pid 17808][tid 18144] INFO Status bar background reset (hwnd=0000000000150260 previous=0xFF000000)
[2025-11-26T20:21:33.201Z][pid 17808][tid 18144] INFO Cleared Open In New Tab pending state
[2025-11-26T20:21:33.201Z][pid 17808][tid 18144] INFO Installed shell view window subclass (view=0000000003853306)
[2025-11-26T20:21:33.201Z][pid 17808][tid 18144] INFO Installed explorer frame subclass (frame=0000000005470662)
[2025-11-26T20:21:33.201Z][pid 17808][tid 18144] INFO Cleared Open In New Tab pending state
[2025-11-26T20:21:33.201Z][pid 17808][tid 18144] INFO Explorer view base subclass ready (view=0000000003853306 frame=0000000005470662)
[2025-11-26T20:21:33.201Z][pid 17808][tid 18144] VERBOSE DirectUI IUIElement unavailable (hr=0x80004001)
[2025-11-26T20:21:33.201Z][pid 17808][tid 18144] INFO Installed explorer DirectUI host subclass (direct=0000000002CD28B0)
[2025-11-26T20:21:33.201Z][pid 17808][tid 18144] INFO Installed explorer tree view subclass (tree=000000000003003A)
[2025-11-26T20:21:33.201Z][pid 17808][tid 18144] INFO Explorer status bar discovered (hwnd=0000000000150260)
[2025-11-26T20:21:33.203Z][pid 17808][tid 18144] INFO Status bar theme background updated (hwnd=0000000000150260 new=0x00191919)
[2025-11-26T20:21:33.203Z][pid 17808][tid 18144] INFO Status bar theme text color updated (hwnd=0000000000150260 new=0x00FFFFFF)
[2025-11-26T20:21:33.203Z][pid 17808][tid 18144] INFO Registered glow surface edit (hwnd=0000000000080020)
[2025-11-26T20:21:33.204Z][pid 17808][tid 18144] INFO Explorer pane creation watch armed (view=0000000003853306 list=1 tree=0)
[2025-11-26T20:21:33.204Z][pid 17808][tid 18144] INFO Explorer pane fallback timer armed (view=0000000003853306 delay=500)
[2025-11-26T20:21:33.204Z][pid 17808][tid 18144] INFO Explorer panes not ready: list view missing (view=0000000003853306)
[2025-11-26T20:21:33.204Z][pid 17808][tid 18144] INFO Explorer pane retry timer armed (view=0000000003853306 delay=500 attempts=1)
[2025-11-26T20:21:33.204Z][pid 17808][tid 18144] INFO TabBand::UpdateTabsUI applying 3 items
[2025-11-26T20:21:33.205Z][pid 17808][tid 18144] INFO Breadcrumb QueryService(IShellBrowser) failed: 0x80004001
[2025-11-26T20:21:33.205Z][pid 17808][tid 18144] INFO Breadcrumb ribbon frame discovered via IShellBrowser (hwnd=0000000005222CAA)
[2025-11-26T20:21:33.205Z][pid 17808][tid 18144] INFO Breadcrumb ribbon frame discovered via IWebBrowser2 (hwnd=0000000005222CAA)
[2025-11-26T20:21:33.205Z][pid 17808][tid 18144] INFO Breadcrumb toolbar located via window enumeration (hwnd=00000000020506BA)
[2025-11-26T20:21:33.206Z][pid 17808][tid 18144] INFO Explorer pane creation watch cleared (view=0000000003853306)
[2025-11-26T20:21:33.206Z][pid 17808][tid 18144] INFO Status bar background reset (hwnd=0000000000150260 previous=0xFF000000)
[2025-11-26T20:21:33.206Z][pid 17808][tid 18144] INFO Cleared Open In New Tab pending state
[2025-11-26T20:21:33.206Z][pid 17808][tid 18144] INFO Installed shell view window subclass (view=0000000003853306)
[2025-11-26T20:21:33.206Z][pid 17808][tid 18144] INFO Installed explorer frame subclass (frame=0000000005470662)
[2025-11-26T20:21:33.206Z][pid 17808][tid 18144] INFO Cleared Open In New Tab pending state
[2025-11-26T20:21:33.206Z][pid 17808][tid 18144] INFO Explorer view base subclass ready (view=0000000003853306 frame=0000000005470662)
[2025-11-26T20:21:33.206Z][pid 17808][tid 18144] VERBOSE DirectUI IUIElement unavailable (hr=0x80004001)
[2025-11-26T20:21:33.207Z][pid 17808][tid 18144] INFO Installed explorer DirectUI host subclass (direct=0000000002CD28B0)
[2025-11-26T20:21:33.207Z][pid 17808][tid 18144] INFO Installed explorer tree view subclass (tree=000000000003003A)
[2025-11-26T20:21:33.207Z][pid 17808][tid 18144] INFO Explorer status bar discovered (hwnd=0000000000150260)
[2025-11-26T20:21:33.208Z][pid 17808][tid 18144] INFO Status bar theme background updated (hwnd=0000000000150260 new=0x00191919)
[2025-11-26T20:21:33.208Z][pid 17808][tid 18144] INFO Status bar theme text color updated (hwnd=0000000000150260 new=0x00FFFFFF)
[2025-11-26T20:21:33.208Z][pid 17808][tid 18144] INFO Registered glow surface edit (hwnd=0000000000080020)
[2025-11-26T20:21:33.210Z][pid 17808][tid 18144] INFO Explorer pane creation watch armed (view=0000000003853306 list=1 tree=0)
[2025-11-26T20:21:33.210Z][pid 17808][tid 18144] INFO Explorer pane fallback timer armed (view=0000000003853306 delay=500)
[2025-11-26T20:21:33.210Z][pid 17808][tid 18144] INFO Explorer panes not ready: list view missing (view=0000000003853306)
[2025-11-26T20:21:33.210Z][pid 17808][tid 18144] INFO Explorer pane retry timer armed (view=0000000003853306 delay=500 attempts=1)
[2025-11-26T20:21:33.264Z][pid 17808][tid 18144] INFO TabBand::UpdateTabsUI applying 3 items
[2025-11-26T20:21:33.268Z][pid 17808][tid 18144] INFO Breadcrumb QueryService(IShellBrowser) failed: 0x80004001
[2025-11-26T20:21:33.268Z][pid 17808][tid 18144] INFO Breadcrumb ribbon frame discovered via IShellBrowser (hwnd=0000000005222CAA)
[2025-11-26T20:21:33.268Z][pid 17808][tid 18144] INFO Breadcrumb ribbon frame discovered via IWebBrowser2 (hwnd=0000000005222CAA)
[2025-11-26T20:21:33.269Z][pid 17808][tid 18144] INFO Breadcrumb toolbar located via window enumeration (hwnd=00000000020506BA)
[2025-11-26T20:21:33.269Z][pid 17808][tid 18144] INFO Explorer pane creation watch cleared (view=0000000003853306)
[2025-11-26T20:21:33.269Z][pid 17808][tid 18144] INFO Status bar background reset (hwnd=0000000000150260 previous=0xFF000000)
[2025-11-26T20:21:33.269Z][pid 17808][tid 18144] INFO Cleared Open In New Tab pending state
[2025-11-26T20:21:33.269Z][pid 17808][tid 18144] INFO Installed shell view window subclass (view=0000000003853306)
[2025-11-26T20:21:33.269Z][pid 17808][tid 18144] INFO Installed explorer frame subclass (frame=0000000005470662)
[2025-11-26T20:21:33.269Z][pid 17808][tid 18144] INFO Cleared Open In New Tab pending state
[2025-11-26T20:21:33.269Z][pid 17808][tid 18144] INFO Explorer view base subclass ready (view=0000000003853306 frame=0000000005470662)
[2025-11-26T20:21:33.270Z][pid 17808][tid 18144] VERBOSE DirectUI IUIElement unavailable (hr=0x80004001)
[2025-11-26T20:21:33.270Z][pid 17808][tid 18144] INFO Installed explorer DirectUI host subclass (direct=0000000002CD28B0)
[2025-11-26T20:21:33.270Z][pid 17808][tid 18144] INFO Installed explorer tree view subclass (tree=000000000003003A)
[2025-11-26T20:21:33.270Z][pid 17808][tid 18144] INFO Explorer status bar discovered (hwnd=0000000000150260)
[2025-11-26T20:21:33.271Z][pid 17808][tid 18144] INFO Status bar theme background updated (hwnd=0000000000150260 new=0x00191919)
[2025-11-26T20:21:33.272Z][pid 17808][tid 18144] INFO Status bar theme text color updated (hwnd=0000000000150260 new=0x00FFFFFF)
[2025-11-26T20:21:33.272Z][pid 17808][tid 18144] INFO Registered glow surface edit (hwnd=0000000000080020)
[2025-11-26T20:21:33.272Z][pid 17808][tid 18144] INFO Explorer pane creation watch armed (view=0000000003853306 list=1 tree=0)
[2025-11-26T20:21:33.272Z][pid 17808][tid 18144] INFO Explorer pane fallback timer armed (view=0000000003853306 delay=500)
[2025-11-26T20:21:33.273Z][pid 17808][tid 18144] INFO Explorer panes not ready: list view missing (view=0000000003853306)
[2025-11-26T20:21:33.273Z][pid 17808][tid 18144] INFO Explorer pane retry timer armed (view=0000000003853306 delay=500 attempts=1)
[2025-11-26T20:21:33.298Z][pid 17808][tid 18144] INFO Installed explorer list host subclass (host=0000000005470662)
[2025-11-26T20:21:33.299Z][pid 17808][tid 18144] INFO Installed explorer list host subclass (host=00000000015301C4)
[2025-11-26T20:21:33.299Z][pid 17808][tid 18144] INFO Installed explorer list host subclass (host=00000000003826A4)
[2025-11-26T20:21:33.299Z][pid 17808][tid 18144] INFO Installed explorer list host subclass (host=0000000005222CAA)
[2025-11-26T20:21:33.299Z][pid 17808][tid 18144] INFO Installed explorer list host subclass (host=00000000085502AC)
[2025-11-26T20:21:35.772Z][pid 17808][tid 18144] INFO TabBand::UpdateTabsUI applying 3 items
[2025-11-26T20:21:35.773Z][pid 17808][tid 18144] INFO IconCache stats: size=4 hits=16 misses=34 evictions=30 hitRate=32.0%
[2025-11-26T20:21:35.774Z][pid 17808][tid 18144] INFO Tab diff: +1 -1 move=0 update=0 rows=1 incremental=false
[2025-11-26T20:21:35.777Z][pid 17808][tid 18144] WARN Status bar custom draw timeout; forcing theme detours (hwnd=0000000000150260)
[2025-11-26T20:21:35.778Z][pid 17808][tid 18144] INFO Breadcrumb QueryService(IShellBrowser) failed: 0x80004001
[2025-11-26T20:21:35.778Z][pid 17808][tid 18144] INFO Breadcrumb ribbon frame discovered via IShellBrowser (hwnd=0000000005222CAA)
[2025-11-26T20:21:35.778Z][pid 17808][tid 18144] INFO Breadcrumb ribbon frame discovered via IWebBrowser2 (hwnd=0000000005222CAA)
[2025-11-26T20:21:35.778Z][pid 17808][tid 18144] INFO Breadcrumb toolbar located via window enumeration (hwnd=00000000020506BA)
[2025-11-26T20:21:35.778Z][pid 17808][tid 18144] INFO Explorer pane creation watch cleared (view=0000000000000000)
[2025-11-26T20:21:35.778Z][pid 17808][tid 18144] INFO Status bar background reset (hwnd=0000000000150260 previous=0xFF000000)
[2025-11-26T20:21:35.779Z][pid 17808][tid 18144] INFO Cleared Open In New Tab pending state
[2025-11-26T20:21:35.779Z][pid 17808][tid 18144] INFO Installed shell view window subclass (view=0000000000CF24DE)
[2025-11-26T20:21:35.779Z][pid 17808][tid 18144] INFO Installed explorer frame subclass (frame=0000000005470662)
[2025-11-26T20:21:35.779Z][pid 17808][tid 18144] INFO Cleared Open In New Tab pending state
[2025-11-26T20:21:35.779Z][pid 17808][tid 18144] INFO Explorer view base subclass ready (view=0000000000CF24DE frame=0000000005470662)
[2025-11-26T20:21:35.779Z][pid 17808][tid 18144] VERBOSE DirectUI IUIElement unavailable (hr=0x80004001)
[2025-11-26T20:21:35.779Z][pid 17808][tid 18144] INFO Installed explorer DirectUI host subclass (direct=0000000000EF2DEE)
[2025-11-26T20:21:35.779Z][pid 17808][tid 18144] INFO Installed explorer tree view subclass (tree=000000000003003A)
[2025-11-26T20:21:35.780Z][pid 17808][tid 18144] INFO Explorer status bar discovered (hwnd=0000000000150260)
[2025-11-26T20:21:35.781Z][pid 17808][tid 18144] INFO Status bar theme background updated (hwnd=0000000000150260 new=0x00191919)
[2025-11-26T20:21:35.781Z][pid 17808][tid 18144] INFO Status bar theme text color updated (hwnd=0000000000150260 new=0x00FFFFFF)
[2025-11-26T20:21:35.781Z][pid 17808][tid 18144] INFO Registered glow surface edit (hwnd=0000000000080020)
[2025-11-26T20:21:35.783Z][pid 17808][tid 18144] INFO Explorer pane creation watch armed (view=0000000000CF24DE list=1 tree=0)
[2025-11-26T20:21:35.783Z][pid 17808][tid 18144] INFO Explorer pane fallback timer armed (view=0000000000CF24DE delay=500)
[2025-11-26T20:21:35.783Z][pid 17808][tid 18144] INFO Explorer panes not ready: list view missing (view=0000000000CF24DE)
[2025-11-26T20:21:35.783Z][pid 17808][tid 18144] INFO Explorer pane retry timer armed (view=0000000000CF24DE delay=500 attempts=1)
[2025-11-26T20:21:35.785Z][pid 17808][tid 18144] INFO TabBand::UpdateTabsUI applying 3 items
[2025-11-26T20:21:35.786Z][pid 17808][tid 18144] INFO Breadcrumb QueryService(IShellBrowser) failed: 0x80004001
[2025-11-26T20:21:35.787Z][pid 17808][tid 18144] INFO Breadcrumb ribbon frame discovered via IShellBrowser (hwnd=0000000005222CAA)
[2025-11-26T20:21:35.787Z][pid 17808][tid 18144] INFO Breadcrumb ribbon frame discovered via IWebBrowser2 (hwnd=0000000005222CAA)
[2025-11-26T20:21:35.787Z][pid 17808][tid 18144] INFO Breadcrumb toolbar located via window enumeration (hwnd=00000000020506BA)
[2025-11-26T20:21:35.787Z][pid 17808][tid 18144] INFO Explorer pane creation watch cleared (view=0000000000CF24DE)
[2025-11-26T20:21:35.787Z][pid 17808][tid 18144] INFO Status bar background reset (hwnd=0000000000150260 previous=0xFF000000)
[2025-11-26T20:21:35.787Z][pid 17808][tid 18144] INFO Cleared Open In New Tab pending state
[2025-11-26T20:21:35.787Z][pid 17808][tid 18144] INFO Installed shell view window subclass (view=0000000000CF24DE)
[2025-11-26T20:21:35.787Z][pid 17808][tid 18144] INFO Installed explorer frame subclass (frame=0000000005470662)
[2025-11-26T20:21:35.788Z][pid 17808][tid 18144] INFO Cleared Open In New Tab pending state
[2025-11-26T20:21:35.788Z][pid 17808][tid 18144] INFO Explorer view base subclass ready (view=0000000000CF24DE frame=0000000005470662)
[2025-11-26T20:21:35.788Z][pid 17808][tid 18144] VERBOSE DirectUI IUIElement unavailable (hr=0x80004001)
[2025-11-26T20:21:35.788Z][pid 17808][tid 18144] INFO Installed explorer DirectUI host subclass (direct=0000000000EF2DEE)
[2025-11-26T20:21:35.788Z][pid 17808][tid 18144] INFO Installed explorer tree view subclass (tree=000000000003003A)
[2025-11-26T20:21:35.788Z][pid 17808][tid 18144] INFO Explorer status bar discovered (hwnd=0000000000150260)
[2025-11-26T20:21:35.789Z][pid 17808][tid 18144] INFO Status bar theme background updated (hwnd=0000000000150260 new=0x00191919)
[2025-11-26T20:21:35.789Z][pid 17808][tid 18144] INFO Status bar theme text color updated (hwnd=0000000000150260 new=0x00FFFFFF)
[2025-11-26T20:21:35.789Z][pid 17808][tid 18144] INFO Registered glow surface edit (hwnd=0000000000080020)
[2025-11-26T20:21:35.790Z][pid 17808][tid 18144] INFO Explorer pane creation watch armed (view=0000000000CF24DE list=1 tree=0)
[2025-11-26T20:21:35.790Z][pid 17808][tid 18144] INFO Explorer pane fallback timer armed (view=0000000000CF24DE delay=500)
[2025-11-26T20:21:35.790Z][pid 17808][tid 18144] INFO Explorer panes not ready: list view missing (view=0000000000CF24DE)
[2025-11-26T20:21:35.790Z][pid 17808][tid 18144] INFO Explorer pane retry timer armed (view=0000000000CF24DE delay=500 attempts=1)
[2025-11-26T20:21:35.826Z][pid 17808][tid 18144] INFO TabBand::UpdateTabsUI applying 3 items
[2025-11-26T20:21:35.829Z][pid 17808][tid 18144] INFO Breadcrumb QueryService(IShellBrowser) failed: 0x80004001
[2025-11-26T20:21:35.829Z][pid 17808][tid 18144] INFO Breadcrumb ribbon frame discovered via IShellBrowser (hwnd=0000000005222CAA)
[2025-11-26T20:21:35.829Z][pid 17808][tid 18144] INFO Breadcrumb ribbon frame discovered via IWebBrowser2 (hwnd=0000000005222CAA)
[2025-11-26T20:21:35.830Z][pid 17808][tid 18144] INFO Breadcrumb toolbar located via window enumeration (hwnd=00000000020506BA)
[2025-11-26T20:21:35.830Z][pid 17808][tid 18144] INFO Explorer pane creation watch cleared (view=0000000000CF24DE)
[2025-11-26T20:21:35.830Z][pid 17808][tid 18144] INFO Status bar background reset (hwnd=0000000000150260 previous=0xFF000000)
[2025-11-26T20:21:35.830Z][pid 17808][tid 18144] INFO Cleared Open In New Tab pending state
[2025-11-26T20:21:35.830Z][pid 17808][tid 18144] INFO Installed shell view window subclass (view=0000000000CF24DE)
[2025-11-26T20:21:35.830Z][pid 17808][tid 18144] INFO Installed explorer frame subclass (frame=0000000005470662)
[2025-11-26T20:21:35.830Z][pid 17808][tid 18144] INFO Cleared Open In New Tab pending state
[2025-11-26T20:21:35.830Z][pid 17808][tid 18144] INFO Explorer view base subclass ready (view=0000000000CF24DE frame=0000000005470662)
[2025-11-26T20:21:35.831Z][pid 17808][tid 18144] VERBOSE DirectUI IUIElement unavailable (hr=0x80004001)
[2025-11-26T20:21:35.831Z][pid 17808][tid 18144] INFO Installed explorer DirectUI host subclass (direct=0000000000EF2DEE)
[2025-11-26T20:21:35.831Z][pid 17808][tid 18144] INFO Installed explorer tree view subclass (tree=000000000003003A)
[2025-11-26T20:21:35.831Z][pid 17808][tid 18144] INFO Explorer status bar discovered (hwnd=0000000000150260)
[2025-11-26T20:21:35.832Z][pid 17808][tid 18144] INFO Status bar theme background updated (hwnd=0000000000150260 new=0x00191919)
[2025-11-26T20:21:35.832Z][pid 17808][tid 18144] INFO Status bar theme text color updated (hwnd=0000000000150260 new=0x00FFFFFF)
[2025-11-26T20:21:35.833Z][pid 17808][tid 18144] INFO Registered glow surface edit (hwnd=0000000000080020)
[2025-11-26T20:21:35.833Z][pid 17808][tid 18144] INFO Explorer pane creation watch armed (view=0000000000CF24DE list=1 tree=0)
[2025-11-26T20:21:35.834Z][pid 17808][tid 18144] INFO Explorer pane fallback timer armed (view=0000000000CF24DE delay=500)
[2025-11-26T20:21:35.834Z][pid 17808][tid 18144] INFO Explorer panes not ready: list view missing (view=0000000000CF24DE)
[2025-11-26T20:21:35.834Z][pid 17808][tid 18144] INFO Explorer pane retry timer armed (view=0000000000CF24DE delay=500 attempts=1)
[2025-11-26T20:21:35.836Z][pid 17808][tid 18144] INFO Tab redraw metrics: incremental 0.00 ms (0), full 0.37 ms (120), last 0.38 ms (full)
[2025-11-26T20:21:35.904Z][pid 17808][tid 18144] INFO Installed explorer list host subclass (host=0000000005470662)
[2025-11-26T20:21:35.904Z][pid 17808][tid 18144] INFO Installed explorer list host subclass (host=00000000015301C4)
[2025-11-26T20:21:35.905Z][pid 17808][tid 18144] INFO Installed explorer list host subclass (host=00000000003826A4)
[2025-11-26T20:21:35.905Z][pid 17808][tid 18144] INFO Installed explorer list host subclass (host=0000000005222CAA)
[2025-11-26T20:21:35.905Z][pid 17808][tid 18144] INFO Installed explorer list host subclass (host=00000000085502AC)
[2025-11-26T20:21:37.158Z][pid 17808][tid 18144] INFO TabBand::UpdateTabsUI applying 3 items
[2025-11-26T20:21:37.159Z][pid 17808][tid 18144] INFO Tab diff: +1 -1 move=0 update=0 rows=1 incremental=false
[2025-11-26T20:21:37.167Z][pid 17808][tid 18144] INFO Breadcrumb QueryService(IShellBrowser) failed: 0x80004001
[2025-11-26T20:21:37.167Z][pid 17808][tid 18144] INFO Breadcrumb ribbon frame discovered via IShellBrowser (hwnd=0000000005222CAA)
[2025-11-26T20:21:37.167Z][pid 17808][tid 18144] INFO Breadcrumb ribbon frame discovered via IWebBrowser2 (hwnd=0000000005222CAA)
[2025-11-26T20:21:37.167Z][pid 17808][tid 18144] INFO Breadcrumb toolbar located via window enumeration (hwnd=00000000020506BA)
[2025-11-26T20:21:37.167Z][pid 17808][tid 18144] INFO Explorer pane creation watch cleared (view=0000000000000000)
[2025-11-26T20:21:37.167Z][pid 17808][tid 18144] INFO Status bar background reset (hwnd=0000000000150260 previous=0xFF000000)
[2025-11-26T20:21:37.167Z][pid 17808][tid 18144] INFO Cleared Open In New Tab pending state
[2025-11-26T20:21:37.167Z][pid 17808][tid 18144] INFO Installed shell view window subclass (view=0000000001232626)
[2025-11-26T20:21:37.168Z][pid 17808][tid 18144] INFO Installed explorer frame subclass (frame=0000000005470662)
[2025-11-26T20:21:37.168Z][pid 17808][tid 18144] INFO Cleared Open In New Tab pending state
[2025-11-26T20:21:37.168Z][pid 17808][tid 18144] INFO Explorer view base subclass ready (view=0000000001232626 frame=0000000005470662)
[2025-11-26T20:21:37.168Z][pid 17808][tid 18144] VERBOSE DirectUI IUIElement unavailable (hr=0x80004001)
[2025-11-26T20:21:37.168Z][pid 17808][tid 18144] INFO Installed explorer DirectUI host subclass (direct=0000000000A42868)
[2025-11-26T20:21:37.168Z][pid 17808][tid 18144] INFO Installed explorer tree view subclass (tree=000000000003003A)
[2025-11-26T20:21:37.169Z][pid 17808][tid 18144] INFO Explorer status bar discovered (hwnd=0000000000150260)
[2025-11-26T20:21:37.170Z][pid 17808][tid 18144] INFO Status bar theme background updated (hwnd=0000000000150260 new=0x00191919)
[2025-11-26T20:21:37.170Z][pid 17808][tid 18144] INFO Status bar theme text color updated (hwnd=0000000000150260 new=0x00FFFFFF)
[2025-11-26T20:21:37.170Z][pid 17808][tid 18144] INFO Registered glow surface edit (hwnd=0000000000080020)
[2025-11-26T20:21:37.171Z][pid 17808][tid 18144] INFO Explorer pane creation watch armed (view=0000000001232626 list=1 tree=0)
[2025-11-26T20:21:37.171Z][pid 17808][tid 18144] INFO Explorer pane fallback timer armed (view=0000000001232626 delay=500)
[2025-11-26T20:21:37.171Z][pid 17808][tid 18144] INFO Explorer panes not ready: list view missing (view=0000000001232626)
[2025-11-26T20:21:37.171Z][pid 17808][tid 18144] INFO Explorer pane retry timer armed (view=0000000001232626 delay=500 attempts=1)
[2025-11-26T20:21:37.172Z][pid 17808][tid 18144] INFO TabBand::UpdateTabsUI applying 3 items
[2025-11-26T20:21:37.172Z][pid 17808][tid 18144] INFO Breadcrumb QueryService(IShellBrowser) failed: 0x80004001
[2025-11-26T20:21:37.173Z][pid 17808][tid 18144] INFO Breadcrumb ribbon frame discovered via IShellBrowser (hwnd=0000000005222CAA)
[2025-11-26T20:21:37.173Z][pid 17808][tid 18144] INFO Breadcrumb ribbon frame discovered via IWebBrowser2 (hwnd=0000000005222CAA)
[2025-11-26T20:21:37.173Z][pid 17808][tid 18144] INFO Breadcrumb toolbar located via window enumeration (hwnd=00000000020506BA)
[2025-11-26T20:21:37.173Z][pid 17808][tid 18144] INFO Explorer pane creation watch cleared (view=0000000001232626)
[2025-11-26T20:21:37.173Z][pid 17808][tid 18144] INFO Status bar background reset (hwnd=0000000000150260 previous=0xFF000000)
[2025-11-26T20:21:37.173Z][pid 17808][tid 18144] INFO Cleared Open In New Tab pending state
[2025-11-26T20:21:37.173Z][pid 17808][tid 18144] INFO Installed shell view window subclass (view=0000000001232626)
[2025-11-26T20:21:37.174Z][pid 17808][tid 18144] INFO Installed explorer frame subclass (frame=0000000005470662)
[2025-11-26T20:21:37.174Z][pid 17808][tid 18144] INFO Cleared Open In New Tab pending state
[2025-11-26T20:21:37.174Z][pid 17808][tid 18144] INFO Explorer view base subclass ready (view=0000000001232626 frame=0000000005470662)
[2025-11-26T20:21:37.174Z][pid 17808][tid 18144] VERBOSE DirectUI IUIElement unavailable (hr=0x80004001)
[2025-11-26T20:21:37.174Z][pid 17808][tid 18144] INFO Installed explorer DirectUI host subclass (direct=0000000000A42868)
[2025-11-26T20:21:37.174Z][pid 17808][tid 18144] INFO Installed explorer tree view subclass (tree=000000000003003A)
[2025-11-26T20:21:37.174Z][pid 17808][tid 18144] INFO Explorer status bar discovered (hwnd=0000000000150260)
[2025-11-26T20:21:37.175Z][pid 17808][tid 18144] INFO Status bar theme background updated (hwnd=0000000000150260 new=0x00191919)
[2025-11-26T20:21:37.175Z][pid 17808][tid 18144] INFO Status bar theme text color updated (hwnd=0000000000150260 new=0x00FFFFFF)
[2025-11-26T20:21:37.175Z][pid 17808][tid 18144] INFO Registered glow surface edit (hwnd=0000000000080020)
[2025-11-26T20:21:37.176Z][pid 17808][tid 18144] INFO Explorer pane creation watch armed (view=0000000001232626 list=1 tree=0)
[2025-11-26T20:21:37.176Z][pid 17808][tid 18144] INFO Explorer pane fallback timer armed (view=0000000001232626 delay=500)
[2025-11-26T20:21:37.176Z][pid 17808][tid 18144] INFO Explorer panes not ready: list view missing (view=0000000001232626)
[2025-11-26T20:21:37.176Z][pid 17808][tid 18144] INFO Explorer pane retry timer armed (view=0000000001232626 delay=500 attempts=1)
[2025-11-26T20:21:37.230Z][pid 17808][tid 18144] INFO TabBand::UpdateTabsUI applying 3 items
[2025-11-26T20:21:37.231Z][pid 17808][tid 18144] INFO Breadcrumb QueryService(IShellBrowser) failed: 0x80004001
[2025-11-26T20:21:37.232Z][pid 17808][tid 18144] INFO Breadcrumb ribbon frame discovered via IShellBrowser (hwnd=0000000005222CAA)
[2025-11-26T20:21:37.232Z][pid 17808][tid 18144] INFO Breadcrumb ribbon frame discovered via IWebBrowser2 (hwnd=0000000005222CAA)
[2025-11-26T20:21:37.232Z][pid 17808][tid 18144] INFO Breadcrumb toolbar located via window enumeration (hwnd=00000000020506BA)
[2025-11-26T20:21:37.232Z][pid 17808][tid 18144] INFO Explorer pane creation watch cleared (view=0000000001232626)
[2025-11-26T20:21:37.232Z][pid 17808][tid 18144] INFO Status bar background reset (hwnd=0000000000150260 previous=0xFF000000)
[2025-11-26T20:21:37.232Z][pid 17808][tid 18144] INFO Cleared Open In New Tab pending state
[2025-11-26T20:21:37.232Z][pid 17808][tid 18144] INFO Installed shell view window subclass (view=0000000001232626)
[2025-11-26T20:21:37.232Z][pid 17808][tid 18144] INFO Installed explorer frame subclass (frame=0000000005470662)
[2025-11-26T20:21:37.232Z][pid 17808][tid 18144] INFO Cleared Open In New Tab pending state
[2025-11-26T20:21:37.233Z][pid 17808][tid 18144] INFO Explorer view base subclass ready (view=0000000001232626 frame=0000000005470662)
[2025-11-26T20:21:37.233Z][pid 17808][tid 18144] VERBOSE DirectUI IUIElement unavailable (hr=0x80004001)
[2025-11-26T20:21:37.233Z][pid 17808][tid 18144] INFO Installed explorer DirectUI host subclass (direct=0000000000A42868)
[2025-11-26T20:21:37.233Z][pid 17808][tid 18144] INFO Installed explorer tree view subclass (tree=000000000003003A)
[2025-11-26T20:21:37.233Z][pid 17808][tid 18144] INFO Explorer status bar discovered (hwnd=0000000000150260)
[2025-11-26T20:21:37.234Z][pid 17808][tid 18144] INFO Status bar theme background updated (hwnd=0000000000150260 new=0x00191919)
[2025-11-26T20:21:37.235Z][pid 17808][tid 18144] INFO Status bar theme text color updated (hwnd=0000000000150260 new=0x00FFFFFF)
[2025-11-26T20:21:37.235Z][pid 17808][tid 18144] INFO Registered glow surface edit (hwnd=0000000000080020)
[2025-11-26T20:21:37.237Z][pid 17808][tid 18144] INFO Explorer pane creation watch armed (view=0000000001232626 list=1 tree=0)
[2025-11-26T20:21:37.237Z][pid 17808][tid 18144] INFO Explorer pane fallback timer armed (view=0000000001232626 delay=500)
[2025-11-26T20:21:37.237Z][pid 17808][tid 18144] INFO Explorer panes not ready: list view missing (view=0000000001232626)
[2025-11-26T20:21:37.237Z][pid 17808][tid 18144] INFO Explorer pane retry timer armed (view=0000000001232626 delay=500 attempts=1)
[2025-11-26T20:21:37.266Z][pid 17808][tid 18144] INFO Installed explorer list host subclass (host=0000000005470662)
[2025-11-26T20:21:37.266Z][pid 17808][tid 18144] INFO Installed explorer list host subclass (host=00000000015301C4)
[2025-11-26T20:21:37.266Z][pid 17808][tid 18144] INFO Installed explorer list host subclass (host=00000000003826A4)
[2025-11-26T20:21:37.266Z][pid 17808][tid 18144] INFO Installed explorer list host subclass (host=0000000005222CAA)
[2025-11-26T20:21:37.267Z][pid 17808][tid 18144] INFO Installed explorer list host subclass (host=00000000085502AC)
[2025-11-26T20:21:43.082Z][pid 17808][tid 18144] WARN Status bar custom draw timeout; forcing theme detours (hwnd=0000000000150260)
[2025-11-26T20:21:43.217Z][pid 17808][tid 18144] INFO TabBand::UpdateTabsUI applying 3 items
[2025-11-26T20:21:43.219Z][pid 17808][tid 18144] INFO Tab diff: +1 -1 move=0 update=0 rows=1 incremental=false
[2025-11-26T20:21:43.222Z][pid 17808][tid 18144] INFO Breadcrumb QueryService(IShellBrowser) failed: 0x80004001
[2025-11-26T20:21:43.222Z][pid 17808][tid 18144] INFO Breadcrumb ribbon frame discovered via IShellBrowser (hwnd=0000000005222CAA)
[2025-11-26T20:21:43.223Z][pid 17808][tid 18144] INFO Breadcrumb ribbon frame discovered via IWebBrowser2 (hwnd=0000000005222CAA)
[2025-11-26T20:21:43.223Z][pid 17808][tid 18144] INFO Breadcrumb toolbar located via window enumeration (hwnd=00000000020506BA)
[2025-11-26T20:21:43.223Z][pid 17808][tid 18144] INFO Explorer pane creation watch cleared (view=0000000000000000)
[2025-11-26T20:21:43.223Z][pid 17808][tid 18144] INFO Status bar background reset (hwnd=0000000000150260 previous=0xFF000000)
[2025-11-26T20:21:43.223Z][pid 17808][tid 18144] INFO Cleared Open In New Tab pending state
[2025-11-26T20:21:43.223Z][pid 17808][tid 18144] INFO Installed shell view window subclass (view=00000000030807B0)
[2025-11-26T20:21:43.223Z][pid 17808][tid 18144] INFO Installed explorer frame subclass (frame=0000000005470662)
[2025-11-26T20:21:43.224Z][pid 17808][tid 18144] INFO Cleared Open In New Tab pending state
[2025-11-26T20:21:43.224Z][pid 17808][tid 18144] INFO Explorer view base subclass ready (view=00000000030807B0 frame=0000000005470662)
[2025-11-26T20:21:43.224Z][pid 17808][tid 18144] VERBOSE DirectUI IUIElement unavailable (hr=0x80004001)
[2025-11-26T20:21:43.224Z][pid 17808][tid 18144] INFO Installed explorer DirectUI host subclass (direct=0000000000D024DE)
[2025-11-26T20:21:43.224Z][pid 17808][tid 18144] INFO Installed explorer tree view subclass (tree=000000000003003A)
[2025-11-26T20:21:43.224Z][pid 17808][tid 18144] INFO Explorer status bar discovered (hwnd=0000000000150260)
[2025-11-26T20:21:43.226Z][pid 17808][tid 18144] INFO Status bar theme background updated (hwnd=0000000000150260 new=0x00191919)
[2025-11-26T20:21:43.226Z][pid 17808][tid 18144] INFO Status bar theme text color updated (hwnd=0000000000150260 new=0x00FFFFFF)
[2025-11-26T20:21:43.226Z][pid 17808][tid 18144] INFO Registered glow surface edit (hwnd=0000000000080020)
[2025-11-26T20:21:43.227Z][pid 17808][tid 18144] INFO Explorer pane creation watch armed (view=00000000030807B0 list=1 tree=0)
[2025-11-26T20:21:43.227Z][pid 17808][tid 18144] INFO Explorer pane fallback timer armed (view=00000000030807B0 delay=500)
[2025-11-26T20:21:43.227Z][pid 17808][tid 18144] INFO Explorer panes not ready: list view missing (view=00000000030807B0)
[2025-11-26T20:21:43.227Z][pid 17808][tid 18144] INFO Explorer pane retry timer armed (view=00000000030807B0 delay=500 attempts=1)
[2025-11-26T20:21:43.228Z][pid 17808][tid 18144] INFO TabBand::UpdateTabsUI applying 3 items
[2025-11-26T20:21:43.229Z][pid 17808][tid 18144] INFO Breadcrumb QueryService(IShellBrowser) failed: 0x80004001
[2025-11-26T20:21:43.229Z][pid 17808][tid 18144] INFO Breadcrumb ribbon frame discovered via IShellBrowser (hwnd=0000000005222CAA)
[2025-11-26T20:21:43.229Z][pid 17808][tid 18144] INFO Breadcrumb ribbon frame discovered via IWebBrowser2 (hwnd=0000000005222CAA)
[2025-11-26T20:21:43.229Z][pid 17808][tid 18144] INFO Breadcrumb toolbar located via window enumeration (hwnd=00000000020506BA)
[2025-11-26T20:21:43.229Z][pid 17808][tid 18144] INFO Explorer pane creation watch cleared (view=00000000030807B0)
[2025-11-26T20:21:43.229Z][pid 17808][tid 18144] INFO Status bar background reset (hwnd=0000000000150260 previous=0xFF000000)
[2025-11-26T20:21:43.230Z][pid 17808][tid 18144] INFO Cleared Open In New Tab pending state
[2025-11-26T20:21:43.230Z][pid 17808][tid 18144] INFO Installed shell view window subclass (view=00000000030807B0)
[2025-11-26T20:21:43.230Z][pid 17808][tid 18144] INFO Installed explorer frame subclass (frame=0000000005470662)
[2025-11-26T20:21:43.230Z][pid 17808][tid 18144] INFO Cleared Open In New Tab pending state
[2025-11-26T20:21:43.230Z][pid 17808][tid 18144] INFO Explorer view base subclass ready (view=00000000030807B0 frame=0000000005470662)
[2025-11-26T20:21:43.230Z][pid 17808][tid 18144] VERBOSE DirectUI IUIElement unavailable (hr=0x80004001)
[2025-11-26T20:21:43.230Z][pid 17808][tid 18144] INFO Installed explorer DirectUI host subclass (direct=0000000000D024DE)
[2025-11-26T20:21:43.230Z][pid 17808][tid 18144] INFO Installed explorer tree view subclass (tree=000000000003003A)
[2025-11-26T20:21:43.231Z][pid 17808][tid 18144] INFO Explorer status bar discovered (hwnd=0000000000150260)
[2025-11-26T20:21:43.232Z][pid 17808][tid 18144] INFO Status bar theme background updated (hwnd=0000000000150260 new=0x00191919)
[2025-11-26T20:21:43.232Z][pid 17808][tid 18144] INFO Status bar theme text color updated (hwnd=0000000000150260 new=0x00FFFFFF)
[2025-11-26T20:21:43.232Z][pid 17808][tid 18144] INFO Registered glow surface edit (hwnd=0000000000080020)
[2025-11-26T20:21:43.233Z][pid 17808][tid 18144] INFO Explorer pane creation watch armed (view=00000000030807B0 list=1 tree=0)
[2025-11-26T20:21:43.233Z][pid 17808][tid 18144] INFO Explorer pane fallback timer armed (view=00000000030807B0 delay=500)
[2025-11-26T20:21:43.233Z][pid 17808][tid 18144] INFO Explorer panes not ready: list view missing (view=00000000030807B0)
[2025-11-26T20:21:43.233Z][pid 17808][tid 18144] INFO Explorer pane retry timer armed (view=00000000030807B0 delay=500 attempts=1)
[2025-11-26T20:21:43.290Z][pid 17808][tid 18144] INFO TabBand::UpdateTabsUI applying 3 items
[2025-11-26T20:21:43.291Z][pid 17808][tid 18144] INFO Breadcrumb QueryService(IShellBrowser) failed: 0x80004001
[2025-11-26T20:21:43.291Z][pid 17808][tid 18144] INFO Breadcrumb ribbon frame discovered via IShellBrowser (hwnd=0000000005222CAA)
[2025-11-26T20:21:43.292Z][pid 17808][tid 18144] INFO Breadcrumb ribbon frame discovered via IWebBrowser2 (hwnd=0000000005222CAA)
[2025-11-26T20:21:43.292Z][pid 17808][tid 18144] INFO Breadcrumb toolbar located via window enumeration (hwnd=00000000020506BA)
[2025-11-26T20:21:43.292Z][pid 17808][tid 18144] INFO Explorer pane creation watch cleared (view=00000000030807B0)
[2025-11-26T20:21:43.292Z][pid 17808][tid 18144] INFO Status bar background reset (hwnd=0000000000150260 previous=0xFF000000)
[2025-11-26T20:21:43.292Z][pid 17808][tid 18144] INFO Cleared Open In New Tab pending state
[2025-11-26T20:21:43.293Z][pid 17808][tid 18144] INFO Installed shell view window subclass (view=00000000030807B0)
[2025-11-26T20:21:43.293Z][pid 17808][tid 18144] INFO Installed explorer frame subclass (frame=0000000005470662)
[2025-11-26T20:21:43.293Z][pid 17808][tid 18144] INFO Cleared Open In New Tab pending state
[2025-11-26T20:21:43.293Z][pid 17808][tid 18144] INFO Explorer view base subclass ready (view=00000000030807B0 frame=0000000005470662)
[2025-11-26T20:21:43.293Z][pid 17808][tid 18144] VERBOSE DirectUI IUIElement unavailable (hr=0x80004001)
[2025-11-26T20:21:43.293Z][pid 17808][tid 18144] INFO Installed explorer DirectUI host subclass (direct=0000000000D024DE)
[2025-11-26T20:21:43.293Z][pid 17808][tid 18144] INFO Installed explorer tree view subclass (tree=000000000003003A)
[2025-11-26T20:21:43.294Z][pid 17808][tid 18144] INFO Explorer status bar discovered (hwnd=0000000000150260)
[2025-11-26T20:21:43.295Z][pid 17808][tid 18144] INFO Status bar theme background updated (hwnd=0000000000150260 new=0x00191919)
[2025-11-26T20:21:43.295Z][pid 17808][tid 18144] INFO Status bar theme text color updated (hwnd=0000000000150260 new=0x00FFFFFF)
[2025-11-26T20:21:43.295Z][pid 17808][tid 18144] INFO Registered glow surface edit (hwnd=0000000000080020)
[2025-11-26T20:21:43.296Z][pid 17808][tid 18144] INFO Explorer pane creation watch armed (view=00000000030807B0 list=1 tree=0)
[2025-11-26T20:21:43.297Z][pid 17808][tid 18144] INFO Explorer pane fallback timer armed (view=00000000030807B0 delay=500)
[2025-11-26T20:21:43.297Z][pid 17808][tid 18144] INFO Explorer panes not ready: list view missing (view=00000000030807B0)
[2025-11-26T20:21:43.297Z][pid 17808][tid 18144] INFO Explorer pane retry timer armed (view=00000000030807B0 delay=500 attempts=1)
[2025-11-26T20:21:43.325Z][pid 17808][tid 18144] INFO Installed explorer list host subclass (host=0000000005470662)
[2025-11-26T20:21:43.326Z][pid 17808][tid 18144] INFO Installed explorer list host subclass (host=00000000015301C4)
[2025-11-26T20:21:43.326Z][pid 17808][tid 18144] INFO Installed explorer list host subclass (host=00000000003826A4)
[2025-11-26T20:21:43.326Z][pid 17808][tid 18144] INFO Installed explorer list host subclass (host=0000000005222CAA)
[2025-11-26T20:21:43.326Z][pid 17808][tid 18144] INFO Installed explorer list host subclass (host=00000000085502AC)
[2025-11-26T20:21:47.381Z][pid 17808][tid 18144] INFO TabBand::UpdateTabsUI applying 3 items
[2025-11-26T20:21:47.382Z][pid 17808][tid 18144] INFO Tab diff: +1 -1 move=0 update=0 rows=1 incremental=false
[2025-11-26T20:21:47.384Z][pid 17808][tid 18144] WARN Status bar custom draw timeout; forcing theme detours (hwnd=0000000000150260)
[2025-11-26T20:21:47.385Z][pid 17808][tid 18144] INFO Breadcrumb QueryService(IShellBrowser) failed: 0x80004001
[2025-11-26T20:21:47.386Z][pid 17808][tid 18144] INFO Breadcrumb ribbon frame discovered via IShellBrowser (hwnd=0000000005222CAA)
[2025-11-26T20:21:47.386Z][pid 17808][tid 18144] INFO Breadcrumb ribbon frame discovered via IWebBrowser2 (hwnd=0000000005222CAA)
[2025-11-26T20:21:47.386Z][pid 17808][tid 18144] INFO Breadcrumb toolbar located via window enumeration (hwnd=00000000020506BA)
[2025-11-26T20:21:47.386Z][pid 17808][tid 18144] INFO Explorer pane creation watch cleared (view=0000000000000000)
[2025-11-26T20:21:47.386Z][pid 17808][tid 18144] INFO Status bar background reset (hwnd=0000000000150260 previous=0xFF000000)
[2025-11-26T20:21:47.386Z][pid 17808][tid 18144] INFO Cleared Open In New Tab pending state
[2025-11-26T20:21:47.386Z][pid 17808][tid 18144] INFO Installed shell view window subclass (view=0000000003871A8C)
[2025-11-26T20:21:47.387Z][pid 17808][tid 18144] INFO Installed explorer frame subclass (frame=0000000005470662)
[2025-11-26T20:21:47.387Z][pid 17808][tid 18144] INFO Cleared Open In New Tab pending state
[2025-11-26T20:21:47.387Z][pid 17808][tid 18144] INFO Explorer view base subclass ready (view=0000000003871A8C frame=0000000005470662)
[2025-11-26T20:21:47.387Z][pid 17808][tid 18144] VERBOSE DirectUI IUIElement unavailable (hr=0x80004001)
[2025-11-26T20:21:47.387Z][pid 17808][tid 18144] INFO Installed explorer DirectUI host subclass (direct=0000000001252626)
[2025-11-26T20:21:47.387Z][pid 17808][tid 18144] INFO Installed explorer tree view subclass (tree=000000000003003A)
[2025-11-26T20:21:47.388Z][pid 17808][tid 18144] INFO Explorer status bar discovered (hwnd=0000000000150260)
[2025-11-26T20:21:47.389Z][pid 17808][tid 18144] INFO Status bar theme background updated (hwnd=0000000000150260 new=0x00191919)
[2025-11-26T20:21:47.389Z][pid 17808][tid 18144] INFO Status bar theme text color updated (hwnd=0000000000150260 new=0x00FFFFFF)
[2025-11-26T20:21:47.389Z][pid 17808][tid 18144] INFO Registered glow surface edit (hwnd=0000000000080020)
[2025-11-26T20:21:47.389Z][pid 17808][tid 18144] INFO Explorer pane creation watch armed (view=0000000003871A8C list=1 tree=0)
[2025-11-26T20:21:47.389Z][pid 17808][tid 18144] INFO Explorer pane fallback timer armed (view=0000000003871A8C delay=500)
[2025-11-26T20:21:47.390Z][pid 17808][tid 18144] INFO Explorer panes not ready: list view missing (view=0000000003871A8C)
[2025-11-26T20:21:47.390Z][pid 17808][tid 18144] INFO Explorer pane retry timer armed (view=0000000003871A8C delay=500 attempts=1)
[2025-11-26T20:21:47.390Z][pid 17808][tid 18144] INFO TabBand::UpdateTabsUI applying 3 items
[2025-11-26T20:21:47.390Z][pid 17808][tid 18144] INFO Breadcrumb QueryService(IShellBrowser) failed: 0x80004001
[2025-11-26T20:21:47.391Z][pid 17808][tid 18144] INFO Breadcrumb ribbon frame discovered via IShellBrowser (hwnd=0000000005222CAA)
[2025-11-26T20:21:47.391Z][pid 17808][tid 18144] INFO Breadcrumb ribbon frame discovered via IWebBrowser2 (hwnd=0000000005222CAA)
[2025-11-26T20:21:47.391Z][pid 17808][tid 18144] INFO Breadcrumb toolbar located via window enumeration (hwnd=00000000020506BA)
[2025-11-26T20:21:47.391Z][pid 17808][tid 18144] INFO Explorer pane creation watch cleared (view=0000000003871A8C)
[2025-11-26T20:21:47.391Z][pid 17808][tid 18144] INFO Status bar background reset (hwnd=0000000000150260 previous=0xFF000000)
[2025-11-26T20:21:47.391Z][pid 17808][tid 18144] INFO Cleared Open In New Tab pending state
[2025-11-26T20:21:47.391Z][pid 17808][tid 18144] INFO Installed shell view window subclass (view=0000000003871A8C)
[2025-11-26T20:21:47.391Z][pid 17808][tid 18144] INFO Installed explorer frame subclass (frame=0000000005470662)
[2025-11-26T20:21:47.392Z][pid 17808][tid 18144] INFO Cleared Open In New Tab pending state
[2025-11-26T20:21:47.392Z][pid 17808][tid 18144] INFO Explorer view base subclass ready (view=0000000003871A8C frame=0000000005470662)
[2025-11-26T20:21:47.392Z][pid 17808][tid 18144] VERBOSE DirectUI IUIElement unavailable (hr=0x80004001)
[2025-11-26T20:21:47.392Z][pid 17808][tid 18144] INFO Installed explorer DirectUI host subclass (direct=0000000001252626)
[2025-11-26T20:21:47.392Z][pid 17808][tid 18144] INFO Installed explorer tree view subclass (tree=000000000003003A)
[2025-11-26T20:21:47.392Z][pid 17808][tid 18144] INFO Explorer status bar discovered (hwnd=0000000000150260)
[2025-11-26T20:21:47.394Z][pid 17808][tid 18144] INFO Status bar theme background updated (hwnd=0000000000150260 new=0x00191919)
[2025-11-26T20:21:47.394Z][pid 17808][tid 18144] INFO Status bar theme text color updated (hwnd=0000000000150260 new=0x00FFFFFF)
[2025-11-26T20:21:47.394Z][pid 17808][tid 18144] INFO Registered glow surface edit (hwnd=0000000000080020)
[2025-11-26T20:21:47.394Z][pid 17808][tid 18144] INFO Explorer pane creation watch armed (view=0000000003871A8C list=1 tree=0)
[2025-11-26T20:21:47.394Z][pid 17808][tid 18144] INFO Explorer pane fallback timer armed (view=0000000003871A8C delay=500)
[2025-11-26T20:21:47.395Z][pid 17808][tid 18144] INFO Explorer panes not ready: list view missing (view=0000000003871A8C)
[2025-11-26T20:21:47.395Z][pid 17808][tid 18144] INFO Explorer pane retry timer armed (view=0000000003871A8C delay=500 attempts=1)
[2025-11-26T20:21:47.443Z][pid 17808][tid 18144] INFO TabBand::UpdateTabsUI applying 3 items
[2025-11-26T20:21:47.445Z][pid 17808][tid 18144] INFO Breadcrumb QueryService(IShellBrowser) failed: 0x80004001
[2025-11-26T20:21:47.445Z][pid 17808][tid 18144] INFO Breadcrumb ribbon frame discovered via IShellBrowser (hwnd=0000000005222CAA)
[2025-11-26T20:21:47.445Z][pid 17808][tid 18144] INFO Breadcrumb ribbon frame discovered via IWebBrowser2 (hwnd=0000000005222CAA)
[2025-11-26T20:21:47.445Z][pid 17808][tid 18144] INFO Breadcrumb toolbar located via window enumeration (hwnd=00000000020506BA)
[2025-11-26T20:21:47.445Z][pid 17808][tid 18144] INFO Explorer pane creation watch cleared (view=0000000003871A8C)
[2025-11-26T20:21:47.445Z][pid 17808][tid 18144] INFO Status bar background reset (hwnd=0000000000150260 previous=0xFF000000)
[2025-11-26T20:21:47.445Z][pid 17808][tid 18144] INFO Cleared Open In New Tab pending state
[2025-11-26T20:21:47.446Z][pid 17808][tid 18144] INFO Installed shell view window subclass (view=0000000003871A8C)
[2025-11-26T20:21:47.446Z][pid 17808][tid 18144] INFO Installed explorer frame subclass (frame=0000000005470662)
[2025-11-26T20:21:47.446Z][pid 17808][tid 18144] INFO Cleared Open In New Tab pending state
[2025-11-26T20:21:47.446Z][pid 17808][tid 18144] INFO Explorer view base subclass ready (view=0000000003871A8C frame=0000000005470662)
[2025-11-26T20:21:47.446Z][pid 17808][tid 18144] VERBOSE DirectUI IUIElement unavailable (hr=0x80004001)
[2025-11-26T20:21:47.446Z][pid 17808][tid 18144] INFO Installed explorer DirectUI host subclass (direct=0000000001252626)
[2025-11-26T20:21:47.446Z][pid 17808][tid 18144] INFO Installed explorer tree view subclass (tree=000000000003003A)
[2025-11-26T20:21:47.446Z][pid 17808][tid 18144] INFO Explorer status bar discovered (hwnd=0000000000150260)
[2025-11-26T20:21:47.448Z][pid 17808][tid 18144] INFO Status bar theme background updated (hwnd=0000000000150260 new=0x00191919)
[2025-11-26T20:21:47.448Z][pid 17808][tid 18144] INFO Status bar theme text color updated (hwnd=0000000000150260 new=0x00FFFFFF)
[2025-11-26T20:21:47.448Z][pid 17808][tid 18144] INFO Registered glow surface edit (hwnd=0000000000080020)
[2025-11-26T20:21:47.448Z][pid 17808][tid 18144] INFO Explorer pane creation watch armed (view=0000000003871A8C list=1 tree=0)
[2025-11-26T20:21:47.448Z][pid 17808][tid 18144] INFO Explorer pane fallback timer armed (view=0000000003871A8C delay=500)
[2025-11-26T20:21:47.449Z][pid 17808][tid 18144] INFO Explorer panes not ready: list view missing (view=0000000003871A8C)
[2025-11-26T20:21:47.449Z][pid 17808][tid 18144] INFO Explorer pane retry timer armed (view=0000000003871A8C delay=500 attempts=1)
[2025-11-26T20:21:47.469Z][pid 17808][tid 18144] INFO Installed explorer list host subclass (host=0000000005470662)
[2025-11-26T20:21:47.469Z][pid 17808][tid 18144] INFO Installed explorer list host subclass (host=00000000015301C4)
[2025-11-26T20:21:47.469Z][pid 17808][tid 18144] INFO Installed explorer list host subclass (host=00000000003826A4)
[2025-11-26T20:21:47.469Z][pid 17808][tid 18144] INFO Installed explorer list host subclass (host=0000000005222CAA)
[2025-11-26T20:21:47.469Z][pid 17808][tid 18144] INFO Installed explorer list host subclass (host=00000000085502AC)
[2025-11-26T20:21:49.635Z][pid 17808][tid 18144] INFO Explorer context menu init (menu=FFFFFFFFD54C0C0F source=0000000000080020 inserted=0 tracking=0000000000000000)
[2025-11-26T20:21:49.635Z][pid 17808][tid 18144] INFO Cleared Open In New Tab pending state
[2025-11-26T20:21:49.705Z][pid 17808][tid 18144] INFO CollectContextMenuSelection resolved 1 item(s) from shell view
[2025-11-26T20:21:49.705Z][pid 17808][tid 18144] INFO Context menu init continuing without explicit anchor
[2025-11-26T20:21:49.705Z][pid 17808][tid 18144] INFO Open In New Tab inserted at position 1 for 1 paths
[2025-11-26T20:21:50.938Z][pid 17808][tid 18144] INFO Explorer context menu dismissed (menu=FFFFFFFFD54C0C0F)
[2025-11-26T20:21:50.938Z][pid 17808][tid 18144] INFO Cleared Open In New Tab pending state
[2025-11-26T21:01:15.507Z][pid 17808][tid 18144] INFO TabBand::UpdateTabsUI applying 3 items
[2025-11-26T21:01:15.507Z][pid 17808][tid 18144] INFO Tab diff: +1 -1 move=0 update=1 rows=1 incremental=false
[2025-11-26T21:01:15.508Z][pid 17808][tid 18144] WARN Status bar custom draw timeout; forcing theme detours (hwnd=0000000000150260)
[2025-11-26T21:01:15.509Z][pid 17808][tid 18144] INFO Breadcrumb QueryService(IShellBrowser) failed: 0x80004001
[2025-11-26T21:01:15.509Z][pid 17808][tid 18144] INFO Breadcrumb ribbon frame discovered via IShellBrowser (hwnd=0000000005222CAA)
[2025-11-26T21:01:15.509Z][pid 17808][tid 18144] INFO Breadcrumb ribbon frame discovered via IWebBrowser2 (hwnd=0000000005222CAA)
[2025-11-26T21:01:15.509Z][pid 17808][tid 18144] INFO Breadcrumb toolbar located via window enumeration (hwnd=00000000020506BA)
[2025-11-26T21:01:15.509Z][pid 17808][tid 18144] INFO Explorer pane creation watch cleared (view=0000000000000000)
[2025-11-26T21:01:15.509Z][pid 17808][tid 18144] INFO Status bar background reset (hwnd=0000000000150260 previous=0xFF000000)
[2025-11-26T21:01:15.510Z][pid 17808][tid 18144] INFO Cleared Open In New Tab pending state
[2025-11-26T21:01:15.510Z][pid 17808][tid 18144] INFO Installed shell view window subclass (view=0000000002301ED2)
[2025-11-26T21:01:15.510Z][pid 17808][tid 18144] INFO Installed explorer frame subclass (frame=0000000005470662)
[2025-11-26T21:01:15.510Z][pid 17808][tid 18144] INFO Cleared Open In New Tab pending state
[2025-11-26T21:01:15.510Z][pid 17808][tid 18144] INFO Explorer view base subclass ready (view=0000000002301ED2 frame=0000000005470662)
[2025-11-26T21:01:15.510Z][pid 17808][tid 18144] VERBOSE DirectUI IUIElement unavailable (hr=0x80004001)
[2025-11-26T21:01:15.511Z][pid 17808][tid 18144] INFO Installed explorer DirectUI host subclass (direct=0000000003FE2DDA)
[2025-11-26T21:01:15.511Z][pid 17808][tid 18144] INFO Installed explorer tree view subclass (tree=000000000003003A)
[2025-11-26T21:01:15.511Z][pid 17808][tid 18144] INFO Explorer status bar discovered (hwnd=0000000000150260)
[2025-11-26T21:01:15.512Z][pid 17808][tid 18144] INFO Status bar theme background updated (hwnd=0000000000150260 new=0x00191919)
[2025-11-26T21:01:15.512Z][pid 17808][tid 18144] INFO Status bar theme text color updated (hwnd=0000000000150260 new=0x00FFFFFF)
[2025-11-26T21:01:15.513Z][pid 17808][tid 18144] INFO Registered glow surface edit (hwnd=0000000000080020)
[2025-11-26T21:01:15.513Z][pid 17808][tid 18144] INFO Explorer pane creation watch armed (view=0000000002301ED2 list=1 tree=0)
[2025-11-26T21:01:15.513Z][pid 17808][tid 18144] INFO Explorer pane fallback timer armed (view=0000000002301ED2 delay=500)
[2025-11-26T21:01:15.514Z][pid 17808][tid 18144] INFO Explorer panes not ready: list view missing (view=0000000002301ED2)
[2025-11-26T21:01:15.514Z][pid 17808][tid 18144] INFO Explorer pane retry timer armed (view=0000000002301ED2 delay=500 attempts=1)
[2025-11-26T21:01:15.514Z][pid 17808][tid 18144] INFO TabBand::UpdateTabsUI applying 3 items
[2025-11-26T21:01:15.515Z][pid 17808][tid 18144] INFO Breadcrumb QueryService(IShellBrowser) failed: 0x80004001
[2025-11-26T21:01:15.515Z][pid 17808][tid 18144] INFO Breadcrumb ribbon frame discovered via IShellBrowser (hwnd=0000000005222CAA)
[2025-11-26T21:01:15.515Z][pid 17808][tid 18144] INFO Breadcrumb ribbon frame discovered via IWebBrowser2 (hwnd=0000000005222CAA)
[2025-11-26T21:01:15.515Z][pid 17808][tid 18144] INFO Breadcrumb toolbar located via window enumeration (hwnd=00000000020506BA)
[2025-11-26T21:01:15.515Z][pid 17808][tid 18144] INFO Explorer pane creation watch cleared (view=0000000002301ED2)
[2025-11-26T21:01:15.515Z][pid 17808][tid 18144] INFO Status bar background reset (hwnd=0000000000150260 previous=0xFF000000)
[2025-11-26T21:01:15.515Z][pid 17808][tid 18144] INFO Cleared Open In New Tab pending state
[2025-11-26T21:01:15.516Z][pid 17808][tid 18144] INFO Installed shell view window subclass (view=0000000002301ED2)
[2025-11-26T21:01:15.516Z][pid 17808][tid 18144] INFO Installed explorer frame subclass (frame=0000000005470662)
[2025-11-26T21:01:15.516Z][pid 17808][tid 18144] INFO Cleared Open In New Tab pending state
[2025-11-26T21:01:15.516Z][pid 17808][tid 18144] INFO Explorer view base subclass ready (view=0000000002301ED2 frame=0000000005470662)
[2025-11-26T21:01:15.516Z][pid 17808][tid 18144] VERBOSE DirectUI IUIElement unavailable (hr=0x80004001)
[2025-11-26T21:01:15.516Z][pid 17808][tid 18144] INFO Installed explorer DirectUI host subclass (direct=0000000003FE2DDA)
[2025-11-26T21:01:15.516Z][pid 17808][tid 18144] INFO Installed explorer tree view subclass (tree=000000000003003A)
[2025-11-26T21:01:15.516Z][pid 17808][tid 18144] INFO Explorer status bar discovered (hwnd=0000000000150260)
[2025-11-26T21:01:15.517Z][pid 17808][tid 18144] INFO Status bar theme background updated (hwnd=0000000000150260 new=0x00191919)
[2025-11-26T21:01:15.517Z][pid 17808][tid 18144] INFO Status bar theme text color updated (hwnd=0000000000150260 new=0x00FFFFFF)
[2025-11-26T21:01:15.518Z][pid 17808][tid 18144] INFO Registered glow surface edit (hwnd=0000000000080020)
[2025-11-26T21:01:15.518Z][pid 17808][tid 18144] INFO Explorer pane creation watch armed (view=0000000002301ED2 list=1 tree=0)
[2025-11-26T21:01:15.518Z][pid 17808][tid 18144] INFO Explorer pane fallback timer armed (view=0000000002301ED2 delay=500)
[2025-11-26T21:01:15.518Z][pid 17808][tid 18144] INFO Explorer panes not ready: list view missing (view=0000000002301ED2)
[2025-11-26T21:01:15.519Z][pid 17808][tid 18144] INFO Explorer pane retry timer armed (view=0000000002301ED2 delay=500 attempts=1)
[2025-11-26T21:01:15.570Z][pid 17808][tid 18144] INFO TabBand::UpdateTabsUI applying 3 items
[2025-11-26T21:01:15.572Z][pid 17808][tid 18144] INFO Breadcrumb QueryService(IShellBrowser) failed: 0x80004001
[2025-11-26T21:01:15.572Z][pid 17808][tid 18144] INFO Breadcrumb ribbon frame discovered via IShellBrowser (hwnd=0000000005222CAA)
[2025-11-26T21:01:15.572Z][pid 17808][tid 18144] INFO Breadcrumb ribbon frame discovered via IWebBrowser2 (hwnd=0000000005222CAA)
[2025-11-26T21:01:15.573Z][pid 17808][tid 18144] INFO Breadcrumb toolbar located via window enumeration (hwnd=00000000020506BA)
[2025-11-26T21:01:15.573Z][pid 17808][tid 18144] INFO Explorer pane creation watch cleared (view=0000000002301ED2)
[2025-11-26T21:01:15.573Z][pid 17808][tid 18144] INFO Status bar background reset (hwnd=0000000000150260 previous=0xFF000000)
[2025-11-26T21:01:15.573Z][pid 17808][tid 18144] INFO Cleared Open In New Tab pending state
[2025-11-26T21:01:15.573Z][pid 17808][tid 18144] INFO Installed shell view window subclass (view=0000000002301ED2)
[2025-11-26T21:01:15.573Z][pid 17808][tid 18144] INFO Installed explorer frame subclass (frame=0000000005470662)
[2025-11-26T21:01:15.573Z][pid 17808][tid 18144] INFO Cleared Open In New Tab pending state
[2025-11-26T21:01:15.573Z][pid 17808][tid 18144] INFO Explorer view base subclass ready (view=0000000002301ED2 frame=0000000005470662)
[2025-11-26T21:01:15.574Z][pid 17808][tid 18144] VERBOSE DirectUI IUIElement unavailable (hr=0x80004001)
[2025-11-26T21:01:15.574Z][pid 17808][tid 18144] INFO Installed explorer DirectUI host subclass (direct=0000000003FE2DDA)
[2025-11-26T21:01:15.574Z][pid 17808][tid 18144] INFO Installed explorer tree view subclass (tree=000000000003003A)
[2025-11-26T21:01:15.574Z][pid 17808][tid 18144] INFO Explorer status bar discovered (hwnd=0000000000150260)
[2025-11-26T21:01:15.575Z][pid 17808][tid 18144] INFO Status bar theme background updated (hwnd=0000000000150260 new=0x00191919)
[2025-11-26T21:01:15.575Z][pid 17808][tid 18144] INFO Status bar theme text color updated (hwnd=0000000000150260 new=0x00FFFFFF)
[2025-11-26T21:01:15.576Z][pid 17808][tid 18144] INFO Registered glow surface edit (hwnd=0000000000080020)
[2025-11-26T21:01:15.577Z][pid 17808][tid 18144] INFO Explorer pane creation watch armed (view=0000000002301ED2 list=1 tree=0)
[2025-11-26T21:01:15.577Z][pid 17808][tid 18144] INFO Explorer pane fallback timer armed (view=0000000002301ED2 delay=500)
[2025-11-26T21:01:15.577Z][pid 17808][tid 18144] INFO Explorer panes not ready: list view missing (view=0000000002301ED2)
[2025-11-26T21:01:15.577Z][pid 17808][tid 18144] INFO Explorer pane retry timer armed (view=0000000002301ED2 delay=500 attempts=1)
[2025-11-26T21:01:15.604Z][pid 17808][tid 18144] INFO Installed explorer list host subclass (host=0000000005470662)
[2025-11-26T21:01:15.604Z][pid 17808][tid 18144] INFO Installed explorer list host subclass (host=00000000015301C4)
[2025-11-26T21:01:15.604Z][pid 17808][tid 18144] INFO Installed explorer list host subclass (host=00000000003826A4)
[2025-11-26T21:01:15.604Z][pid 17808][tid 18144] INFO Installed explorer list host subclass (host=0000000005222CAA)
[2025-11-26T21:01:15.604Z][pid 17808][tid 18144] INFO Installed explorer list host subclass (host=00000000085502AC)
[2025-11-26T21:01:18.504Z][pid 17808][tid 18144] WARN Status bar custom draw timeout; forcing theme detours (hwnd=0000000000150260)
[2025-11-26T21:01:45.256Z][pid 17808][tid 18144] INFO TabBand::UpdateTabsUI applying 3 items
[2025-11-26T21:01:45.257Z][pid 17808][tid 18144] INFO Tab diff: +1 -1 move=0 update=0 rows=1 incremental=false
[2025-11-26T21:01:45.260Z][pid 17808][tid 18144] INFO Breadcrumb QueryService(IShellBrowser) failed: 0x80004001
[2025-11-26T21:01:45.261Z][pid 17808][tid 18144] INFO Breadcrumb ribbon frame discovered via IShellBrowser (hwnd=0000000005222CAA)
[2025-11-26T21:01:45.261Z][pid 17808][tid 18144] INFO Breadcrumb ribbon frame discovered via IWebBrowser2 (hwnd=0000000005222CAA)
[2025-11-26T21:01:45.261Z][pid 17808][tid 18144] INFO Breadcrumb toolbar located via window enumeration (hwnd=00000000020506BA)
[2025-11-26T21:01:45.261Z][pid 17808][tid 18144] INFO Explorer pane creation watch cleared (view=0000000000000000)
[2025-11-26T21:01:45.261Z][pid 17808][tid 18144] INFO Status bar background reset (hwnd=0000000000150260 previous=0xFF000000)
[2025-11-26T21:01:45.261Z][pid 17808][tid 18144] INFO Cleared Open In New Tab pending state
[2025-11-26T21:01:45.261Z][pid 17808][tid 18144] INFO Installed shell view window subclass (view=0000000002701810)
[2025-11-26T21:01:45.262Z][pid 17808][tid 18144] INFO Installed explorer frame subclass (frame=0000000005470662)
[2025-11-26T21:01:45.262Z][pid 17808][tid 18144] INFO Cleared Open In New Tab pending state
[2025-11-26T21:01:45.262Z][pid 17808][tid 18144] INFO Explorer view base subclass ready (view=0000000002701810 frame=0000000005470662)
[2025-11-26T21:01:45.262Z][pid 17808][tid 18144] VERBOSE DirectUI IUIElement unavailable (hr=0x80004001)
[2025-11-26T21:01:45.262Z][pid 17808][tid 18144] INFO Installed explorer DirectUI host subclass (direct=0000000001032724)
[2025-11-26T21:01:45.262Z][pid 17808][tid 18144] INFO Installed explorer tree view subclass (tree=000000000003003A)
[2025-11-26T21:01:45.262Z][pid 17808][tid 18144] INFO Explorer status bar discovered (hwnd=0000000000150260)
[2025-11-26T21:01:45.263Z][pid 17808][tid 18144] INFO Status bar theme background updated (hwnd=0000000000150260 new=0x00191919)
[2025-11-26T21:01:45.264Z][pid 17808][tid 18144] INFO Status bar theme text color updated (hwnd=0000000000150260 new=0x00FFFFFF)
[2025-11-26T21:01:45.264Z][pid 17808][tid 18144] INFO Registered glow surface edit (hwnd=0000000000080020)
[2025-11-26T21:01:45.264Z][pid 17808][tid 18144] INFO Explorer pane creation watch armed (view=0000000002701810 list=1 tree=0)
[2025-11-26T21:01:45.264Z][pid 17808][tid 18144] INFO Explorer pane fallback timer armed (view=0000000002701810 delay=500)
[2025-11-26T21:01:45.265Z][pid 17808][tid 18144] INFO Explorer panes not ready: list view missing (view=0000000002701810)
[2025-11-26T21:01:45.265Z][pid 17808][tid 18144] INFO Explorer pane retry timer armed (view=0000000002701810 delay=500 attempts=1)
[2025-11-26T21:01:45.265Z][pid 17808][tid 18144] INFO TabBand::UpdateTabsUI applying 3 items
[2025-11-26T21:01:45.267Z][pid 17808][tid 18144] INFO Breadcrumb QueryService(IShellBrowser) failed: 0x80004001
[2025-11-26T21:01:45.267Z][pid 17808][tid 18144] INFO Breadcrumb ribbon frame discovered via IShellBrowser (hwnd=0000000005222CAA)
[2025-11-26T21:01:45.267Z][pid 17808][tid 18144] INFO Breadcrumb ribbon frame discovered via IWebBrowser2 (hwnd=0000000005222CAA)
[2025-11-26T21:01:45.267Z][pid 17808][tid 18144] INFO Breadcrumb toolbar located via window enumeration (hwnd=00000000020506BA)
[2025-11-26T21:01:45.267Z][pid 17808][tid 18144] INFO Explorer pane creation watch cleared (view=0000000002701810)
[2025-11-26T21:01:45.268Z][pid 17808][tid 18144] INFO Status bar background reset (hwnd=0000000000150260 previous=0xFF000000)
[2025-11-26T21:01:45.268Z][pid 17808][tid 18144] INFO Cleared Open In New Tab pending state
[2025-11-26T21:01:45.268Z][pid 17808][tid 18144] INFO Installed shell view window subclass (view=0000000002701810)
[2025-11-26T21:01:45.268Z][pid 17808][tid 18144] INFO Installed explorer frame subclass (frame=0000000005470662)
[2025-11-26T21:01:45.268Z][pid 17808][tid 18144] INFO Cleared Open In New Tab pending state
[2025-11-26T21:01:45.268Z][pid 17808][tid 18144] INFO Explorer view base subclass ready (view=0000000002701810 frame=0000000005470662)
[2025-11-26T21:01:45.268Z][pid 17808][tid 18144] VERBOSE DirectUI IUIElement unavailable (hr=0x80004001)
[2025-11-26T21:01:45.268Z][pid 17808][tid 18144] INFO Installed explorer DirectUI host subclass (direct=0000000001032724)
[2025-11-26T21:01:45.268Z][pid 17808][tid 18144] INFO Installed explorer tree view subclass (tree=000000000003003A)
[2025-11-26T21:01:45.269Z][pid 17808][tid 18144] INFO Explorer status bar discovered (hwnd=0000000000150260)
[2025-11-26T21:01:45.270Z][pid 17808][tid 18144] INFO Status bar theme background updated (hwnd=0000000000150260 new=0x00191919)
[2025-11-26T21:01:45.270Z][pid 17808][tid 18144] INFO Status bar theme text color updated (hwnd=0000000000150260 new=0x00FFFFFF)
[2025-11-26T21:01:45.270Z][pid 17808][tid 18144] INFO Registered glow surface edit (hwnd=0000000000080020)
[2025-11-26T21:01:45.271Z][pid 17808][tid 18144] INFO Explorer pane creation watch armed (view=0000000002701810 list=1 tree=0)
[2025-11-26T21:01:45.271Z][pid 17808][tid 18144] INFO Explorer pane fallback timer armed (view=0000000002701810 delay=500)
[2025-11-26T21:01:45.271Z][pid 17808][tid 18144] INFO Explorer panes not ready: list view missing (view=0000000002701810)
[2025-11-26T21:01:45.271Z][pid 17808][tid 18144] INFO Explorer pane retry timer armed (view=0000000002701810 delay=500 attempts=1)
[2025-11-26T21:01:45.557Z][pid 17808][tid 18144] INFO TabBand::UpdateTabsUI applying 3 items
[2025-11-26T21:01:45.560Z][pid 17808][tid 18144] INFO Breadcrumb QueryService(IShellBrowser) failed: 0x80004001
[2025-11-26T21:01:45.560Z][pid 17808][tid 18144] INFO Breadcrumb ribbon frame discovered via IShellBrowser (hwnd=0000000005222CAA)
[2025-11-26T21:01:45.560Z][pid 17808][tid 18144] INFO Breadcrumb ribbon frame discovered via IWebBrowser2 (hwnd=0000000005222CAA)
[2025-11-26T21:01:45.560Z][pid 17808][tid 18144] INFO Breadcrumb toolbar located via window enumeration (hwnd=00000000020506BA)
[2025-11-26T21:01:45.560Z][pid 17808][tid 18144] INFO Explorer pane creation watch cleared (view=0000000002701810)
[2025-11-26T21:01:45.560Z][pid 17808][tid 18144] INFO Status bar background reset (hwnd=0000000000150260 previous=0xFF000000)
[2025-11-26T21:01:45.561Z][pid 17808][tid 18144] INFO Cleared Open In New Tab pending state
[2025-11-26T21:01:45.561Z][pid 17808][tid 18144] INFO Installed shell view window subclass (view=0000000002701810)
[2025-11-26T21:01:45.561Z][pid 17808][tid 18144] INFO Installed explorer frame subclass (frame=0000000005470662)
[2025-11-26T21:01:45.561Z][pid 17808][tid 18144] INFO Cleared Open In New Tab pending state
[2025-11-26T21:01:45.561Z][pid 17808][tid 18144] INFO Explorer view base subclass ready (view=0000000002701810 frame=0000000005470662)
[2025-11-26T21:01:45.561Z][pid 17808][tid 18144] VERBOSE DirectUI IUIElement unavailable (hr=0x80004001)
[2025-11-26T21:01:45.561Z][pid 17808][tid 18144] INFO Installed explorer DirectUI host subclass (direct=0000000001032724)
[2025-11-26T21:01:45.561Z][pid 17808][tid 18144] INFO Installed explorer tree view subclass (tree=000000000003003A)
[2025-11-26T21:01:45.562Z][pid 17808][tid 18144] INFO Explorer status bar discovered (hwnd=0000000000150260)
[2025-11-26T21:01:45.563Z][pid 17808][tid 18144] INFO Status bar theme background updated (hwnd=0000000000150260 new=0x00191919)
[2025-11-26T21:01:45.563Z][pid 17808][tid 18144] INFO Status bar theme text color updated (hwnd=0000000000150260 new=0x00FFFFFF)
[2025-11-26T21:01:45.564Z][pid 17808][tid 18144] INFO Registered glow surface edit (hwnd=0000000000080020)
[2025-11-26T21:01:45.565Z][pid 17808][tid 18144] INFO Explorer pane creation watch armed (view=0000000002701810 list=1 tree=0)
[2025-11-26T21:01:45.565Z][pid 17808][tid 18144] INFO Explorer pane fallback timer armed (view=0000000002701810 delay=500)
[2025-11-26T21:01:45.566Z][pid 17808][tid 18144] INFO Explorer panes not ready: list view missing (view=0000000002701810)
[2025-11-26T21:01:45.566Z][pid 17808][tid 18144] INFO Explorer pane retry timer armed (view=0000000002701810 delay=500 attempts=1)
[2025-11-26T21:01:45.599Z][pid 17808][tid 18144] INFO Installed explorer list host subclass (host=0000000005470662)
[2025-11-26T21:01:45.599Z][pid 17808][tid 18144] INFO Installed explorer list host subclass (host=00000000015301C4)
[2025-11-26T21:01:45.600Z][pid 17808][tid 18144] INFO Installed explorer list host subclass (host=00000000003826A4)
[2025-11-26T21:01:45.600Z][pid 17808][tid 18144] INFO Installed explorer list host subclass (host=0000000005222CAA)
[2025-11-26T21:01:45.600Z][pid 17808][tid 18144] INFO Installed explorer list host subclass (host=00000000085502AC)
[2025-11-26T21:01:50.322Z][pid 17808][tid 18144] INFO TabBand::UpdateTabsUI applying 3 items
[2025-11-26T21:01:50.324Z][pid 17808][tid 18144] INFO Tab diff: +1 -1 move=0 update=0 rows=1 incremental=false
[2025-11-26T21:01:50.327Z][pid 17808][tid 18144] WARN Status bar custom draw timeout; forcing theme detours (hwnd=0000000000150260)
[2025-11-26T21:01:50.328Z][pid 17808][tid 18144] INFO Breadcrumb QueryService(IShellBrowser) failed: 0x80004001
[2025-11-26T21:01:50.328Z][pid 17808][tid 18144] INFO Breadcrumb ribbon frame discovered via IShellBrowser (hwnd=0000000005222CAA)
[2025-11-26T21:01:50.328Z][pid 17808][tid 18144] INFO Breadcrumb ribbon frame discovered via IWebBrowser2 (hwnd=0000000005222CAA)
[2025-11-26T21:01:50.328Z][pid 17808][tid 18144] INFO Breadcrumb toolbar located via window enumeration (hwnd=00000000020506BA)
[2025-11-26T21:01:50.328Z][pid 17808][tid 18144] INFO Explorer pane creation watch cleared (view=0000000000000000)
[2025-11-26T21:01:50.329Z][pid 17808][tid 18144] INFO Status bar background reset (hwnd=0000000000150260 previous=0xFF000000)
[2025-11-26T21:01:50.329Z][pid 17808][tid 18144] INFO Cleared Open In New Tab pending state
[2025-11-26T21:01:50.329Z][pid 17808][tid 18144] INFO Installed shell view window subclass (view=0000000001142716)
[2025-11-26T21:01:50.329Z][pid 17808][tid 18144] INFO Installed explorer frame subclass (frame=0000000005470662)
[2025-11-26T21:01:50.329Z][pid 17808][tid 18144] INFO Cleared Open In New Tab pending state
[2025-11-26T21:01:50.329Z][pid 17808][tid 18144] INFO Explorer view base subclass ready (view=0000000001142716 frame=0000000005470662)
[2025-11-26T21:01:50.329Z][pid 17808][tid 18144] VERBOSE DirectUI IUIElement unavailable (hr=0x80004001)
[2025-11-26T21:01:50.329Z][pid 17808][tid 18144] INFO Installed explorer DirectUI host subclass (direct=0000000002331ED2)
[2025-11-26T21:01:50.330Z][pid 17808][tid 18144] INFO Installed explorer tree view subclass (tree=000000000003003A)
[2025-11-26T21:01:50.330Z][pid 17808][tid 18144] INFO Explorer status bar discovered (hwnd=0000000000150260)
[2025-11-26T21:01:50.331Z][pid 17808][tid 18144] INFO Status bar theme background updated (hwnd=0000000000150260 new=0x00191919)
[2025-11-26T21:01:50.331Z][pid 17808][tid 18144] INFO Status bar theme text color updated (hwnd=0000000000150260 new=0x00FFFFFF)
[2025-11-26T21:01:50.331Z][pid 17808][tid 18144] INFO Registered glow surface edit (hwnd=0000000000080020)
[2025-11-26T21:01:50.332Z][pid 17808][tid 18144] INFO Explorer pane creation watch armed (view=0000000001142716 list=1 tree=0)
[2025-11-26T21:01:50.332Z][pid 17808][tid 18144] INFO Explorer pane fallback timer armed (view=0000000001142716 delay=500)
[2025-11-26T21:01:50.332Z][pid 17808][tid 18144] INFO Explorer panes not ready: list view missing (view=0000000001142716)
[2025-11-26T21:01:50.333Z][pid 17808][tid 18144] INFO Explorer pane retry timer armed (view=0000000001142716 delay=500 attempts=1)
[2025-11-26T21:01:50.334Z][pid 17808][tid 18144] INFO TabBand::UpdateTabsUI applying 3 items
[2025-11-26T21:01:50.335Z][pid 17808][tid 18144] INFO Breadcrumb QueryService(IShellBrowser) failed: 0x80004001
[2025-11-26T21:01:50.335Z][pid 17808][tid 18144] INFO Breadcrumb ribbon frame discovered via IShellBrowser (hwnd=0000000005222CAA)
[2025-11-26T21:01:50.335Z][pid 17808][tid 18144] INFO Breadcrumb ribbon frame discovered via IWebBrowser2 (hwnd=0000000005222CAA)
[2025-11-26T21:01:50.335Z][pid 17808][tid 18144] INFO Breadcrumb toolbar located via window enumeration (hwnd=00000000020506BA)
[2025-11-26T21:01:50.335Z][pid 17808][tid 18144] INFO Explorer pane creation watch cleared (view=0000000001142716)
[2025-11-26T21:01:50.335Z][pid 17808][tid 18144] INFO Status bar background reset (hwnd=0000000000150260 previous=0xFF000000)
[2025-11-26T21:01:50.335Z][pid 17808][tid 18144] INFO Cleared Open In New Tab pending state
[2025-11-26T21:01:50.336Z][pid 17808][tid 18144] INFO Installed shell view window subclass (view=0000000001142716)
[2025-11-26T21:01:50.337Z][pid 17808][tid 18144] INFO Installed explorer frame subclass (frame=0000000005470662)
[2025-11-26T21:01:50.337Z][pid 17808][tid 18144] INFO Cleared Open In New Tab pending state
[2025-11-26T21:01:50.337Z][pid 17808][tid 18144] INFO Explorer view base subclass ready (view=0000000001142716 frame=0000000005470662)
[2025-11-26T21:01:50.337Z][pid 17808][tid 18144] VERBOSE DirectUI IUIElement unavailable (hr=0x80004001)
[2025-11-26T21:01:50.337Z][pid 17808][tid 18144] INFO Installed explorer DirectUI host subclass (direct=0000000002331ED2)
[2025-11-26T21:01:50.337Z][pid 17808][tid 18144] INFO Installed explorer tree view subclass (tree=000000000003003A)
[2025-11-26T21:01:50.337Z][pid 17808][tid 18144] INFO Explorer status bar discovered (hwnd=0000000000150260)
[2025-11-26T21:01:50.339Z][pid 17808][tid 18144] INFO Status bar theme background updated (hwnd=0000000000150260 new=0x00191919)
[2025-11-26T21:01:50.339Z][pid 17808][tid 18144] INFO Status bar theme text color updated (hwnd=0000000000150260 new=0x00FFFFFF)
[2025-11-26T21:01:50.339Z][pid 17808][tid 18144] INFO Registered glow surface edit (hwnd=0000000000080020)
[2025-11-26T21:01:50.340Z][pid 17808][tid 18144] INFO Explorer pane creation watch armed (view=0000000001142716 list=1 tree=0)
[2025-11-26T21:01:50.340Z][pid 17808][tid 18144] INFO Explorer pane fallback timer armed (view=0000000001142716 delay=500)
[2025-11-26T21:01:50.340Z][pid 17808][tid 18144] INFO Explorer panes not ready: list view missing (view=0000000001142716)
[2025-11-26T21:01:50.340Z][pid 17808][tid 18144] INFO Explorer pane retry timer armed (view=0000000001142716 delay=500 attempts=1)
[2025-11-26T21:01:50.445Z][pid 17808][tid 18144] INFO TabBand::UpdateTabsUI applying 3 items
[2025-11-26T21:01:50.448Z][pid 17808][tid 18144] INFO Breadcrumb QueryService(IShellBrowser) failed: 0x80004001
[2025-11-26T21:01:50.448Z][pid 17808][tid 18144] INFO Breadcrumb ribbon frame discovered via IShellBrowser (hwnd=0000000005222CAA)
[2025-11-26T21:01:50.448Z][pid 17808][tid 18144] INFO Breadcrumb ribbon frame discovered via IWebBrowser2 (hwnd=0000000005222CAA)
[2025-11-26T21:01:50.448Z][pid 17808][tid 18144] INFO Breadcrumb toolbar located via window enumeration (hwnd=00000000020506BA)
[2025-11-26T21:01:50.448Z][pid 17808][tid 18144] INFO Explorer pane creation watch cleared (view=0000000001142716)
[2025-11-26T21:01:50.448Z][pid 17808][tid 18144] INFO Status bar background reset (hwnd=0000000000150260 previous=0xFF000000)
[2025-11-26T21:01:50.448Z][pid 17808][tid 18144] INFO Cleared Open In New Tab pending state
[2025-11-26T21:01:50.449Z][pid 17808][tid 18144] INFO Installed shell view window subclass (view=0000000001142716)
[2025-11-26T21:01:50.449Z][pid 17808][tid 18144] INFO Installed explorer frame subclass (frame=0000000005470662)
[2025-11-26T21:01:50.449Z][pid 17808][tid 18144] INFO Cleared Open In New Tab pending state
[2025-11-26T21:01:50.449Z][pid 17808][tid 18144] INFO Explorer view base subclass ready (view=0000000001142716 frame=0000000005470662)
[2025-11-26T21:01:50.449Z][pid 17808][tid 18144] VERBOSE DirectUI IUIElement unavailable (hr=0x80004001)
[2025-11-26T21:01:50.449Z][pid 17808][tid 18144] INFO Installed explorer DirectUI host subclass (direct=0000000002331ED2)
[2025-11-26T21:01:50.449Z][pid 17808][tid 18144] INFO Installed explorer tree view subclass (tree=000000000003003A)
[2025-11-26T21:01:50.449Z][pid 17808][tid 18144] INFO Explorer status bar discovered (hwnd=0000000000150260)
[2025-11-26T21:01:50.451Z][pid 17808][tid 18144] INFO Status bar theme background updated (hwnd=0000000000150260 new=0x00191919)
[2025-11-26T21:01:50.451Z][pid 17808][tid 18144] INFO Status bar theme text color updated (hwnd=0000000000150260 new=0x00FFFFFF)
[2025-11-26T21:01:50.451Z][pid 17808][tid 18144] INFO Registered glow surface edit (hwnd=0000000000080020)
[2025-11-26T21:01:50.452Z][pid 17808][tid 18144] INFO Explorer pane creation watch armed (view=0000000001142716 list=1 tree=0)
[2025-11-26T21:01:50.452Z][pid 17808][tid 18144] INFO Explorer pane fallback timer armed (view=0000000001142716 delay=500)
[2025-11-26T21:01:50.452Z][pid 17808][tid 18144] INFO Explorer panes not ready: list view missing (view=0000000001142716)
[2025-11-26T21:01:50.452Z][pid 17808][tid 18144] INFO Explorer pane retry timer armed (view=0000000001142716 delay=500 attempts=1)
[2025-11-26T21:01:50.492Z][pid 17808][tid 18144] INFO Installed explorer list host subclass (host=0000000005470662)
[2025-11-26T21:01:50.493Z][pid 17808][tid 18144] INFO Installed explorer list host subclass (host=00000000015301C4)
[2025-11-26T21:01:50.493Z][pid 17808][tid 18144] INFO Installed explorer list host subclass (host=00000000003826A4)
[2025-11-26T21:01:50.494Z][pid 17808][tid 18144] INFO Installed explorer list host subclass (host=0000000005222CAA)
[2025-11-26T21:01:50.494Z][pid 17808][tid 18144] INFO Installed explorer list host subclass (host=00000000085502AC)
[2025-11-26T21:01:52.646Z][pid 17808][tid 18144] INFO TabBand::UpdateTabsUI applying 3 items
[2025-11-26T21:01:52.647Z][pid 17808][tid 18144] INFO Tab diff: +1 -1 move=0 update=0 rows=1 incremental=false
[2025-11-26T21:01:52.650Z][pid 17808][tid 18144] WARN Status bar custom draw timeout; forcing theme detours (hwnd=0000000000150260)
[2025-11-26T21:01:52.651Z][pid 17808][tid 18144] INFO Breadcrumb QueryService(IShellBrowser) failed: 0x80004001
[2025-11-26T21:01:52.651Z][pid 17808][tid 18144] INFO Breadcrumb ribbon frame discovered via IShellBrowser (hwnd=0000000005222CAA)
[2025-11-26T21:01:52.652Z][pid 17808][tid 18144] INFO Breadcrumb ribbon frame discovered via IWebBrowser2 (hwnd=0000000005222CAA)
[2025-11-26T21:01:52.652Z][pid 17808][tid 18144] INFO Breadcrumb toolbar located via window enumeration (hwnd=00000000020506BA)
[2025-11-26T21:01:52.652Z][pid 17808][tid 18144] INFO Explorer pane creation watch cleared (view=0000000000000000)
[2025-11-26T21:01:52.652Z][pid 17808][tid 18144] INFO Status bar background reset (hwnd=0000000000150260 previous=0xFF000000)
[2025-11-26T21:01:52.652Z][pid 17808][tid 18144] INFO Cleared Open In New Tab pending state
[2025-11-26T21:01:52.652Z][pid 17808][tid 18144] INFO Installed shell view window subclass (view=00000000013225B4)
[2025-11-26T21:01:52.652Z][pid 17808][tid 18144] INFO Installed explorer frame subclass (frame=0000000005470662)
[2025-11-26T21:01:52.653Z][pid 17808][tid 18144] INFO Cleared Open In New Tab pending state
[2025-11-26T21:01:52.653Z][pid 17808][tid 18144] INFO Explorer view base subclass ready (view=00000000013225B4 frame=0000000005470662)
[2025-11-26T21:01:52.653Z][pid 17808][tid 18144] VERBOSE DirectUI IUIElement unavailable (hr=0x80004001)
[2025-11-26T21:01:52.653Z][pid 17808][tid 18144] INFO Installed explorer DirectUI host subclass (direct=0000000003262CF0)
[2025-11-26T21:01:52.653Z][pid 17808][tid 18144] INFO Installed explorer tree view subclass (tree=000000000003003A)
[2025-11-26T21:01:52.653Z][pid 17808][tid 18144] INFO Explorer status bar discovered (hwnd=0000000000150260)
[2025-11-26T21:01:52.655Z][pid 17808][tid 18144] INFO Status bar theme background updated (hwnd=0000000000150260 new=0x00191919)
[2025-11-26T21:01:52.655Z][pid 17808][tid 18144] INFO Status bar theme text color updated (hwnd=0000000000150260 new=0x00FFFFFF)
[2025-11-26T21:01:52.655Z][pid 17808][tid 18144] INFO Registered glow surface edit (hwnd=0000000000080020)
[2025-11-26T21:01:52.656Z][pid 17808][tid 18144] INFO Explorer pane creation watch armed (view=00000000013225B4 list=1 tree=0)
[2025-11-26T21:01:52.656Z][pid 17808][tid 18144] INFO Explorer pane fallback timer armed (view=00000000013225B4 delay=500)
[2025-11-26T21:01:52.656Z][pid 17808][tid 18144] INFO Explorer panes not ready: list view missing (view=00000000013225B4)
[2025-11-26T21:01:52.657Z][pid 17808][tid 18144] INFO Explorer pane retry timer armed (view=00000000013225B4 delay=500 attempts=1)
[2025-11-26T21:01:52.657Z][pid 17808][tid 18144] INFO TabBand::UpdateTabsUI applying 3 items
[2025-11-26T21:01:52.657Z][pid 17808][tid 18144] INFO Breadcrumb QueryService(IShellBrowser) failed: 0x80004001
[2025-11-26T21:01:52.658Z][pid 17808][tid 18144] INFO Breadcrumb ribbon frame discovered via IShellBrowser (hwnd=0000000005222CAA)
[2025-11-26T21:01:52.658Z][pid 17808][tid 18144] INFO Breadcrumb ribbon frame discovered via IWebBrowser2 (hwnd=0000000005222CAA)
[2025-11-26T21:01:52.658Z][pid 17808][tid 18144] INFO Breadcrumb toolbar located via window enumeration (hwnd=00000000020506BA)
[2025-11-26T21:01:52.658Z][pid 17808][tid 18144] INFO Explorer pane creation watch cleared (view=00000000013225B4)
[2025-11-26T21:01:52.658Z][pid 17808][tid 18144] INFO Status bar background reset (hwnd=0000000000150260 previous=0xFF000000)
[2025-11-26T21:01:52.658Z][pid 17808][tid 18144] INFO Cleared Open In New Tab pending state
[2025-11-26T21:01:52.658Z][pid 17808][tid 18144] INFO Installed shell view window subclass (view=00000000013225B4)
[2025-11-26T21:01:52.658Z][pid 17808][tid 18144] INFO Installed explorer frame subclass (frame=0000000005470662)
[2025-11-26T21:01:52.659Z][pid 17808][tid 18144] INFO Cleared Open In New Tab pending state
[2025-11-26T21:01:52.659Z][pid 17808][tid 18144] INFO Explorer view base subclass ready (view=00000000013225B4 frame=0000000005470662)
[2025-11-26T21:01:52.659Z][pid 17808][tid 18144] VERBOSE DirectUI IUIElement unavailable (hr=0x80004001)
[2025-11-26T21:01:52.659Z][pid 17808][tid 18144] INFO Installed explorer DirectUI host subclass (direct=0000000003262CF0)
[2025-11-26T21:01:52.659Z][pid 17808][tid 18144] INFO Installed explorer tree view subclass (tree=000000000003003A)
[2025-11-26T21:01:52.659Z][pid 17808][tid 18144] INFO Explorer status bar discovered (hwnd=0000000000150260)
[2025-11-26T21:01:52.661Z][pid 17808][tid 18144] INFO Status bar theme background updated (hwnd=0000000000150260 new=0x00191919)
[2025-11-26T21:01:52.661Z][pid 17808][tid 18144] INFO Status bar theme text color updated (hwnd=0000000000150260 new=0x00FFFFFF)
[2025-11-26T21:01:52.661Z][pid 17808][tid 18144] INFO Registered glow surface edit (hwnd=0000000000080020)
[2025-11-26T21:01:52.662Z][pid 17808][tid 18144] INFO Explorer pane creation watch armed (view=00000000013225B4 list=1 tree=0)
[2025-11-26T21:01:52.662Z][pid 17808][tid 18144] INFO Explorer pane fallback timer armed (view=00000000013225B4 delay=500)
[2025-11-26T21:01:52.662Z][pid 17808][tid 18144] INFO Explorer panes not ready: list view missing (view=00000000013225B4)
[2025-11-26T21:01:52.662Z][pid 17808][tid 18144] INFO Explorer pane retry timer armed (view=00000000013225B4 delay=500 attempts=1)
[2025-11-26T21:01:52.714Z][pid 17808][tid 18144] INFO TabBand::UpdateTabsUI applying 3 items
[2025-11-26T21:01:52.715Z][pid 17808][tid 18144] INFO Breadcrumb QueryService(IShellBrowser) failed: 0x80004001
[2025-11-26T21:01:52.715Z][pid 17808][tid 18144] INFO Breadcrumb ribbon frame discovered via IShellBrowser (hwnd=0000000005222CAA)
[2025-11-26T21:01:52.715Z][pid 17808][tid 18144] INFO Breadcrumb ribbon frame discovered via IWebBrowser2 (hwnd=0000000005222CAA)
[2025-11-26T21:01:52.715Z][pid 17808][tid 18144] INFO Breadcrumb toolbar located via window enumeration (hwnd=00000000020506BA)
[2025-11-26T21:01:52.716Z][pid 17808][tid 18144] INFO Explorer pane creation watch cleared (view=00000000013225B4)
[2025-11-26T21:01:52.716Z][pid 17808][tid 18144] INFO Status bar background reset (hwnd=0000000000150260 previous=0xFF000000)
[2025-11-26T21:01:52.716Z][pid 17808][tid 18144] INFO Cleared Open In New Tab pending state
[2025-11-26T21:01:52.716Z][pid 17808][tid 18144] INFO Installed shell view window subclass (view=00000000013225B4)
[2025-11-26T21:01:52.716Z][pid 17808][tid 18144] INFO Installed explorer frame subclass (frame=0000000005470662)
[2025-11-26T21:01:52.716Z][pid 17808][tid 18144] INFO Cleared Open In New Tab pending state
[2025-11-26T21:01:52.716Z][pid 17808][tid 18144] INFO Explorer view base subclass ready (view=00000000013225B4 frame=0000000005470662)
[2025-11-26T21:01:52.716Z][pid 17808][tid 18144] VERBOSE DirectUI IUIElement unavailable (hr=0x80004001)
[2025-11-26T21:01:52.716Z][pid 17808][tid 18144] INFO Installed explorer DirectUI host subclass (direct=0000000003262CF0)
[2025-11-26T21:01:52.717Z][pid 17808][tid 18144] INFO Installed explorer tree view subclass (tree=000000000003003A)
[2025-11-26T21:01:52.717Z][pid 17808][tid 18144] INFO Explorer status bar discovered (hwnd=0000000000150260)
[2025-11-26T21:01:52.718Z][pid 17808][tid 18144] INFO Status bar theme background updated (hwnd=0000000000150260 new=0x00191919)
[2025-11-26T21:01:52.718Z][pid 17808][tid 18144] INFO Status bar theme text color updated (hwnd=0000000000150260 new=0x00FFFFFF)
[2025-11-26T21:01:52.718Z][pid 17808][tid 18144] INFO Registered glow surface edit (hwnd=0000000000080020)
[2025-11-26T21:01:52.719Z][pid 17808][tid 18144] INFO Explorer pane creation watch armed (view=00000000013225B4 list=1 tree=0)
[2025-11-26T21:01:52.719Z][pid 17808][tid 18144] INFO Explorer pane fallback timer armed (view=00000000013225B4 delay=500)
[2025-11-26T21:01:52.720Z][pid 17808][tid 18144] INFO Explorer panes not ready: list view missing (view=00000000013225B4)
[2025-11-26T21:01:52.720Z][pid 17808][tid 18144] INFO Explorer pane retry timer armed (view=00000000013225B4 delay=500 attempts=1)
[2025-11-26T21:01:52.748Z][pid 17808][tid 18144] INFO Installed explorer list host subclass (host=0000000005470662)
[2025-11-26T21:01:52.748Z][pid 17808][tid 18144] INFO Installed explorer list host subclass (host=00000000015301C4)
[2025-11-26T21:01:52.748Z][pid 17808][tid 18144] INFO Installed explorer list host subclass (host=00000000003826A4)
[2025-11-26T21:01:52.748Z][pid 17808][tid 18144] INFO Installed explorer list host subclass (host=0000000005222CAA)
[2025-11-26T21:01:52.748Z][pid 17808][tid 18144] INFO Installed explorer list host subclass (host=00000000085502AC)
[2025-11-26T21:37:20.938Z][pid 17808][tid 18144] INFO TabBand::UpdateTabsUI applying 3 items
[2025-11-26T21:37:20.939Z][pid 17808][tid 18144] INFO Tab diff: +1 -1 move=2 update=0 rows=1 incremental=false
[2025-11-26T21:37:20.943Z][pid 17808][tid 18144] WARN Status bar custom draw timeout; forcing theme detours (hwnd=0000000000150260)
[2025-11-26T21:37:20.963Z][pid 17808][tid 18144] INFO Breadcrumb QueryService(IShellBrowser) failed: 0x80004001
[2025-11-26T21:37:20.963Z][pid 17808][tid 18144] INFO Breadcrumb ribbon frame discovered via IShellBrowser (hwnd=0000000005222CAA)
[2025-11-26T21:37:20.963Z][pid 17808][tid 18144] INFO Breadcrumb ribbon frame discovered via IWebBrowser2 (hwnd=0000000005222CAA)
[2025-11-26T21:37:20.964Z][pid 17808][tid 18144] INFO Breadcrumb toolbar located via window enumeration (hwnd=00000000020506BA)
[2025-11-26T21:37:20.964Z][pid 17808][tid 18144] INFO Explorer pane creation watch cleared (view=0000000000000000)
[2025-11-26T21:37:20.964Z][pid 17808][tid 18144] INFO Status bar background reset (hwnd=0000000000150260 previous=0xFF000000)
[2025-11-26T21:37:20.964Z][pid 17808][tid 18144] INFO Cleared Open In New Tab pending state
[2025-11-26T21:37:20.964Z][pid 17808][tid 18144] INFO Installed shell view window subclass (view=00000000005B0022)
[2025-11-26T21:37:20.964Z][pid 17808][tid 18144] INFO Installed explorer frame subclass (frame=0000000005470662)
[2025-11-26T21:37:20.964Z][pid 17808][tid 18144] INFO Cleared Open In New Tab pending state
[2025-11-26T21:37:20.964Z][pid 17808][tid 18144] INFO Explorer view base subclass ready (view=00000000005B0022 frame=0000000005470662)
[2025-11-26T21:37:20.964Z][pid 17808][tid 18144] VERBOSE DirectUI IUIElement unavailable (hr=0x80004001)
[2025-11-26T21:37:20.965Z][pid 17808][tid 18144] INFO Installed explorer DirectUI host subclass (direct=00000000004A0038)
[2025-11-26T21:37:20.965Z][pid 17808][tid 18144] INFO Installed explorer tree view subclass (tree=000000000003003A)
[2025-11-26T21:37:20.965Z][pid 17808][tid 18144] INFO Explorer status bar discovered (hwnd=0000000000150260)
[2025-11-26T21:37:20.966Z][pid 17808][tid 18144] INFO Status bar theme background updated (hwnd=0000000000150260 new=0x00191919)
[2025-11-26T21:37:20.966Z][pid 17808][tid 18144] INFO Status bar theme text color updated (hwnd=0000000000150260 new=0x00FFFFFF)
[2025-11-26T21:37:20.966Z][pid 17808][tid 18144] INFO Registered glow surface edit (hwnd=0000000000080020)
[2025-11-26T21:37:20.967Z][pid 17808][tid 18144] INFO Explorer pane creation watch armed (view=00000000005B0022 list=1 tree=0)
[2025-11-26T21:37:20.967Z][pid 17808][tid 18144] INFO Explorer pane fallback timer armed (view=00000000005B0022 delay=500)
[2025-11-26T21:37:20.967Z][pid 17808][tid 18144] INFO Explorer panes not ready: list view missing (view=00000000005B0022)
[2025-11-26T21:37:20.967Z][pid 17808][tid 18144] INFO Explorer pane retry timer armed (view=00000000005B0022 delay=500 attempts=1)
[2025-11-26T21:37:20.967Z][pid 17808][tid 18144] INFO TabBand::UpdateTabsUI applying 3 items
[2025-11-26T21:37:20.968Z][pid 17808][tid 18144] INFO Breadcrumb QueryService(IShellBrowser) failed: 0x80004001
[2025-11-26T21:37:20.968Z][pid 17808][tid 18144] INFO Breadcrumb ribbon frame discovered via IShellBrowser (hwnd=0000000005222CAA)
[2025-11-26T21:37:20.968Z][pid 17808][tid 18144] INFO Breadcrumb ribbon frame discovered via IWebBrowser2 (hwnd=0000000005222CAA)
[2025-11-26T21:37:20.968Z][pid 17808][tid 18144] INFO Breadcrumb toolbar located via window enumeration (hwnd=00000000020506BA)
[2025-11-26T21:37:20.968Z][pid 17808][tid 18144] INFO Explorer pane creation watch cleared (view=00000000005B0022)
[2025-11-26T21:37:20.968Z][pid 17808][tid 18144] INFO Status bar background reset (hwnd=0000000000150260 previous=0xFF000000)
[2025-11-26T21:37:20.969Z][pid 17808][tid 18144] INFO Cleared Open In New Tab pending state
[2025-11-26T21:37:20.969Z][pid 17808][tid 18144] INFO Installed shell view window subclass (view=00000000005B0022)
[2025-11-26T21:37:20.969Z][pid 17808][tid 18144] INFO Installed explorer frame subclass (frame=0000000005470662)
[2025-11-26T21:37:20.969Z][pid 17808][tid 18144] INFO Cleared Open In New Tab pending state
[2025-11-26T21:37:20.969Z][pid 17808][tid 18144] INFO Explorer view base subclass ready (view=00000000005B0022 frame=0000000005470662)
[2025-11-26T21:37:20.969Z][pid 17808][tid 18144] VERBOSE DirectUI IUIElement unavailable (hr=0x80004001)
[2025-11-26T21:37:20.969Z][pid 17808][tid 18144] INFO Installed explorer DirectUI host subclass (direct=00000000004A0038)
[2025-11-26T21:37:20.969Z][pid 17808][tid 18144] INFO Installed explorer tree view subclass (tree=000000000003003A)
[2025-11-26T21:37:20.970Z][pid 17808][tid 18144] INFO Explorer status bar discovered (hwnd=0000000000150260)
[2025-11-26T21:37:20.970Z][pid 17808][tid 18144] INFO Status bar theme background updated (hwnd=0000000000150260 new=0x00191919)
[2025-11-26T21:37:20.970Z][pid 17808][tid 18144] INFO Status bar theme text color updated (hwnd=0000000000150260 new=0x00FFFFFF)
[2025-11-26T21:37:20.971Z][pid 17808][tid 18144] INFO Registered glow surface edit (hwnd=0000000000080020)
[2025-11-26T21:37:20.971Z][pid 17808][tid 18144] INFO Explorer pane creation watch armed (view=00000000005B0022 list=1 tree=0)
[2025-11-26T21:37:20.971Z][pid 17808][tid 18144] INFO Explorer pane fallback timer armed (view=00000000005B0022 delay=500)
[2025-11-26T21:37:20.971Z][pid 17808][tid 18144] INFO Explorer panes not ready: list view missing (view=00000000005B0022)
[2025-11-26T21:37:20.971Z][pid 17808][tid 18144] INFO Explorer pane retry timer armed (view=00000000005B0022 delay=500 attempts=1)
[2025-11-26T21:37:21.023Z][pid 17808][tid 18144] INFO TabBand::UpdateTabsUI applying 3 items
[2025-11-26T21:37:21.025Z][pid 17808][tid 18144] INFO Breadcrumb QueryService(IShellBrowser) failed: 0x80004001
[2025-11-26T21:37:21.025Z][pid 17808][tid 18144] INFO Breadcrumb ribbon frame discovered via IShellBrowser (hwnd=0000000005222CAA)
[2025-11-26T21:37:21.025Z][pid 17808][tid 18144] INFO Breadcrumb ribbon frame discovered via IWebBrowser2 (hwnd=0000000005222CAA)
[2025-11-26T21:37:21.025Z][pid 17808][tid 18144] INFO Breadcrumb toolbar located via window enumeration (hwnd=00000000020506BA)
[2025-11-26T21:37:21.026Z][pid 17808][tid 18144] INFO Explorer pane creation watch cleared (view=00000000005B0022)
[2025-11-26T21:37:21.026Z][pid 17808][tid 18144] INFO Status bar background reset (hwnd=0000000000150260 previous=0xFF000000)
[2025-11-26T21:37:21.026Z][pid 17808][tid 18144] INFO Cleared Open In New Tab pending state
[2025-11-26T21:37:21.026Z][pid 17808][tid 18144] INFO Installed shell view window subclass (view=00000000005B0022)
[2025-11-26T21:37:21.026Z][pid 17808][tid 18144] INFO Installed explorer frame subclass (frame=0000000005470662)
[2025-11-26T21:37:21.026Z][pid 17808][tid 18144] INFO Cleared Open In New Tab pending state
[2025-11-26T21:37:21.026Z][pid 17808][tid 18144] INFO Explorer view base subclass ready (view=00000000005B0022 frame=0000000005470662)
[2025-11-26T21:37:21.026Z][pid 17808][tid 18144] VERBOSE DirectUI IUIElement unavailable (hr=0x80004001)
[2025-11-26T21:37:21.026Z][pid 17808][tid 18144] INFO Installed explorer DirectUI host subclass (direct=00000000004A0038)
[2025-11-26T21:37:21.027Z][pid 17808][tid 18144] INFO Installed explorer tree view subclass (tree=000000000003003A)
[2025-11-26T21:37:21.027Z][pid 17808][tid 18144] INFO Explorer status bar discovered (hwnd=0000000000150260)
[2025-11-26T21:37:21.027Z][pid 17808][tid 18144] INFO Status bar theme background updated (hwnd=0000000000150260 new=0x00191919)
[2025-11-26T21:37:21.028Z][pid 17808][tid 18144] INFO Status bar theme text color updated (hwnd=0000000000150260 new=0x00FFFFFF)
[2025-11-26T21:37:21.028Z][pid 17808][tid 18144] INFO Registered glow surface edit (hwnd=0000000000080020)
[2025-11-26T21:37:21.028Z][pid 17808][tid 18144] INFO Explorer pane creation watch armed (view=00000000005B0022 list=1 tree=0)
[2025-11-26T21:37:21.028Z][pid 17808][tid 18144] INFO Explorer pane fallback timer armed (view=00000000005B0022 delay=500)
[2025-11-26T21:37:21.028Z][pid 17808][tid 18144] INFO Explorer panes not ready: list view missing (view=00000000005B0022)
[2025-11-26T21:37:21.029Z][pid 17808][tid 18144] INFO Explorer pane retry timer armed (view=00000000005B0022 delay=500 attempts=1)
[2025-11-26T21:37:21.045Z][pid 17808][tid 18144] INFO Installed explorer list host subclass (host=0000000005470662)
[2025-11-26T21:37:21.045Z][pid 17808][tid 18144] INFO Installed explorer list host subclass (host=00000000015301C4)
[2025-11-26T21:37:21.045Z][pid 17808][tid 18144] INFO Installed explorer list host subclass (host=00000000003826A4)
[2025-11-26T21:37:21.046Z][pid 17808][tid 18144] INFO Installed explorer list host subclass (host=0000000005222CAA)
[2025-11-26T21:37:21.046Z][pid 17808][tid 18144] INFO Installed explorer list host subclass (host=00000000085502AC)
[2025-11-26T21:37:24.079Z][pid 17808][tid 18144] INFO Explorer context menu init (menu=000000004F690239 source=00000000005B0022 inserted=0 tracking=0000000000000000)
[2025-11-26T21:37:24.080Z][pid 17808][tid 18144] INFO Cleared Open In New Tab pending state
[2025-11-26T21:37:24.080Z][pid 17808][tid 18144] INFO CollectContextSelectionFromShellView skipped: selection unavailable (hr=0x80070490)
[2025-11-26T21:37:24.080Z][pid 17808][tid 18144] INFO CollectContextMenuSelection resolved 1 item(s) from folder view
[2025-11-26T21:37:24.080Z][pid 17808][tid 18144] INFO Context menu init continuing without explicit anchor
[2025-11-26T21:37:24.080Z][pid 17808][tid 18144] INFO Open In New Tab inserted at position 1 for 1 paths
[2025-11-26T21:37:26.237Z][pid 17808][tid 18144] INFO Explorer context menu init (menu=00000000496E0AF3 source=00000000005B0022 inserted=1 tracking=000000004F690239)
[2025-11-26T21:37:26.237Z][pid 17808][tid 18144] INFO Context menu init skipped: already inserted for this cycle
[2025-11-26T21:37:27.976Z][pid 17808][tid 18144] INFO Explorer context menu dismissed (menu=000000004F690239)
[2025-11-26T21:37:27.976Z][pid 17808][tid 18144] INFO Cleared Open In New Tab pending state
[2025-11-26T21:37:40.968Z][pid 17808][tid 18144] INFO Explorer context menu init (menu=000000007F3F314D source=00000000005B0022 inserted=0 tracking=0000000000000000)
[2025-11-26T21:37:40.968Z][pid 17808][tid 18144] INFO Cleared Open In New Tab pending state
[2025-11-26T21:37:40.968Z][pid 17808][tid 18144] INFO CollectContextSelectionFromShellView skipped: selection unavailable (hr=0x80070490)
[2025-11-26T21:37:40.968Z][pid 17808][tid 18144] INFO CollectContextMenuSelection resolved 1 item(s) from folder view
[2025-11-26T21:37:40.968Z][pid 17808][tid 18144] INFO Context menu init continuing without explicit anchor
[2025-11-26T21:37:40.969Z][pid 17808][tid 18144] INFO Open In New Tab inserted at position 1 for 1 paths
[2025-11-26T21:37:42.242Z][pid 17808][tid 18144] INFO Explorer context menu dismissed (menu=000000007F3F314D)
[2025-11-26T21:37:42.242Z][pid 17808][tid 18144] INFO Cleared Open In New Tab pending state
[2025-11-26T21:44:39.020Z][pid 17808][tid 18144] ERROR ShellTabs access violation [fault 1]: read at 00007FF98A570928 (F:\development\steam\emulator_bot\shelltabs\build\bin\Release\ShellTabs.dll+0x60928) targeting 0000000000000003 on thread 18144
[2025-11-26T21:44:39.059Z][pid 17808][tid 18144] ERROR [fault 1] Stack trace (40 frames)
[2025-11-26T21:44:39.070Z][pid 17808][tid 18144] ERROR [fault 1]   #00 00007FF9F29A9B5C C:\Windows\SYSTEM32\ntdll.dll+0x79B5C | RtlDeleteAce+0x3CC
[2025-11-26T21:44:39.070Z][pid 17808][tid 18144] ERROR [fault 1]   #01 00007FF9F2982376 C:\Windows\SYSTEM32\ntdll.dll+0x52376 | RtlRaiseException+0x2A6
[2025-11-26T21:44:39.070Z][pid 17808][tid 18144] ERROR [fault 1]   #02 00007FF9F29D143E C:\Windows\SYSTEM32\ntdll.dll+0xA143E | KiUserExceptionDispatcher+0x2E
[2025-11-26T21:44:39.071Z][pid 17808][tid 18144] ERROR [fault 1]   #03 00007FF98A570928 F:\development\steam\emulator_bot\shelltabs\build\bin\Release\ShellTabs.dll+0x60928 | DllUnregisterServer+0x57398
[2025-11-26T21:44:39.071Z][pid 17808][tid 18144] ERROR [fault 1]   #04 00007FF98A5638A5 F:\development\steam\emulator_bot\shelltabs\build\bin\Release\ShellTabs.dll+0x538A5 | DllUnregisterServer+0x4A315
[2025-11-26T21:44:39.071Z][pid 17808][tid 18144] ERROR [fault 1]   #05 00007FF98A55CF16 F:\development\steam\emulator_bot\shelltabs\build\bin\Release\ShellTabs.dll+0x4CF16 | DllUnregisterServer+0x43986
[2025-11-26T21:44:39.071Z][pid 17808][tid 18144] ERROR [fault 1]   #06 00007FF98A57767F F:\development\steam\emulator_bot\shelltabs\build\bin\Release\ShellTabs.dll+0x6767F | DllUnregisterServer+0x5E0EF
[2025-11-26T21:44:39.072Z][pid 17808][tid 18144] ERROR [fault 1]   #07 00007FF9F244EF5C C:\Windows\System32\user32.dll+0xEF5C | CallWindowProcW+0x60C
[2025-11-26T21:44:39.072Z][pid 17808][tid 18144] ERROR [fault 1]   #08 00007FF9F244E8CC C:\Windows\System32\user32.dll+0xE8CC | DispatchMessageW+0x6EC
[2025-11-26T21:44:39.072Z][pid 17808][tid 18144] ERROR [fault 1]   #09 00007FF9F24610C3 C:\Windows\System32\user32.dll+0x210C3 | SendMessageTimeoutW+0x143
[2025-11-26T21:44:39.072Z][pid 17808][tid 18144] ERROR [fault 1]   #10 00007FF9F29D13E4 C:\Windows\SYSTEM32\ntdll.dll+0xA13E4 | KiUserCallbackDispatcher+0x24
[2025-11-26T21:44:39.073Z][pid 17808][tid 18144] ERROR [fault 1]   #11 00007FF9F04E1124 C:\Windows\System32\win32u.dll+0x1124 | NtUserMessageCall+0x14
[2025-11-26T21:44:39.074Z][pid 17808][tid 18144] ERROR [fault 1]   #12 00007FF9F244E0A2 C:\Windows\System32\user32.dll+0xE0A2 | SendMessageW+0xA12
[2025-11-26T21:44:39.074Z][pid 17808][tid 18144] ERROR [fault 1]   #13 00007FF9F244D814 C:\Windows\System32\user32.dll+0xD814 | SendMessageW+0x184
[2025-11-26T21:44:39.075Z][pid 17808][tid 18144] ERROR [fault 1]   #14 00007FF9F16698D0 C:\Windows\System32\SHELL32.dll+0x498D0 | PathCleanupSpec+0x8A0
[2025-11-26T21:44:39.075Z][pid 17808][tid 18144] ERROR [fault 1]   #15 00007FF9F244EF5C C:\Windows\System32\user32.dll+0xEF5C | CallWindowProcW+0x60C
[2025-11-26T21:44:39.075Z][pid 17808][tid 18144] ERROR [fault 1]   #16 00007FF9F244E8CC C:\Windows\System32\user32.dll+0xE8CC | DispatchMessageW+0x6EC
[2025-11-26T21:44:39.075Z][pid 17808][tid 18144] ERROR [fault 1]   #17 00007FF9F24610C3 C:\Windows\System32\user32.dll+0x210C3 | SendMessageTimeoutW+0x143
[2025-11-26T21:44:39.075Z][pid 17808][tid 18144] ERROR [fault 1]   #18 00007FF9F29D13E4 C:\Windows\SYSTEM32\ntdll.dll+0xA13E4 | KiUserCallbackDispatcher+0x24
[2025-11-26T21:44:39.075Z][pid 17808][tid 18144] ERROR [fault 1]   #19 00007FF9F04E2BE4 C:\Windows\System32\win32u.dll+0x2BE4 | NtUserRealInternalGetMessage+0x14
[2025-11-26T21:44:39.076Z][pid 17808][tid 18144] ERROR [fault 1]   #20 00007FF9BCFBD559 C:\Windows\system32\DUser.dll+0xD559 | GetMessageExA+0x369
[2025-11-26T21:44:39.076Z][pid 17808][tid 18144] ERROR [fault 1]   #21 00007FF9BCFBD348 C:\Windows\system32\DUser.dll+0xD348 | GetMessageExA+0x158
[2025-11-26T21:44:39.076Z][pid 17808][tid 18144] ERROR [fault 1]   #22 00007FF9F24640D4 C:\Windows\System32\user32.dll+0x240D4 | GetFocus+0xC4
[2025-11-26T21:44:39.076Z][pid 17808][tid 18144] ERROR [fault 1]   #23 00007FF9F29D13E4 C:\Windows\SYSTEM32\ntdll.dll+0xA13E4 | KiUserCallbackDispatcher+0x24
[2025-11-26T21:44:39.076Z][pid 17808][tid 18144] ERROR [fault 1]   #24 00007FF9F04E1064 C:\Windows\System32\win32u.dll+0x1064 | NtUserPeekMessage+0x14
[2025-11-26T21:44:39.076Z][pid 17808][tid 18144] ERROR [fault 1]   #25 00007FF9F244A333 C:\Windows\System32\user32.dll+0xA333 | PeekMessageW+0x1E3
[2025-11-26T21:44:39.077Z][pid 17808][tid 18144] ERROR [fault 1]   #26 00007FF9F244A293 C:\Windows\System32\user32.dll+0xA293 | PeekMessageW+0x143
[2025-11-26T21:44:39.077Z][pid 17808][tid 18144] ERROR [fault 1]   #27 00007FF9C5ACA16C C:\Windows\SYSTEM32\explorerframe.dll+0x1A16C | Ordinal129+0x1A16C
[2025-11-26T21:44:39.077Z][pid 17808][tid 18144] ERROR [fault 1]   #28 00007FF9C5ACA09E C:\Windows\SYSTEM32\explorerframe.dll+0x1A09E | Ordinal129+0x1A09E
[2025-11-26T21:44:39.077Z][pid 17808][tid 18144] ERROR [fault 1]   #29 00007FF9C5AC9FB4 C:\Windows\SYSTEM32\explorerframe.dll+0x19FB4 | Ordinal129+0x19FB4
[2025-11-26T21:44:39.077Z][pid 17808][tid 18144] ERROR [fault 1]   #30 00007FF9C5AC9F52 C:\Windows\SYSTEM32\explorerframe.dll+0x19F52 | Ordinal129+0x19F52
[2025-11-26T21:44:39.077Z][pid 17808][tid 18144] ERROR [fault 1]   #31 00007FF9C5AD5BA2 C:\Windows\SYSTEM32\explorerframe.dll+0x25BA2 | Ordinal129+0x25BA2
[2025-11-26T21:44:39.079Z][pid 17808][tid 18144] ERROR [fault 1]   #32 00007FF9EE155A7C C:\Windows\SYSTEM32\windows.storage.dll+0x135A7C | Ordinal830+0x21AC
[2025-11-26T21:44:39.079Z][pid 17808][tid 18144] ERROR [fault 1]   #33 00007FF9EE1556C1 C:\Windows\SYSTEM32\windows.storage.dll+0x1356C1 | Ordinal830+0x1DF1
[2025-11-26T21:44:39.079Z][pid 17808][tid 18144] ERROR [fault 1]   #34 00007FF9EE1B69D4 C:\Windows\SYSTEM32\windows.storage.dll+0x1969D4 | SHGetFolderPathAndSubDirW+0xC14
[2025-11-26T21:44:39.079Z][pid 17808][tid 18144] ERROR [fault 1]   #35 00007FF9F1F7BD19 C:\Windows\System32\shcore.dll+0x2BD19 | Ordinal172+0x1E9
[2025-11-26T21:44:39.080Z][pid 17808][tid 18144] ERROR [fault 1]   #36 00007FF9F10C7374 C:\Windows\System32\KERNEL32.DLL+0x17374 | BaseThreadInitThunk+0x14
[2025-11-26T21:44:39.081Z][pid 17808][tid 18144] ERROR [fault 1]   #37 00007FF9F297CC91 C:\Windows\SYSTEM32\ntdll.dll+0x4CC91 | RtlUserThreadStart+0x21
[2025-11-26T21:44:39.081Z][pid 17808][tid 18144] WARN [fault 1] Triggering ShellTabs fault mitigation (code=0xC0000005)
[2025-11-26T21:44:39.081Z][pid 17808][tid 18144] WARN DirectUIReplacementIntegration: disabling hooks due to ShellTabs fault 1 (code=0xC0000005)
[2025-11-26T21:44:39.081Z][pid 17808][tid 18144] ERROR Unhandled exception 0xC0000005 at 00007FF98A570928
