=== ShellTabs logging started for C:\Windows\Explorer.exe ===
[2025-11-27T14:34:59.743Z][pid 12764][tid 19680] INFO DllMain PROCESS_ATTACH for C:\Windows\Explorer.exe
[2025-11-27T14:34:59.967Z][pid 12764][tid 19680] INFO CompositionIntercept: hooks initialized
[2025-11-27T14:35:00.623Z][pid 12764][tid 19680] INFO ThemeHooks: installed theme detours (including line drawing hooks)
[2025-11-27T14:35:00.623Z][pid 12764][tid 19680] INFO Custom ribbon tab disabled pending regression fix
[2025-11-27T14:35:00.623Z][pid 12764][tid 19680] INFO InitCommonControlsEx succeeded
[2025-11-27T14:35:00.623Z][pid 12764][tid 19680] INFO TabBand constructed (this=000000001CAAD320)
[2025-11-27T14:35:00.623Z][pid 12764][tid 19680] INFO TabBand::SetSite begin (this=000000001CAAD320, site=00000000232DBBB8)
[2025-11-27T14:35:00.624Z][pid 12764][tid 19680] INFO TabBand::DisconnectSite (this=000000001CAAD320)
[2025-11-27T14:35:00.624Z][pid 12764][tid 19680] INFO TabBand::EnsureSessionStore resolving storage (this=000000001CAAD320)
[2025-11-27T14:35:00.624Z][pid 12764][tid 19680] INFO TabBand::EnsureSessionStore window token unavailable; deferring initialization
[2025-11-27T14:35:00.624Z][pid 12764][tid 19680] INFO TabBand::SetSite resolved browser interfaces
[2025-11-27T14:35:00.624Z][pid 12764][tid 19680] INFO TabBand::SetSite EnsureWindow
[2025-11-27T14:35:00.624Z][pid 12764][tid 19680] INFO TabBand::EnsureWindow creating band window (this=000000001CAAD320)
[2025-11-27T14:35:00.625Z][pid 12764][tid 19680] INFO TabBand::EnsureSessionStore resolving storage (this=000000001CAAD320)
[2025-11-27T14:35:00.626Z][pid 12764][tid 19680] INFO TabBand::ResolveWindowToken adopted crashed session token 2AD8E1F9-0D61-4DA7-BFCF-9A8B75747018
[2025-11-27T14:35:00.626Z][pid 12764][tid 19680] INFO TabBand::EnsureSessionStore window token 2AD8E1F9-0D61-4DA7-BFCF-9A8B75747018
[2025-11-27T14:35:00.626Z][pid 12764][tid 19680] INFO TabBand::EnsureSessionStore using storage path C:\Users\ben\AppData\Roaming\ShellTabs\session-2AD8E1F9-0D61-4DA7-BFCF-9A8B75747018.db
[2025-11-27T14:35:00.626Z][pid 12764][tid 19680] INFO TabBand session crash marker created (post-init)
[2025-11-27T14:35:00.627Z][pid 12764][tid 19680] INFO TabBand::EnsureWindow created window hwnd=00000000016D27C4
[2025-11-27T14:35:00.628Z][pid 12764][tid 19680] INFO TabBand::SetSite EnsureSessionStore
[2025-11-27T14:35:00.628Z][pid 12764][tid 19680] INFO TabBand::SetSite BrowserEvents connected
[2025-11-27T14:35:00.628Z][pid 12764][tid 19680] INFO TabBand::SetSite InitializeTabs
[2025-11-27T14:35:00.628Z][pid 12764][tid 19680] INFO TabBand::InitializeTabs - begin
[2025-11-27T14:35:00.628Z][pid 12764][tid 19680] INFO TabBand::InitializeTabs - end
[2025-11-27T14:35:00.628Z][pid 12764][tid 19680] INFO TabBand::SetSite UpdateTabsUI (initial)
[2025-11-27T14:35:00.628Z][pid 12764][tid 19680] INFO TabBand::UpdateTabsUI applying 1 items
[2025-11-27T14:35:00.628Z][pid 12764][tid 22500] INFO TabBand::RunBackgroundInitialization begin (this=000000001CAAD320, seq=1)
[2025-11-27T14:35:00.628Z][pid 12764][tid 19680] INFO TabBand::SetSite completed successfully
[2025-11-27T14:35:00.629Z][pid 12764][tid 22500] INFO TabBand session crash marker created
[2025-11-27T14:35:00.658Z][pid 12764][tid 19680] INFO CExplorerBHO::SetSite attaching to site=000000000F831818
[2025-11-27T14:35:00.658Z][pid 12764][tid 19680] INFO Cleared Open In New Tab pending state
[2025-11-27T14:35:00.658Z][pid 12764][tid 19680] INFO EnsureBandVisible: invoking ShowBrowserBar for host=0000000007B92878 (attempt 1)
[2025-11-27T14:35:00.660Z][pid 12764][tid 19680] INFO EnsureBandVisible: ShowBrowserBar succeeded for host=0000000007B92878 on attempt 1
[2025-11-27T14:35:00.660Z][pid 12764][tid 19680] INFO Installed progress gradient subclass on hwnd=0000000000D70AAC
[2025-11-27T14:35:00.660Z][pid 12764][tid 19680] INFO Installed travel band subclass (band=00000000017A2866 toolbar=0000000002C507F8)
[2025-11-27T14:35:00.661Z][pid 12764][tid 19680] INFO Breadcrumb CBT hook installed for thread 19680
[2025-11-27T14:35:00.661Z][pid 12764][tid 19680] INFO Breadcrumb gradients enabled; locating toolbar (installed=0 background=0 text=1)
[2025-11-27T14:35:00.661Z][pid 12764][tid 19680] INFO Breadcrumb QueryService(IShellBrowser) failed: 0x80004001
[2025-11-27T14:35:00.661Z][pid 12764][tid 19680] INFO Breadcrumb ribbon frame discovered via IShellBrowser (hwnd=000000000065253A)
[2025-11-27T14:35:00.661Z][pid 12764][tid 19680] INFO Breadcrumb toolbar located via deep enumeration (hwnd=00000000006626B6)
[2025-11-27T14:35:00.661Z][pid 12764][tid 19680] INFO Installed breadcrumb gradient subclass on hwnd=00000000006626B6
[2025-11-27T14:35:00.661Z][pid 12764][tid 19680] INFO Installed progress gradient subclass on hwnd=0000000000D70AAC
[2025-11-27T14:35:00.662Z][pid 12764][tid 19680] INFO Breadcrumb gradients enabled; locating toolbar (installed=1 background=0 text=1)
[2025-11-27T14:35:00.662Z][pid 12764][tid 19680] INFO Breadcrumb QueryService(IShellBrowser) failed: 0x80004001
[2025-11-27T14:35:00.662Z][pid 12764][tid 19680] INFO Breadcrumb ribbon frame discovered via IShellBrowser (hwnd=000000000065253A)
[2025-11-27T14:35:00.662Z][pid 12764][tid 19680] INFO Breadcrumb toolbar located via deep enumeration (hwnd=00000000006626B6)
[2025-11-27T14:35:00.662Z][pid 12764][tid 19680] INFO Cleared Open In New Tab pending state
[2025-11-27T14:35:00.841Z][pid 12764][tid 19680] INFO TabBand::HandleInitializationResult applying sequence 1
[2025-11-27T14:35:00.841Z][pid 12764][tid 19680] INFO TabBand::RestoreSession loaded 1 groups
[2025-11-27T14:35:00.842Z][pid 12764][tid 19680] INFO TabBand::UpdateTabsUI applying 2 items
[2025-11-27T14:35:00.843Z][pid 12764][tid 19680] INFO Breadcrumb QueryService(IShellBrowser) failed: 0x80004001
[2025-11-27T14:35:00.843Z][pid 12764][tid 19680] INFO Breadcrumb ribbon frame discovered via IShellBrowser (hwnd=000000000065253A)
[2025-11-27T14:35:00.843Z][pid 12764][tid 19680] INFO Breadcrumb ribbon frame discovered via IWebBrowser2 (hwnd=000000000065253A)
[2025-11-27T14:35:00.843Z][pid 12764][tid 19680] INFO Breadcrumb toolbar located via window enumeration (hwnd=0000000002D3091C)
[2025-11-27T14:35:00.844Z][pid 12764][tid 19680] INFO Installed breadcrumb gradient subclass on hwnd=0000000002D3091C
[2025-11-27T14:35:00.844Z][pid 12764][tid 19680] INFO Installed progress gradient subclass on hwnd=0000000000D70AAC
[2025-11-27T14:35:00.844Z][pid 12764][tid 19680] INFO Cleared Open In New Tab pending state
[2025-11-27T14:35:00.942Z][pid 12764][tid 19680] INFO TabBand::UpdateTabsUI applying 2 items
[2025-11-27T14:35:00.943Z][pid 12764][tid 19680] INFO Breadcrumb gradients enabled; locating toolbar (installed=1 background=0 text=1)
[2025-11-27T14:35:00.943Z][pid 12764][tid 19680] INFO Breadcrumb QueryService(IShellBrowser) failed: 0x80004001
[2025-11-27T14:35:00.943Z][pid 12764][tid 19680] INFO Breadcrumb ribbon frame discovered via IShellBrowser (hwnd=000000000065253A)
[2025-11-27T14:35:00.943Z][pid 12764][tid 19680] INFO Breadcrumb ribbon frame discovered via IWebBrowser2 (hwnd=000000000065253A)
[2025-11-27T14:35:00.943Z][pid 12764][tid 19680] INFO Breadcrumb toolbar located via window enumeration (hwnd=0000000002D3091C)
[2025-11-27T14:35:00.943Z][pid 12764][tid 19680] INFO Cleared Open In New Tab pending state
[2025-11-27T14:35:00.943Z][pid 12764][tid 19680] INFO Installed shell view window subclass (view=00000000012021D2)
[2025-11-27T14:35:00.943Z][pid 12764][tid 19680] INFO Installed explorer frame subclass (frame=0000000007B92878)
[2025-11-27T14:35:00.944Z][pid 12764][tid 19680] INFO Cleared Open In New Tab pending state
[2025-11-27T14:35:00.944Z][pid 12764][tid 19680] INFO Explorer view base subclass ready (view=00000000012021D2 frame=0000000007B92878)
[2025-11-27T14:35:00.944Z][pid 12764][tid 19680] VERBOSE DirectUI IUIElement unavailable (hr=0x80004001)
[2025-11-27T14:35:00.944Z][pid 12764][tid 19680] INFO Installed explorer DirectUI host subclass (direct=00000000010325D4)
[2025-11-27T14:35:00.944Z][pid 12764][tid 19680] INFO Installed explorer tree view subclass (tree=00000000057D017A)
[2025-11-27T14:35:00.944Z][pid 12764][tid 19680] INFO Explorer pane creation watch armed (view=00000000012021D2 list=1 tree=0)
[2025-11-27T14:35:00.944Z][pid 12764][tid 19680] INFO Explorer pane fallback timer armed (view=00000000012021D2 delay=500)
[2025-11-27T14:35:00.945Z][pid 12764][tid 19680] INFO Explorer panes not ready: list view missing (view=00000000012021D2)
[2025-11-27T14:35:00.945Z][pid 12764][tid 19680] INFO Explorer pane retry timer armed (view=00000000012021D2 delay=500 attempts=1)
[2025-11-27T14:35:00.945Z][pid 12764][tid 19680] INFO TabBand::UpdateTabsUI applying 2 items
[2025-11-27T14:35:00.945Z][pid 12764][tid 19680] INFO Breadcrumb QueryService(IShellBrowser) failed: 0x80004001
[2025-11-27T14:35:00.945Z][pid 12764][tid 19680] INFO Breadcrumb ribbon frame discovered via IShellBrowser (hwnd=000000000065253A)
[2025-11-27T14:35:00.945Z][pid 12764][tid 19680] INFO Breadcrumb ribbon frame discovered via IWebBrowser2 (hwnd=000000000065253A)
[2025-11-27T14:35:00.946Z][pid 12764][tid 19680] INFO Breadcrumb toolbar located via window enumeration (hwnd=0000000002D3091C)
[2025-11-27T14:35:00.947Z][pid 12764][tid 19680] INFO Explorer pane creation watch cleared (view=00000000012021D2)
[2025-11-27T14:35:00.947Z][pid 12764][tid 19680] INFO Cleared Open In New Tab pending state
[2025-11-27T14:35:00.947Z][pid 12764][tid 19680] INFO Installed shell view window subclass (view=00000000012021D2)
[2025-11-27T14:35:00.947Z][pid 12764][tid 19680] INFO Installed explorer frame subclass (frame=0000000007B92878)
[2025-11-27T14:35:00.947Z][pid 12764][tid 19680] INFO Cleared Open In New Tab pending state
[2025-11-27T14:35:00.947Z][pid 12764][tid 19680] INFO Explorer view base subclass ready (view=00000000012021D2 frame=0000000007B92878)
[2025-11-27T14:35:00.947Z][pid 12764][tid 19680] VERBOSE DirectUI IUIElement unavailable (hr=0x80004001)
[2025-11-27T14:35:00.947Z][pid 12764][tid 19680] INFO Installed explorer DirectUI host subclass (direct=00000000010325D4)
[2025-11-27T14:35:00.948Z][pid 12764][tid 19680] INFO Installed explorer tree view subclass (tree=00000000057D017A)
[2025-11-27T14:35:00.948Z][pid 12764][tid 19680] INFO Explorer pane creation watch armed (view=00000000012021D2 list=1 tree=0)
[2025-11-27T14:35:00.948Z][pid 12764][tid 19680] INFO Explorer pane fallback timer armed (view=00000000012021D2 delay=500)
[2025-11-27T14:35:00.948Z][pid 12764][tid 19680] INFO Explorer panes not ready: list view missing (view=00000000012021D2)
[2025-11-27T14:35:00.948Z][pid 12764][tid 19680] INFO Explorer pane retry timer armed (view=00000000012021D2 delay=500 attempts=1)
[2025-11-27T14:35:00.964Z][pid 12764][tid 19680] INFO TabBand::UpdateTabsUI applying 2 items
[2025-11-27T14:35:00.970Z][pid 12764][tid 19680] INFO TabBand::UpdateTabsUI applying 2 items
[2025-11-27T14:35:00.970Z][pid 12764][tid 19680] INFO Breadcrumb QueryService(IShellBrowser) failed: 0x80004001
[2025-11-27T14:35:00.971Z][pid 12764][tid 19680] INFO Breadcrumb ribbon frame discovered via IShellBrowser (hwnd=000000000065253A)
[2025-11-27T14:35:00.971Z][pid 12764][tid 19680] INFO Breadcrumb ribbon frame discovered via IWebBrowser2 (hwnd=000000000065253A)
[2025-11-27T14:35:00.971Z][pid 12764][tid 19680] INFO Breadcrumb toolbar located via window enumeration (hwnd=0000000002D3091C)
[2025-11-27T14:35:00.971Z][pid 12764][tid 19680] INFO Explorer pane creation watch cleared (view=00000000012021D2)
[2025-11-27T14:35:00.971Z][pid 12764][tid 19680] INFO Cleared Open In New Tab pending state
[2025-11-27T14:35:00.972Z][pid 12764][tid 19680] INFO Installed shell view window subclass (view=00000000012021D2)
[2025-11-27T14:35:00.972Z][pid 12764][tid 19680] INFO Installed explorer frame subclass (frame=0000000007B92878)
[2025-11-27T14:35:00.972Z][pid 12764][tid 19680] INFO Cleared Open In New Tab pending state
[2025-11-27T14:35:00.972Z][pid 12764][tid 19680] INFO Explorer view base subclass ready (view=00000000012021D2 frame=0000000007B92878)
[2025-11-27T14:35:00.972Z][pid 12764][tid 19680] VERBOSE DirectUI IUIElement unavailable (hr=0x80004001)
[2025-11-27T14:35:00.972Z][pid 12764][tid 19680] INFO Installed explorer DirectUI host subclass (direct=00000000010325D4)
[2025-11-27T14:35:00.972Z][pid 12764][tid 19680] INFO Installed explorer tree view subclass (tree=00000000057D017A)
[2025-11-27T14:35:00.973Z][pid 12764][tid 19680] INFO Explorer pane creation watch armed (view=00000000012021D2 list=1 tree=0)
[2025-11-27T14:35:00.973Z][pid 12764][tid 19680] INFO Explorer pane fallback timer armed (view=00000000012021D2 delay=500)
[2025-11-27T14:35:00.973Z][pid 12764][tid 19680] INFO Explorer panes not ready: list view missing (view=00000000012021D2)
[2025-11-27T14:35:00.973Z][pid 12764][tid 19680] INFO Explorer pane retry timer armed (view=00000000012021D2 delay=500 attempts=1)
[2025-11-27T14:35:00.978Z][pid 12764][tid 19680] INFO Installed explorer list host subclass (host=0000000007B92878)
[2025-11-27T14:35:00.978Z][pid 12764][tid 19680] INFO Installed explorer list host subclass (host=00000000013E024E)
[2025-11-27T14:35:00.978Z][pid 12764][tid 19680] INFO Installed explorer list host subclass (host=00000000011109CA)
[2025-11-27T14:35:00.979Z][pid 12764][tid 19680] INFO Installed explorer list host subclass (host=000000000065253A)
[2025-11-27T14:35:00.979Z][pid 12764][tid 19680] INFO Installed explorer list host subclass (host=0000000000150030)
[2025-11-27T14:35:00.991Z][pid 12764][tid 19680] INFO Explorer pane creation watch armed (view=00000000012021D2 list=1 tree=1)
[2025-11-27T14:35:00.991Z][pid 12764][tid 19680] INFO Explorer panes not ready: tree view missing (view=00000000012021D2)
[2025-11-27T14:35:00.994Z][pid 12764][tid 19680] INFO Cleared Open In New Tab pending state
[2025-11-27T14:35:00.995Z][pid 12764][tid 19680] INFO CExplorerBHO::SetSite detaching from site
[2025-11-27T14:35:00.995Z][pid 12764][tid 19680] INFO Breadcrumb CBT hook removed for thread 19680
[2025-11-27T14:35:00.995Z][pid 12764][tid 19680] INFO Explorer pane creation watch cleared (view=0000000000000000)
[2025-11-27T14:35:00.995Z][pid 12764][tid 19680] INFO Cleared Open In New Tab pending state
[2025-11-27T14:35:00.995Z][pid 12764][tid 19680] INFO Cleared Open In New Tab pending state
[2025-11-27T14:35:00.998Z][pid 12764][tid 19680] INFO TabBand::DisconnectSite (this=000000001CAAD320)
[2025-11-27T14:35:01.016Z][pid 12764][tid 19680] INFO TabBand::SetSite begin (this=000000001CAAD320, site=0000000000000000)
[2025-11-27T14:35:01.017Z][pid 12764][tid 19680] INFO TabBand::SetSite site unchanged
[2025-11-27T14:35:01.017Z][pid 12764][tid 19680] INFO TabBand destroyed (this=000000001CAAD320)
[2025-11-27T14:35:01.017Z][pid 12764][tid 19680] INFO TabBand::DisconnectSite (this=000000001CAAD320)
[2025-11-27T14:35:01.017Z][pid 12764][tid 19680] INFO TabBand::EnsureSessionStore resolving storage (this=000000001CAAD320)
[2025-11-27T14:35:01.017Z][pid 12764][tid 19680] INFO TabBand::EnsureSessionStore window token unavailable; deferring initialization
[2025-11-27T14:35:04.270Z][pid 12764][tid 19680] INFO TabBand constructed (this=0000000023715A70)
[2025-11-27T14:35:04.270Z][pid 12764][tid 19680] INFO TabBand::SetSite begin (this=0000000023715A70, site=00000000233E5848)
[2025-11-27T14:35:04.271Z][pid 12764][tid 19680] INFO TabBand::DisconnectSite (this=0000000023715A70)
[2025-11-27T14:35:04.271Z][pid 12764][tid 19680] INFO TabBand::EnsureSessionStore resolving storage (this=0000000023715A70)
[2025-11-27T14:35:04.271Z][pid 12764][tid 19680] INFO TabBand::EnsureSessionStore window token unavailable; deferring initialization
[2025-11-27T14:35:04.271Z][pid 12764][tid 19680] INFO TabBand::SetSite resolved browser interfaces
[2025-11-27T14:35:04.271Z][pid 12764][tid 19680] INFO TabBand::SetSite EnsureWindow
[2025-11-27T14:35:04.271Z][pid 12764][tid 19680] INFO TabBand::EnsureWindow creating band window (this=0000000023715A70)
[2025-11-27T14:35:04.272Z][pid 12764][tid 19680] INFO TabBand::EnsureSessionStore resolving storage (this=0000000023715A70)
[2025-11-27T14:35:04.272Z][pid 12764][tid 19680] INFO TabBand::ResolveWindowToken adopted crashed session token 9EBE8377-FC37-4FCC-8623-366697CB37E2
[2025-11-27T14:35:04.273Z][pid 12764][tid 19680] INFO TabBand::EnsureSessionStore window token 9EBE8377-FC37-4FCC-8623-366697CB37E2
[2025-11-27T14:35:04.273Z][pid 12764][tid 19680] INFO TabBand::EnsureSessionStore using storage path C:\Users\ben\AppData\Roaming\ShellTabs\session-9EBE8377-FC37-4FCC-8623-366697CB37E2.db
[2025-11-27T14:35:04.273Z][pid 12764][tid 19680] INFO TabBand session crash marker created (post-init)
[2025-11-27T14:35:04.275Z][pid 12764][tid 19680] INFO TabBand::EnsureWindow created window hwnd=00000000014005E4
[2025-11-27T14:35:04.275Z][pid 12764][tid 19680] INFO TabBand::SetSite EnsureSessionStore
[2025-11-27T14:35:04.275Z][pid 12764][tid 19680] INFO TabBand::SetSite BrowserEvents connected
[2025-11-27T14:35:04.275Z][pid 12764][tid 19680] INFO TabBand::SetSite InitializeTabs
[2025-11-27T14:35:04.275Z][pid 12764][tid 19680] INFO TabBand::InitializeTabs - begin
[2025-11-27T14:35:04.275Z][pid 12764][tid 19680] INFO TabBand::InitializeTabs - end
[2025-11-27T14:35:04.275Z][pid 12764][tid 19680] INFO TabBand::SetSite UpdateTabsUI (initial)
[2025-11-27T14:35:04.275Z][pid 12764][tid 19680] INFO TabBand::UpdateTabsUI applying 1 items
[2025-11-27T14:35:04.275Z][pid 12764][tid 19680] INFO TabBand::SetSite completed successfully
[2025-11-27T14:35:04.276Z][pid 12764][tid 40352] INFO TabBand::RunBackgroundInitialization begin (this=0000000023715A70, seq=1)
[2025-11-27T14:35:04.276Z][pid 12764][tid 40352] INFO TabBand session crash marker created
[2025-11-27T14:35:04.305Z][pid 12764][tid 19680] INFO CExplorerBHO::SetSite attaching to site=00000000236564A8
[2025-11-27T14:35:04.305Z][pid 12764][tid 19680] INFO Cleared Open In New Tab pending state
[2025-11-27T14:35:04.306Z][pid 12764][tid 19680] INFO EnsureBandVisible: invoking ShowBrowserBar for host=0000000000740742 (attempt 1)
[2025-11-27T14:35:04.308Z][pid 12764][tid 19680] INFO EnsureBandVisible: ShowBrowserBar succeeded for host=0000000000740742 on attempt 1
[2025-11-27T14:35:04.308Z][pid 12764][tid 19680] INFO Installed progress gradient subclass on hwnd=0000000000A02E84
[2025-11-27T14:35:04.309Z][pid 12764][tid 19680] INFO Installed travel band subclass (band=000000000310282C toolbar=0000000002732800)
[2025-11-27T14:35:04.309Z][pid 12764][tid 19680] INFO Breadcrumb CBT hook installed for thread 19680
[2025-11-27T14:35:04.309Z][pid 12764][tid 19680] INFO Breadcrumb gradients enabled; locating toolbar (installed=0 background=0 text=1)
[2025-11-27T14:35:04.309Z][pid 12764][tid 19680] INFO Breadcrumb QueryService(IShellBrowser) failed: 0x80004001
[2025-11-27T14:35:04.309Z][pid 12764][tid 19680] INFO Breadcrumb ribbon frame discovered via IShellBrowser (hwnd=0000000001910882)
[2025-11-27T14:35:04.310Z][pid 12764][tid 19680] INFO Breadcrumb toolbar located via deep enumeration (hwnd=0000000002DE0192)
[2025-11-27T14:35:04.311Z][pid 12764][tid 19680] INFO Installed breadcrumb gradient subclass on hwnd=0000000002DE0192
[2025-11-27T14:35:04.312Z][pid 12764][tid 19680] INFO Installed progress gradient subclass on hwnd=0000000000A02E84
[2025-11-27T14:35:04.312Z][pid 12764][tid 19680] INFO Breadcrumb gradients enabled; locating toolbar (installed=1 background=0 text=1)
[2025-11-27T14:35:04.312Z][pid 12764][tid 19680] INFO Breadcrumb QueryService(IShellBrowser) failed: 0x80004001
[2025-11-27T14:35:04.312Z][pid 12764][tid 19680] INFO Breadcrumb ribbon frame discovered via IShellBrowser (hwnd=0000000001910882)
[2025-11-27T14:35:04.312Z][pid 12764][tid 19680] INFO Breadcrumb toolbar located via deep enumeration (hwnd=0000000002DE0192)
[2025-11-27T14:35:04.313Z][pid 12764][tid 19680] INFO Cleared Open In New Tab pending state
[2025-11-27T14:35:04.425Z][pid 12764][tid 19680] INFO TabBand::HandleInitializationResult applying sequence 1
[2025-11-27T14:35:04.426Z][pid 12764][tid 19680] INFO TabBand::RestoreSession loaded 1 groups
[2025-11-27T14:35:04.427Z][pid 12764][tid 19680] INFO TabBand::UpdateTabsUI applying 2 items
[2025-11-27T14:35:04.427Z][pid 12764][tid 19680] INFO Breadcrumb QueryService(IShellBrowser) failed: 0x80004001
[2025-11-27T14:35:04.428Z][pid 12764][tid 19680] INFO Breadcrumb ribbon frame discovered via IShellBrowser (hwnd=0000000001910882)
[2025-11-27T14:35:04.428Z][pid 12764][tid 19680] INFO Breadcrumb ribbon frame discovered via IWebBrowser2 (hwnd=0000000001910882)
[2025-11-27T14:35:04.428Z][pid 12764][tid 19680] INFO Breadcrumb toolbar located via window enumeration (hwnd=0000000002C607F8)
[2025-11-27T14:35:04.428Z][pid 12764][tid 19680] INFO Installed breadcrumb gradient subclass on hwnd=0000000002C607F8
[2025-11-27T14:35:04.428Z][pid 12764][tid 19680] INFO Installed progress gradient subclass on hwnd=0000000000A02E84
[2025-11-27T14:35:04.429Z][pid 12764][tid 19680] INFO Cleared Open In New Tab pending state
[2025-11-27T14:35:04.584Z][pid 12764][tid 19680] INFO TabBand::UpdateTabsUI applying 2 items
[2025-11-27T14:35:04.585Z][pid 12764][tid 19680] INFO Breadcrumb gradients enabled; locating toolbar (installed=1 background=0 text=1)
[2025-11-27T14:35:04.585Z][pid 12764][tid 19680] INFO Breadcrumb QueryService(IShellBrowser) failed: 0x80004001
[2025-11-27T14:35:04.585Z][pid 12764][tid 19680] INFO Breadcrumb ribbon frame discovered via IShellBrowser (hwnd=0000000001910882)
[2025-11-27T14:35:04.585Z][pid 12764][tid 19680] INFO Breadcrumb ribbon frame discovered via IWebBrowser2 (hwnd=0000000001910882)
[2025-11-27T14:35:04.586Z][pid 12764][tid 19680] INFO Breadcrumb toolbar located via window enumeration (hwnd=0000000002C607F8)
[2025-11-27T14:35:04.586Z][pid 12764][tid 19680] INFO Cleared Open In New Tab pending state
[2025-11-27T14:35:04.586Z][pid 12764][tid 19680] INFO Installed shell view window subclass (view=00000000017605C2)
[2025-11-27T14:35:04.586Z][pid 12764][tid 19680] INFO Installed explorer frame subclass (frame=0000000000740742)
[2025-11-27T14:35:04.586Z][pid 12764][tid 19680] INFO Cleared Open In New Tab pending state
[2025-11-27T14:35:04.586Z][pid 12764][tid 19680] INFO Explorer view base subclass ready (view=00000000017605C2 frame=0000000000740742)
[2025-11-27T14:35:04.586Z][pid 12764][tid 19680] VERBOSE DirectUI IUIElement unavailable (hr=0x80004001)
[2025-11-27T14:35:04.587Z][pid 12764][tid 19680] INFO Installed explorer DirectUI host subclass (direct=0000000000992DFA)
[2025-11-27T14:35:04.587Z][pid 12764][tid 19680] INFO Installed explorer tree view subclass (tree=00000000013D00A4)
[2025-11-27T14:35:04.587Z][pid 12764][tid 19680] INFO Explorer pane creation watch armed (view=00000000017605C2 list=1 tree=0)
[2025-11-27T14:35:04.587Z][pid 12764][tid 19680] INFO Explorer pane fallback timer armed (view=00000000017605C2 delay=500)
[2025-11-27T14:35:04.588Z][pid 12764][tid 19680] INFO Explorer panes not ready: list view missing (view=00000000017605C2)
[2025-11-27T14:35:04.588Z][pid 12764][tid 19680] INFO Explorer pane retry timer armed (view=00000000017605C2 delay=500 attempts=1)
[2025-11-27T14:35:04.588Z][pid 12764][tid 19680] INFO TabBand::UpdateTabsUI applying 2 items
[2025-11-27T14:35:04.589Z][pid 12764][tid 19680] INFO Breadcrumb QueryService(IShellBrowser) failed: 0x80004001
[2025-11-27T14:35:04.589Z][pid 12764][tid 19680] INFO Breadcrumb ribbon frame discovered via IShellBrowser (hwnd=0000000001910882)
[2025-11-27T14:35:04.589Z][pid 12764][tid 19680] INFO Breadcrumb ribbon frame discovered via IWebBrowser2 (hwnd=0000000001910882)
[2025-11-27T14:35:04.590Z][pid 12764][tid 19680] INFO Breadcrumb toolbar located via window enumeration (hwnd=0000000002C607F8)
[2025-11-27T14:35:04.590Z][pid 12764][tid 19680] INFO Explorer pane creation watch cleared (view=00000000017605C2)
[2025-11-27T14:35:04.590Z][pid 12764][tid 19680] INFO Cleared Open In New Tab pending state
[2025-11-27T14:35:04.591Z][pid 12764][tid 19680] INFO Installed shell view window subclass (view=00000000017605C2)
[2025-11-27T14:35:04.591Z][pid 12764][tid 19680] INFO Installed explorer frame subclass (frame=0000000000740742)
[2025-11-27T14:35:04.591Z][pid 12764][tid 19680] INFO Cleared Open In New Tab pending state
[2025-11-27T14:35:04.591Z][pid 12764][tid 19680] INFO Explorer view base subclass ready (view=00000000017605C2 frame=0000000000740742)
[2025-11-27T14:35:04.591Z][pid 12764][tid 19680] VERBOSE DirectUI IUIElement unavailable (hr=0x80004001)
[2025-11-27T14:35:04.591Z][pid 12764][tid 19680] INFO Installed explorer DirectUI host subclass (direct=0000000000992DFA)
[2025-11-27T14:35:04.591Z][pid 12764][tid 19680] INFO Installed explorer tree view subclass (tree=00000000013D00A4)
[2025-11-27T14:35:04.592Z][pid 12764][tid 19680] INFO Explorer pane creation watch armed (view=00000000017605C2 list=1 tree=0)
[2025-11-27T14:35:04.592Z][pid 12764][tid 19680] INFO Explorer pane fallback timer armed (view=00000000017605C2 delay=500)
[2025-11-27T14:35:04.592Z][pid 12764][tid 19680] INFO Explorer panes not ready: list view missing (view=00000000017605C2)
[2025-11-27T14:35:04.592Z][pid 12764][tid 19680] INFO Explorer pane retry timer armed (view=00000000017605C2 delay=500 attempts=1)
[2025-11-27T14:35:04.605Z][pid 12764][tid 19680] INFO TabBand::UpdateTabsUI applying 2 items
[2025-11-27T14:35:04.612Z][pid 12764][tid 19680] INFO TabBand::UpdateTabsUI applying 2 items
[2025-11-27T14:35:04.613Z][pid 12764][tid 19680] INFO Breadcrumb QueryService(IShellBrowser) failed: 0x80004001
[2025-11-27T14:35:04.613Z][pid 12764][tid 19680] INFO Breadcrumb ribbon frame discovered via IShellBrowser (hwnd=0000000001910882)
[2025-11-27T14:35:04.613Z][pid 12764][tid 19680] INFO Breadcrumb ribbon frame discovered via IWebBrowser2 (hwnd=0000000001910882)
[2025-11-27T14:35:04.613Z][pid 12764][tid 19680] INFO Breadcrumb toolbar located via window enumeration (hwnd=0000000002C607F8)
[2025-11-27T14:35:04.613Z][pid 12764][tid 19680] INFO Explorer pane creation watch cleared (view=00000000017605C2)
[2025-11-27T14:35:04.614Z][pid 12764][tid 19680] INFO Cleared Open In New Tab pending state
[2025-11-27T14:35:04.614Z][pid 12764][tid 19680] INFO Installed shell view window subclass (view=00000000017605C2)
[2025-11-27T14:35:04.614Z][pid 12764][tid 19680] INFO Installed explorer frame subclass (frame=0000000000740742)
[2025-11-27T14:35:04.614Z][pid 12764][tid 19680] INFO Cleared Open In New Tab pending state
[2025-11-27T14:35:04.614Z][pid 12764][tid 19680] INFO Explorer view base subclass ready (view=00000000017605C2 frame=0000000000740742)
[2025-11-27T14:35:04.614Z][pid 12764][tid 19680] VERBOSE DirectUI IUIElement unavailable (hr=0x80004001)
[2025-11-27T14:35:04.614Z][pid 12764][tid 19680] INFO Installed explorer DirectUI host subclass (direct=0000000000992DFA)
[2025-11-27T14:35:04.614Z][pid 12764][tid 19680] INFO Installed explorer tree view subclass (tree=00000000013D00A4)
[2025-11-27T14:35:04.615Z][pid 12764][tid 19680] INFO Explorer pane creation watch armed (view=00000000017605C2 list=1 tree=0)
[2025-11-27T14:35:04.615Z][pid 12764][tid 19680] INFO Explorer pane fallback timer armed (view=00000000017605C2 delay=500)
[2025-11-27T14:35:04.615Z][pid 12764][tid 19680] INFO Explorer panes not ready: list view missing (view=00000000017605C2)
[2025-11-27T14:35:04.615Z][pid 12764][tid 19680] INFO Explorer pane retry timer armed (view=00000000017605C2 delay=500 attempts=1)
[2025-11-27T14:35:04.619Z][pid 12764][tid 19680] INFO Installed explorer list host subclass (host=0000000000740742)
[2025-11-27T14:35:04.619Z][pid 12764][tid 19680] INFO Installed explorer list host subclass (host=0000000002AE019E)
[2025-11-27T14:35:04.619Z][pid 12764][tid 19680] INFO Installed explorer list host subclass (host=0000000000700554)
[2025-11-27T14:35:04.619Z][pid 12764][tid 19680] INFO Installed explorer list host subclass (host=0000000001910882)
[2025-11-27T14:35:04.619Z][pid 12764][tid 19680] INFO Installed explorer list host subclass (host=0000000008D10A48)
[2025-11-27T14:35:04.629Z][pid 12764][tid 19680] INFO Explorer pane creation watch armed (view=00000000017605C2 list=1 tree=1)
[2025-11-27T14:35:04.629Z][pid 12764][tid 19680] INFO Explorer panes not ready: tree view missing (view=00000000017605C2)
[2025-11-27T14:35:04.630Z][pid 12764][tid 19680] INFO Cleared Open In New Tab pending state
[2025-11-27T14:35:04.631Z][pid 12764][tid 19680] INFO CExplorerBHO::SetSite detaching from site
[2025-11-27T14:35:04.631Z][pid 12764][tid 19680] INFO Breadcrumb CBT hook removed for thread 19680
[2025-11-27T14:35:04.631Z][pid 12764][tid 19680] INFO Explorer pane creation watch cleared (view=0000000000000000)
[2025-11-27T14:35:04.631Z][pid 12764][tid 19680] INFO Cleared Open In New Tab pending state
[2025-11-27T14:35:04.631Z][pid 12764][tid 19680] INFO Cleared Open In New Tab pending state
[2025-11-27T14:35:04.633Z][pid 12764][tid 19680] INFO TabBand::DisconnectSite (this=0000000023715A70)
[2025-11-27T14:35:04.634Z][pid 12764][tid 19680] INFO TabBand::SetSite begin (this=0000000023715A70, site=0000000000000000)
[2025-11-27T14:35:04.634Z][pid 12764][tid 19680] INFO TabBand::SetSite site unchanged
[2025-11-27T14:35:04.634Z][pid 12764][tid 19680] INFO TabBand destroyed (this=0000000023715A70)
[2025-11-27T14:35:04.634Z][pid 12764][tid 19680] INFO TabBand::DisconnectSite (this=0000000023715A70)
[2025-11-27T14:35:04.634Z][pid 12764][tid 19680] INFO TabBand::EnsureSessionStore resolving storage (this=0000000023715A70)
[2025-11-27T14:35:04.634Z][pid 12764][tid 19680] INFO TabBand::EnsureSessionStore window token unavailable; deferring initialization
[2025-11-27T14:35:07.963Z][pid 12764][tid 19680] INFO TabBand constructed (this=0000000023562170)
[2025-11-27T14:35:07.963Z][pid 12764][tid 19680] INFO TabBand::SetSite begin (this=0000000023562170, site=00000000233E5848)
[2025-11-27T14:35:07.963Z][pid 12764][tid 19680] INFO TabBand::DisconnectSite (this=0000000023562170)
[2025-11-27T14:35:07.963Z][pid 12764][tid 19680] INFO TabBand::EnsureSessionStore resolving storage (this=0000000023562170)
[2025-11-27T14:35:07.964Z][pid 12764][tid 19680] INFO TabBand::EnsureSessionStore window token unavailable; deferring initialization
[2025-11-27T14:35:07.964Z][pid 12764][tid 19680] INFO TabBand::SetSite resolved browser interfaces
[2025-11-27T14:35:07.964Z][pid 12764][tid 19680] INFO TabBand::SetSite EnsureWindow
[2025-11-27T14:35:07.964Z][pid 12764][tid 19680] INFO TabBand::EnsureWindow creating band window (this=0000000023562170)
[2025-11-27T14:35:07.965Z][pid 12764][tid 19680] INFO TabBand::EnsureSessionStore resolving storage (this=0000000023562170)
[2025-11-27T14:35:07.966Z][pid 12764][tid 19680] INFO TabBand::ResolveWindowToken adopted crashed session token 811D735C-CAE9-4947-8FCE-6395C48E973E
[2025-11-27T14:35:07.966Z][pid 12764][tid 19680] INFO TabBand::EnsureSessionStore window token 811D735C-CAE9-4947-8FCE-6395C48E973E
[2025-11-27T14:35:07.966Z][pid 12764][tid 19680] INFO TabBand::EnsureSessionStore using storage path C:\Users\ben\AppData\Roaming\ShellTabs\session-811D735C-CAE9-4947-8FCE-6395C48E973E.db
[2025-11-27T14:35:07.966Z][pid 12764][tid 19680] INFO TabBand session crash marker created (post-init)
[2025-11-27T14:35:07.968Z][pid 12764][tid 19680] INFO TabBand::EnsureWindow created window hwnd=0000000000F5280E
[2025-11-27T14:35:07.968Z][pid 12764][tid 19680] INFO TabBand::SetSite EnsureSessionStore
[2025-11-27T14:35:07.969Z][pid 12764][tid 19680] INFO TabBand::SetSite BrowserEvents connected
[2025-11-27T14:35:07.969Z][pid 12764][tid 19680] INFO TabBand::SetSite InitializeTabs
[2025-11-27T14:35:07.969Z][pid 12764][tid 19680] INFO TabBand::InitializeTabs - begin
[2025-11-27T14:35:07.969Z][pid 12764][tid 19680] INFO TabBand::InitializeTabs - end
[2025-11-27T14:35:07.969Z][pid 12764][tid 19680] INFO TabBand::SetSite UpdateTabsUI (initial)
[2025-11-27T14:35:07.969Z][pid 12764][tid 19680] INFO TabBand::UpdateTabsUI applying 1 items
[2025-11-27T14:35:07.969Z][pid 12764][tid 19680] INFO TabBand::SetSite completed successfully
[2025-11-27T14:35:07.969Z][pid 12764][tid 7056] INFO TabBand::RunBackgroundInitialization begin (this=0000000023562170, seq=1)
[2025-11-27T14:35:07.970Z][pid 12764][tid 7056] INFO TabBand session crash marker created
[2025-11-27T14:35:07.992Z][pid 12764][tid 19680] INFO CExplorerBHO::SetSite attaching to site=000000001CE7A3A8
[2025-11-27T14:35:07.993Z][pid 12764][tid 19680] INFO Cleared Open In New Tab pending state
[2025-11-27T14:35:07.993Z][pid 12764][tid 19680] INFO EnsureBandVisible: invoking ShowBrowserBar for host=00000000010625D4 (attempt 1)
[2025-11-27T14:35:07.996Z][pid 12764][tid 19680] INFO EnsureBandVisible: ShowBrowserBar succeeded for host=00000000010625D4 on attempt 1
[2025-11-27T14:35:07.996Z][pid 12764][tid 19680] INFO Installed progress gradient subclass on hwnd=0000000001C8285E
[2025-11-27T14:35:07.996Z][pid 12764][tid 19680] INFO Installed travel band subclass (band=00000000009124CC toolbar=0000000000B82E88)
[2025-11-27T14:35:07.996Z][pid 12764][tid 19680] INFO Breadcrumb CBT hook installed for thread 19680
[2025-11-27T14:35:07.996Z][pid 12764][tid 19680] INFO Breadcrumb gradients enabled; locating toolbar (installed=0 background=0 text=1)
[2025-11-27T14:35:07.997Z][pid 12764][tid 19680] INFO Breadcrumb QueryService(IShellBrowser) failed: 0x80004001
[2025-11-27T14:35:07.997Z][pid 12764][tid 19680] INFO Breadcrumb ribbon frame discovered via IShellBrowser (hwnd=0000000000762588)
[2025-11-27T14:35:07.997Z][pid 12764][tid 19680] INFO Breadcrumb toolbar located via deep enumeration (hwnd=0000000005462CA6)
[2025-11-27T14:35:07.997Z][pid 12764][tid 19680] INFO Installed breadcrumb gradient subclass on hwnd=0000000005462CA6
[2025-11-27T14:35:07.997Z][pid 12764][tid 19680] INFO Installed progress gradient subclass on hwnd=0000000001C8285E
[2025-11-27T14:35:07.997Z][pid 12764][tid 19680] INFO Breadcrumb gradients enabled; locating toolbar (installed=1 background=0 text=1)
[2025-11-27T14:35:07.998Z][pid 12764][tid 19680] INFO Breadcrumb QueryService(IShellBrowser) failed: 0x80004001
[2025-11-27T14:35:07.998Z][pid 12764][tid 19680] INFO Breadcrumb ribbon frame discovered via IShellBrowser (hwnd=0000000000762588)
[2025-11-27T14:35:07.998Z][pid 12764][tid 19680] INFO Breadcrumb toolbar located via deep enumeration (hwnd=0000000005462CA6)
[2025-11-27T14:35:07.998Z][pid 12764][tid 19680] INFO Cleared Open In New Tab pending state
[2025-11-27T14:35:08.074Z][pid 12764][tid 19680] INFO TabBand::HandleInitializationResult applying sequence 1
[2025-11-27T14:35:08.074Z][pid 12764][tid 19680] INFO TabBand::RestoreSession loaded 1 groups
[2025-11-27T14:35:08.075Z][pid 12764][tid 19680] INFO TabBand::UpdateTabsUI applying 2 items
[2025-11-27T14:35:08.076Z][pid 12764][tid 19680] INFO Breadcrumb QueryService(IShellBrowser) failed: 0x80004001
[2025-11-27T14:35:08.076Z][pid 12764][tid 19680] INFO Breadcrumb ribbon frame discovered via IShellBrowser (hwnd=0000000000762588)
[2025-11-27T14:35:08.076Z][pid 12764][tid 19680] INFO Breadcrumb ribbon frame discovered via IWebBrowser2 (hwnd=0000000000762588)
[2025-11-27T14:35:08.077Z][pid 12764][tid 19680] INFO Breadcrumb toolbar located via window enumeration (hwnd=000000000311282C)
[2025-11-27T14:35:08.077Z][pid 12764][tid 19680] INFO Installed breadcrumb gradient subclass on hwnd=000000000311282C
[2025-11-27T14:35:08.077Z][pid 12764][tid 19680] INFO Installed progress gradient subclass on hwnd=0000000001C8285E
[2025-11-27T14:35:08.077Z][pid 12764][tid 19680] INFO Cleared Open In New Tab pending state
[2025-11-27T14:35:08.174Z][pid 12764][tid 19680] INFO TabBand::UpdateTabsUI applying 2 items
[2025-11-27T14:35:08.174Z][pid 12764][tid 19680] INFO Breadcrumb gradients enabled; locating toolbar (installed=1 background=0 text=1)
[2025-11-27T14:35:08.175Z][pid 12764][tid 19680] INFO Breadcrumb QueryService(IShellBrowser) failed: 0x80004001
[2025-11-27T14:35:08.175Z][pid 12764][tid 19680] INFO Breadcrumb ribbon frame discovered via IShellBrowser (hwnd=0000000000762588)
[2025-11-27T14:35:08.175Z][pid 12764][tid 19680] INFO Breadcrumb ribbon frame discovered via IWebBrowser2 (hwnd=0000000000762588)
[2025-11-27T14:35:08.175Z][pid 12764][tid 19680] INFO Breadcrumb toolbar located via window enumeration (hwnd=000000000311282C)
[2025-11-27T14:35:08.175Z][pid 12764][tid 19680] INFO Cleared Open In New Tab pending state
[2025-11-27T14:35:08.175Z][pid 12764][tid 19680] INFO Installed shell view window subclass (view=0000000002AF019E)
[2025-11-27T14:35:08.175Z][pid 12764][tid 19680] INFO Installed explorer frame subclass (frame=00000000010625D4)
[2025-11-27T14:35:08.175Z][pid 12764][tid 19680] INFO Cleared Open In New Tab pending state
[2025-11-27T14:35:08.176Z][pid 12764][tid 19680] INFO Explorer view base subclass ready (view=0000000002AF019E frame=00000000010625D4)
[2025-11-27T14:35:08.176Z][pid 12764][tid 19680] VERBOSE DirectUI IUIElement unavailable (hr=0x80004001)
[2025-11-27T14:35:08.176Z][pid 12764][tid 19680] INFO Installed explorer DirectUI host subclass (direct=0000000000990ADE)
[2025-11-27T14:35:08.176Z][pid 12764][tid 19680] INFO Installed explorer tree view subclass (tree=00000000013E00A4)
[2025-11-27T14:35:08.176Z][pid 12764][tid 19680] INFO Explorer pane creation watch armed (view=0000000002AF019E list=1 tree=0)
[2025-11-27T14:35:08.176Z][pid 12764][tid 19680] INFO Explorer pane fallback timer armed (view=0000000002AF019E delay=500)
[2025-11-27T14:35:08.176Z][pid 12764][tid 19680] INFO Explorer panes not ready: list view missing (view=0000000002AF019E)
[2025-11-27T14:35:08.176Z][pid 12764][tid 19680] INFO Explorer pane retry timer armed (view=0000000002AF019E delay=500 attempts=1)
[2025-11-27T14:35:08.177Z][pid 12764][tid 19680] INFO TabBand::UpdateTabsUI applying 2 items
[2025-11-27T14:35:08.177Z][pid 12764][tid 19680] INFO Breadcrumb QueryService(IShellBrowser) failed: 0x80004001
[2025-11-27T14:35:08.177Z][pid 12764][tid 19680] INFO Breadcrumb ribbon frame discovered via IShellBrowser (hwnd=0000000000762588)
[2025-11-27T14:35:08.177Z][pid 12764][tid 19680] INFO Breadcrumb ribbon frame discovered via IWebBrowser2 (hwnd=0000000000762588)
[2025-11-27T14:35:08.177Z][pid 12764][tid 19680] INFO Breadcrumb toolbar located via window enumeration (hwnd=000000000311282C)
[2025-11-27T14:35:08.178Z][pid 12764][tid 19680] INFO Explorer pane creation watch cleared (view=0000000002AF019E)
[2025-11-27T14:35:08.178Z][pid 12764][tid 19680] INFO Cleared Open In New Tab pending state
[2025-11-27T14:35:08.178Z][pid 12764][tid 19680] INFO Installed shell view window subclass (view=0000000002AF019E)
[2025-11-27T14:35:08.178Z][pid 12764][tid 19680] INFO Installed explorer frame subclass (frame=00000000010625D4)
[2025-11-27T14:35:08.178Z][pid 12764][tid 19680] INFO Cleared Open In New Tab pending state
[2025-11-27T14:35:08.178Z][pid 12764][tid 19680] INFO Explorer view base subclass ready (view=0000000002AF019E frame=00000000010625D4)
[2025-11-27T14:35:08.178Z][pid 12764][tid 19680] VERBOSE DirectUI IUIElement unavailable (hr=0x80004001)
[2025-11-27T14:35:08.178Z][pid 12764][tid 19680] INFO Installed explorer DirectUI host subclass (direct=0000000000990ADE)
[2025-11-27T14:35:08.178Z][pid 12764][tid 19680] INFO Installed explorer tree view subclass (tree=00000000013E00A4)
[2025-11-27T14:35:08.179Z][pid 12764][tid 19680] INFO Explorer pane creation watch armed (view=0000000002AF019E list=1 tree=0)
[2025-11-27T14:35:08.179Z][pid 12764][tid 19680] INFO Explorer pane fallback timer armed (view=0000000002AF019E delay=500)
[2025-11-27T14:35:08.179Z][pid 12764][tid 19680] INFO Explorer panes not ready: list view missing (view=0000000002AF019E)
[2025-11-27T14:35:08.179Z][pid 12764][tid 19680] INFO Explorer pane retry timer armed (view=0000000002AF019E delay=500 attempts=1)
[2025-11-27T14:35:08.192Z][pid 12764][tid 19680] INFO TabBand::UpdateTabsUI applying 2 items
[2025-11-27T14:35:08.198Z][pid 12764][tid 19680] INFO TabBand::UpdateTabsUI applying 2 items
[2025-11-27T14:35:08.199Z][pid 12764][tid 19680] INFO Breadcrumb QueryService(IShellBrowser) failed: 0x80004001
[2025-11-27T14:35:08.199Z][pid 12764][tid 19680] INFO Breadcrumb ribbon frame discovered via IShellBrowser (hwnd=0000000000762588)
[2025-11-27T14:35:08.199Z][pid 12764][tid 19680] INFO Breadcrumb ribbon frame discovered via IWebBrowser2 (hwnd=0000000000762588)
[2025-11-27T14:35:08.199Z][pid 12764][tid 19680] INFO Breadcrumb toolbar located via window enumeration (hwnd=000000000311282C)
[2025-11-27T14:35:08.199Z][pid 12764][tid 19680] INFO Explorer pane creation watch cleared (view=0000000002AF019E)
[2025-11-27T14:35:08.199Z][pid 12764][tid 19680] INFO Cleared Open In New Tab pending state
[2025-11-27T14:35:08.199Z][pid 12764][tid 19680] INFO Installed shell view window subclass (view=0000000002AF019E)
[2025-11-27T14:35:08.199Z][pid 12764][tid 19680] INFO Installed explorer frame subclass (frame=00000000010625D4)
[2025-11-27T14:35:08.200Z][pid 12764][tid 19680] INFO Cleared Open In New Tab pending state
[2025-11-27T14:35:08.200Z][pid 12764][tid 19680] INFO Explorer view base subclass ready (view=0000000002AF019E frame=00000000010625D4)
[2025-11-27T14:35:08.200Z][pid 12764][tid 19680] VERBOSE DirectUI IUIElement unavailable (hr=0x80004001)
[2025-11-27T14:35:08.200Z][pid 12764][tid 19680] INFO Installed explorer DirectUI host subclass (direct=0000000000990ADE)
[2025-11-27T14:35:08.200Z][pid 12764][tid 19680] INFO Installed explorer tree view subclass (tree=00000000013E00A4)
[2025-11-27T14:35:08.200Z][pid 12764][tid 19680] INFO Explorer pane creation watch armed (view=0000000002AF019E list=1 tree=0)
[2025-11-27T14:35:08.200Z][pid 12764][tid 19680] INFO Explorer pane fallback timer armed (view=0000000002AF019E delay=500)
[2025-11-27T14:35:08.201Z][pid 12764][tid 19680] INFO Explorer panes not ready: list view missing (view=0000000002AF019E)
[2025-11-27T14:35:08.201Z][pid 12764][tid 19680] INFO Explorer pane retry timer armed (view=0000000002AF019E delay=500 attempts=1)
[2025-11-27T14:35:08.206Z][pid 12764][tid 19680] INFO Installed explorer list host subclass (host=00000000010625D4)
[2025-11-27T14:35:08.206Z][pid 12764][tid 19680] INFO Installed explorer list host subclass (host=0000000000C306DC)
[2025-11-27T14:35:08.206Z][pid 12764][tid 19680] INFO Installed explorer list host subclass (host=000000000052242C)
[2025-11-27T14:35:08.206Z][pid 12764][tid 19680] INFO Installed explorer list host subclass (host=0000000000762588)
[2025-11-27T14:35:08.206Z][pid 12764][tid 19680] INFO Installed explorer list host subclass (host=0000000001263400)
[2025-11-27T14:35:08.218Z][pid 12764][tid 19680] INFO Explorer pane creation watch armed (view=0000000002AF019E list=1 tree=1)
[2025-11-27T14:35:08.218Z][pid 12764][tid 19680] INFO Explorer panes not ready: tree view missing (view=0000000002AF019E)
[2025-11-27T14:35:08.219Z][pid 12764][tid 19680] INFO Cleared Open In New Tab pending state
[2025-11-27T14:35:08.220Z][pid 12764][tid 19680] INFO CExplorerBHO::SetSite detaching from site
[2025-11-27T14:35:08.220Z][pid 12764][tid 19680] INFO Breadcrumb CBT hook removed for thread 19680
[2025-11-27T14:35:08.220Z][pid 12764][tid 19680] INFO Explorer pane creation watch cleared (view=0000000000000000)
[2025-11-27T14:35:08.220Z][pid 12764][tid 19680] INFO Cleared Open In New Tab pending state
[2025-11-27T14:35:08.220Z][pid 12764][tid 19680] INFO Cleared Open In New Tab pending state
[2025-11-27T14:35:08.222Z][pid 12764][tid 19680] INFO TabBand::DisconnectSite (this=0000000023562170)
[2025-11-27T14:35:08.223Z][pid 12764][tid 19680] INFO TabBand::SetSite begin (this=0000000023562170, site=0000000000000000)
[2025-11-27T14:35:08.223Z][pid 12764][tid 19680] INFO TabBand::SetSite site unchanged
[2025-11-27T14:35:08.223Z][pid 12764][tid 19680] INFO TabBand destroyed (this=0000000023562170)
[2025-11-27T14:35:08.223Z][pid 12764][tid 19680] INFO TabBand::DisconnectSite (this=0000000023562170)
[2025-11-27T14:35:08.223Z][pid 12764][tid 19680] INFO TabBand::EnsureSessionStore resolving storage (this=0000000023562170)
[2025-11-27T14:35:08.224Z][pid 12764][tid 19680] INFO TabBand::EnsureSessionStore window token unavailable; deferring initialization
[2025-11-27T14:35:09.651Z][pid 12764][tid 19680] INFO TabBand constructed (this=000000002355F150)
[2025-11-27T14:35:09.651Z][pid 12764][tid 19680] INFO TabBand::SetSite begin (this=000000002355F150, site=0000000023279728)
[2025-11-27T14:35:09.651Z][pid 12764][tid 19680] INFO TabBand::DisconnectSite (this=000000002355F150)
[2025-11-27T14:35:09.651Z][pid 12764][tid 19680] INFO TabBand::EnsureSessionStore resolving storage (this=000000002355F150)
[2025-11-27T14:35:09.651Z][pid 12764][tid 19680] INFO TabBand::EnsureSessionStore window token unavailable; deferring initialization
[2025-11-27T14:35:09.652Z][pid 12764][tid 19680] INFO TabBand::SetSite resolved browser interfaces
[2025-11-27T14:35:09.652Z][pid 12764][tid 19680] INFO TabBand::SetSite EnsureWindow
[2025-11-27T14:35:09.652Z][pid 12764][tid 19680] INFO TabBand::EnsureWindow creating band window (this=000000002355F150)
[2025-11-27T14:35:09.653Z][pid 12764][tid 19680] INFO TabBand::EnsureSessionStore resolving storage (this=000000002355F150)
[2025-11-27T14:35:09.653Z][pid 12764][tid 19680] INFO TabBand::EnsureSessionStore window token 3B457CB5-C451-409D-8148-09C3E307D8F2
[2025-11-27T14:35:09.653Z][pid 12764][tid 19680] INFO TabBand::EnsureSessionStore using storage path C:\Users\ben\AppData\Roaming\ShellTabs\session-3B457CB5-C451-409D-8148-09C3E307D8F2.db
[2025-11-27T14:35:09.654Z][pid 12764][tid 19680] INFO TabBand session crash marker created (post-init)
[2025-11-27T14:35:09.655Z][pid 12764][tid 19680] INFO TabBand::EnsureWindow created window hwnd=0000000001230418
[2025-11-27T14:35:09.655Z][pid 12764][tid 19680] INFO TabBand::SetSite EnsureSessionStore
[2025-11-27T14:35:09.656Z][pid 12764][tid 19680] INFO TabBand::SetSite BrowserEvents connected
[2025-11-27T14:35:09.656Z][pid 12764][tid 19680] INFO TabBand::SetSite InitializeTabs
[2025-11-27T14:35:09.656Z][pid 12764][tid 19680] INFO TabBand::InitializeTabs - begin
[2025-11-27T14:35:09.656Z][pid 12764][tid 19680] INFO TabBand::InitializeTabs - end
[2025-11-27T14:35:09.656Z][pid 12764][tid 19680] INFO TabBand::SetSite UpdateTabsUI (initial)
[2025-11-27T14:35:09.656Z][pid 12764][tid 19680] INFO TabBand::UpdateTabsUI applying 1 items
[2025-11-27T14:35:09.656Z][pid 12764][tid 38708] INFO TabBand::RunBackgroundInitialization begin (this=000000002355F150, seq=1)
[2025-11-27T14:35:09.656Z][pid 12764][tid 19680] INFO TabBand::SetSite completed successfully
[2025-11-27T14:35:09.657Z][pid 12764][tid 38708] INFO TabBand session crash marker created
[2025-11-27T14:35:09.657Z][pid 12764][tid 38708] WARN SessionStore checkpoint C:\Users\ben\AppData\Roaming\ShellTabs\session-3B457CB5-C451-409D-8148-09C3E307D8F2.db.previous missing while handling missing session file
[2025-11-27T14:35:09.682Z][pid 12764][tid 19680] INFO CExplorerBHO::SetSite attaching to site=000000000C3D44F8
[2025-11-27T14:35:09.682Z][pid 12764][tid 19680] INFO Cleared Open In New Tab pending state
[2025-11-27T14:35:09.682Z][pid 12764][tid 19680] INFO EnsureBandVisible: invoking ShowBrowserBar for host=0000000000B126BC (attempt 1)
[2025-11-27T14:35:09.685Z][pid 12764][tid 19680] INFO EnsureBandVisible: ShowBrowserBar succeeded for host=0000000000B126BC on attempt 1
[2025-11-27T14:35:09.685Z][pid 12764][tid 19680] INFO Installed progress gradient subclass on hwnd=0000000000AB0954
[2025-11-27T14:35:09.685Z][pid 12764][tid 19680] INFO Installed travel band subclass (band=00000000015E015C toolbar=0000000002E00192)
[2025-11-27T14:35:09.685Z][pid 12764][tid 19680] INFO Breadcrumb CBT hook installed for thread 19680
[2025-11-27T14:35:09.686Z][pid 12764][tid 19680] INFO Breadcrumb gradients enabled; locating toolbar (installed=0 background=0 text=1)
[2025-11-27T14:35:09.686Z][pid 12764][tid 19680] INFO Breadcrumb QueryService(IShellBrowser) failed: 0x80004001
[2025-11-27T14:35:09.686Z][pid 12764][tid 19680] INFO Breadcrumb ribbon frame discovered via IShellBrowser (hwnd=0000000002F10A6C)
[2025-11-27T14:35:09.686Z][pid 12764][tid 19680] INFO Breadcrumb toolbar located via deep enumeration (hwnd=00000000012C2840)
[2025-11-27T14:35:09.686Z][pid 12764][tid 19680] INFO Installed breadcrumb gradient subclass on hwnd=00000000012C2840
[2025-11-27T14:35:09.688Z][pid 12764][tid 19680] INFO Installed progress gradient subclass on hwnd=0000000000AB0954
[2025-11-27T14:35:09.688Z][pid 12764][tid 19680] INFO Breadcrumb gradients enabled; locating toolbar (installed=1 background=0 text=1)
[2025-11-27T14:35:09.689Z][pid 12764][tid 19680] INFO Breadcrumb QueryService(IShellBrowser) failed: 0x80004001
[2025-11-27T14:35:09.689Z][pid 12764][tid 19680] INFO Breadcrumb ribbon frame discovered via IShellBrowser (hwnd=0000000002F10A6C)
[2025-11-27T14:35:09.689Z][pid 12764][tid 19680] INFO Breadcrumb toolbar located via deep enumeration (hwnd=00000000012C2840)
[2025-11-27T14:35:09.689Z][pid 12764][tid 19680] INFO Cleared Open In New Tab pending state
[2025-11-27T14:35:09.765Z][pid 12764][tid 19680] INFO TabBand::HandleInitializationResult applying sequence 1
[2025-11-27T14:35:09.766Z][pid 12764][tid 19680] INFO TabBand::RestoreSession loaded 0 groups
[2025-11-27T14:35:09.766Z][pid 12764][tid 19680] INFO TabBand::UpdateTabsUI applying 1 items
[2025-11-27T14:35:09.778Z][pid 12764][tid 19680] INFO TabBand::UpdateTabsUI applying 1 items
[2025-11-27T14:35:09.782Z][pid 12764][tid 19680] INFO Breadcrumb QueryService(IShellBrowser) failed: 0x80004001
[2025-11-27T14:35:09.782Z][pid 12764][tid 19680] INFO Breadcrumb ribbon frame discovered via IShellBrowser (hwnd=0000000002F10A6C)
[2025-11-27T14:35:09.782Z][pid 12764][tid 19680] INFO Breadcrumb ribbon frame discovered via IWebBrowser2 (hwnd=0000000002F10A6C)
[2025-11-27T14:35:09.782Z][pid 12764][tid 19680] INFO Breadcrumb toolbar located via window enumeration (hwnd=0000000000B92E88)
[2025-11-27T14:35:09.783Z][pid 12764][tid 19680] INFO Installed breadcrumb gradient subclass on hwnd=0000000000B92E88
[2025-11-27T14:35:09.783Z][pid 12764][tid 19680] INFO Installed progress gradient subclass on hwnd=0000000000AB0954
[2025-11-27T14:35:09.783Z][pid 12764][tid 19680] INFO Cleared Open In New Tab pending state
[2025-11-27T14:35:09.784Z][pid 12764][tid 19680] INFO Installed shell view window subclass (view=00000000006A2540)
[2025-11-27T14:35:09.784Z][pid 12764][tid 19680] INFO Installed explorer frame subclass (frame=0000000000B126BC)
[2025-11-27T14:35:09.784Z][pid 12764][tid 19680] INFO Cleared Open In New Tab pending state
[2025-11-27T14:35:09.784Z][pid 12764][tid 19680] INFO Explorer view base subclass ready (view=00000000006A2540 frame=0000000000B126BC)
[2025-11-27T14:35:09.784Z][pid 12764][tid 19680] VERBOSE DirectUI IUIElement unavailable (hr=0x80004001)
[2025-11-27T14:35:09.784Z][pid 12764][tid 19680] INFO Installed explorer DirectUI host subclass (direct=0000000002B0019E)
[2025-11-27T14:35:09.784Z][pid 12764][tid 19680] INFO Explorer pane creation watch armed (view=00000000006A2540 list=1 tree=1)
[2025-11-27T14:35:09.784Z][pid 12764][tid 19680] INFO Explorer pane fallback timer armed (view=00000000006A2540 delay=500)
[2025-11-27T14:35:09.784Z][pid 12764][tid 19680] INFO Explorer panes not ready: list view missing (view=00000000006A2540)
[2025-11-27T14:35:09.785Z][pid 12764][tid 19680] INFO Explorer panes not ready: tree view missing (view=00000000006A2540)
[2025-11-27T14:35:09.785Z][pid 12764][tid 19680] INFO Explorer pane retry timer armed (view=00000000006A2540 delay=500 attempts=1)
[2025-11-27T14:35:09.785Z][pid 12764][tid 19680] INFO TabBand::UpdateTabsUI applying 1 items
[2025-11-27T14:35:09.785Z][pid 12764][tid 19680] INFO Breadcrumb gradients enabled; locating toolbar (installed=1 background=0 text=1)
[2025-11-27T14:35:09.786Z][pid 12764][tid 19680] INFO Breadcrumb QueryService(IShellBrowser) failed: 0x80004001
[2025-11-27T14:35:09.786Z][pid 12764][tid 19680] INFO Breadcrumb ribbon frame discovered via IShellBrowser (hwnd=0000000002F10A6C)
[2025-11-27T14:35:09.786Z][pid 12764][tid 19680] INFO Breadcrumb ribbon frame discovered via IWebBrowser2 (hwnd=0000000002F10A6C)
[2025-11-27T14:35:09.786Z][pid 12764][tid 19680] INFO Breadcrumb toolbar located via window enumeration (hwnd=0000000000B92E88)
[2025-11-27T14:35:09.786Z][pid 12764][tid 19680] INFO Explorer pane creation watch cleared (view=00000000006A2540)
[2025-11-27T14:35:09.786Z][pid 12764][tid 19680] INFO Cleared Open In New Tab pending state
[2025-11-27T14:35:09.786Z][pid 12764][tid 19680] INFO Installed shell view window subclass (view=00000000006A2540)
[2025-11-27T14:35:09.786Z][pid 12764][tid 19680] INFO Installed explorer frame subclass (frame=0000000000B126BC)
[2025-11-27T14:35:09.786Z][pid 12764][tid 19680] INFO Cleared Open In New Tab pending state
[2025-11-27T14:35:09.787Z][pid 12764][tid 19680] INFO Explorer view base subclass ready (view=00000000006A2540 frame=0000000000B126BC)
[2025-11-27T14:35:09.787Z][pid 12764][tid 19680] VERBOSE DirectUI IUIElement unavailable (hr=0x80004001)
[2025-11-27T14:35:09.787Z][pid 12764][tid 19680] INFO Installed explorer DirectUI host subclass (direct=0000000002B0019E)
[2025-11-27T14:35:09.787Z][pid 12764][tid 19680] INFO Explorer pane creation watch armed (view=00000000006A2540 list=1 tree=1)
[2025-11-27T14:35:09.787Z][pid 12764][tid 19680] INFO Explorer pane fallback timer armed (view=00000000006A2540 delay=500)
[2025-11-27T14:35:09.787Z][pid 12764][tid 19680] INFO Explorer panes not ready: list view missing (view=00000000006A2540)
[2025-11-27T14:35:09.787Z][pid 12764][tid 19680] INFO Explorer panes not ready: tree view missing (view=00000000006A2540)
[2025-11-27T14:35:09.787Z][pid 12764][tid 19680] INFO Explorer pane retry timer armed (view=00000000006A2540 delay=500 attempts=1)
[2025-11-27T14:35:09.858Z][pid 12764][tid 19680] INFO Installed explorer list host subclass (host=0000000000B126BC)
[2025-11-27T14:35:09.858Z][pid 12764][tid 19680] INFO Installed explorer list host subclass (host=00000000011409CA)
[2025-11-27T14:35:09.858Z][pid 12764][tid 19680] INFO Installed explorer list host subclass (host=000000000141024E)
[2025-11-27T14:35:09.858Z][pid 12764][tid 19680] INFO Installed explorer list host subclass (host=0000000002F10A6C)
[2025-11-27T14:35:09.858Z][pid 12764][tid 19680] INFO Installed explorer list host subclass (host=00000000016D281A)
[2025-11-27T14:35:09.931Z][pid 12764][tid 19680] INFO Explorer status bar discovered (hwnd=0000000002562818)
[2025-11-27T14:35:09.943Z][pid 12764][tid 19680] INFO Status bar theme background updated (hwnd=0000000002562818 new=0x00DAD8D1)
[2025-11-27T14:35:09.943Z][pid 12764][tid 19680] INFO Status bar theme text color updated (hwnd=0000000002562818 new=0x00000000)
[2025-11-27T14:35:09.969Z][pid 12764][tid 19680] INFO Status bar theme background updated (hwnd=0000000002562818 new=0x00191919)
[2025-11-27T14:35:09.969Z][pid 12764][tid 19680] INFO Status bar theme text color updated (hwnd=0000000002562818 new=0x00FFFFFF)
[2025-11-27T14:35:10.125Z][pid 12764][tid 19680] INFO TabBand::UpdateTabsUI applying 1 items
[2025-11-27T14:35:10.127Z][pid 12764][tid 19680] INFO Breadcrumb QueryService(IShellBrowser) failed: 0x80004001
[2025-11-27T14:35:10.127Z][pid 12764][tid 19680] INFO Breadcrumb ribbon frame discovered via IShellBrowser (hwnd=0000000002F10A6C)
[2025-11-27T14:35:10.127Z][pid 12764][tid 19680] INFO Breadcrumb ribbon frame discovered via IWebBrowser2 (hwnd=0000000002F10A6C)
[2025-11-27T14:35:10.127Z][pid 12764][tid 19680] INFO Breadcrumb toolbar located via window enumeration (hwnd=0000000000B92E88)
[2025-11-27T14:35:10.128Z][pid 12764][tid 19680] INFO Explorer pane creation watch cleared (view=00000000006A2540)
[2025-11-27T14:35:10.128Z][pid 12764][tid 19680] INFO Status bar background reset (hwnd=0000000002562818 previous=0xFF000000)
[2025-11-27T14:35:10.128Z][pid 12764][tid 19680] INFO Cleared Open In New Tab pending state
[2025-11-27T14:35:10.128Z][pid 12764][tid 19680] INFO Installed shell view window subclass (view=00000000006A2540)
[2025-11-27T14:35:10.128Z][pid 12764][tid 19680] INFO Installed explorer frame subclass (frame=0000000000B126BC)
[2025-11-27T14:35:10.128Z][pid 12764][tid 19680] INFO Cleared Open In New Tab pending state
[2025-11-27T14:35:10.128Z][pid 12764][tid 19680] INFO Explorer view base subclass ready (view=00000000006A2540 frame=0000000000B126BC)
[2025-11-27T14:35:10.128Z][pid 12764][tid 19680] VERBOSE DirectUI IUIElement unavailable (hr=0x80004001)
[2025-11-27T14:35:10.129Z][pid 12764][tid 19680] INFO Installed explorer DirectUI host subclass (direct=0000000002B0019E)
[2025-11-27T14:35:10.129Z][pid 12764][tid 19680] INFO Installed explorer tree view subclass (tree=00000000012321D2)
[2025-11-27T14:35:10.129Z][pid 12764][tid 19680] INFO Explorer status bar discovered (hwnd=0000000002562818)
[2025-11-27T14:35:10.130Z][pid 12764][tid 19680] INFO Status bar theme background updated (hwnd=0000000002562818 new=0x00191919)
[2025-11-27T14:35:10.130Z][pid 12764][tid 19680] INFO Status bar theme text color updated (hwnd=0000000002562818 new=0x00FFFFFF)
[2025-11-27T14:35:10.130Z][pid 12764][tid 19680] INFO Explorer pane creation watch armed (view=00000000006A2540 list=1 tree=0)
[2025-11-27T14:35:10.130Z][pid 12764][tid 19680] INFO Explorer pane fallback timer armed (view=00000000006A2540 delay=500)
[2025-11-27T14:35:10.130Z][pid 12764][tid 19680] INFO Explorer panes not ready: list view missing (view=00000000006A2540)
[2025-11-27T14:35:10.130Z][pid 12764][tid 19680] INFO Explorer pane retry timer armed (view=00000000006A2540 delay=500 attempts=1)
[2025-11-27T14:35:10.143Z][pid 12764][tid 19680] INFO Installed explorer list host subclass (host=0000000000B126BC)
[2025-11-27T14:35:10.144Z][pid 12764][tid 19680] INFO Installed explorer list host subclass (host=00000000011409CA)
[2025-11-27T14:35:10.144Z][pid 12764][tid 19680] INFO Installed explorer list host subclass (host=000000000141024E)
[2025-11-27T14:35:10.144Z][pid 12764][tid 19680] INFO Installed explorer list host subclass (host=0000000002F10A6C)
[2025-11-27T14:35:10.145Z][pid 12764][tid 19680] INFO Installed explorer list host subclass (host=00000000016D281A)
[2025-11-27T14:35:14.336Z][pid 12764][tid 19680] WARN Status bar custom draw timeout; skipping forced hooks to avoid instability (hwnd=0000000002562818)
[2025-11-27T14:35:14.559Z][pid 12764][tid 19680] INFO TabBand::UpdateTabsUI applying 1 items
[2025-11-27T14:35:14.560Z][pid 12764][tid 19680] INFO Breadcrumb QueryService(IShellBrowser) failed: 0x80004001
[2025-11-27T14:35:14.560Z][pid 12764][tid 19680] INFO Breadcrumb ribbon frame discovered via IShellBrowser (hwnd=0000000002F10A6C)
[2025-11-27T14:35:14.560Z][pid 12764][tid 19680] INFO Breadcrumb ribbon frame discovered via IWebBrowser2 (hwnd=0000000002F10A6C)
[2025-11-27T14:35:14.560Z][pid 12764][tid 19680] INFO Breadcrumb toolbar located via window enumeration (hwnd=0000000000B92E88)
[2025-11-27T14:35:14.561Z][pid 12764][tid 19680] INFO Explorer pane creation watch cleared (view=00000000006A2540)
[2025-11-27T14:35:14.561Z][pid 12764][tid 19680] INFO Status bar background reset (hwnd=0000000002562818 previous=0xFF000000)
[2025-11-27T14:35:14.561Z][pid 12764][tid 19680] INFO Cleared Open In New Tab pending state
[2025-11-27T14:35:14.561Z][pid 12764][tid 19680] INFO Installed shell view window subclass (view=00000000006A2540)
[2025-11-27T14:35:14.561Z][pid 12764][tid 19680] INFO Installed explorer frame subclass (frame=0000000000B126BC)
[2025-11-27T14:35:14.561Z][pid 12764][tid 19680] INFO Cleared Open In New Tab pending state
[2025-11-27T14:35:14.561Z][pid 12764][tid 19680] INFO Explorer view base subclass ready (view=00000000006A2540 frame=0000000000B126BC)
[2025-11-27T14:35:14.561Z][pid 12764][tid 19680] VERBOSE DirectUI IUIElement unavailable (hr=0x80004001)
[2025-11-27T14:35:14.561Z][pid 12764][tid 19680] INFO Installed explorer DirectUI host subclass (direct=0000000002B0019E)
[2025-11-27T14:35:14.562Z][pid 12764][tid 19680] INFO Installed explorer tree view subclass (tree=00000000012321D2)
[2025-11-27T14:35:14.562Z][pid 12764][tid 19680] INFO Explorer status bar discovered (hwnd=0000000002562818)
[2025-11-27T14:35:14.562Z][pid 12764][tid 19680] INFO Status bar theme background updated (hwnd=0000000002562818 new=0x00191919)
[2025-11-27T14:35:14.563Z][pid 12764][tid 19680] INFO Status bar theme text color updated (hwnd=0000000002562818 new=0x00FFFFFF)
[2025-11-27T14:35:14.563Z][pid 12764][tid 19680] INFO Explorer pane creation watch armed (view=00000000006A2540 list=1 tree=0)
[2025-11-27T14:35:14.563Z][pid 12764][tid 19680] INFO Explorer pane fallback timer armed (view=00000000006A2540 delay=500)
[2025-11-27T14:35:14.563Z][pid 12764][tid 19680] INFO Explorer panes not ready: list view missing (view=00000000006A2540)
[2025-11-27T14:35:14.563Z][pid 12764][tid 19680] INFO Explorer pane retry timer armed (view=00000000006A2540 delay=500 attempts=1)
[2025-11-27T14:35:14.573Z][pid 12764][tid 19680] INFO Installed explorer list host subclass (host=0000000000B126BC)
[2025-11-27T14:35:14.573Z][pid 12764][tid 19680] INFO Installed explorer list host subclass (host=00000000011409CA)
[2025-11-27T14:35:14.573Z][pid 12764][tid 19680] INFO Installed explorer list host subclass (host=000000000141024E)
[2025-11-27T14:35:14.573Z][pid 12764][tid 19680] INFO Installed explorer list host subclass (host=0000000002F10A6C)
[2025-11-27T14:35:14.573Z][pid 12764][tid 19680] INFO Installed explorer list host subclass (host=00000000016D281A)
[2025-11-27T14:35:14.754Z][pid 12764][tid 30176] INFO TabBand constructed (this=0000000023563980)
[2025-11-27T14:35:14.754Z][pid 12764][tid 30176] INFO TabBand::SetSite begin (this=0000000023563980, site=00000000232782B8)
[2025-11-27T14:35:14.754Z][pid 12764][tid 30176] INFO TabBand::DisconnectSite (this=0000000023563980)
[2025-11-27T14:35:14.754Z][pid 12764][tid 30176] INFO TabBand::EnsureSessionStore resolving storage (this=0000000023563980)
[2025-11-27T14:35:14.754Z][pid 12764][tid 30176] INFO TabBand::EnsureSessionStore window token unavailable; deferring initialization
[2025-11-27T14:35:14.754Z][pid 12764][tid 30176] INFO TabBand::SetSite resolved browser interfaces
[2025-11-27T14:35:14.754Z][pid 12764][tid 30176] INFO TabBand::SetSite EnsureWindow
[2025-11-27T14:35:14.754Z][pid 12764][tid 30176] INFO TabBand::EnsureWindow creating band window (this=0000000023563980)
[2025-11-27T14:35:14.758Z][pid 12764][tid 30176] INFO TabBand::EnsureSessionStore resolving storage (this=0000000023563980)
[2025-11-27T14:35:14.758Z][pid 12764][tid 30176] INFO TabBand::EnsureSessionStore window token 50218E18-8090-4F81-BA49-1DD1EB445B0E
[2025-11-27T14:35:14.759Z][pid 12764][tid 30176] INFO TabBand::EnsureSessionStore using storage path C:\Users\ben\AppData\Roaming\ShellTabs\session-50218E18-8090-4F81-BA49-1DD1EB445B0E.db
[2025-11-27T14:35:14.759Z][pid 12764][tid 30176] INFO TabBand session crash marker created (post-init)
[2025-11-27T14:35:14.777Z][pid 12764][tid 30176] INFO TabBand::EnsureWindow created window hwnd=00000000005406FA
[2025-11-27T14:35:14.778Z][pid 12764][tid 30176] INFO TabBand::SetSite EnsureSessionStore
[2025-11-27T14:35:14.778Z][pid 12764][tid 30176] INFO TabBand::SetSite BrowserEvents connected
[2025-11-27T14:35:14.778Z][pid 12764][tid 30176] INFO TabBand::SetSite InitializeTabs
[2025-11-27T14:35:14.778Z][pid 12764][tid 30176] INFO TabBand::InitializeTabs - begin
[2025-11-27T14:35:14.778Z][pid 12764][tid 30176] INFO TabBand::InitializeTabs - end
[2025-11-27T14:35:14.778Z][pid 12764][tid 30176] INFO TabBand::SetSite UpdateTabsUI (initial)
[2025-11-27T14:35:14.778Z][pid 12764][tid 30176] INFO TabBand::UpdateTabsUI applying 1 items
[2025-11-27T14:35:14.779Z][pid 12764][tid 40836] INFO TabBand::RunBackgroundInitialization begin (this=0000000023563980, seq=1)
[2025-11-27T14:35:14.779Z][pid 12764][tid 30176] INFO TabBand::SetSite completed successfully
[2025-11-27T14:35:14.779Z][pid 12764][tid 40836] INFO TabBand session crash marker created
[2025-11-27T14:35:14.779Z][pid 12764][tid 40836] WARN SessionStore checkpoint C:\Users\ben\AppData\Roaming\ShellTabs\session-50218E18-8090-4F81-BA49-1DD1EB445B0E.db.previous missing while handling missing session file
[2025-11-27T14:35:14.791Z][pid 12764][tid 20484] INFO TabBand constructed (this=0000000023563E50)
[2025-11-27T14:35:14.791Z][pid 12764][tid 20484] INFO TabBand::SetSite begin (this=0000000023563E50, site=0000000023279DF8)
[2025-11-27T14:35:14.791Z][pid 12764][tid 20484] INFO TabBand::DisconnectSite (this=0000000023563E50)
[2025-11-27T14:35:14.791Z][pid 12764][tid 20484] INFO TabBand::EnsureSessionStore resolving storage (this=0000000023563E50)
[2025-11-27T14:35:14.791Z][pid 12764][tid 20484] INFO TabBand::EnsureSessionStore window token unavailable; deferring initialization
[2025-11-27T14:35:14.791Z][pid 12764][tid 20484] INFO TabBand::SetSite resolved browser interfaces
[2025-11-27T14:35:14.791Z][pid 12764][tid 20484] INFO TabBand::SetSite EnsureWindow
[2025-11-27T14:35:14.791Z][pid 12764][tid 20484] INFO TabBand::EnsureWindow creating band window (this=0000000023563E50)
[2025-11-27T14:35:14.796Z][pid 12764][tid 20484] INFO TabBand::EnsureSessionStore resolving storage (this=0000000023563E50)
[2025-11-27T14:35:14.796Z][pid 12764][tid 20484] INFO TabBand::EnsureSessionStore window token 7DAF6705-F036-4F50-AA1B-1ACBA6FD79AB
[2025-11-27T14:35:14.796Z][pid 12764][tid 20484] INFO TabBand::EnsureSessionStore using storage path C:\Users\ben\AppData\Roaming\ShellTabs\session-7DAF6705-F036-4F50-AA1B-1ACBA6FD79AB.db
[2025-11-27T14:35:14.797Z][pid 12764][tid 20484] INFO TabBand session crash marker created (post-init)
[2025-11-27T14:35:14.804Z][pid 12764][tid 20484] INFO TabBand::EnsureWindow created window hwnd=0000000001B027BE
[2025-11-27T14:35:14.804Z][pid 12764][tid 20484] INFO TabBand::SetSite EnsureSessionStore
[2025-11-27T14:35:14.804Z][pid 12764][tid 20484] INFO TabBand::SetSite BrowserEvents connected
[2025-11-27T14:35:14.804Z][pid 12764][tid 20484] INFO TabBand::SetSite InitializeTabs
[2025-11-27T14:35:14.804Z][pid 12764][tid 20484] INFO TabBand::InitializeTabs - begin
[2025-11-27T14:35:14.805Z][pid 12764][tid 20484] INFO TabBand::InitializeTabs - end
[2025-11-27T14:35:14.805Z][pid 12764][tid 20484] INFO TabBand::SetSite UpdateTabsUI (initial)
[2025-11-27T14:35:14.805Z][pid 12764][tid 20484] INFO TabBand::UpdateTabsUI applying 1 items
[2025-11-27T14:35:14.805Z][pid 12764][tid 35032] INFO TabBand::RunBackgroundInitialization begin (this=0000000023563E50, seq=1)
[2025-11-27T14:35:14.805Z][pid 12764][tid 20484] INFO TabBand::SetSite completed successfully
[2025-11-27T14:35:14.805Z][pid 12764][tid 35032] INFO TabBand session crash marker created
[2025-11-27T14:35:14.805Z][pid 12764][tid 35032] WARN SessionStore checkpoint C:\Users\ben\AppData\Roaming\ShellTabs\session-7DAF6705-F036-4F50-AA1B-1ACBA6FD79AB.db.previous missing while handling missing session file
[2025-11-27T14:35:14.812Z][pid 12764][tid 30176] INFO CExplorerBHO::SetSite attaching to site=000000001CD713B8
[2025-11-27T14:35:14.814Z][pid 12764][tid 30176] INFO Cleared Open In New Tab pending state
[2025-11-27T14:35:14.814Z][pid 12764][tid 30176] INFO EnsureBandVisible: invoking ShowBrowserBar for host=0000000004412DDA (attempt 1)
[2025-11-27T14:35:14.816Z][pid 12764][tid 30176] INFO EnsureBandVisible: ShowBrowserBar succeeded for host=0000000004412DDA on attempt 1
[2025-11-27T14:35:14.817Z][pid 12764][tid 30176] INFO Installed progress gradient subclass on hwnd=00000000015E07EA
[2025-11-27T14:35:14.819Z][pid 12764][tid 30176] INFO Installed travel band subclass (band=000000000156051A toolbar=00000000040902D0)
[2025-11-27T14:35:14.820Z][pid 12764][tid 30176] INFO Breadcrumb CBT hook installed for thread 30176
[2025-11-27T14:35:14.820Z][pid 12764][tid 30176] INFO Breadcrumb gradients enabled; locating toolbar (installed=0 background=0 text=1)
[2025-11-27T14:35:14.820Z][pid 12764][tid 30176] INFO Breadcrumb QueryService(IShellBrowser) failed: 0x80004001
[2025-11-27T14:35:14.820Z][pid 12764][tid 30176] INFO Breadcrumb ribbon frame discovered via IShellBrowser (hwnd=0000000000990434)
[2025-11-27T14:35:14.821Z][pid 12764][tid 30176] INFO Breadcrumb toolbar located via deep enumeration (hwnd=00000000012604F4)
[2025-11-27T14:35:14.822Z][pid 12764][tid 30176] INFO Installed breadcrumb gradient subclass on hwnd=00000000012604F4
[2025-11-27T14:35:14.825Z][pid 12764][tid 30176] INFO Installed progress gradient subclass on hwnd=00000000015E07EA
[2025-11-27T14:35:14.828Z][pid 12764][tid 30176] INFO Breadcrumb gradients enabled; locating toolbar (installed=1 background=0 text=1)
[2025-11-27T14:35:14.828Z][pid 12764][tid 30176] INFO Breadcrumb QueryService(IShellBrowser) failed: 0x80004001
[2025-11-27T14:35:14.828Z][pid 12764][tid 30176] INFO Breadcrumb ribbon frame discovered via IShellBrowser (hwnd=0000000000990434)
[2025-11-27T14:35:14.829Z][pid 12764][tid 30176] INFO Breadcrumb toolbar located via deep enumeration (hwnd=00000000012604F4)
[2025-11-27T14:35:14.831Z][pid 12764][tid 30176] INFO Cleared Open In New Tab pending state
[2025-11-27T14:35:14.843Z][pid 12764][tid 29308] INFO TabBand constructed (this=000000002355D470)
[2025-11-27T14:35:14.843Z][pid 12764][tid 29308] INFO TabBand::SetSite begin (this=000000002355D470, site=000000002327A4C8)
[2025-11-27T14:35:14.843Z][pid 12764][tid 29308] INFO TabBand::DisconnectSite (this=000000002355D470)
[2025-11-27T14:35:14.843Z][pid 12764][tid 29308] INFO TabBand::EnsureSessionStore resolving storage (this=000000002355D470)
[2025-11-27T14:35:14.843Z][pid 12764][tid 29308] INFO TabBand::EnsureSessionStore window token unavailable; deferring initialization
[2025-11-27T14:35:14.844Z][pid 12764][tid 29308] INFO TabBand::SetSite resolved browser interfaces
[2025-11-27T14:35:14.844Z][pid 12764][tid 29308] INFO TabBand::SetSite EnsureWindow
[2025-11-27T14:35:14.844Z][pid 12764][tid 29308] INFO TabBand::EnsureWindow creating band window (this=000000002355D470)
[2025-11-27T14:35:14.849Z][pid 12764][tid 29308] INFO TabBand::EnsureSessionStore resolving storage (this=000000002355D470)
[2025-11-27T14:35:14.849Z][pid 12764][tid 29308] INFO TabBand::EnsureSessionStore window token 15DF2DC3-7A4C-41CB-BE09-CC3B211E1266
[2025-11-27T14:35:14.849Z][pid 12764][tid 29308] INFO TabBand::EnsureSessionStore using storage path C:\Users\ben\AppData\Roaming\ShellTabs\session-15DF2DC3-7A4C-41CB-BE09-CC3B211E1266.db
[2025-11-27T14:35:14.850Z][pid 12764][tid 29308] INFO TabBand session crash marker created (post-init)
[2025-11-27T14:35:14.852Z][pid 12764][tid 20484] INFO CExplorerBHO::SetSite attaching to site=00000000233CD868
[2025-11-27T14:35:14.852Z][pid 12764][tid 20484] INFO Cleared Open In New Tab pending state
[2025-11-27T14:35:14.852Z][pid 12764][tid 20484] INFO EnsureBandVisible: invoking ShowBrowserBar for host=0000000005532CAA (attempt 1)
[2025-11-27T14:35:14.854Z][pid 12764][tid 20484] INFO EnsureBandVisible: ShowBrowserBar succeeded for host=0000000005532CAA on attempt 1
[2025-11-27T14:35:14.854Z][pid 12764][tid 20484] INFO Installed progress gradient subclass on hwnd=0000000005A7278C
[2025-11-27T14:35:14.855Z][pid 12764][tid 29308] INFO TabBand::EnsureWindow created window hwnd=000000000057244E
[2025-11-27T14:35:14.855Z][pid 12764][tid 20484] INFO Installed travel band subclass (band=000000000111270C toolbar=0000000003CB0616)
[2025-11-27T14:35:14.855Z][pid 12764][tid 29308] INFO TabBand::SetSite EnsureSessionStore
[2025-11-27T14:35:14.855Z][pid 12764][tid 29308] INFO TabBand::SetSite BrowserEvents connected
[2025-11-27T14:35:14.856Z][pid 12764][tid 29308] INFO TabBand::SetSite InitializeTabs
[2025-11-27T14:35:14.856Z][pid 12764][tid 20484] INFO Breadcrumb CBT hook installed for thread 20484
[2025-11-27T14:35:14.856Z][pid 12764][tid 29308] INFO TabBand::InitializeTabs - begin
[2025-11-27T14:35:14.856Z][pid 12764][tid 20484] INFO Breadcrumb gradients enabled; locating toolbar (installed=0 background=0 text=1)
[2025-11-27T14:35:14.856Z][pid 12764][tid 20484] INFO Breadcrumb QueryService(IShellBrowser) failed: 0x80004001
[2025-11-27T14:35:14.856Z][pid 12764][tid 20484] INFO Breadcrumb ribbon frame discovered via IShellBrowser (hwnd=0000000000C606D0)
[2025-11-27T14:35:14.856Z][pid 12764][tid 29308] INFO TabBand::InitializeTabs - end
[2025-11-27T14:35:14.856Z][pid 12764][tid 29308] INFO TabBand::SetSite UpdateTabsUI (initial)
[2025-11-27T14:35:14.856Z][pid 12764][tid 29308] INFO TabBand::UpdateTabsUI applying 1 items
[2025-11-27T14:35:14.856Z][pid 12764][tid 39220] INFO TabBand::RunBackgroundInitialization begin (this=000000002355D470, seq=1)
[2025-11-27T14:35:14.856Z][pid 12764][tid 29308] INFO TabBand::SetSite completed successfully
[2025-11-27T14:35:14.857Z][pid 12764][tid 39220] INFO TabBand session crash marker created
[2025-11-27T14:35:14.857Z][pid 12764][tid 20484] INFO Breadcrumb toolbar located via deep enumeration (hwnd=000000000083263A)
[2025-11-27T14:35:14.857Z][pid 12764][tid 39220] WARN SessionStore checkpoint C:\Users\ben\AppData\Roaming\ShellTabs\session-15DF2DC3-7A4C-41CB-BE09-CC3B211E1266.db.previous missing while handling missing session file
[2025-11-27T14:35:14.857Z][pid 12764][tid 20484] INFO Installed breadcrumb gradient subclass on hwnd=000000000083263A
[2025-11-27T14:35:14.859Z][pid 12764][tid 20484] INFO Installed progress gradient subclass on hwnd=0000000005A7278C
[2025-11-27T14:35:14.861Z][pid 12764][tid 20484] INFO Breadcrumb gradients enabled; locating toolbar (installed=1 background=0 text=1)
[2025-11-27T14:35:14.861Z][pid 12764][tid 20484] INFO Breadcrumb QueryService(IShellBrowser) failed: 0x80004001
[2025-11-27T14:35:14.861Z][pid 12764][tid 20484] INFO Breadcrumb ribbon frame discovered via IShellBrowser (hwnd=0000000000C606D0)
[2025-11-27T14:35:14.862Z][pid 12764][tid 20484] INFO Breadcrumb toolbar located via deep enumeration (hwnd=000000000083263A)
[2025-11-27T14:35:14.864Z][pid 12764][tid 20484] INFO Cleared Open In New Tab pending state
[2025-11-27T14:35:14.897Z][pid 12764][tid 32912] INFO TabBand constructed (this=0000000023564320)
[2025-11-27T14:35:14.898Z][pid 12764][tid 32912] INFO TabBand::SetSite begin (this=0000000023564320, site=000000002327AB98)
[2025-11-27T14:35:14.898Z][pid 12764][tid 32912] INFO TabBand::DisconnectSite (this=0000000023564320)
[2025-11-27T14:35:14.898Z][pid 12764][tid 32912] INFO TabBand::EnsureSessionStore resolving storage (this=0000000023564320)
[2025-11-27T14:35:14.898Z][pid 12764][tid 32912] INFO TabBand::EnsureSessionStore window token unavailable; deferring initialization
[2025-11-27T14:35:14.898Z][pid 12764][tid 32912] INFO TabBand::SetSite resolved browser interfaces
[2025-11-27T14:35:14.898Z][pid 12764][tid 32912] INFO TabBand::SetSite EnsureWindow
[2025-11-27T14:35:14.898Z][pid 12764][tid 29308] INFO CExplorerBHO::SetSite attaching to site=000000001D8CC638
[2025-11-27T14:35:14.898Z][pid 12764][tid 32912] INFO TabBand::EnsureWindow creating band window (this=0000000023564320)
[2025-11-27T14:35:14.898Z][pid 12764][tid 29308] INFO Cleared Open In New Tab pending state
[2025-11-27T14:35:14.898Z][pid 12764][tid 29308] INFO EnsureBandVisible: invoking ShowBrowserBar for host=0000000002A82E66 (attempt 1)
[2025-11-27T14:35:14.900Z][pid 12764][tid 29308] INFO EnsureBandVisible: ShowBrowserBar succeeded for host=0000000002A82E66 on attempt 1
[2025-11-27T14:35:14.900Z][pid 12764][tid 32912] INFO TabBand::EnsureSessionStore resolving storage (this=0000000023564320)
[2025-11-27T14:35:14.900Z][pid 12764][tid 32912] INFO TabBand::EnsureSessionStore window token 9CE27DEF-10FA-429B-BB5C-84C59CA98E8B
[2025-11-27T14:35:14.900Z][pid 12764][tid 29308] INFO Installed progress gradient subclass on hwnd=000000000105284E
[2025-11-27T14:35:14.900Z][pid 12764][tid 32912] INFO TabBand::EnsureSessionStore using storage path C:\Users\ben\AppData\Roaming\ShellTabs\session-9CE27DEF-10FA-429B-BB5C-84C59CA98E8B.db
[2025-11-27T14:35:14.900Z][pid 12764][tid 29308] INFO Installed travel band subclass (band=000000000146279A toolbar=0000000001C72766)
[2025-11-27T14:35:14.901Z][pid 12764][tid 29308] INFO Breadcrumb CBT hook installed for thread 29308
[2025-11-27T14:35:14.901Z][pid 12764][tid 29308] INFO Breadcrumb gradients enabled; locating toolbar (installed=0 background=0 text=1)
[2025-11-27T14:35:14.901Z][pid 12764][tid 32912] INFO TabBand session crash marker created (post-init)
[2025-11-27T14:35:14.901Z][pid 12764][tid 29308] INFO Breadcrumb QueryService(IShellBrowser) failed: 0x80004001
[2025-11-27T14:35:14.901Z][pid 12764][tid 29308] INFO Breadcrumb ribbon frame discovered via IShellBrowser (hwnd=00000000011D0470)
[2025-11-27T14:35:14.901Z][pid 12764][tid 29308] INFO Breadcrumb toolbar located via deep enumeration (hwnd=0000000001F0070A)
[2025-11-27T14:35:14.901Z][pid 12764][tid 29308] INFO Installed breadcrumb gradient subclass on hwnd=0000000001F0070A
[2025-11-27T14:35:14.902Z][pid 12764][tid 29308] INFO Installed progress gradient subclass on hwnd=000000000105284E
[2025-11-27T14:35:14.903Z][pid 12764][tid 32912] INFO TabBand::EnsureWindow created window hwnd=0000000000460948
[2025-11-27T14:35:14.903Z][pid 12764][tid 32912] INFO TabBand::SetSite EnsureSessionStore
[2025-11-27T14:35:14.903Z][pid 12764][tid 29308] INFO Breadcrumb gradients enabled; locating toolbar (installed=1 background=0 text=1)
[2025-11-27T14:35:14.903Z][pid 12764][tid 32912] INFO TabBand::SetSite BrowserEvents connected
[2025-11-27T14:35:14.904Z][pid 12764][tid 29308] INFO Breadcrumb QueryService(IShellBrowser) failed: 0x80004001
[2025-11-27T14:35:14.904Z][pid 12764][tid 32912] INFO TabBand::SetSite InitializeTabs
[2025-11-27T14:35:14.904Z][pid 12764][tid 29308] INFO Breadcrumb ribbon frame discovered via IShellBrowser (hwnd=00000000011D0470)
[2025-11-27T14:35:14.904Z][pid 12764][tid 32912] INFO TabBand::InitializeTabs - begin
[2025-11-27T14:35:14.904Z][pid 12764][tid 32912] INFO TabBand::InitializeTabs - end
[2025-11-27T14:35:14.904Z][pid 12764][tid 29308] INFO Breadcrumb toolbar located via deep enumeration (hwnd=0000000001F0070A)
[2025-11-27T14:35:14.904Z][pid 12764][tid 32912] INFO TabBand::SetSite UpdateTabsUI (initial)
[2025-11-27T14:35:14.904Z][pid 12764][tid 32912] INFO TabBand::UpdateTabsUI applying 1 items
[2025-11-27T14:35:14.904Z][pid 12764][tid 35156] INFO TabBand::RunBackgroundInitialization begin (this=0000000023564320, seq=1)
[2025-11-27T14:35:14.904Z][pid 12764][tid 32912] INFO TabBand::SetSite completed successfully
[2025-11-27T14:35:14.904Z][pid 12764][tid 29308] INFO Cleared Open In New Tab pending state
[2025-11-27T14:35:14.905Z][pid 12764][tid 35156] INFO TabBand session crash marker created
[2025-11-27T14:35:14.905Z][pid 12764][tid 35156] WARN SessionStore checkpoint C:\Users\ben\AppData\Roaming\ShellTabs\session-9CE27DEF-10FA-429B-BB5C-84C59CA98E8B.db.previous missing while handling missing session file
[2025-11-27T14:35:14.917Z][pid 12764][tid 32912] INFO CExplorerBHO::SetSite attaching to site=0000000023E71458
[2025-11-27T14:35:14.917Z][pid 12764][tid 32912] INFO Cleared Open In New Tab pending state
[2025-11-27T14:35:14.917Z][pid 12764][tid 32912] INFO EnsureBandVisible: invoking ShowBrowserBar for host=0000000001AC2DD4 (attempt 1)
[2025-11-27T14:35:14.917Z][pid 12764][tid 32912] INFO EnsureBandVisible: ShowBrowserBar succeeded for host=0000000001AC2DD4 on attempt 1
[2025-11-27T14:35:14.918Z][pid 12764][tid 32912] INFO Installed progress gradient subclass on hwnd=0000000000E9272E
[2025-11-27T14:35:14.918Z][pid 12764][tid 32912] INFO Installed travel band subclass (band=000000000160272C toolbar=00000000017D25E4)
[2025-11-27T14:35:14.918Z][pid 12764][tid 32912] INFO Breadcrumb CBT hook installed for thread 32912
[2025-11-27T14:35:14.918Z][pid 12764][tid 32912] INFO Breadcrumb gradients enabled; locating toolbar (installed=0 background=0 text=1)
[2025-11-27T14:35:14.918Z][pid 12764][tid 32912] INFO Breadcrumb QueryService(IShellBrowser) failed: 0x80004001
[2025-11-27T14:35:14.918Z][pid 12764][tid 32912] INFO Breadcrumb ribbon frame discovered via IShellBrowser (hwnd=00000000006724AA)
[2025-11-27T14:35:14.919Z][pid 12764][tid 32912] INFO Breadcrumb toolbar located via deep enumeration (hwnd=00000000020F342E)
[2025-11-27T14:35:14.919Z][pid 12764][tid 32912] INFO Installed breadcrumb gradient subclass on hwnd=00000000020F342E
[2025-11-27T14:35:14.919Z][pid 12764][tid 32912] INFO Installed progress gradient subclass on hwnd=0000000000E9272E
[2025-11-27T14:35:14.919Z][pid 12764][tid 32912] INFO Breadcrumb gradients enabled; locating toolbar (installed=1 background=0 text=1)
[2025-11-27T14:35:14.919Z][pid 12764][tid 32912] INFO Breadcrumb QueryService(IShellBrowser) failed: 0x80004001
[2025-11-27T14:35:14.919Z][pid 12764][tid 32912] INFO Breadcrumb ribbon frame discovered via IShellBrowser (hwnd=00000000006724AA)
[2025-11-27T14:35:14.920Z][pid 12764][tid 32912] INFO Breadcrumb toolbar located via deep enumeration (hwnd=00000000020F342E)
[2025-11-27T14:35:14.920Z][pid 12764][tid 32912] INFO Cleared Open In New Tab pending state
[2025-11-27T14:35:15.076Z][pid 12764][tid 41760] INFO TabBand constructed (this=00000000235647F0)
[2025-11-27T14:35:15.076Z][pid 12764][tid 41760] INFO TabBand::SetSite begin (this=00000000235647F0, site=0000000023277518)
[2025-11-27T14:35:15.076Z][pid 12764][tid 41760] INFO TabBand::DisconnectSite (this=00000000235647F0)
[2025-11-27T14:35:15.076Z][pid 12764][tid 41760] INFO TabBand::EnsureSessionStore resolving storage (this=00000000235647F0)
[2025-11-27T14:35:15.076Z][pid 12764][tid 41760] INFO TabBand::EnsureSessionStore window token unavailable; deferring initialization
[2025-11-27T14:35:15.076Z][pid 12764][tid 41760] INFO TabBand::SetSite resolved browser interfaces
[2025-11-27T14:35:15.076Z][pid 12764][tid 41760] INFO TabBand::SetSite EnsureWindow
[2025-11-27T14:35:15.076Z][pid 12764][tid 41760] INFO TabBand::EnsureWindow creating band window (this=00000000235647F0)
[2025-11-27T14:35:15.081Z][pid 12764][tid 41760] INFO TabBand::EnsureSessionStore resolving storage (this=00000000235647F0)
[2025-11-27T14:35:15.082Z][pid 12764][tid 41760] INFO TabBand::EnsureSessionStore window token 7C3852FE-E1E9-4191-9D9D-17AC998186A1
[2025-11-27T14:35:15.082Z][pid 12764][tid 41760] INFO TabBand::EnsureSessionStore using storage path C:\Users\ben\AppData\Roaming\ShellTabs\session-7C3852FE-E1E9-4191-9D9D-17AC998186A1.db
[2025-11-27T14:35:15.082Z][pid 12764][tid 41760] INFO TabBand session crash marker created (post-init)
[2025-11-27T14:35:15.086Z][pid 12764][tid 41760] INFO TabBand::EnsureWindow created window hwnd=00000000001A0528
[2025-11-27T14:35:15.086Z][pid 12764][tid 41760] INFO TabBand::SetSite EnsureSessionStore
[2025-11-27T14:35:15.086Z][pid 12764][tid 41760] INFO TabBand::SetSite BrowserEvents connected
[2025-11-27T14:35:15.086Z][pid 12764][tid 41760] INFO TabBand::SetSite InitializeTabs
[2025-11-27T14:35:15.086Z][pid 12764][tid 41760] INFO TabBand::InitializeTabs - begin
[2025-11-27T14:35:15.086Z][pid 12764][tid 41760] INFO TabBand::InitializeTabs - end
[2025-11-27T14:35:15.086Z][pid 12764][tid 41760] INFO TabBand::SetSite UpdateTabsUI (initial)
[2025-11-27T14:35:15.086Z][pid 12764][tid 41760] INFO TabBand::UpdateTabsUI applying 1 items
[2025-11-27T14:35:15.087Z][pid 12764][tid 22732] INFO TabBand::RunBackgroundInitialization begin (this=00000000235647F0, seq=1)
[2025-11-27T14:35:15.087Z][pid 12764][tid 41760] INFO TabBand::SetSite completed successfully
[2025-11-27T14:35:15.087Z][pid 12764][tid 22732] INFO TabBand session crash marker created
[2025-11-27T14:35:15.087Z][pid 12764][tid 22732] WARN SessionStore checkpoint C:\Users\ben\AppData\Roaming\ShellTabs\session-7C3852FE-E1E9-4191-9D9D-17AC998186A1.db.previous missing while handling missing session file
[2025-11-27T14:35:15.103Z][pid 12764][tid 41760] INFO CExplorerBHO::SetSite attaching to site=0000000024098358
[2025-11-27T14:35:15.103Z][pid 12764][tid 41760] INFO Cleared Open In New Tab pending state
[2025-11-27T14:35:15.103Z][pid 12764][tid 41760] INFO EnsureBandVisible: invoking ShowBrowserBar for host=00000000014B276C (attempt 1)
[2025-11-27T14:35:15.104Z][pid 12764][tid 41760] INFO EnsureBandVisible: ShowBrowserBar succeeded for host=00000000014B276C on attempt 1
[2025-11-27T14:35:15.105Z][pid 12764][tid 41760] INFO Installed progress gradient subclass on hwnd=0000000000E42694
[2025-11-27T14:35:15.105Z][pid 12764][tid 41760] INFO Installed travel band subclass (band=00000000007125AE toolbar=0000000000702436)
[2025-11-27T14:35:15.105Z][pid 12764][tid 41760] INFO Breadcrumb CBT hook installed for thread 41760
[2025-11-27T14:35:15.106Z][pid 12764][tid 41760] INFO Breadcrumb gradients enabled; locating toolbar (installed=0 background=0 text=1)
[2025-11-27T14:35:15.106Z][pid 12764][tid 41760] INFO Breadcrumb QueryService(IShellBrowser) failed: 0x80004001
[2025-11-27T14:35:15.106Z][pid 12764][tid 41760] INFO Breadcrumb ribbon frame discovered via IShellBrowser (hwnd=00000000004F0474)
[2025-11-27T14:35:15.106Z][pid 12764][tid 41760] INFO Breadcrumb toolbar located via deep enumeration (hwnd=00000000011A254A)
[2025-11-27T14:35:15.106Z][pid 12764][tid 41760] INFO Installed breadcrumb gradient subclass on hwnd=00000000011A254A
[2025-11-27T14:35:15.107Z][pid 12764][tid 41760] INFO Installed progress gradient subclass on hwnd=0000000000E42694
[2025-11-27T14:35:15.108Z][pid 12764][tid 41760] INFO Breadcrumb gradients enabled; locating toolbar (installed=1 background=0 text=1)
[2025-11-27T14:35:15.108Z][pid 12764][tid 41760] INFO Breadcrumb QueryService(IShellBrowser) failed: 0x80004001
[2025-11-27T14:35:15.109Z][pid 12764][tid 41760] INFO Breadcrumb ribbon frame discovered via IShellBrowser (hwnd=00000000004F0474)
[2025-11-27T14:35:15.109Z][pid 12764][tid 41760] INFO Breadcrumb toolbar located via deep enumeration (hwnd=00000000011A254A)
[2025-11-27T14:35:15.110Z][pid 12764][tid 41760] INFO Cleared Open In New Tab pending state
[2025-11-27T14:35:15.210Z][pid 12764][tid 30176] INFO TabBand::HandleInitializationResult applying sequence 1
[2025-11-27T14:35:15.210Z][pid 12764][tid 30176] INFO TabBand::RestoreSession loaded 0 groups
[2025-11-27T14:35:15.211Z][pid 12764][tid 30176] INFO TabBand::UpdateTabsUI applying 1 items
[2025-11-27T14:35:15.368Z][pid 12764][tid 30176] INFO TabBand::UpdateTabsUI applying 1 items
[2025-11-27T14:35:15.377Z][pid 12764][tid 30176] INFO Breadcrumb QueryService(IShellBrowser) failed: 0x80004001
[2025-11-27T14:35:15.377Z][pid 12764][tid 30176] INFO Breadcrumb ribbon frame discovered via IShellBrowser (hwnd=0000000000990434)
[2025-11-27T14:35:15.378Z][pid 12764][tid 30176] INFO Breadcrumb ribbon frame discovered via IWebBrowser2 (hwnd=0000000000990434)
[2025-11-27T14:35:15.380Z][pid 12764][tid 30176] INFO Breadcrumb toolbar located via window enumeration (hwnd=0000000001840ECC)
[2025-11-27T14:35:15.380Z][pid 12764][tid 30176] INFO Installed breadcrumb gradient subclass on hwnd=0000000001840ECC
[2025-11-27T14:35:15.382Z][pid 12764][tid 30176] INFO Installed progress gradient subclass on hwnd=00000000015E07EA
[2025-11-27T14:35:15.384Z][pid 12764][tid 30176] INFO Cleared Open In New Tab pending state
[2025-11-27T14:35:15.384Z][pid 12764][tid 30176] INFO Installed shell view window subclass (view=00000000005F241E)
[2025-11-27T14:35:15.384Z][pid 12764][tid 30176] INFO Installed explorer frame subclass (frame=0000000004412DDA)
[2025-11-27T14:35:15.385Z][pid 12764][tid 30176] INFO Cleared Open In New Tab pending state
[2025-11-27T14:35:15.385Z][pid 12764][tid 30176] INFO Explorer view base subclass ready (view=00000000005F241E frame=0000000004412DDA)
[2025-11-27T14:35:15.385Z][pid 12764][tid 30176] VERBOSE DirectUI IUIElement unavailable (hr=0x80004001)
[2025-11-27T14:35:15.385Z][pid 12764][tid 30176] INFO Installed explorer DirectUI host subclass (direct=0000000000C324C6)
[2025-11-27T14:35:15.387Z][pid 12764][tid 30176] INFO Installed explorer tree view subclass (tree=0000000000E00240)
[2025-11-27T14:35:15.393Z][pid 12764][tid 30176] INFO Explorer pane creation watch armed (view=00000000005F241E list=1 tree=0)
[2025-11-27T14:35:15.393Z][pid 12764][tid 30176] INFO Explorer pane fallback timer armed (view=00000000005F241E delay=500)
[2025-11-27T14:35:15.393Z][pid 12764][tid 30176] INFO Explorer panes not ready: list view missing (view=00000000005F241E)
[2025-11-27T14:35:15.393Z][pid 12764][tid 30176] INFO Explorer pane retry timer armed (view=00000000005F241E delay=500 attempts=1)
[2025-11-27T14:35:15.393Z][pid 12764][tid 30176] INFO TabBand::UpdateTabsUI applying 1 items
[2025-11-27T14:35:15.396Z][pid 12764][tid 30176] INFO Breadcrumb gradients enabled; locating toolbar (installed=1 background=0 text=1)
[2025-11-27T14:35:15.396Z][pid 12764][tid 30176] INFO Breadcrumb QueryService(IShellBrowser) failed: 0x80004001
[2025-11-27T14:35:15.396Z][pid 12764][tid 30176] INFO Breadcrumb ribbon frame discovered via IShellBrowser (hwnd=0000000000990434)
[2025-11-27T14:35:15.397Z][pid 12764][tid 30176] INFO Breadcrumb ribbon frame discovered via IWebBrowser2 (hwnd=0000000000990434)
[2025-11-27T14:35:15.399Z][pid 12764][tid 30176] INFO Breadcrumb toolbar located via window enumeration (hwnd=0000000001840ECC)
[2025-11-27T14:35:15.401Z][pid 12764][tid 30176] INFO Explorer pane creation watch cleared (view=00000000005F241E)
[2025-11-27T14:35:15.402Z][pid 12764][tid 30176] INFO Cleared Open In New Tab pending state
[2025-11-27T14:35:15.402Z][pid 12764][tid 30176] INFO Installed shell view window subclass (view=00000000005F241E)
[2025-11-27T14:35:15.403Z][pid 12764][tid 30176] INFO Installed explorer frame subclass (frame=0000000004412DDA)
[2025-11-27T14:35:15.404Z][pid 12764][tid 30176] INFO Cleared Open In New Tab pending state
[2025-11-27T14:35:15.404Z][pid 12764][tid 30176] INFO Explorer view base subclass ready (view=00000000005F241E frame=0000000004412DDA)
[2025-11-27T14:35:15.404Z][pid 12764][tid 30176] VERBOSE DirectUI IUIElement unavailable (hr=0x80004001)
[2025-11-27T14:35:15.404Z][pid 12764][tid 30176] INFO Installed explorer DirectUI host subclass (direct=0000000000C324C6)
[2025-11-27T14:35:15.406Z][pid 12764][tid 30176] INFO Installed explorer tree view subclass (tree=0000000000E00240)
[2025-11-27T14:35:15.413Z][pid 12764][tid 30176] INFO Explorer pane creation watch armed (view=00000000005F241E list=1 tree=0)
[2025-11-27T14:35:15.414Z][pid 12764][tid 30176] INFO Explorer pane fallback timer armed (view=00000000005F241E delay=500)
[2025-11-27T14:35:15.414Z][pid 12764][tid 30176] INFO Explorer panes not ready: list view missing (view=00000000005F241E)
[2025-11-27T14:35:15.415Z][pid 12764][tid 30176] INFO Explorer pane retry timer armed (view=00000000005F241E delay=500 attempts=1)
[2025-11-27T14:35:15.446Z][pid 12764][tid 31500] INFO TabBand constructed (this=0000000023560490)
[2025-11-27T14:35:15.447Z][pid 12764][tid 31500] INFO TabBand::SetSite begin (this=0000000023560490, site=0000000023277BE8)
[2025-11-27T14:35:15.447Z][pid 12764][tid 31500] INFO TabBand::DisconnectSite (this=0000000023560490)
[2025-11-27T14:35:15.447Z][pid 12764][tid 31500] INFO TabBand::EnsureSessionStore resolving storage (this=0000000023560490)
[2025-11-27T14:35:15.447Z][pid 12764][tid 31500] INFO TabBand::EnsureSessionStore window token unavailable; deferring initialization
[2025-11-27T14:35:15.447Z][pid 12764][tid 31500] INFO TabBand::SetSite resolved browser interfaces
[2025-11-27T14:35:15.447Z][pid 12764][tid 31500] INFO TabBand::SetSite EnsureWindow
[2025-11-27T14:35:15.447Z][pid 12764][tid 31500] INFO TabBand::EnsureWindow creating band window (this=0000000023560490)
[2025-11-27T14:35:15.454Z][pid 12764][tid 31500] INFO TabBand::EnsureSessionStore resolving storage (this=0000000023560490)
[2025-11-27T14:35:15.454Z][pid 12764][tid 31500] INFO TabBand::EnsureSessionStore window token F6996F7F-299B-4347-A7B8-903E9FFFEB27
[2025-11-27T14:35:15.454Z][pid 12764][tid 31500] INFO TabBand::EnsureSessionStore using storage path C:\Users\ben\AppData\Roaming\ShellTabs\session-F6996F7F-299B-4347-A7B8-903E9FFFEB27.db
[2025-11-27T14:35:15.455Z][pid 12764][tid 31500] INFO TabBand session crash marker created (post-init)
[2025-11-27T14:35:15.463Z][pid 12764][tid 31500] INFO TabBand::EnsureWindow created window hwnd=00000000014A0670
[2025-11-27T14:35:15.463Z][pid 12764][tid 31500] INFO TabBand::SetSite EnsureSessionStore
[2025-11-27T14:35:15.464Z][pid 12764][tid 31500] INFO TabBand::SetSite BrowserEvents connected
[2025-11-27T14:35:15.464Z][pid 12764][tid 31500] INFO TabBand::SetSite InitializeTabs
[2025-11-27T14:35:15.464Z][pid 12764][tid 31500] INFO TabBand::InitializeTabs - begin
[2025-11-27T14:35:15.464Z][pid 12764][tid 31500] INFO TabBand::InitializeTabs - end
[2025-11-27T14:35:15.464Z][pid 12764][tid 31500] INFO TabBand::SetSite UpdateTabsUI (initial)
[2025-11-27T14:35:15.464Z][pid 12764][tid 31500] INFO TabBand::UpdateTabsUI applying 1 items
[2025-11-27T14:35:15.464Z][pid 12764][tid 31768] INFO TabBand::RunBackgroundInitialization begin (this=0000000023560490, seq=1)
[2025-11-27T14:35:15.464Z][pid 12764][tid 31500] INFO TabBand::SetSite completed successfully
[2025-11-27T14:35:15.464Z][pid 12764][tid 31768] INFO TabBand session crash marker created
[2025-11-27T14:35:15.465Z][pid 12764][tid 31768] WARN SessionStore checkpoint C:\Users\ben\AppData\Roaming\ShellTabs\session-F6996F7F-299B-4347-A7B8-903E9FFFEB27.db.previous missing while handling missing session file
[2025-11-27T14:35:15.511Z][pid 12764][tid 36544] INFO TabBand constructed (this=00000000235681B0)
[2025-11-27T14:35:15.511Z][pid 12764][tid 36544] INFO TabBand::SetSite begin (this=00000000235681B0, site=000000003015F4C8)
[2025-11-27T14:35:15.511Z][pid 12764][tid 36544] INFO TabBand::DisconnectSite (this=00000000235681B0)
[2025-11-27T14:35:15.511Z][pid 12764][tid 36544] INFO TabBand::EnsureSessionStore resolving storage (this=00000000235681B0)
[2025-11-27T14:35:15.511Z][pid 12764][tid 36544] INFO TabBand::EnsureSessionStore window token unavailable; deferring initialization
[2025-11-27T14:35:15.512Z][pid 12764][tid 36544] INFO TabBand::SetSite resolved browser interfaces
[2025-11-27T14:35:15.512Z][pid 12764][tid 36544] INFO TabBand::SetSite EnsureWindow
[2025-11-27T14:35:15.512Z][pid 12764][tid 36544] INFO TabBand::EnsureWindow creating band window (this=00000000235681B0)
[2025-11-27T14:35:15.513Z][pid 12764][tid 31500] INFO CExplorerBHO::SetSite attaching to site=0000000023816E28
[2025-11-27T14:35:15.513Z][pid 12764][tid 31500] INFO Cleared Open In New Tab pending state
[2025-11-27T14:35:15.513Z][pid 12764][tid 31500] INFO EnsureBandVisible: invoking ShowBrowserBar for host=00000000026D2580 (attempt 1)
[2025-11-27T14:35:15.515Z][pid 12764][tid 31500] INFO EnsureBandVisible: ShowBrowserBar succeeded for host=00000000026D2580 on attempt 1
[2025-11-27T14:35:15.516Z][pid 12764][tid 31500] INFO Installed progress gradient subclass on hwnd=0000000002FC2DAC
[2025-11-27T14:35:15.518Z][pid 12764][tid 31500] INFO Installed travel band subclass (band=00000000008D25D0 toolbar=00000000004024AC)
[2025-11-27T14:35:15.518Z][pid 12764][tid 36544] INFO TabBand::EnsureSessionStore resolving storage (this=00000000235681B0)
[2025-11-27T14:35:15.518Z][pid 12764][tid 31500] INFO Breadcrumb CBT hook installed for thread 31500
[2025-11-27T14:35:15.518Z][pid 12764][tid 36544] INFO TabBand::EnsureSessionStore window token FEEBE0E5-5590-490A-8372-38FF65FAB5AD
[2025-11-27T14:35:15.518Z][pid 12764][tid 31500] INFO Breadcrumb gradients enabled; locating toolbar (installed=0 background=0 text=1)
[2025-11-27T14:35:15.519Z][pid 12764][tid 36544] INFO TabBand::EnsureSessionStore using storage path C:\Users\ben\AppData\Roaming\ShellTabs\session-FEEBE0E5-5590-490A-8372-38FF65FAB5AD.db
[2025-11-27T14:35:15.519Z][pid 12764][tid 31500] INFO Breadcrumb QueryService(IShellBrowser) failed: 0x80004001
[2025-11-27T14:35:15.519Z][pid 12764][tid 31500] INFO Breadcrumb ribbon frame discovered via IShellBrowser (hwnd=00000000006826FA)
[2025-11-27T14:35:15.519Z][pid 12764][tid 36544] INFO TabBand session crash marker created (post-init)
[2025-11-27T14:35:15.520Z][pid 12764][tid 31500] INFO Breadcrumb toolbar located via deep enumeration (hwnd=0000000000290086)
[2025-11-27T14:35:15.520Z][pid 12764][tid 31500] INFO Installed breadcrumb gradient subclass on hwnd=0000000000290086
[2025-11-27T14:35:15.521Z][pid 12764][tid 31500] INFO Installed progress gradient subclass on hwnd=0000000002FC2DAC
[2025-11-27T14:35:15.524Z][pid 12764][tid 31500] INFO Breadcrumb gradients enabled; locating toolbar (installed=1 background=0 text=1)
[2025-11-27T14:35:15.524Z][pid 12764][tid 31500] INFO Breadcrumb QueryService(IShellBrowser) failed: 0x80004001
[2025-11-27T14:35:15.524Z][pid 12764][tid 31500] INFO Breadcrumb ribbon frame discovered via IShellBrowser (hwnd=00000000006826FA)
[2025-11-27T14:35:15.525Z][pid 12764][tid 31500] INFO Breadcrumb toolbar located via deep enumeration (hwnd=0000000000290086)
[2025-11-27T14:35:15.526Z][pid 12764][tid 36544] INFO TabBand::EnsureWindow created window hwnd=00000000012632E0
[2025-11-27T14:35:15.526Z][pid 12764][tid 36544] INFO TabBand::SetSite EnsureSessionStore
[2025-11-27T14:35:15.526Z][pid 12764][tid 36544] INFO TabBand::SetSite BrowserEvents connected
[2025-11-27T14:35:15.526Z][pid 12764][tid 36544] INFO TabBand::SetSite InitializeTabs
[2025-11-27T14:35:15.526Z][pid 12764][tid 36544] INFO TabBand::InitializeTabs - begin
[2025-11-27T14:35:15.526Z][pid 12764][tid 36544] INFO TabBand::InitializeTabs - end
[2025-11-27T14:35:15.526Z][pid 12764][tid 36544] INFO TabBand::SetSite UpdateTabsUI (initial)
[2025-11-27T14:35:15.527Z][pid 12764][tid 36544] INFO TabBand::UpdateTabsUI applying 1 items
[2025-11-27T14:35:15.527Z][pid 12764][tid 36736] INFO TabBand::RunBackgroundInitialization begin (this=00000000235681B0, seq=1)
[2025-11-27T14:35:15.527Z][pid 12764][tid 31500] INFO Cleared Open In New Tab pending state
[2025-11-27T14:35:15.527Z][pid 12764][tid 36736] INFO TabBand session crash marker created
[2025-11-27T14:35:15.527Z][pid 12764][tid 36544] INFO TabBand::SetSite completed successfully
[2025-11-27T14:35:15.527Z][pid 12764][tid 36736] WARN SessionStore checkpoint C:\Users\ben\AppData\Roaming\ShellTabs\session-FEEBE0E5-5590-490A-8372-38FF65FAB5AD.db.previous missing while handling missing session file
[2025-11-27T14:35:15.569Z][pid 12764][tid 36544] INFO CExplorerBHO::SetSite attaching to site=00000000233CD718
[2025-11-27T14:35:15.569Z][pid 12764][tid 36544] INFO Cleared Open In New Tab pending state
[2025-11-27T14:35:15.570Z][pid 12764][tid 36544] INFO EnsureBandVisible: invoking ShowBrowserBar for host=000000000301283A (attempt 1)
[2025-11-27T14:35:15.571Z][pid 12764][tid 36544] INFO EnsureBandVisible: ShowBrowserBar succeeded for host=000000000301283A on attempt 1
[2025-11-27T14:35:15.572Z][pid 12764][tid 36544] INFO Installed progress gradient subclass on hwnd=0000000001C72764
[2025-11-27T14:35:15.574Z][pid 12764][tid 36544] INFO Installed travel band subclass (band=0000000001603290 toolbar=00000000015F32B2)
[2025-11-27T14:35:15.574Z][pid 12764][tid 36544] INFO Breadcrumb CBT hook installed for thread 36544
[2025-11-27T14:35:15.574Z][pid 12764][tid 36544] INFO Breadcrumb gradients enabled; locating toolbar (installed=0 background=0 text=1)
[2025-11-27T14:35:15.574Z][pid 12764][tid 36544] INFO Breadcrumb QueryService(IShellBrowser) failed: 0x80004001
[2025-11-27T14:35:15.574Z][pid 12764][tid 36544] INFO Breadcrumb ribbon frame discovered via IShellBrowser (hwnd=00000000021F2C04)
[2025-11-27T14:35:15.575Z][pid 12764][tid 36544] INFO Breadcrumb toolbar located via deep enumeration (hwnd=00000000003826BA)
[2025-11-27T14:35:15.576Z][pid 12764][tid 36544] INFO Installed breadcrumb gradient subclass on hwnd=00000000003826BA
[2025-11-27T14:35:15.577Z][pid 12764][tid 36544] INFO Installed progress gradient subclass on hwnd=0000000001C72764
[2025-11-27T14:35:15.580Z][pid 12764][tid 36544] INFO Breadcrumb gradients enabled; locating toolbar (installed=1 background=0 text=1)
[2025-11-27T14:35:15.580Z][pid 12764][tid 36544] INFO Breadcrumb QueryService(IShellBrowser) failed: 0x80004001
[2025-11-27T14:35:15.580Z][pid 12764][tid 36544] INFO Breadcrumb ribbon frame discovered via IShellBrowser (hwnd=00000000021F2C04)
[2025-11-27T14:35:15.581Z][pid 12764][tid 32176] INFO TabBand constructed (this=0000000023568B50)
[2025-11-27T14:35:15.581Z][pid 12764][tid 32176] INFO TabBand::SetSite begin (this=0000000023568B50, site=000000003015B0A8)
[2025-11-27T14:35:15.581Z][pid 12764][tid 32176] INFO TabBand::DisconnectSite (this=0000000023568B50)
[2025-11-27T14:35:15.581Z][pid 12764][tid 36544] INFO Breadcrumb toolbar located via deep enumeration (hwnd=00000000003826BA)
[2025-11-27T14:35:15.581Z][pid 12764][tid 32176] INFO TabBand::EnsureSessionStore resolving storage (this=0000000023568B50)
[2025-11-27T14:35:15.581Z][pid 12764][tid 32176] INFO TabBand::EnsureSessionStore window token unavailable; deferring initialization
[2025-11-27T14:35:15.581Z][pid 12764][tid 32176] INFO TabBand::SetSite resolved browser interfaces
[2025-11-27T14:35:15.581Z][pid 12764][tid 32176] INFO TabBand::SetSite EnsureWindow
[2025-11-27T14:35:15.582Z][pid 12764][tid 32176] INFO TabBand::EnsureWindow creating band window (this=0000000023568B50)
[2025-11-27T14:35:15.583Z][pid 12764][tid 36544] INFO Cleared Open In New Tab pending state
[2025-11-27T14:35:15.583Z][pid 12764][tid 20484] INFO TabBand::HandleInitializationResult applying sequence 1
[2025-11-27T14:35:15.585Z][pid 12764][tid 32176] INFO TabBand::EnsureSessionStore resolving storage (this=0000000023568B50)
[2025-11-27T14:35:15.585Z][pid 12764][tid 32176] INFO TabBand::EnsureSessionStore window token F37898CD-63A1-4376-8584-D686941CDD4D
[2025-11-27T14:35:15.586Z][pid 12764][tid 32176] INFO TabBand::EnsureSessionStore using storage path C:\Users\ben\AppData\Roaming\ShellTabs\session-F37898CD-63A1-4376-8584-D686941CDD4D.db
[2025-11-27T14:35:15.586Z][pid 12764][tid 20484] INFO TabBand::RestoreSession loaded 0 groups
[2025-11-27T14:35:15.586Z][pid 12764][tid 32176] INFO TabBand session crash marker created (post-init)
[2025-11-27T14:35:15.586Z][pid 12764][tid 20484] INFO TabBand::UpdateTabsUI applying 1 items
[2025-11-27T14:35:15.590Z][pid 12764][tid 32176] INFO TabBand::EnsureWindow created window hwnd=0000000001333676
[2025-11-27T14:35:15.591Z][pid 12764][tid 32176] INFO TabBand::SetSite EnsureSessionStore
[2025-11-27T14:35:15.591Z][pid 12764][tid 32176] INFO TabBand::SetSite BrowserEvents connected
[2025-11-27T14:35:15.591Z][pid 12764][tid 32176] INFO TabBand::SetSite InitializeTabs
[2025-11-27T14:35:15.591Z][pid 12764][tid 32176] INFO TabBand::InitializeTabs - begin
[2025-11-27T14:35:15.591Z][pid 12764][tid 32176] INFO TabBand::InitializeTabs - end
[2025-11-27T14:35:15.591Z][pid 12764][tid 32176] INFO TabBand::SetSite UpdateTabsUI (initial)
[2025-11-27T14:35:15.591Z][pid 12764][tid 32176] INFO TabBand::UpdateTabsUI applying 1 items
[2025-11-27T14:35:15.591Z][pid 12764][tid 21004] INFO TabBand::RunBackgroundInitialization begin (this=0000000023568B50, seq=1)
[2025-11-27T14:35:15.591Z][pid 12764][tid 32176] INFO TabBand::SetSite completed successfully
[2025-11-27T14:35:15.592Z][pid 12764][tid 21004] INFO TabBand session crash marker created
[2025-11-27T14:35:15.592Z][pid 12764][tid 21004] WARN SessionStore checkpoint C:\Users\ben\AppData\Roaming\ShellTabs\session-F37898CD-63A1-4376-8584-D686941CDD4D.db.previous missing while handling missing session file
[2025-11-27T14:35:15.624Z][pid 12764][tid 32176] INFO CExplorerBHO::SetSite attaching to site=0000000023E71848
[2025-11-27T14:35:15.624Z][pid 12764][tid 32176] INFO Cleared Open In New Tab pending state
[2025-11-27T14:35:15.624Z][pid 12764][tid 32176] INFO EnsureBandVisible: invoking ShowBrowserBar for host=0000000000810492 (attempt 1)
[2025-11-27T14:35:15.626Z][pid 12764][tid 32176] INFO EnsureBandVisible: ShowBrowserBar succeeded for host=0000000000810492 on attempt 1
[2025-11-27T14:35:15.627Z][pid 12764][tid 32176] INFO Installed progress gradient subclass on hwnd=0000000003A42606
[2025-11-27T14:35:15.628Z][pid 12764][tid 32176] INFO Installed travel band subclass (band=0000000001AE022E toolbar=0000000000EC06DE)
[2025-11-27T14:35:15.628Z][pid 12764][tid 32176] INFO Breadcrumb CBT hook installed for thread 32176
[2025-11-27T14:35:15.628Z][pid 12764][tid 32176] INFO Breadcrumb gradients enabled; locating toolbar (installed=0 background=0 text=1)
[2025-11-27T14:35:15.628Z][pid 12764][tid 32176] INFO Breadcrumb QueryService(IShellBrowser) failed: 0x80004001
[2025-11-27T14:35:15.628Z][pid 12764][tid 32176] INFO Breadcrumb ribbon frame discovered via IShellBrowser (hwnd=0000000001142E4E)
[2025-11-27T14:35:15.629Z][pid 12764][tid 32176] INFO Breadcrumb toolbar located via deep enumeration (hwnd=0000000000FD0AAE)
[2025-11-27T14:35:15.630Z][pid 12764][tid 32176] INFO Installed breadcrumb gradient subclass on hwnd=0000000000FD0AAE
[2025-11-27T14:35:15.631Z][pid 12764][tid 32176] INFO Installed progress gradient subclass on hwnd=0000000003A42606
[2025-11-27T14:35:15.634Z][pid 12764][tid 32176] INFO Breadcrumb gradients enabled; locating toolbar (installed=1 background=0 text=1)
[2025-11-27T14:35:15.634Z][pid 12764][tid 32176] INFO Breadcrumb QueryService(IShellBrowser) failed: 0x80004001
[2025-11-27T14:35:15.634Z][pid 12764][tid 32176] INFO Breadcrumb ribbon frame discovered via IShellBrowser (hwnd=0000000001142E4E)
[2025-11-27T14:35:15.635Z][pid 12764][tid 32176] INFO Breadcrumb toolbar located via deep enumeration (hwnd=0000000000FD0AAE)
[2025-11-27T14:35:15.637Z][pid 12764][tid 32176] INFO Cleared Open In New Tab pending state
[2025-11-27T14:35:15.771Z][pid 12764][tid 34708] INFO TabBand constructed (this=0000000023569E90)
[2025-11-27T14:35:15.771Z][pid 12764][tid 34708] INFO TabBand::SetSite begin (this=0000000023569E90, site=0000000030160938)
[2025-11-27T14:35:15.771Z][pid 12764][tid 34708] INFO TabBand::DisconnectSite (this=0000000023569E90)
[2025-11-27T14:35:15.771Z][pid 12764][tid 34708] INFO TabBand::EnsureSessionStore resolving storage (this=0000000023569E90)
[2025-11-27T14:35:15.771Z][pid 12764][tid 34708] INFO TabBand::EnsureSessionStore window token unavailable; deferring initialization
[2025-11-27T14:35:15.771Z][pid 12764][tid 34708] INFO TabBand::SetSite resolved browser interfaces
[2025-11-27T14:35:15.772Z][pid 12764][tid 34708] INFO TabBand::SetSite EnsureWindow
[2025-11-27T14:35:15.772Z][pid 12764][tid 34708] INFO TabBand::EnsureWindow creating band window (this=0000000023569E90)
[2025-11-27T14:35:15.776Z][pid 12764][tid 34708] INFO TabBand::EnsureSessionStore resolving storage (this=0000000023569E90)
[2025-11-27T14:35:15.776Z][pid 12764][tid 34708] INFO TabBand::EnsureSessionStore window token CB3144E6-731B-4CB3-B69B-AFB9B206AED8
[2025-11-27T14:35:15.776Z][pid 12764][tid 34708] INFO TabBand::EnsureSessionStore using storage path C:\Users\ben\AppData\Roaming\ShellTabs\session-CB3144E6-731B-4CB3-B69B-AFB9B206AED8.db
[2025-11-27T14:35:15.777Z][pid 12764][tid 34708] INFO TabBand session crash marker created (post-init)
[2025-11-27T14:35:15.781Z][pid 12764][tid 34708] INFO TabBand::EnsureWindow created window hwnd=0000000000A227FC
[2025-11-27T14:35:15.782Z][pid 12764][tid 34708] INFO TabBand::SetSite EnsureSessionStore
[2025-11-27T14:35:15.782Z][pid 12764][tid 34708] INFO TabBand::SetSite BrowserEvents connected
[2025-11-27T14:35:15.782Z][pid 12764][tid 34708] INFO TabBand::SetSite InitializeTabs
[2025-11-27T14:35:15.782Z][pid 12764][tid 34708] INFO TabBand::InitializeTabs - begin
[2025-11-27T14:35:15.782Z][pid 12764][tid 34708] INFO TabBand::InitializeTabs - end
[2025-11-27T14:35:15.782Z][pid 12764][tid 34708] INFO TabBand::SetSite UpdateTabsUI (initial)
[2025-11-27T14:35:15.782Z][pid 12764][tid 34708] INFO TabBand::UpdateTabsUI applying 1 items
[2025-11-27T14:35:15.783Z][pid 12764][tid 37240] INFO TabBand::RunBackgroundInitialization begin (this=0000000023569E90, seq=1)
[2025-11-27T14:35:15.783Z][pid 12764][tid 34708] INFO TabBand::SetSite completed successfully
[2025-11-27T14:35:15.783Z][pid 12764][tid 37240] INFO TabBand session crash marker created
[2025-11-27T14:35:15.783Z][pid 12764][tid 37240] WARN SessionStore checkpoint C:\Users\ben\AppData\Roaming\ShellTabs\session-CB3144E6-731B-4CB3-B69B-AFB9B206AED8.db.previous missing while handling missing session file
[2025-11-27T14:35:15.803Z][pid 12764][tid 34708] INFO CExplorerBHO::SetSite attaching to site=000000001CD72228
[2025-11-27T14:35:15.803Z][pid 12764][tid 34708] INFO Cleared Open In New Tab pending state
[2025-11-27T14:35:15.803Z][pid 12764][tid 34708] INFO EnsureBandVisible: invoking ShowBrowserBar for host=0000000001A62C74 (attempt 1)
[2025-11-27T14:35:15.804Z][pid 12764][tid 34708] INFO EnsureBandVisible: ShowBrowserBar succeeded for host=0000000001A62C74 on attempt 1
[2025-11-27T14:35:15.804Z][pid 12764][tid 34708] INFO Installed progress gradient subclass on hwnd=0000000000CC2752
[2025-11-27T14:35:15.805Z][pid 12764][tid 34708] INFO Installed travel band subclass (band=00000000012528C0 toolbar=0000000000C3299C)
[2025-11-27T14:35:15.805Z][pid 12764][tid 34708] INFO Breadcrumb CBT hook installed for thread 34708
[2025-11-27T14:35:15.805Z][pid 12764][tid 34708] INFO Breadcrumb gradients enabled; locating toolbar (installed=0 background=0 text=1)
[2025-11-27T14:35:15.805Z][pid 12764][tid 34708] INFO Breadcrumb QueryService(IShellBrowser) failed: 0x80004001
[2025-11-27T14:35:15.805Z][pid 12764][tid 34708] INFO Breadcrumb ribbon frame discovered via IShellBrowser (hwnd=00000000023E2822)
[2025-11-27T14:35:15.806Z][pid 12764][tid 34708] INFO Breadcrumb toolbar located via deep enumeration (hwnd=00000000002F2528)
[2025-11-27T14:35:15.806Z][pid 12764][tid 34708] INFO Installed breadcrumb gradient subclass on hwnd=00000000002F2528
[2025-11-27T14:35:15.808Z][pid 12764][tid 34708] INFO Installed progress gradient subclass on hwnd=0000000000CC2752
[2025-11-27T14:35:15.809Z][pid 12764][tid 34708] INFO Breadcrumb gradients enabled; locating toolbar (installed=1 background=0 text=1)
[2025-11-27T14:35:15.809Z][pid 12764][tid 34708] INFO Breadcrumb QueryService(IShellBrowser) failed: 0x80004001
[2025-11-27T14:35:15.810Z][pid 12764][tid 34708] INFO Breadcrumb ribbon frame discovered via IShellBrowser (hwnd=00000000023E2822)
[2025-11-27T14:35:15.810Z][pid 12764][tid 34708] INFO Breadcrumb toolbar located via deep enumeration (hwnd=00000000002F2528)
[2025-11-27T14:35:15.811Z][pid 12764][tid 34708] INFO Cleared Open In New Tab pending state
[2025-11-27T14:35:16.177Z][pid 12764][tid 30176] INFO Installed explorer list host subclass (host=0000000004412DDA)
[2025-11-27T14:35:16.177Z][pid 12764][tid 30176] INFO Installed explorer list host subclass (host=0000000000DA2E36)
[2025-11-27T14:35:16.177Z][pid 12764][tid 30176] INFO Installed explorer list host subclass (host=0000000002790654)
[2025-11-27T14:35:16.178Z][pid 12764][tid 30176] INFO Installed explorer list host subclass (host=0000000000990434)
[2025-11-27T14:35:16.178Z][pid 12764][tid 30176] INFO Installed explorer list host subclass (host=00000000005D25EC)
[2025-11-27T14:35:16.367Z][pid 12764][tid 36936] INFO TabBand constructed (this=000000002366FDF0)
[2025-11-27T14:35:16.367Z][pid 12764][tid 36936] INFO TabBand::SetSite begin (this=000000002366FDF0, site=000000003015C518)
[2025-11-27T14:35:16.368Z][pid 12764][tid 36936] INFO TabBand::DisconnectSite (this=000000002366FDF0)
[2025-11-27T14:35:16.368Z][pid 12764][tid 36936] INFO TabBand::EnsureSessionStore resolving storage (this=000000002366FDF0)
[2025-11-27T14:35:16.368Z][pid 12764][tid 36936] INFO TabBand::EnsureSessionStore window token unavailable; deferring initialization
[2025-11-27T14:35:16.368Z][pid 12764][tid 36936] INFO TabBand::SetSite resolved browser interfaces
[2025-11-27T14:35:16.368Z][pid 12764][tid 36936] INFO TabBand::SetSite EnsureWindow
[2025-11-27T14:35:16.368Z][pid 12764][tid 36936] INFO TabBand::EnsureWindow creating band window (this=000000002366FDF0)
[2025-11-27T14:35:16.385Z][pid 12764][tid 36936] INFO TabBand::EnsureSessionStore resolving storage (this=000000002366FDF0)
[2025-11-27T14:35:16.385Z][pid 12764][tid 36936] INFO TabBand::EnsureSessionStore window token 617EBA74-812B-4ECB-9538-573BB4981ED1
[2025-11-27T14:35:16.385Z][pid 12764][tid 36936] INFO TabBand::EnsureSessionStore using storage path C:\Users\ben\AppData\Roaming\ShellTabs\session-617EBA74-812B-4ECB-9538-573BB4981ED1.db
[2025-11-27T14:35:16.386Z][pid 12764][tid 36936] INFO TabBand session crash marker created (post-init)
[2025-11-27T14:35:16.409Z][pid 12764][tid 36936] INFO TabBand::EnsureWindow created window hwnd=00000000015D2C8E
[2025-11-27T14:35:16.409Z][pid 12764][tid 36936] INFO TabBand::SetSite EnsureSessionStore
[2025-11-27T14:35:16.410Z][pid 12764][tid 36936] INFO TabBand::SetSite BrowserEvents connected
[2025-11-27T14:35:16.410Z][pid 12764][tid 36936] INFO TabBand::SetSite InitializeTabs
[2025-11-27T14:35:16.410Z][pid 12764][tid 36936] INFO TabBand::InitializeTabs - begin
[2025-11-27T14:35:16.410Z][pid 12764][tid 36936] INFO TabBand::InitializeTabs - end
[2025-11-27T14:35:16.410Z][pid 12764][tid 36936] INFO TabBand::SetSite UpdateTabsUI (initial)
[2025-11-27T14:35:16.410Z][pid 12764][tid 36936] INFO TabBand::UpdateTabsUI applying 1 items
[2025-11-27T14:35:16.410Z][pid 12764][tid 18632] INFO TabBand::RunBackgroundInitialization begin (this=000000002366FDF0, seq=1)
[2025-11-27T14:35:16.411Z][pid 12764][tid 36936] INFO TabBand::SetSite completed successfully
[2025-11-27T14:35:16.411Z][pid 12764][tid 18632] INFO TabBand session crash marker created
[2025-11-27T14:35:16.411Z][pid 12764][tid 18632] WARN SessionStore checkpoint C:\Users\ben\AppData\Roaming\ShellTabs\session-617EBA74-812B-4ECB-9538-573BB4981ED1.db.previous missing while handling missing session file
[2025-11-27T14:35:16.422Z][pid 12764][tid 30300] INFO TabBand constructed (this=0000000030223FD0)
[2025-11-27T14:35:16.422Z][pid 12764][tid 30300] INFO TabBand::SetSite begin (this=0000000030223FD0, site=0000000030161008)
[2025-11-27T14:35:16.422Z][pid 12764][tid 30300] INFO TabBand::DisconnectSite (this=0000000030223FD0)
[2025-11-27T14:35:16.423Z][pid 12764][tid 30300] INFO TabBand::EnsureSessionStore resolving storage (this=0000000030223FD0)
[2025-11-27T14:35:16.423Z][pid 12764][tid 30300] INFO TabBand::EnsureSessionStore window token unavailable; deferring initialization
[2025-11-27T14:35:16.423Z][pid 12764][tid 30300] INFO TabBand::SetSite resolved browser interfaces
[2025-11-27T14:35:16.423Z][pid 12764][tid 30300] INFO TabBand::SetSite EnsureWindow
[2025-11-27T14:35:16.423Z][pid 12764][tid 30300] INFO TabBand::EnsureWindow creating band window (this=0000000030223FD0)
[2025-11-27T14:35:16.430Z][pid 12764][tid 30300] INFO TabBand::EnsureSessionStore resolving storage (this=0000000030223FD0)
[2025-11-27T14:35:16.430Z][pid 12764][tid 30300] INFO TabBand::EnsureSessionStore window token CEF1BDA9-97B1-4071-8519-3D67099B015D
[2025-11-27T14:35:16.430Z][pid 12764][tid 30300] INFO TabBand::EnsureSessionStore using storage path C:\Users\ben\AppData\Roaming\ShellTabs\session-CEF1BDA9-97B1-4071-8519-3D67099B015D.db
[2025-11-27T14:35:16.431Z][pid 12764][tid 30300] INFO TabBand session crash marker created (post-init)
[2025-11-27T14:35:16.433Z][pid 12764][tid 38248] INFO TabBand constructed (this=0000000030222C90)
[2025-11-27T14:35:16.433Z][pid 12764][tid 38248] INFO TabBand::SetSite begin (this=0000000030222C90, site=00000000301616D8)
[2025-11-27T14:35:16.433Z][pid 12764][tid 38248] INFO TabBand::DisconnectSite (this=0000000030222C90)
[2025-11-27T14:35:16.433Z][pid 12764][tid 38248] INFO TabBand::EnsureSessionStore resolving storage (this=0000000030222C90)
[2025-11-27T14:35:16.433Z][pid 12764][tid 38248] INFO TabBand::EnsureSessionStore window token unavailable; deferring initialization
[2025-11-27T14:35:16.433Z][pid 12764][tid 38248] INFO TabBand::SetSite resolved browser interfaces
[2025-11-27T14:35:16.433Z][pid 12764][tid 38248] INFO TabBand::SetSite EnsureWindow
[2025-11-27T14:35:16.433Z][pid 12764][tid 38248] INFO TabBand::EnsureWindow creating band window (this=0000000030222C90)
[2025-11-27T14:35:16.439Z][pid 12764][tid 38248] INFO TabBand::EnsureSessionStore resolving storage (this=0000000030222C90)
[2025-11-27T14:35:16.439Z][pid 12764][tid 38248] INFO TabBand::EnsureSessionStore window token F814A5CA-2577-4F65-9CAB-0DB1A7103E60
[2025-11-27T14:35:16.439Z][pid 12764][tid 30300] INFO TabBand::EnsureWindow created window hwnd=0000000000D40A40
[2025-11-27T14:35:16.439Z][pid 12764][tid 38248] INFO TabBand::EnsureSessionStore using storage path C:\Users\ben\AppData\Roaming\ShellTabs\session-F814A5CA-2577-4F65-9CAB-0DB1A7103E60.db
[2025-11-27T14:35:16.439Z][pid 12764][tid 30300] INFO TabBand::SetSite EnsureSessionStore
[2025-11-27T14:35:16.439Z][pid 12764][tid 30300] INFO TabBand::SetSite BrowserEvents connected
[2025-11-27T14:35:16.439Z][pid 12764][tid 30300] INFO TabBand::SetSite InitializeTabs
[2025-11-27T14:35:16.440Z][pid 12764][tid 30300] INFO TabBand::InitializeTabs - begin
[2025-11-27T14:35:16.440Z][pid 12764][tid 38248] INFO TabBand session crash marker created (post-init)
[2025-11-27T14:35:16.440Z][pid 12764][tid 30300] INFO TabBand::InitializeTabs - end
[2025-11-27T14:35:16.440Z][pid 12764][tid 30300] INFO TabBand::SetSite UpdateTabsUI (initial)
[2025-11-27T14:35:16.440Z][pid 12764][tid 30300] INFO TabBand::UpdateTabsUI applying 1 items
[2025-11-27T14:35:16.440Z][pid 12764][tid 30300] INFO TabBand::SetSite completed successfully
[2025-11-27T14:35:16.440Z][pid 12764][tid 38220] INFO TabBand::RunBackgroundInitialization begin (this=0000000030223FD0, seq=1)
[2025-11-27T14:35:16.441Z][pid 12764][tid 38220] INFO TabBand session crash marker created
[2025-11-27T14:35:16.441Z][pid 12764][tid 38220] WARN SessionStore checkpoint C:\Users\ben\AppData\Roaming\ShellTabs\session-CEF1BDA9-97B1-4071-8519-3D67099B015D.db.previous missing while handling missing session file
[2025-11-27T14:35:16.452Z][pid 12764][tid 38248] INFO TabBand::EnsureWindow created window hwnd=0000000001B73280
[2025-11-27T14:35:16.452Z][pid 12764][tid 38248] INFO TabBand::SetSite EnsureSessionStore
[2025-11-27T14:35:16.452Z][pid 12764][tid 38248] INFO TabBand::SetSite BrowserEvents connected
[2025-11-27T14:35:16.452Z][pid 12764][tid 38248] INFO TabBand::SetSite InitializeTabs
[2025-11-27T14:35:16.452Z][pid 12764][tid 38248] INFO TabBand::InitializeTabs - begin
[2025-11-27T14:35:16.453Z][pid 12764][tid 38248] INFO TabBand::InitializeTabs - end
[2025-11-27T14:35:16.453Z][pid 12764][tid 38248] INFO TabBand::SetSite UpdateTabsUI (initial)
[2025-11-27T14:35:16.453Z][pid 12764][tid 38248] INFO TabBand::UpdateTabsUI applying 1 items
[2025-11-27T14:35:16.453Z][pid 12764][tid 39056] INFO TabBand::RunBackgroundInitialization begin (this=0000000030222C90, seq=1)
[2025-11-27T14:35:16.453Z][pid 12764][tid 38248] INFO TabBand::SetSite completed successfully
[2025-11-27T14:35:16.453Z][pid 12764][tid 39056] INFO TabBand session crash marker created
[2025-11-27T14:35:16.453Z][pid 12764][tid 39056] WARN SessionStore checkpoint C:\Users\ben\AppData\Roaming\ShellTabs\session-F814A5CA-2577-4F65-9CAB-0DB1A7103E60.db.previous missing while handling missing session file
[2025-11-27T14:35:16.461Z][pid 12764][tid 36936] INFO CExplorerBHO::SetSite attaching to site=000000000C268248
[2025-11-27T14:35:16.461Z][pid 12764][tid 36936] INFO Cleared Open In New Tab pending state
[2025-11-27T14:35:16.462Z][pid 12764][tid 36936] INFO EnsureBandVisible: invoking ShowBrowserBar for host=0000000000E42D64 (attempt 1)
[2025-11-27T14:35:16.463Z][pid 12764][tid 36936] INFO EnsureBandVisible: ShowBrowserBar succeeded for host=0000000000E42D64 on attempt 1
[2025-11-27T14:35:16.464Z][pid 12764][tid 36936] INFO Installed progress gradient subclass on hwnd=00000000002224C4
[2025-11-27T14:35:16.465Z][pid 12764][tid 36936] INFO Installed travel band subclass (band=0000000000FF2BDA toolbar=000000000134289A)
[2025-11-27T14:35:16.465Z][pid 12764][tid 36936] INFO Breadcrumb CBT hook installed for thread 36936
[2025-11-27T14:35:16.465Z][pid 12764][tid 36936] INFO Breadcrumb gradients enabled; locating toolbar (installed=0 background=0 text=1)
[2025-11-27T14:35:16.466Z][pid 12764][tid 36936] INFO Breadcrumb QueryService(IShellBrowser) failed: 0x80004001
[2025-11-27T14:35:16.466Z][pid 12764][tid 36936] INFO Breadcrumb ribbon frame discovered via IShellBrowser (hwnd=0000000001E0259A)
[2025-11-27T14:35:16.466Z][pid 12764][tid 36936] INFO Breadcrumb toolbar located via deep enumeration (hwnd=00000000004C26D0)
[2025-11-27T14:35:16.467Z][pid 12764][tid 36936] INFO Installed breadcrumb gradient subclass on hwnd=00000000004C26D0
[2025-11-27T14:35:16.469Z][pid 12764][tid 36936] INFO Installed progress gradient subclass on hwnd=00000000002224C4
[2025-11-27T14:35:16.471Z][pid 12764][tid 36936] INFO Breadcrumb gradients enabled; locating toolbar (installed=1 background=0 text=1)
[2025-11-27T14:35:16.471Z][pid 12764][tid 36936] INFO Breadcrumb QueryService(IShellBrowser) failed: 0x80004001
[2025-11-27T14:35:16.472Z][pid 12764][tid 36936] INFO Breadcrumb ribbon frame discovered via IShellBrowser (hwnd=0000000001E0259A)
[2025-11-27T14:35:16.473Z][pid 12764][tid 36936] INFO Breadcrumb toolbar located via deep enumeration (hwnd=00000000004C26D0)
[2025-11-27T14:35:16.475Z][pid 12764][tid 36936] INFO Cleared Open In New Tab pending state
[2025-11-27T14:35:16.492Z][pid 12764][tid 30300] INFO CExplorerBHO::SetSite attaching to site=0000000024098748
[2025-11-27T14:35:16.492Z][pid 12764][tid 30300] INFO Cleared Open In New Tab pending state
[2025-11-27T14:35:16.493Z][pid 12764][tid 30300] INFO EnsureBandVisible: invoking ShowBrowserBar for host=000000000028254E (attempt 1)
[2025-11-27T14:35:16.494Z][pid 12764][tid 30300] INFO EnsureBandVisible: ShowBrowserBar succeeded for host=000000000028254E on attempt 1
[2025-11-27T14:35:16.495Z][pid 12764][tid 30300] INFO Installed progress gradient subclass on hwnd=000000000041255E
[2025-11-27T14:35:16.495Z][pid 12764][tid 30300] INFO Installed travel band subclass (band=00000000005125DE toolbar=00000000003C25BC)
[2025-11-27T14:35:16.496Z][pid 12764][tid 30300] INFO Breadcrumb CBT hook installed for thread 30300
[2025-11-27T14:35:16.496Z][pid 12764][tid 30300] INFO Breadcrumb gradients enabled; locating toolbar (installed=0 background=0 text=1)
[2025-11-27T14:35:16.496Z][pid 12764][tid 30300] INFO Breadcrumb QueryService(IShellBrowser) failed: 0x80004001
[2025-11-27T14:35:16.496Z][pid 12764][tid 30300] INFO Breadcrumb ribbon frame discovered via IShellBrowser (hwnd=000000000320243C)
[2025-11-27T14:35:16.497Z][pid 12764][tid 30300] INFO Breadcrumb toolbar located via deep enumeration (hwnd=0000000000110518)
[2025-11-27T14:35:16.497Z][pid 12764][tid 30300] INFO Installed breadcrumb gradient subclass on hwnd=0000000000110518
[2025-11-27T14:35:16.499Z][pid 12764][tid 30300] INFO Installed progress gradient subclass on hwnd=000000000041255E
[2025-11-27T14:35:16.500Z][pid 12764][tid 38248] INFO CExplorerBHO::SetSite attaching to site=0000000023E71AE8
[2025-11-27T14:35:16.500Z][pid 12764][tid 38248] INFO Cleared Open In New Tab pending state
[2025-11-27T14:35:16.500Z][pid 12764][tid 38248] INFO EnsureBandVisible: invoking ShowBrowserBar for host=000000000098249E (attempt 1)
[2025-11-27T14:35:16.501Z][pid 12764][tid 30300] INFO Breadcrumb gradients enabled; locating toolbar (installed=1 background=0 text=1)
[2025-11-27T14:35:16.501Z][pid 12764][tid 30300] INFO Breadcrumb QueryService(IShellBrowser) failed: 0x80004001
[2025-11-27T14:35:16.501Z][pid 12764][tid 30300] INFO Breadcrumb ribbon frame discovered via IShellBrowser (hwnd=000000000320243C)
[2025-11-27T14:35:16.502Z][pid 12764][tid 38248] INFO EnsureBandVisible: ShowBrowserBar succeeded for host=000000000098249E on attempt 1
[2025-11-27T14:35:16.502Z][pid 12764][tid 38248] INFO Installed progress gradient subclass on hwnd=00000000011F286A
[2025-11-27T14:35:16.502Z][pid 12764][tid 30300] INFO Breadcrumb toolbar located via deep enumeration (hwnd=0000000000110518)
[2025-11-27T14:35:16.504Z][pid 12764][tid 38248] INFO Installed travel band subclass (band=0000000003411612 toolbar=0000000000490A9C)
[2025-11-27T14:35:16.504Z][pid 12764][tid 38248] INFO Breadcrumb CBT hook installed for thread 38248
[2025-11-27T14:35:16.504Z][pid 12764][tid 38248] INFO Breadcrumb gradients enabled; locating toolbar (installed=0 background=0 text=1)
[2025-11-27T14:35:16.504Z][pid 12764][tid 38248] INFO Breadcrumb QueryService(IShellBrowser) failed: 0x80004001
[2025-11-27T14:35:16.504Z][pid 12764][tid 38248] INFO Breadcrumb ribbon frame discovered via IShellBrowser (hwnd=00000000003F2502)
[2025-11-27T14:35:16.505Z][pid 12764][tid 30300] INFO Cleared Open In New Tab pending state
[2025-11-27T14:35:16.505Z][pid 12764][tid 38248] INFO Breadcrumb toolbar located via deep enumeration (hwnd=0000000001752E20)
[2025-11-27T14:35:16.506Z][pid 12764][tid 38248] INFO Installed breadcrumb gradient subclass on hwnd=0000000001752E20
[2025-11-27T14:35:16.508Z][pid 12764][tid 38248] INFO Installed progress gradient subclass on hwnd=00000000011F286A
[2025-11-27T14:35:16.510Z][pid 12764][tid 38248] INFO Breadcrumb gradients enabled; locating toolbar (installed=1 background=0 text=1)
[2025-11-27T14:35:16.510Z][pid 12764][tid 38248] INFO Breadcrumb QueryService(IShellBrowser) failed: 0x80004001
[2025-11-27T14:35:16.510Z][pid 12764][tid 38248] INFO Breadcrumb ribbon frame discovered via IShellBrowser (hwnd=00000000003F2502)
[2025-11-27T14:35:16.511Z][pid 12764][tid 38248] INFO Breadcrumb toolbar located via deep enumeration (hwnd=0000000001752E20)
[2025-11-27T14:35:16.512Z][pid 12764][tid 38248] INFO Cleared Open In New Tab pending state
[2025-11-27T14:35:16.520Z][pid 12764][tid 30176] INFO TabBand::UpdateTabsUI applying 1 items
[2025-11-27T14:35:16.524Z][pid 12764][tid 30176] INFO Breadcrumb QueryService(IShellBrowser) failed: 0x80004001
[2025-11-27T14:35:16.525Z][pid 12764][tid 30176] INFO Breadcrumb ribbon frame discovered via IShellBrowser (hwnd=0000000000990434)
[2025-11-27T14:35:16.526Z][pid 12764][tid 30176] INFO Breadcrumb ribbon frame discovered via IWebBrowser2 (hwnd=0000000000990434)
[2025-11-27T14:35:16.527Z][pid 12764][tid 30176] INFO Breadcrumb toolbar located via window enumeration (hwnd=0000000001840ECC)
[2025-11-27T14:35:16.530Z][pid 12764][tid 30176] INFO Explorer pane creation watch cleared (view=00000000005F241E)
[2025-11-27T14:35:16.532Z][pid 12764][tid 30176] INFO Cleared Open In New Tab pending state
[2025-11-27T14:35:16.532Z][pid 12764][tid 30176] INFO Installed shell view window subclass (view=00000000005F241E)
[2025-11-27T14:35:16.533Z][pid 12764][tid 30176] INFO Installed explorer frame subclass (frame=0000000004412DDA)
[2025-11-27T14:35:16.533Z][pid 12764][tid 30176] INFO Cleared Open In New Tab pending state
[2025-11-27T14:35:16.533Z][pid 12764][tid 30176] INFO Explorer view base subclass ready (view=00000000005F241E frame=0000000004412DDA)
[2025-11-27T14:35:16.533Z][pid 12764][tid 30176] VERBOSE DirectUI IUIElement unavailable (hr=0x80004001)
[2025-11-27T14:35:16.533Z][pid 12764][tid 30176] INFO Installed explorer DirectUI host subclass (direct=0000000000C324C6)
[2025-11-27T14:35:16.535Z][pid 12764][tid 30176] INFO Installed explorer tree view subclass (tree=0000000000E00240)
[2025-11-27T14:35:16.541Z][pid 12764][tid 30176] INFO Explorer pane creation watch armed (view=00000000005F241E list=1 tree=0)
[2025-11-27T14:35:16.541Z][pid 12764][tid 30176] INFO Explorer pane fallback timer armed (view=00000000005F241E delay=500)
[2025-11-27T14:35:16.541Z][pid 12764][tid 30176] INFO Explorer panes not ready: list view missing (view=00000000005F241E)
[2025-11-27T14:35:16.541Z][pid 12764][tid 30176] INFO Explorer pane retry timer armed (view=00000000005F241E delay=500 attempts=1)
[2025-11-27T14:35:16.556Z][pid 12764][tid 29308] INFO TabBand::HandleInitializationResult applying sequence 1
[2025-11-27T14:35:16.559Z][pid 12764][tid 29308] INFO TabBand::RestoreSession loaded 0 groups
[2025-11-27T14:35:16.559Z][pid 12764][tid 29308] INFO TabBand::UpdateTabsUI applying 1 items
[2025-11-27T14:35:16.560Z][pid 12764][tid 30176] INFO Installed explorer list host subclass (host=0000000004412DDA)
[2025-11-27T14:35:16.561Z][pid 12764][tid 30176] INFO Installed explorer list host subclass (host=0000000000DA2E36)
[2025-11-27T14:35:16.561Z][pid 12764][tid 30176] INFO Installed explorer list host subclass (host=0000000002790654)
[2025-11-27T14:35:16.561Z][pid 12764][tid 30176] INFO Installed explorer list host subclass (host=0000000000990434)
[2025-11-27T14:35:16.561Z][pid 12764][tid 30176] INFO Installed explorer list host subclass (host=00000000005D25EC)
[2025-11-27T14:35:16.764Z][pid 12764][tid 30176] INFO Explorer status bar discovered (hwnd=00000000028F2C6A)
[2025-11-27T14:35:16.779Z][pid 12764][tid 30176] INFO Status bar theme background updated (hwnd=00000000028F2C6A new=0x00FFFFFF)
[2025-11-27T14:35:16.779Z][pid 12764][tid 30176] INFO Status bar theme text color updated (hwnd=00000000028F2C6A new=0x00000000)
[2025-11-27T14:35:16.915Z][pid 12764][tid 30176] INFO Status bar theme background updated (hwnd=00000000028F2C6A new=0x00191919)
[2025-11-27T14:35:16.915Z][pid 12764][tid 30176] INFO Status bar theme text color updated (hwnd=00000000028F2C6A new=0x00FFFFFF)
[2025-11-27T14:35:16.950Z][pid 12764][tid 32912] INFO TabBand::HandleInitializationResult applying sequence 1
[2025-11-27T14:35:16.950Z][pid 12764][tid 32912] INFO TabBand::RestoreSession loaded 0 groups
[2025-11-27T14:35:16.950Z][pid 12764][tid 32912] INFO TabBand::UpdateTabsUI applying 1 items
[2025-11-27T14:35:17.020Z][pid 12764][tid 32912] INFO TabBand::UpdateTabsUI applying 1 items
[2025-11-27T14:35:17.024Z][pid 12764][tid 32912] INFO Breadcrumb QueryService(IShellBrowser) failed: 0x80004001
[2025-11-27T14:35:17.024Z][pid 12764][tid 32912] INFO Breadcrumb ribbon frame discovered via IShellBrowser (hwnd=00000000006724AA)
[2025-11-27T14:35:17.024Z][pid 12764][tid 32912] INFO Breadcrumb ribbon frame discovered via IWebBrowser2 (hwnd=00000000006724AA)
[2025-11-27T14:35:17.024Z][pid 12764][tid 32912] INFO Breadcrumb toolbar located via window enumeration (hwnd=00000000028C0522)
[2025-11-27T14:35:17.024Z][pid 12764][tid 32912] INFO Installed breadcrumb gradient subclass on hwnd=00000000028C0522
[2025-11-27T14:35:17.025Z][pid 12764][tid 32912] INFO Installed progress gradient subclass on hwnd=0000000000E9272E
[2025-11-27T14:35:17.025Z][pid 12764][tid 32912] INFO Cleared Open In New Tab pending state
[2025-11-27T14:35:17.025Z][pid 12764][tid 32912] INFO Installed shell view window subclass (view=00000000014E2886)
[2025-11-27T14:35:17.025Z][pid 12764][tid 32912] INFO Installed explorer frame subclass (frame=0000000001AC2DD4)
[2025-11-27T14:35:17.026Z][pid 12764][tid 32912] INFO Cleared Open In New Tab pending state
[2025-11-27T14:35:17.026Z][pid 12764][tid 32912] INFO Explorer view base subclass ready (view=00000000014E2886 frame=0000000001AC2DD4)
[2025-11-27T14:35:17.026Z][pid 12764][tid 32912] VERBOSE DirectUI IUIElement unavailable (hr=0x80004001)
[2025-11-27T14:35:17.026Z][pid 12764][tid 32912] INFO Installed explorer DirectUI host subclass (direct=00000000002924FE)
[2025-11-27T14:35:17.027Z][pid 12764][tid 32912] INFO Installed explorer tree view subclass (tree=0000000001D92D10)
[2025-11-27T14:35:17.033Z][pid 12764][tid 32912] INFO Explorer pane creation watch armed (view=00000000014E2886 list=1 tree=0)
[2025-11-27T14:35:17.033Z][pid 12764][tid 32912] INFO Explorer pane fallback timer armed (view=00000000014E2886 delay=500)
[2025-11-27T14:35:17.033Z][pid 12764][tid 32912] INFO Explorer panes not ready: list view missing (view=00000000014E2886)
[2025-11-27T14:35:17.033Z][pid 12764][tid 32912] INFO Explorer pane retry timer armed (view=00000000014E2886 delay=500 attempts=1)
[2025-11-27T14:35:17.033Z][pid 12764][tid 32912] INFO TabBand::UpdateTabsUI applying 1 items
[2025-11-27T14:35:17.034Z][pid 12764][tid 32912] INFO Breadcrumb gradients enabled; locating toolbar (installed=1 background=0 text=1)
[2025-11-27T14:35:17.035Z][pid 12764][tid 32912] INFO Breadcrumb QueryService(IShellBrowser) failed: 0x80004001
[2025-11-27T14:35:17.035Z][pid 12764][tid 32912] INFO Breadcrumb ribbon frame discovered via IShellBrowser (hwnd=00000000006724AA)
[2025-11-27T14:35:17.035Z][pid 12764][tid 32912] INFO Breadcrumb ribbon frame discovered via IWebBrowser2 (hwnd=00000000006724AA)
[2025-11-27T14:35:17.037Z][pid 12764][tid 32912] INFO Breadcrumb toolbar located via window enumeration (hwnd=00000000028C0522)
[2025-11-27T14:35:17.040Z][pid 12764][tid 32912] INFO Explorer pane creation watch cleared (view=00000000014E2886)
[2025-11-27T14:35:17.041Z][pid 12764][tid 32912] INFO Cleared Open In New Tab pending state
[2025-11-27T14:35:17.041Z][pid 12764][tid 32912] INFO Installed shell view window subclass (view=00000000014E2886)
[2025-11-27T14:35:17.042Z][pid 12764][tid 32912] INFO Installed explorer frame subclass (frame=0000000001AC2DD4)
[2025-11-27T14:35:17.042Z][pid 12764][tid 32912] INFO Cleared Open In New Tab pending state
[2025-11-27T14:35:17.042Z][pid 12764][tid 32912] INFO Explorer view base subclass ready (view=00000000014E2886 frame=0000000001AC2DD4)
[2025-11-27T14:35:17.042Z][pid 12764][tid 32912] VERBOSE DirectUI IUIElement unavailable (hr=0x80004001)
[2025-11-27T14:35:17.042Z][pid 12764][tid 32912] INFO Installed explorer DirectUI host subclass (direct=00000000002924FE)
[2025-11-27T14:35:17.044Z][pid 12764][tid 32912] INFO Installed explorer tree view subclass (tree=0000000001D92D10)
[2025-11-27T14:35:17.050Z][pid 12764][tid 32912] INFO Explorer pane creation watch armed (view=00000000014E2886 list=1 tree=0)
[2025-11-27T14:35:17.050Z][pid 12764][tid 32912] INFO Explorer pane fallback timer armed (view=00000000014E2886 delay=500)
[2025-11-27T14:35:17.050Z][pid 12764][tid 32912] INFO Explorer panes not ready: list view missing (view=00000000014E2886)
[2025-11-27T14:35:17.050Z][pid 12764][tid 32912] INFO Explorer pane retry timer armed (view=00000000014E2886 delay=500 attempts=1)
[2025-11-27T14:35:17.163Z][pid 12764][tid 41760] INFO TabBand::HandleInitializationResult applying sequence 1
[2025-11-27T14:35:17.165Z][pid 12764][tid 41760] INFO TabBand::RestoreSession loaded 0 groups
[2025-11-27T14:35:17.165Z][pid 12764][tid 41760] INFO TabBand::UpdateTabsUI applying 1 items
[2025-11-27T14:35:17.165Z][pid 12764][tid 32912] INFO Installed explorer list host subclass (host=0000000001AC2DD4)
[2025-11-27T14:35:17.166Z][pid 12764][tid 32912] INFO Installed explorer list host subclass (host=00000000011127B8)
[2025-11-27T14:35:17.167Z][pid 12764][tid 32912] INFO Installed explorer list host subclass (host=0000000004412796)
[2025-11-27T14:35:17.167Z][pid 12764][tid 32912] INFO Installed explorer list host subclass (host=00000000006724AA)
[2025-11-27T14:35:17.168Z][pid 12764][tid 32912] INFO Installed explorer list host subclass (host=00000000029F093E)
[2025-11-27T14:35:17.347Z][pid 12764][tid 41760] INFO TabBand::UpdateTabsUI applying 1 items
[2025-11-27T14:35:17.353Z][pid 12764][tid 41760] INFO Breadcrumb QueryService(IShellBrowser) failed: 0x80004001
[2025-11-27T14:35:17.353Z][pid 12764][tid 41760] INFO Breadcrumb ribbon frame discovered via IShellBrowser (hwnd=00000000004F0474)
[2025-11-27T14:35:17.354Z][pid 12764][tid 41760] INFO Breadcrumb ribbon frame discovered via IWebBrowser2 (hwnd=00000000004F0474)
[2025-11-27T14:35:17.356Z][pid 12764][tid 41760] INFO Breadcrumb toolbar located via window enumeration (hwnd=00000000009124D2)
[2025-11-27T14:35:17.356Z][pid 12764][tid 41760] INFO Installed breadcrumb gradient subclass on hwnd=00000000009124D2
[2025-11-27T14:35:17.358Z][pid 12764][tid 41760] INFO Installed progress gradient subclass on hwnd=0000000000E42694
[2025-11-27T14:35:17.360Z][pid 12764][tid 41760] INFO Cleared Open In New Tab pending state
[2025-11-27T14:35:17.360Z][pid 12764][tid 41760] INFO Installed shell view window subclass (view=0000000000F4203A)
[2025-11-27T14:35:17.361Z][pid 12764][tid 41760] INFO Installed explorer frame subclass (frame=00000000014B276C)
[2025-11-27T14:35:17.361Z][pid 12764][tid 41760] INFO Cleared Open In New Tab pending state
[2025-11-27T14:35:17.361Z][pid 12764][tid 41760] INFO Explorer view base subclass ready (view=0000000000F4203A frame=00000000014B276C)
[2025-11-27T14:35:17.361Z][pid 12764][tid 41760] VERBOSE DirectUI IUIElement unavailable (hr=0x80004001)
[2025-11-27T14:35:17.361Z][pid 12764][tid 41760] INFO Installed explorer DirectUI host subclass (direct=0000000000FE2E0C)
[2025-11-27T14:35:17.362Z][pid 12764][tid 41760] INFO Installed explorer tree view subclass (tree=00000000003925FE)
[2025-11-27T14:35:17.369Z][pid 12764][tid 41760] INFO Explorer pane creation watch armed (view=0000000000F4203A list=1 tree=0)
[2025-11-27T14:35:17.369Z][pid 12764][tid 41760] INFO Explorer pane fallback timer armed (view=0000000000F4203A delay=500)
[2025-11-27T14:35:17.369Z][pid 12764][tid 41760] INFO Explorer panes not ready: list view missing (view=0000000000F4203A)
[2025-11-27T14:35:17.369Z][pid 12764][tid 41760] INFO Explorer pane retry timer armed (view=0000000000F4203A delay=500 attempts=1)
[2025-11-27T14:35:17.369Z][pid 12764][tid 41760] INFO TabBand::UpdateTabsUI applying 1 items
[2025-11-27T14:35:17.372Z][pid 12764][tid 41760] INFO Breadcrumb gradients enabled; locating toolbar (installed=1 background=0 text=1)
[2025-11-27T14:35:17.372Z][pid 12764][tid 41760] INFO Breadcrumb QueryService(IShellBrowser) failed: 0x80004001
[2025-11-27T14:35:17.373Z][pid 12764][tid 41760] INFO Breadcrumb ribbon frame discovered via IShellBrowser (hwnd=00000000004F0474)
[2025-11-27T14:35:17.374Z][pid 12764][tid 41760] INFO Breadcrumb ribbon frame discovered via IWebBrowser2 (hwnd=00000000004F0474)
[2025-11-27T14:35:17.376Z][pid 12764][tid 41760] INFO Breadcrumb toolbar located via window enumeration (hwnd=00000000009124D2)
[2025-11-27T14:35:17.378Z][pid 12764][tid 41760] INFO Explorer pane creation watch cleared (view=0000000000F4203A)
[2025-11-27T14:35:17.378Z][pid 12764][tid 41760] INFO Cleared Open In New Tab pending state
[2025-11-27T14:35:17.378Z][pid 12764][tid 41760] INFO Installed shell view window subclass (view=0000000000F4203A)
[2025-11-27T14:35:17.379Z][pid 12764][tid 41760] INFO Installed explorer frame subclass (frame=00000000014B276C)
[2025-11-27T14:35:17.379Z][pid 12764][tid 41760] INFO Cleared Open In New Tab pending state
[2025-11-27T14:35:17.379Z][pid 12764][tid 41760] INFO Explorer view base subclass ready (view=0000000000F4203A frame=00000000014B276C)
[2025-11-27T14:35:17.379Z][pid 12764][tid 41760] VERBOSE DirectUI IUIElement unavailable (hr=0x80004001)
[2025-11-27T14:35:17.379Z][pid 12764][tid 41760] INFO Installed explorer DirectUI host subclass (direct=0000000000FE2E0C)
[2025-11-27T14:35:17.381Z][pid 12764][tid 41760] INFO Installed explorer tree view subclass (tree=00000000003925FE)
[2025-11-27T14:35:17.386Z][pid 12764][tid 32912] INFO TabBand::UpdateTabsUI applying 1 items
[2025-11-27T14:35:17.388Z][pid 12764][tid 41760] INFO Explorer pane creation watch armed (view=0000000000F4203A list=1 tree=0)
[2025-11-27T14:35:17.388Z][pid 12764][tid 41760] INFO Explorer pane fallback timer armed (view=0000000000F4203A delay=500)
[2025-11-27T14:35:17.388Z][pid 12764][tid 41760] INFO Explorer panes not ready: list view missing (view=0000000000F4203A)
[2025-11-27T14:35:17.388Z][pid 12764][tid 41760] INFO Explorer pane retry timer armed (view=0000000000F4203A delay=500 attempts=1)
[2025-11-27T14:35:17.392Z][pid 12764][tid 32912] INFO Breadcrumb QueryService(IShellBrowser) failed: 0x80004001
[2025-11-27T14:35:17.392Z][pid 12764][tid 32912] INFO Breadcrumb ribbon frame discovered via IShellBrowser (hwnd=00000000006724AA)
[2025-11-27T14:35:17.393Z][pid 12764][tid 32912] INFO Breadcrumb ribbon frame discovered via IWebBrowser2 (hwnd=00000000006724AA)
[2025-11-27T14:35:17.394Z][pid 12764][tid 32912] INFO Breadcrumb toolbar located via window enumeration (hwnd=00000000028C0522)
[2025-11-27T14:35:17.396Z][pid 12764][tid 32912] INFO Explorer pane creation watch cleared (view=00000000014E2886)
[2025-11-27T14:35:17.396Z][pid 12764][tid 32912] INFO Cleared Open In New Tab pending state
[2025-11-27T14:35:17.397Z][pid 12764][tid 32912] INFO Installed shell view window subclass (view=00000000014E2886)
[2025-11-27T14:35:17.397Z][pid 12764][tid 32912] INFO Installed explorer frame subclass (frame=0000000001AC2DD4)
[2025-11-27T14:35:17.397Z][pid 12764][tid 32912] INFO Cleared Open In New Tab pending state
[2025-11-27T14:35:17.397Z][pid 12764][tid 32912] INFO Explorer view base subclass ready (view=00000000014E2886 frame=0000000001AC2DD4)
[2025-11-27T14:35:17.398Z][pid 12764][tid 32912] VERBOSE DirectUI IUIElement unavailable (hr=0x80004001)
[2025-11-27T14:35:17.398Z][pid 12764][tid 32912] INFO Installed explorer DirectUI host subclass (direct=00000000002924FE)
[2025-11-27T14:35:17.399Z][pid 12764][tid 32912] INFO Installed explorer tree view subclass (tree=0000000001D92D10)
[2025-11-27T14:35:17.404Z][pid 12764][tid 32912] INFO Explorer pane creation watch armed (view=00000000014E2886 list=1 tree=0)
[2025-11-27T14:35:17.404Z][pid 12764][tid 32912] INFO Explorer pane fallback timer armed (view=00000000014E2886 delay=500)
[2025-11-27T14:35:17.404Z][pid 12764][tid 32912] INFO Explorer panes not ready: list view missing (view=00000000014E2886)
[2025-11-27T14:35:17.404Z][pid 12764][tid 32912] INFO Explorer pane retry timer armed (view=00000000014E2886 delay=500 attempts=1)
[2025-11-27T14:35:17.416Z][pid 12764][tid 32912] INFO Installed explorer list host subclass (host=0000000001AC2DD4)
[2025-11-27T14:35:17.417Z][pid 12764][tid 32912] INFO Installed explorer list host subclass (host=00000000011127B8)
[2025-11-27T14:35:17.418Z][pid 12764][tid 32912] INFO Installed explorer list host subclass (host=0000000004412796)
[2025-11-27T14:35:17.418Z][pid 12764][tid 31500] INFO TabBand::HandleInitializationResult applying sequence 1
[2025-11-27T14:35:17.418Z][pid 12764][tid 32912] INFO Installed explorer list host subclass (host=00000000006724AA)
[2025-11-27T14:35:17.419Z][pid 12764][tid 32912] INFO Installed explorer list host subclass (host=00000000029F093E)
[2025-11-27T14:35:17.420Z][pid 12764][tid 31500] INFO TabBand::RestoreSession loaded 0 groups
[2025-11-27T14:35:17.420Z][pid 12764][tid 31500] INFO TabBand::UpdateTabsUI applying 1 items
[2025-11-27T14:35:17.507Z][pid 12764][tid 41760] INFO Installed explorer list host subclass (host=00000000014B276C)
[2025-11-27T14:35:17.508Z][pid 12764][tid 41760] INFO Installed explorer list host subclass (host=00000000007A2798)
[2025-11-27T14:35:17.509Z][pid 12764][tid 41760] INFO Installed explorer list host subclass (host=00000000026F0734)
[2025-11-27T14:35:17.509Z][pid 12764][tid 41760] INFO Installed explorer list host subclass (host=00000000004F0474)
[2025-11-27T14:35:17.510Z][pid 12764][tid 41760] INFO Installed explorer list host subclass (host=0000000002E906D8)
[2025-11-27T14:35:17.667Z][pid 12764][tid 31500] INFO TabBand::UpdateTabsUI applying 1 items
[2025-11-27T14:35:17.675Z][pid 12764][tid 31500] INFO Breadcrumb QueryService(IShellBrowser) failed: 0x80004001
[2025-11-27T14:35:17.675Z][pid 12764][tid 31500] INFO Breadcrumb ribbon frame discovered via IShellBrowser (hwnd=00000000006826FA)
[2025-11-27T14:35:17.677Z][pid 12764][tid 31500] INFO Breadcrumb ribbon frame discovered via IWebBrowser2 (hwnd=00000000006826FA)
[2025-11-27T14:35:17.678Z][pid 12764][tid 31500] INFO Breadcrumb toolbar located via window enumeration (hwnd=00000000032801FC)
[2025-11-27T14:35:17.678Z][pid 12764][tid 31500] INFO Installed breadcrumb gradient subclass on hwnd=00000000032801FC
[2025-11-27T14:35:17.680Z][pid 12764][tid 31500] INFO Installed progress gradient subclass on hwnd=0000000002FC2DAC
[2025-11-27T14:35:17.682Z][pid 12764][tid 31500] INFO Cleared Open In New Tab pending state
[2025-11-27T14:35:17.682Z][pid 12764][tid 31500] INFO Installed shell view window subclass (view=00000000002125CC)
[2025-11-27T14:35:17.683Z][pid 12764][tid 31500] INFO Installed explorer frame subclass (frame=00000000026D2580)
[2025-11-27T14:35:17.683Z][pid 12764][tid 31500] INFO Cleared Open In New Tab pending state
[2025-11-27T14:35:17.683Z][pid 12764][tid 31500] INFO Explorer view base subclass ready (view=00000000002125CC frame=00000000026D2580)
[2025-11-27T14:35:17.683Z][pid 12764][tid 31500] VERBOSE DirectUI IUIElement unavailable (hr=0x80004001)
[2025-11-27T14:35:17.683Z][pid 12764][tid 31500] INFO Installed explorer DirectUI host subclass (direct=0000000000142480)
[2025-11-27T14:35:17.684Z][pid 12764][tid 31500] INFO Installed explorer tree view subclass (tree=00000000025C2AB0)
[2025-11-27T14:35:17.689Z][pid 12764][tid 31500] INFO Explorer pane creation watch armed (view=00000000002125CC list=1 tree=0)
[2025-11-27T14:35:17.689Z][pid 12764][tid 31500] INFO Explorer pane fallback timer armed (view=00000000002125CC delay=500)
[2025-11-27T14:35:17.689Z][pid 12764][tid 31500] INFO Explorer panes not ready: list view missing (view=00000000002125CC)
[2025-11-27T14:35:17.690Z][pid 12764][tid 31500] INFO Explorer pane retry timer armed (view=00000000002125CC delay=500 attempts=1)
[2025-11-27T14:35:17.690Z][pid 12764][tid 31500] INFO TabBand::UpdateTabsUI applying 1 items
[2025-11-27T14:35:17.692Z][pid 12764][tid 31500] INFO Breadcrumb gradients enabled; locating toolbar (installed=1 background=0 text=1)
[2025-11-27T14:35:17.693Z][pid 12764][tid 31500] INFO Breadcrumb QueryService(IShellBrowser) failed: 0x80004001
[2025-11-27T14:35:17.693Z][pid 12764][tid 31500] INFO Breadcrumb ribbon frame discovered via IShellBrowser (hwnd=00000000006826FA)
[2025-11-27T14:35:17.694Z][pid 12764][tid 31500] INFO Breadcrumb ribbon frame discovered via IWebBrowser2 (hwnd=00000000006826FA)
[2025-11-27T14:35:17.695Z][pid 12764][tid 31500] INFO Breadcrumb toolbar located via window enumeration (hwnd=00000000032801FC)
[2025-11-27T14:35:17.697Z][pid 12764][tid 31500] INFO Explorer pane creation watch cleared (view=00000000002125CC)
[2025-11-27T14:35:17.697Z][pid 12764][tid 31500] INFO Cleared Open In New Tab pending state
[2025-11-27T14:35:17.698Z][pid 12764][tid 31500] INFO Installed shell view window subclass (view=00000000002125CC)
[2025-11-27T14:35:17.698Z][pid 12764][tid 31500] INFO Installed explorer frame subclass (frame=00000000026D2580)
[2025-11-27T14:35:17.698Z][pid 12764][tid 31500] INFO Cleared Open In New Tab pending state
[2025-11-27T14:35:17.699Z][pid 12764][tid 31500] INFO Explorer view base subclass ready (view=00000000002125CC frame=00000000026D2580)
[2025-11-27T14:35:17.699Z][pid 12764][tid 31500] VERBOSE DirectUI IUIElement unavailable (hr=0x80004001)
[2025-11-27T14:35:17.699Z][pid 12764][tid 31500] INFO Installed explorer DirectUI host subclass (direct=0000000000142480)
[2025-11-27T14:35:17.700Z][pid 12764][tid 31500] INFO Installed explorer tree view subclass (tree=00000000025C2AB0)
[2025-11-27T14:35:17.703Z][pid 12764][tid 29308] INFO TabBand::UpdateTabsUI applying 1 items
[2025-11-27T14:35:17.704Z][pid 12764][tid 31500] INFO Explorer pane creation watch armed (view=00000000002125CC list=1 tree=0)
[2025-11-27T14:35:17.704Z][pid 12764][tid 31500] INFO Explorer pane fallback timer armed (view=00000000002125CC delay=500)
[2025-11-27T14:35:17.705Z][pid 12764][tid 31500] INFO Explorer panes not ready: list view missing (view=00000000002125CC)
[2025-11-27T14:35:17.705Z][pid 12764][tid 31500] INFO Explorer pane retry timer armed (view=00000000002125CC delay=500 attempts=1)
[2025-11-27T14:35:17.707Z][pid 12764][tid 29308] INFO Breadcrumb QueryService(IShellBrowser) failed: 0x80004001
[2025-11-27T14:35:17.707Z][pid 12764][tid 29308] INFO Breadcrumb ribbon frame discovered via IShellBrowser (hwnd=00000000011D0470)
[2025-11-27T14:35:17.708Z][pid 12764][tid 29308] INFO Breadcrumb ribbon frame discovered via IWebBrowser2 (hwnd=00000000011D0470)
[2025-11-27T14:35:17.709Z][pid 12764][tid 29308] INFO Breadcrumb toolbar located via window enumeration (hwnd=0000000000DE26D2)
[2025-11-27T14:35:17.710Z][pid 12764][tid 29308] INFO Installed breadcrumb gradient subclass on hwnd=0000000000DE26D2
[2025-11-27T14:35:17.711Z][pid 12764][tid 29308] INFO Installed progress gradient subclass on hwnd=000000000105284E
[2025-11-27T14:35:17.713Z][pid 12764][tid 29308] INFO Cleared Open In New Tab pending state
[2025-11-27T14:35:17.746Z][pid 12764][tid 36544] INFO TabBand::HandleInitializationResult applying sequence 1
[2025-11-27T14:35:17.749Z][pid 12764][tid 36544] INFO TabBand::RestoreSession loaded 0 groups
[2025-11-27T14:35:17.749Z][pid 12764][tid 36544] INFO TabBand::UpdateTabsUI applying 1 items
[2025-11-27T14:35:17.757Z][pid 12764][tid 29308] INFO CExplorerBHO::SetSite detaching from site
[2025-11-27T14:35:17.757Z][pid 12764][tid 29308] INFO Breadcrumb CBT hook removed for thread 29308
[2025-11-27T14:35:17.759Z][pid 12764][tid 29308] INFO Cleared Open In New Tab pending state
[2025-11-27T14:35:17.759Z][pid 12764][tid 29308] INFO Cleared Open In New Tab pending state
[2025-11-27T14:35:17.764Z][pid 12764][tid 29308] INFO TabBand::DisconnectSite (this=000000002355D470)
[2025-11-27T14:35:17.793Z][pid 12764][tid 29308] INFO TabBand::SetSite begin (this=000000002355D470, site=0000000000000000)
[2025-11-27T14:35:17.793Z][pid 12764][tid 29308] INFO TabBand::SetSite site unchanged
[2025-11-27T14:35:17.793Z][pid 12764][tid 29308] INFO TabBand destroyed (this=000000002355D470)
[2025-11-27T14:35:17.794Z][pid 12764][tid 29308] INFO TabBand::DisconnectSite (this=000000002355D470)
[2025-11-27T14:35:17.794Z][pid 12764][tid 29308] INFO TabBand::EnsureSessionStore resolving storage (this=000000002355D470)
[2025-11-27T14:35:17.794Z][pid 12764][tid 29308] INFO TabBand::EnsureSessionStore window token unavailable; deferring initialization
[2025-11-27T14:35:17.868Z][pid 12764][tid 32912] INFO Explorer status bar discovered (hwnd=0000000000440AA4)
[2025-11-27T14:35:17.883Z][pid 12764][tid 31500] INFO Installed explorer list host subclass (host=00000000026D2580)
[2025-11-27T14:35:17.885Z][pid 12764][tid 31500] INFO Installed explorer list host subclass (host=00000000002124FA)
[2025-11-27T14:35:17.886Z][pid 12764][tid 31500] INFO Installed explorer list host subclass (host=0000000000212508)
[2025-11-27T14:35:17.887Z][pid 12764][tid 31500] INFO Installed explorer list host subclass (host=00000000006826FA)
[2025-11-27T14:35:17.887Z][pid 12764][tid 31500] INFO Installed explorer list host subclass (host=0000000000EB2C82)
[2025-11-27T14:35:17.887Z][pid 12764][tid 32912] INFO Status bar theme background updated (hwnd=0000000000440AA4 new=0x00FFFFFF)
[2025-11-27T14:35:17.887Z][pid 12764][tid 32912] INFO Status bar theme text color updated (hwnd=0000000000440AA4 new=0x00000000)
[2025-11-27T14:35:18.112Z][pid 12764][tid 32912] INFO Status bar theme background updated (hwnd=0000000000440AA4 new=0x00191919)
[2025-11-27T14:35:18.112Z][pid 12764][tid 32912] INFO Status bar theme text color updated (hwnd=0000000000440AA4 new=0x00FFFFFF)
[2025-11-27T14:35:18.146Z][pid 12764][tid 31500] INFO TabBand::UpdateTabsUI applying 1 items
[2025-11-27T14:35:18.150Z][pid 12764][tid 32176] INFO TabBand::HandleInitializationResult applying sequence 1
[2025-11-27T14:35:18.152Z][pid 12764][tid 31500] INFO Breadcrumb QueryService(IShellBrowser) failed: 0x80004001
[2025-11-27T14:35:18.152Z][pid 12764][tid 31500] INFO Breadcrumb ribbon frame discovered via IShellBrowser (hwnd=00000000006826FA)
[2025-11-27T14:35:18.153Z][pid 12764][tid 32176] INFO TabBand::RestoreSession loaded 0 groups
[2025-11-27T14:35:18.153Z][pid 12764][tid 32176] INFO TabBand::UpdateTabsUI applying 1 items
[2025-11-27T14:35:18.153Z][pid 12764][tid 31500] INFO Breadcrumb ribbon frame discovered via IWebBrowser2 (hwnd=00000000006826FA)
[2025-11-27T14:35:18.155Z][pid 12764][tid 31500] INFO Breadcrumb toolbar located via window enumeration (hwnd=00000000032801FC)
[2025-11-27T14:35:18.157Z][pid 12764][tid 31500] INFO Explorer pane creation watch cleared (view=00000000002125CC)
[2025-11-27T14:35:18.158Z][pid 12764][tid 31500] INFO Cleared Open In New Tab pending state
[2025-11-27T14:35:18.159Z][pid 12764][tid 31500] INFO Installed shell view window subclass (view=00000000002125CC)
[2025-11-27T14:35:18.159Z][pid 12764][tid 31500] INFO Installed explorer frame subclass (frame=00000000026D2580)
[2025-11-27T14:35:18.159Z][pid 12764][tid 31500] INFO Cleared Open In New Tab pending state
[2025-11-27T14:35:18.160Z][pid 12764][tid 31500] INFO Explorer view base subclass ready (view=00000000002125CC frame=00000000026D2580)
[2025-11-27T14:35:18.160Z][pid 12764][tid 31500] VERBOSE DirectUI IUIElement unavailable (hr=0x80004001)
[2025-11-27T14:35:18.160Z][pid 12764][tid 31500] INFO Installed explorer DirectUI host subclass (direct=0000000000142480)
[2025-11-27T14:35:18.161Z][pid 12764][tid 31500] INFO Installed explorer tree view subclass (tree=00000000025C2AB0)
[2025-11-27T14:35:18.167Z][pid 12764][tid 31500] INFO Explorer pane creation watch armed (view=00000000002125CC list=1 tree=0)
[2025-11-27T14:35:18.167Z][pid 12764][tid 31500] INFO Explorer pane fallback timer armed (view=00000000002125CC delay=500)
[2025-11-27T14:35:18.167Z][pid 12764][tid 31500] INFO Explorer panes not ready: list view missing (view=00000000002125CC)
[2025-11-27T14:35:18.167Z][pid 12764][tid 31500] INFO Explorer pane retry timer armed (view=00000000002125CC delay=500 attempts=1)
[2025-11-27T14:35:18.186Z][pid 12764][tid 41760] INFO TabBand::UpdateTabsUI applying 1 items
[2025-11-27T14:35:18.189Z][pid 12764][tid 31500] INFO Installed explorer list host subclass (host=00000000026D2580)
[2025-11-27T14:35:18.190Z][pid 12764][tid 31500] INFO Installed explorer list host subclass (host=00000000002124FA)
[2025-11-27T14:35:18.190Z][pid 12764][tid 31500] INFO Installed explorer list host subclass (host=0000000000212508)
[2025-11-27T14:35:18.191Z][pid 12764][tid 31500] INFO Installed explorer list host subclass (host=00000000006826FA)
[2025-11-27T14:35:18.191Z][pid 12764][tid 31500] INFO Installed explorer list host subclass (host=0000000000EB2C82)
[2025-11-27T14:35:18.192Z][pid 12764][tid 41760] INFO Breadcrumb QueryService(IShellBrowser) failed: 0x80004001
[2025-11-27T14:35:18.192Z][pid 12764][tid 41760] INFO Breadcrumb ribbon frame discovered via IShellBrowser (hwnd=00000000004F0474)
[2025-11-27T14:35:18.194Z][pid 12764][tid 41760] INFO Breadcrumb ribbon frame discovered via IWebBrowser2 (hwnd=00000000004F0474)
[2025-11-27T14:35:18.196Z][pid 12764][tid 41760] INFO Breadcrumb toolbar located via window enumeration (hwnd=00000000009124D2)
[2025-11-27T14:35:18.200Z][pid 12764][tid 41760] INFO Explorer pane creation watch cleared (view=0000000000F4203A)
[2025-11-27T14:35:18.201Z][pid 12764][tid 41760] INFO Cleared Open In New Tab pending state
[2025-11-27T14:35:18.201Z][pid 12764][tid 41760] INFO Installed shell view window subclass (view=0000000000F4203A)
[2025-11-27T14:35:18.202Z][pid 12764][tid 41760] INFO Installed explorer frame subclass (frame=00000000014B276C)
[2025-11-27T14:35:18.202Z][pid 12764][tid 41760] INFO Cleared Open In New Tab pending state
[2025-11-27T14:35:18.203Z][pid 12764][tid 41760] INFO Explorer view base subclass ready (view=0000000000F4203A frame=00000000014B276C)
[2025-11-27T14:35:18.203Z][pid 12764][tid 41760] VERBOSE DirectUI IUIElement unavailable (hr=0x80004001)
[2025-11-27T14:35:18.203Z][pid 12764][tid 41760] INFO Installed explorer DirectUI host subclass (direct=0000000000FE2E0C)
[2025-11-27T14:35:18.204Z][pid 12764][tid 41760] INFO Installed explorer tree view subclass (tree=00000000003925FE)
[2025-11-27T14:35:18.210Z][pid 12764][tid 41760] INFO Explorer pane creation watch armed (view=0000000000F4203A list=1 tree=0)
[2025-11-27T14:35:18.210Z][pid 12764][tid 41760] INFO Explorer pane fallback timer armed (view=0000000000F4203A delay=500)
[2025-11-27T14:35:18.210Z][pid 12764][tid 41760] INFO Explorer panes not ready: list view missing (view=0000000000F4203A)
[2025-11-27T14:35:18.211Z][pid 12764][tid 41760] INFO Explorer pane retry timer armed (view=0000000000F4203A delay=500 attempts=1)
[2025-11-27T14:35:18.231Z][pid 12764][tid 41760] INFO Installed explorer list host subclass (host=00000000014B276C)
[2025-11-27T14:35:18.232Z][pid 12764][tid 41760] INFO Installed explorer list host subclass (host=00000000007A2798)
[2025-11-27T14:35:18.232Z][pid 12764][tid 41760] INFO Installed explorer list host subclass (host=00000000026F0734)
[2025-11-27T14:35:18.233Z][pid 12764][tid 41760] INFO Installed explorer list host subclass (host=00000000004F0474)
[2025-11-27T14:35:18.233Z][pid 12764][tid 41760] INFO Installed explorer list host subclass (host=0000000002E906D8)
[2025-11-27T14:35:18.477Z][pid 12764][tid 32176] INFO TabBand::UpdateTabsUI applying 1 items
[2025-11-27T14:35:18.486Z][pid 12764][tid 32176] INFO Breadcrumb QueryService(IShellBrowser) failed: 0x80004001
[2025-11-27T14:35:18.486Z][pid 12764][tid 32176] INFO Breadcrumb ribbon frame discovered via IShellBrowser (hwnd=0000000001142E4E)
[2025-11-27T14:35:18.488Z][pid 12764][tid 32176] INFO Breadcrumb ribbon frame discovered via IWebBrowser2 (hwnd=0000000001142E4E)
[2025-11-27T14:35:18.489Z][pid 12764][tid 32176] INFO Breadcrumb toolbar located via window enumeration (hwnd=00000000008D1634)
[2025-11-27T14:35:18.490Z][pid 12764][tid 32176] INFO Installed breadcrumb gradient subclass on hwnd=00000000008D1634
[2025-11-27T14:35:18.492Z][pid 12764][tid 32176] INFO Installed progress gradient subclass on hwnd=0000000003A42606
[2025-11-27T14:35:18.494Z][pid 12764][tid 32176] INFO Cleared Open In New Tab pending state
[2025-11-27T14:35:18.494Z][pid 12764][tid 32176] INFO Installed shell view window subclass (view=0000000000360730)
[2025-11-27T14:35:18.495Z][pid 12764][tid 32176] INFO Installed explorer frame subclass (frame=0000000000810492)
[2025-11-27T14:35:18.495Z][pid 12764][tid 32176] INFO Cleared Open In New Tab pending state
[2025-11-27T14:35:18.495Z][pid 12764][tid 32176] INFO Explorer view base subclass ready (view=0000000000360730 frame=0000000000810492)
[2025-11-27T14:35:18.495Z][pid 12764][tid 32176] VERBOSE DirectUI IUIElement unavailable (hr=0x80004001)
[2025-11-27T14:35:18.495Z][pid 12764][tid 32176] INFO Installed explorer DirectUI host subclass (direct=000000000059244E)
[2025-11-27T14:35:18.497Z][pid 12764][tid 32176] INFO Installed explorer tree view subclass (tree=000000000061267C)
[2025-11-27T14:35:18.502Z][pid 12764][tid 32176] INFO Explorer pane creation watch armed (view=0000000000360730 list=1 tree=0)
[2025-11-27T14:35:18.502Z][pid 12764][tid 32176] INFO Explorer pane fallback timer armed (view=0000000000360730 delay=500)
[2025-11-27T14:35:18.502Z][pid 12764][tid 32176] INFO Explorer panes not ready: list view missing (view=0000000000360730)
[2025-11-27T14:35:18.503Z][pid 12764][tid 32176] INFO Explorer pane retry timer armed (view=0000000000360730 delay=500 attempts=1)
[2025-11-27T14:35:18.503Z][pid 12764][tid 32176] INFO TabBand::UpdateTabsUI applying 1 items
[2025-11-27T14:35:18.506Z][pid 12764][tid 32176] INFO Breadcrumb gradients enabled; locating toolbar (installed=1 background=0 text=1)
[2025-11-27T14:35:18.506Z][pid 12764][tid 32176] INFO Breadcrumb QueryService(IShellBrowser) failed: 0x80004001
[2025-11-27T14:35:18.506Z][pid 12764][tid 32176] INFO Breadcrumb ribbon frame discovered via IShellBrowser (hwnd=0000000001142E4E)
[2025-11-27T14:35:18.508Z][pid 12764][tid 32176] INFO Breadcrumb ribbon frame discovered via IWebBrowser2 (hwnd=0000000001142E4E)
[2025-11-27T14:35:18.510Z][pid 12764][tid 32176] INFO Breadcrumb toolbar located via window enumeration (hwnd=00000000008D1634)
[2025-11-27T14:35:18.512Z][pid 12764][tid 32176] INFO Explorer pane creation watch cleared (view=0000000000360730)
[2025-11-27T14:35:18.514Z][pid 12764][tid 32176] INFO Cleared Open In New Tab pending state
[2025-11-27T14:35:18.514Z][pid 12764][tid 32176] INFO Installed shell view window subclass (view=0000000000360730)
[2025-11-27T14:35:18.515Z][pid 12764][tid 32176] INFO Installed explorer frame subclass (frame=0000000000810492)
[2025-11-27T14:35:18.515Z][pid 12764][tid 32176] INFO Cleared Open In New Tab pending state
[2025-11-27T14:35:18.515Z][pid 12764][tid 32176] INFO Explorer view base subclass ready (view=0000000000360730 frame=0000000000810492)
[2025-11-27T14:35:18.516Z][pid 12764][tid 32176] VERBOSE DirectUI IUIElement unavailable (hr=0x80004001)
[2025-11-27T14:35:18.516Z][pid 12764][tid 32176] INFO Installed explorer DirectUI host subclass (direct=000000000059244E)
[2025-11-27T14:35:18.518Z][pid 12764][tid 32176] INFO Installed explorer tree view subclass (tree=000000000061267C)
[2025-11-27T14:35:18.524Z][pid 12764][tid 32176] INFO Explorer pane creation watch armed (view=0000000000360730 list=1 tree=0)
[2025-11-27T14:35:18.525Z][pid 12764][tid 32176] INFO Explorer pane fallback timer armed (view=0000000000360730 delay=500)
[2025-11-27T14:35:18.525Z][pid 12764][tid 32176] INFO Explorer panes not ready: list view missing (view=0000000000360730)
[2025-11-27T14:35:18.525Z][pid 12764][tid 32176] INFO Explorer pane retry timer armed (view=0000000000360730 delay=500 attempts=1)
[2025-11-27T14:35:18.578Z][pid 12764][tid 31500] INFO Explorer status bar discovered (hwnd=00000000019B3240)
[2025-11-27T14:35:18.590Z][pid 12764][tid 31500] INFO Status bar theme background updated (hwnd=00000000019B3240 new=0x00FFFFFF)
[2025-11-27T14:35:18.590Z][pid 12764][tid 31500] INFO Status bar theme text color updated (hwnd=00000000019B3240 new=0x00000000)
[2025-11-27T14:35:18.636Z][pid 12764][tid 34708] INFO TabBand::HandleInitializationResult applying sequence 1
[2025-11-27T14:35:18.640Z][pid 12764][tid 34708] INFO TabBand::RestoreSession loaded 0 groups
[2025-11-27T14:35:18.640Z][pid 12764][tid 34708] INFO TabBand::UpdateTabsUI applying 1 items
[2025-11-27T14:35:18.738Z][pid 12764][tid 32176] INFO Installed explorer list host subclass (host=0000000000810492)
[2025-11-27T14:35:18.739Z][pid 12764][tid 32176] INFO Installed explorer list host subclass (host=0000000000DF26D2)
[2025-11-27T14:35:18.740Z][pid 12764][tid 32176] INFO Installed explorer list host subclass (host=00000000001F24B2)
[2025-11-27T14:35:18.741Z][pid 12764][tid 32176] INFO Installed explorer list host subclass (host=0000000001142E4E)
[2025-11-27T14:35:18.741Z][pid 12764][tid 32176] INFO Installed explorer list host subclass (host=00000000002F2604)
[2025-11-27T14:35:18.839Z][pid 12764][tid 31500] INFO Status bar theme background updated (hwnd=00000000019B3240 new=0x00191919)
[2025-11-27T14:35:18.839Z][pid 12764][tid 31500] INFO Status bar theme text color updated (hwnd=00000000019B3240 new=0x00FFFFFF)
[2025-11-27T14:35:18.891Z][pid 12764][tid 41760] INFO Explorer status bar discovered (hwnd=0000000003312CF0)
[2025-11-27T14:35:18.897Z][pid 12764][tid 41760] INFO Status bar theme background updated (hwnd=0000000003312CF0 new=0x00191919)
[2025-11-27T14:35:18.897Z][pid 12764][tid 41760] INFO Status bar theme text color updated (hwnd=0000000003312CF0 new=0x00FFFFFF)
[2025-11-27T14:35:19.005Z][pid 12764][tid 32176] INFO TabBand::UpdateTabsUI applying 1 items
[2025-11-27T14:35:19.010Z][pid 12764][tid 32176] INFO Breadcrumb QueryService(IShellBrowser) failed: 0x80004001
[2025-11-27T14:35:19.010Z][pid 12764][tid 32176] INFO Breadcrumb ribbon frame discovered via IShellBrowser (hwnd=0000000001142E4E)
[2025-11-27T14:35:19.011Z][pid 12764][tid 32176] INFO Breadcrumb ribbon frame discovered via IWebBrowser2 (hwnd=0000000001142E4E)
[2025-11-27T14:35:19.013Z][pid 12764][tid 32176] INFO Breadcrumb toolbar located via window enumeration (hwnd=00000000008D1634)
[2025-11-27T14:35:19.015Z][pid 12764][tid 32176] INFO Explorer pane creation watch cleared (view=0000000000360730)
[2025-11-27T14:35:19.016Z][pid 12764][tid 32176] INFO Cleared Open In New Tab pending state
[2025-11-27T14:35:19.016Z][pid 12764][tid 32176] INFO Installed shell view window subclass (view=0000000000360730)
[2025-11-27T14:35:19.016Z][pid 12764][tid 32176] INFO Installed explorer frame subclass (frame=0000000000810492)
[2025-11-27T14:35:19.017Z][pid 12764][tid 32176] INFO Cleared Open In New Tab pending state
[2025-11-27T14:35:19.017Z][pid 12764][tid 32176] INFO Explorer view base subclass ready (view=0000000000360730 frame=0000000000810492)
[2025-11-27T14:35:19.017Z][pid 12764][tid 32176] VERBOSE DirectUI IUIElement unavailable (hr=0x80004001)
[2025-11-27T14:35:19.017Z][pid 12764][tid 32176] INFO Installed explorer DirectUI host subclass (direct=000000000059244E)
[2025-11-27T14:35:19.018Z][pid 12764][tid 32176] INFO Installed explorer tree view subclass (tree=000000000061267C)
[2025-11-27T14:35:19.025Z][pid 12764][tid 32176] INFO Explorer pane creation watch armed (view=0000000000360730 list=1 tree=0)
[2025-11-27T14:35:19.025Z][pid 12764][tid 32176] INFO Explorer pane fallback timer armed (view=0000000000360730 delay=500)
[2025-11-27T14:35:19.025Z][pid 12764][tid 32176] INFO Explorer panes not ready: list view missing (view=0000000000360730)
[2025-11-27T14:35:19.025Z][pid 12764][tid 32176] INFO Explorer pane retry timer armed (view=0000000000360730 delay=500 attempts=1)
[2025-11-27T14:35:19.046Z][pid 12764][tid 32176] INFO Installed explorer list host subclass (host=0000000000810492)
[2025-11-27T14:35:19.047Z][pid 12764][tid 32176] INFO Installed explorer list host subclass (host=0000000000DF26D2)
[2025-11-27T14:35:19.047Z][pid 12764][tid 32176] INFO Installed explorer list host subclass (host=00000000001F24B2)
[2025-11-27T14:35:19.048Z][pid 12764][tid 32176] INFO Installed explorer list host subclass (host=0000000001142E4E)
[2025-11-27T14:35:19.048Z][pid 12764][tid 32176] INFO Installed explorer list host subclass (host=00000000002F2604)
[2025-11-27T14:35:19.077Z][pid 12764][tid 36936] INFO TabBand::HandleInitializationResult applying sequence 1
[2025-11-27T14:35:19.081Z][pid 12764][tid 36936] INFO TabBand::RestoreSession loaded 0 groups
[2025-11-27T14:35:19.081Z][pid 12764][tid 36936] INFO TabBand::UpdateTabsUI applying 1 items
[2025-11-27T14:35:19.318Z][pid 12764][tid 32176] INFO Explorer status bar discovered (hwnd=00000000009F2C9E)
[2025-11-27T14:35:19.336Z][pid 12764][tid 32176] INFO Status bar theme background updated (hwnd=00000000009F2C9E new=0x004C4C4C)
[2025-11-27T14:35:19.336Z][pid 12764][tid 32176] INFO Status bar theme text color updated (hwnd=00000000009F2C9E new=0x00FFFFFF)
[2025-11-27T14:35:19.432Z][pid 12764][tid 36936] INFO TabBand::UpdateTabsUI applying 1 items
[2025-11-27T14:35:19.444Z][pid 12764][tid 36936] INFO Breadcrumb QueryService(IShellBrowser) failed: 0x80004001
[2025-11-27T14:35:19.444Z][pid 12764][tid 36936] INFO Breadcrumb ribbon frame discovered via IShellBrowser (hwnd=0000000001E0259A)
[2025-11-27T14:35:19.446Z][pid 12764][tid 36936] INFO Breadcrumb ribbon frame discovered via IWebBrowser2 (hwnd=0000000001E0259A)
[2025-11-27T14:35:19.448Z][pid 12764][tid 36936] INFO Breadcrumb toolbar located via window enumeration (hwnd=00000000024628A6)
[2025-11-27T14:35:19.448Z][pid 12764][tid 36936] INFO Installed breadcrumb gradient subclass on hwnd=00000000024628A6
[2025-11-27T14:35:19.451Z][pid 12764][tid 36936] INFO Installed progress gradient subclass on hwnd=00000000002224C4
[2025-11-27T14:35:19.453Z][pid 12764][tid 36936] INFO Cleared Open In New Tab pending state
[2025-11-27T14:35:19.454Z][pid 12764][tid 36936] INFO Installed shell view window subclass (view=00000000001023DE)
[2025-11-27T14:35:19.455Z][pid 12764][tid 36936] INFO Installed explorer frame subclass (frame=0000000000E42D64)
[2025-11-27T14:35:19.455Z][pid 12764][tid 36936] INFO Cleared Open In New Tab pending state
[2025-11-27T14:35:19.455Z][pid 12764][tid 36936] INFO Explorer view base subclass ready (view=00000000001023DE frame=0000000000E42D64)
[2025-11-27T14:35:19.456Z][pid 12764][tid 36936] VERBOSE DirectUI IUIElement unavailable (hr=0x80004001)
[2025-11-27T14:35:19.456Z][pid 12764][tid 36936] INFO Installed explorer DirectUI host subclass (direct=00000000001123DC)
[2025-11-27T14:35:19.459Z][pid 12764][tid 36936] INFO Installed explorer tree view subclass (tree=00000000001D23E2)
[2025-11-27T14:35:19.465Z][pid 12764][tid 36936] INFO Explorer pane creation watch armed (view=00000000001023DE list=1 tree=0)
[2025-11-27T14:35:19.465Z][pid 12764][tid 36936] INFO Explorer pane fallback timer armed (view=00000000001023DE delay=500)
[2025-11-27T14:35:19.465Z][pid 12764][tid 36936] INFO Explorer panes not ready: list view missing (view=00000000001023DE)
[2025-11-27T14:35:19.465Z][pid 12764][tid 36936] INFO Explorer pane retry timer armed (view=00000000001023DE delay=500 attempts=1)
[2025-11-27T14:35:19.466Z][pid 12764][tid 36936] INFO TabBand::UpdateTabsUI applying 1 items
[2025-11-27T14:35:19.469Z][pid 12764][tid 36936] INFO Breadcrumb gradients enabled; locating toolbar (installed=1 background=0 text=1)
[2025-11-27T14:35:19.469Z][pid 12764][tid 36936] INFO Breadcrumb QueryService(IShellBrowser) failed: 0x80004001
[2025-11-27T14:35:19.469Z][pid 12764][tid 36936] INFO Breadcrumb ribbon frame discovered via IShellBrowser (hwnd=0000000001E0259A)
[2025-11-27T14:35:19.470Z][pid 12764][tid 36936] INFO Breadcrumb ribbon frame discovered via IWebBrowser2 (hwnd=0000000001E0259A)
[2025-11-27T14:35:19.472Z][pid 12764][tid 36936] INFO Breadcrumb toolbar located via window enumeration (hwnd=00000000024628A6)
[2025-11-27T14:35:19.474Z][pid 12764][tid 36936] INFO Explorer pane creation watch cleared (view=00000000001023DE)
[2025-11-27T14:35:19.475Z][pid 12764][tid 36936] INFO Cleared Open In New Tab pending state
[2025-11-27T14:35:19.476Z][pid 12764][tid 36936] INFO Installed shell view window subclass (view=00000000001023DE)
[2025-11-27T14:35:19.476Z][pid 12764][tid 36936] INFO Installed explorer frame subclass (frame=0000000000E42D64)
[2025-11-27T14:35:19.476Z][pid 12764][tid 36936] INFO Cleared Open In New Tab pending state
[2025-11-27T14:35:19.477Z][pid 12764][tid 36936] INFO Explorer view base subclass ready (view=00000000001023DE frame=0000000000E42D64)
[2025-11-27T14:35:19.477Z][pid 12764][tid 36936] VERBOSE DirectUI IUIElement unavailable (hr=0x80004001)
[2025-11-27T14:35:19.477Z][pid 12764][tid 36936] INFO Installed explorer DirectUI host subclass (direct=00000000001123DC)
[2025-11-27T14:35:19.479Z][pid 12764][tid 36936] INFO Installed explorer tree view subclass (tree=00000000001D23E2)
[2025-11-27T14:35:19.484Z][pid 12764][tid 36936] INFO Explorer pane creation watch armed (view=00000000001023DE list=1 tree=0)
[2025-11-27T14:35:19.484Z][pid 12764][tid 36936] INFO Explorer pane fallback timer armed (view=00000000001023DE delay=500)
[2025-11-27T14:35:19.484Z][pid 12764][tid 36936] INFO Explorer panes not ready: list view missing (view=00000000001023DE)
[2025-11-27T14:35:19.484Z][pid 12764][tid 36936] INFO Explorer pane retry timer armed (view=00000000001023DE delay=500 attempts=1)
[2025-11-27T14:35:19.507Z][pid 12764][tid 30300] INFO TabBand::HandleInitializationResult applying sequence 1
[2025-11-27T14:35:19.510Z][pid 12764][tid 30300] INFO TabBand::RestoreSession loaded 0 groups
[2025-11-27T14:35:19.510Z][pid 12764][tid 30300] INFO TabBand::UpdateTabsUI applying 1 items
[2025-11-27T14:35:19.604Z][pid 12764][tid 32176] INFO Status bar theme background updated (hwnd=00000000009F2C9E new=0x00191919)
[2025-11-27T14:35:19.667Z][pid 12764][tid 36936] INFO Installed explorer list host subclass (host=0000000000E42D64)
[2025-11-27T14:35:19.668Z][pid 12764][tid 36936] INFO Installed explorer list host subclass (host=00000000001323BA)
[2025-11-27T14:35:19.668Z][pid 12764][tid 36936] INFO Installed explorer list host subclass (host=00000000001323C4)
[2025-11-27T14:35:19.669Z][pid 12764][tid 36936] INFO Installed explorer list host subclass (host=0000000001E0259A)
[2025-11-27T14:35:19.670Z][pid 12764][tid 36936] INFO Installed explorer list host subclass (host=00000000008C0524)
[2025-11-27T14:35:19.829Z][pid 12764][tid 30300] INFO TabBand::UpdateTabsUI applying 1 items
[2025-11-27T14:35:19.837Z][pid 12764][tid 30300] INFO Breadcrumb QueryService(IShellBrowser) failed: 0x80004001
[2025-11-27T14:35:19.837Z][pid 12764][tid 30300] INFO Breadcrumb ribbon frame discovered via IShellBrowser (hwnd=000000000320243C)
[2025-11-27T14:35:19.839Z][pid 12764][tid 30300] INFO Breadcrumb ribbon frame discovered via IWebBrowser2 (hwnd=000000000320243C)
[2025-11-27T14:35:19.841Z][pid 12764][tid 30300] INFO Breadcrumb toolbar located via window enumeration (hwnd=0000000001040942)
[2025-11-27T14:35:19.841Z][pid 12764][tid 30300] INFO Installed breadcrumb gradient subclass on hwnd=0000000001040942
[2025-11-27T14:35:19.843Z][pid 12764][tid 30300] INFO Installed progress gradient subclass on hwnd=000000000041255E
[2025-11-27T14:35:19.845Z][pid 12764][tid 30300] INFO Cleared Open In New Tab pending state
[2025-11-27T14:35:19.846Z][pid 12764][tid 30300] INFO Installed shell view window subclass (view=000000000014236C)
[2025-11-27T14:35:19.846Z][pid 12764][tid 30300] INFO Installed explorer frame subclass (frame=000000000028254E)
[2025-11-27T14:35:19.846Z][pid 12764][tid 30300] INFO Cleared Open In New Tab pending state
[2025-11-27T14:35:19.846Z][pid 12764][tid 30300] INFO Explorer view base subclass ready (view=000000000014236C frame=000000000028254E)
[2025-11-27T14:35:19.846Z][pid 12764][tid 30300] VERBOSE DirectUI IUIElement unavailable (hr=0x80004001)
[2025-11-27T14:35:19.847Z][pid 12764][tid 30300] INFO Installed explorer DirectUI host subclass (direct=000000000010236A)
[2025-11-27T14:35:19.848Z][pid 12764][tid 30300] INFO Installed explorer tree view subclass (tree=0000000000132346)
[2025-11-27T14:35:19.855Z][pid 12764][tid 30300] INFO Explorer pane creation watch armed (view=000000000014236C list=1 tree=0)
[2025-11-27T14:35:19.855Z][pid 12764][tid 30300] INFO Explorer pane fallback timer armed (view=000000000014236C delay=500)
[2025-11-27T14:35:19.855Z][pid 12764][tid 30300] INFO Explorer panes not ready: list view missing (view=000000000014236C)
[2025-11-27T14:35:19.855Z][pid 12764][tid 30300] INFO Explorer pane retry timer armed (view=000000000014236C delay=500 attempts=1)
[2025-11-27T14:35:19.855Z][pid 12764][tid 30300] INFO TabBand::UpdateTabsUI applying 1 items
[2025-11-27T14:35:19.858Z][pid 12764][tid 30300] INFO Breadcrumb gradients enabled; locating toolbar (installed=1 background=0 text=1)
[2025-11-27T14:35:19.858Z][pid 12764][tid 30300] INFO Breadcrumb QueryService(IShellBrowser) failed: 0x80004001
[2025-11-27T14:35:19.858Z][pid 12764][tid 30300] INFO Breadcrumb ribbon frame discovered via IShellBrowser (hwnd=000000000320243C)
[2025-11-27T14:35:19.860Z][pid 12764][tid 30300] INFO Breadcrumb ribbon frame discovered via IWebBrowser2 (hwnd=000000000320243C)
[2025-11-27T14:35:19.861Z][pid 12764][tid 30300] INFO Breadcrumb toolbar located via window enumeration (hwnd=0000000001040942)
[2025-11-27T14:35:19.863Z][pid 12764][tid 30300] INFO Explorer pane creation watch cleared (view=000000000014236C)
[2025-11-27T14:35:19.864Z][pid 12764][tid 30300] INFO Cleared Open In New Tab pending state
[2025-11-27T14:35:19.864Z][pid 12764][tid 30300] INFO Installed shell view window subclass (view=000000000014236C)
[2025-11-27T14:35:19.865Z][pid 12764][tid 30300] INFO Installed explorer frame subclass (frame=000000000028254E)
[2025-11-27T14:35:19.865Z][pid 12764][tid 30300] INFO Cleared Open In New Tab pending state
[2025-11-27T14:35:19.865Z][pid 12764][tid 30300] INFO Explorer view base subclass ready (view=000000000014236C frame=000000000028254E)
[2025-11-27T14:35:19.865Z][pid 12764][tid 30300] VERBOSE DirectUI IUIElement unavailable (hr=0x80004001)
[2025-11-27T14:35:19.865Z][pid 12764][tid 30300] INFO Installed explorer DirectUI host subclass (direct=000000000010236A)
[2025-11-27T14:35:19.867Z][pid 12764][tid 30300] INFO Installed explorer tree view subclass (tree=0000000000132346)
[2025-11-27T14:35:19.872Z][pid 12764][tid 30300] INFO Explorer pane creation watch armed (view=000000000014236C list=1 tree=0)
[2025-11-27T14:35:19.873Z][pid 12764][tid 30300] INFO Explorer pane fallback timer armed (view=000000000014236C delay=500)
[2025-11-27T14:35:19.873Z][pid 12764][tid 30300] INFO Explorer panes not ready: list view missing (view=000000000014236C)
[2025-11-27T14:35:19.873Z][pid 12764][tid 30300] INFO Explorer pane retry timer armed (view=000000000014236C delay=500 attempts=1)
[2025-11-27T14:35:19.941Z][pid 12764][tid 38248] INFO TabBand::HandleInitializationResult applying sequence 1
[2025-11-27T14:35:19.944Z][pid 12764][tid 38248] INFO TabBand::RestoreSession loaded 0 groups
[2025-11-27T14:35:19.944Z][pid 12764][tid 38248] INFO TabBand::UpdateTabsUI applying 1 items
[2025-11-27T14:35:19.980Z][pid 12764][tid 36936] INFO TabBand::UpdateTabsUI applying 1 items
[2025-11-27T14:35:19.985Z][pid 12764][tid 36936] INFO Breadcrumb QueryService(IShellBrowser) failed: 0x80004001
[2025-11-27T14:35:19.985Z][pid 12764][tid 36936] INFO Breadcrumb ribbon frame discovered via IShellBrowser (hwnd=0000000001E0259A)
[2025-11-27T14:35:19.987Z][pid 12764][tid 36936] INFO Breadcrumb ribbon frame discovered via IWebBrowser2 (hwnd=0000000001E0259A)
[2025-11-27T14:35:19.989Z][pid 12764][tid 36936] INFO Breadcrumb toolbar located via window enumeration (hwnd=00000000024628A6)
[2025-11-27T14:35:19.991Z][pid 12764][tid 36936] INFO Explorer pane creation watch cleared (view=00000000001023DE)
[2025-11-27T14:35:19.992Z][pid 12764][tid 36936] INFO Cleared Open In New Tab pending state
[2025-11-27T14:35:19.993Z][pid 12764][tid 36936] INFO Installed shell view window subclass (view=00000000001023DE)
[2025-11-27T14:35:19.993Z][pid 12764][tid 36936] INFO Installed explorer frame subclass (frame=0000000000E42D64)
[2025-11-27T14:35:19.993Z][pid 12764][tid 36936] INFO Cleared Open In New Tab pending state
[2025-11-27T14:35:19.993Z][pid 12764][tid 36936] INFO Explorer view base subclass ready (view=00000000001023DE frame=0000000000E42D64)
[2025-11-27T14:35:19.993Z][pid 12764][tid 36936] VERBOSE DirectUI IUIElement unavailable (hr=0x80004001)
[2025-11-27T14:35:19.994Z][pid 12764][tid 36936] INFO Installed explorer DirectUI host subclass (direct=00000000001123DC)
[2025-11-27T14:35:19.995Z][pid 12764][tid 36936] INFO Installed explorer tree view subclass (tree=00000000001D23E2)
[2025-11-27T14:35:19.999Z][pid 12764][tid 36936] INFO Explorer pane creation watch armed (view=00000000001023DE list=1 tree=0)
[2025-11-27T14:35:19.999Z][pid 12764][tid 36936] INFO Explorer pane fallback timer armed (view=00000000001023DE delay=500)
[2025-11-27T14:35:19.999Z][pid 12764][tid 36936] INFO Explorer panes not ready: list view missing (view=00000000001023DE)
[2025-11-27T14:35:19.999Z][pid 12764][tid 36936] INFO Explorer pane retry timer armed (view=00000000001023DE delay=500 attempts=1)
[2025-11-27T14:35:20.016Z][pid 12764][tid 36936] INFO Installed explorer list host subclass (host=0000000000E42D64)
[2025-11-27T14:35:20.017Z][pid 12764][tid 36936] INFO Installed explorer list host subclass (host=00000000001323BA)
[2025-11-27T14:35:20.017Z][pid 12764][tid 36936] INFO Installed explorer list host subclass (host=00000000001323C4)
[2025-11-27T14:35:20.018Z][pid 12764][tid 36936] INFO Installed explorer list host subclass (host=0000000001E0259A)
[2025-11-27T14:35:20.018Z][pid 12764][tid 36936] INFO Installed explorer list host subclass (host=00000000008C0524)
[2025-11-27T14:35:20.041Z][pid 12764][tid 30300] INFO Installed explorer list host subclass (host=000000000028254E)
[2025-11-27T14:35:20.042Z][pid 12764][tid 30300] INFO Installed explorer list host subclass (host=000000000013236E)
[2025-11-27T14:35:20.042Z][pid 12764][tid 30300] INFO Installed explorer list host subclass (host=0000000000112374)
[2025-11-27T14:35:20.043Z][pid 12764][tid 30300] INFO Installed explorer list host subclass (host=000000000320243C)
[2025-11-27T14:35:20.044Z][pid 12764][tid 30300] INFO Installed explorer list host subclass (host=00000000004D21A2)
[2025-11-27T14:35:20.156Z][pid 12764][tid 32912] WARN Status bar custom draw timeout; skipping forced hooks to avoid instability (hwnd=0000000000440AA4)
[2025-11-27T14:35:20.206Z][pid 12764][tid 38248] INFO TabBand::UpdateTabsUI applying 1 items
[2025-11-27T14:35:20.215Z][pid 12764][tid 38248] INFO Breadcrumb QueryService(IShellBrowser) failed: 0x80004001
[2025-11-27T14:35:20.215Z][pid 12764][tid 38248] INFO Breadcrumb ribbon frame discovered via IShellBrowser (hwnd=00000000003F2502)
[2025-11-27T14:35:20.216Z][pid 12764][tid 38248] INFO Breadcrumb ribbon frame discovered via IWebBrowser2 (hwnd=00000000003F2502)
[2025-11-27T14:35:20.217Z][pid 12764][tid 38248] INFO Breadcrumb toolbar located via window enumeration (hwnd=0000000000A427CC)
[2025-11-27T14:35:20.218Z][pid 12764][tid 38248] INFO Installed breadcrumb gradient subclass on hwnd=0000000000A427CC
[2025-11-27T14:35:20.220Z][pid 12764][tid 38248] INFO Installed progress gradient subclass on hwnd=00000000011F286A
[2025-11-27T14:35:20.221Z][pid 12764][tid 38248] INFO Cleared Open In New Tab pending state
[2025-11-27T14:35:20.222Z][pid 12764][tid 38248] INFO Installed shell view window subclass (view=0000000000162350)
[2025-11-27T14:35:20.222Z][pid 12764][tid 38248] INFO Installed explorer frame subclass (frame=000000000098249E)
[2025-11-27T14:35:20.222Z][pid 12764][tid 38248] INFO Cleared Open In New Tab pending state
[2025-11-27T14:35:20.223Z][pid 12764][tid 38248] INFO Explorer view base subclass ready (view=0000000000162350 frame=000000000098249E)
[2025-11-27T14:35:20.223Z][pid 12764][tid 38248] VERBOSE DirectUI IUIElement unavailable (hr=0x80004001)
[2025-11-27T14:35:20.223Z][pid 12764][tid 38248] INFO Installed explorer DirectUI host subclass (direct=00000000001A0D9A)
[2025-11-27T14:35:20.224Z][pid 12764][tid 38248] INFO Installed explorer tree view subclass (tree=0000000000152332)
[2025-11-27T14:35:20.228Z][pid 12764][tid 38248] INFO Explorer pane creation watch armed (view=0000000000162350 list=1 tree=0)
[2025-11-27T14:35:20.228Z][pid 12764][tid 38248] INFO Explorer pane fallback timer armed (view=0000000000162350 delay=500)
[2025-11-27T14:35:20.229Z][pid 12764][tid 38248] INFO Explorer panes not ready: list view missing (view=0000000000162350)
[2025-11-27T14:35:20.229Z][pid 12764][tid 38248] INFO Explorer pane retry timer armed (view=0000000000162350 delay=500 attempts=1)
[2025-11-27T14:35:20.229Z][pid 12764][tid 38248] INFO TabBand::UpdateTabsUI applying 1 items
[2025-11-27T14:35:20.231Z][pid 12764][tid 38248] INFO Breadcrumb gradients enabled; locating toolbar (installed=1 background=0 text=1)
[2025-11-27T14:35:20.231Z][pid 12764][tid 38248] INFO Breadcrumb QueryService(IShellBrowser) failed: 0x80004001
[2025-11-27T14:35:20.231Z][pid 12764][tid 38248] INFO Breadcrumb ribbon frame discovered via IShellBrowser (hwnd=00000000003F2502)
[2025-11-27T14:35:20.232Z][pid 12764][tid 38248] INFO Breadcrumb ribbon frame discovered via IWebBrowser2 (hwnd=00000000003F2502)
[2025-11-27T14:35:20.234Z][pid 12764][tid 38248] INFO Breadcrumb toolbar located via window enumeration (hwnd=0000000000A427CC)
[2025-11-27T14:35:20.236Z][pid 12764][tid 38248] INFO Explorer pane creation watch cleared (view=0000000000162350)
[2025-11-27T14:35:20.236Z][pid 12764][tid 38248] INFO Cleared Open In New Tab pending state
[2025-11-27T14:35:20.237Z][pid 12764][tid 38248] INFO Installed shell view window subclass (view=0000000000162350)
[2025-11-27T14:35:20.237Z][pid 12764][tid 38248] INFO Installed explorer frame subclass (frame=000000000098249E)
[2025-11-27T14:35:20.237Z][pid 12764][tid 38248] INFO Cleared Open In New Tab pending state
[2025-11-27T14:35:20.237Z][pid 12764][tid 38248] INFO Explorer view base subclass ready (view=0000000000162350 frame=000000000098249E)
[2025-11-27T14:35:20.238Z][pid 12764][tid 38248] VERBOSE DirectUI IUIElement unavailable (hr=0x80004001)
[2025-11-27T14:35:20.238Z][pid 12764][tid 38248] INFO Installed explorer DirectUI host subclass (direct=00000000001A0D9A)
[2025-11-27T14:35:20.239Z][pid 12764][tid 38248] INFO Installed explorer tree view subclass (tree=0000000000152332)
[2025-11-27T14:35:20.243Z][pid 12764][tid 38248] INFO Explorer pane creation watch armed (view=0000000000162350 list=1 tree=0)
[2025-11-27T14:35:20.243Z][pid 12764][tid 38248] INFO Explorer pane fallback timer armed (view=0000000000162350 delay=500)
[2025-11-27T14:35:20.243Z][pid 12764][tid 38248] INFO Explorer panes not ready: list view missing (view=0000000000162350)
[2025-11-27T14:35:20.243Z][pid 12764][tid 38248] INFO Explorer pane retry timer armed (view=0000000000162350 delay=500 attempts=1)
[2025-11-27T14:35:20.351Z][pid 12764][tid 30300] INFO TabBand::UpdateTabsUI applying 1 items
[2025-11-27T14:35:20.356Z][pid 12764][tid 30300] INFO Breadcrumb QueryService(IShellBrowser) failed: 0x80004001
[2025-11-27T14:35:20.356Z][pid 12764][tid 30300] INFO Breadcrumb ribbon frame discovered via IShellBrowser (hwnd=000000000320243C)
[2025-11-27T14:35:20.357Z][pid 12764][tid 30300] INFO Breadcrumb ribbon frame discovered via IWebBrowser2 (hwnd=000000000320243C)
[2025-11-27T14:35:20.359Z][pid 12764][tid 30300] INFO Breadcrumb toolbar located via window enumeration (hwnd=0000000001040942)
[2025-11-27T14:35:20.360Z][pid 12764][tid 30300] INFO Explorer pane creation watch cleared (view=000000000014236C)
[2025-11-27T14:35:20.361Z][pid 12764][tid 30300] INFO Cleared Open In New Tab pending state
[2025-11-27T14:35:20.361Z][pid 12764][tid 30300] INFO Installed shell view window subclass (view=000000000014236C)
[2025-11-27T14:35:20.361Z][pid 12764][tid 30300] INFO Installed explorer frame subclass (frame=000000000028254E)
[2025-11-27T14:35:20.361Z][pid 12764][tid 30300] INFO Cleared Open In New Tab pending state
[2025-11-27T14:35:20.361Z][pid 12764][tid 30300] INFO Explorer view base subclass ready (view=000000000014236C frame=000000000028254E)
[2025-11-27T14:35:20.362Z][pid 12764][tid 30300] VERBOSE DirectUI IUIElement unavailable (hr=0x80004001)
[2025-11-27T14:35:20.362Z][pid 12764][tid 30300] INFO Installed explorer DirectUI host subclass (direct=000000000010236A)
[2025-11-27T14:35:20.363Z][pid 12764][tid 30300] INFO Installed explorer tree view subclass (tree=0000000000132346)
[2025-11-27T14:35:20.367Z][pid 12764][tid 30300] INFO Explorer pane creation watch armed (view=000000000014236C list=1 tree=0)
[2025-11-27T14:35:20.367Z][pid 12764][tid 30300] INFO Explorer pane fallback timer armed (view=000000000014236C delay=500)
[2025-11-27T14:35:20.367Z][pid 12764][tid 30300] INFO Explorer panes not ready: list view missing (view=000000000014236C)
[2025-11-27T14:35:20.367Z][pid 12764][tid 30300] INFO Explorer pane retry timer armed (view=000000000014236C delay=500 attempts=1)
[2025-11-27T14:35:20.379Z][pid 12764][tid 30300] INFO Installed explorer list host subclass (host=000000000028254E)
[2025-11-27T14:35:20.380Z][pid 12764][tid 30300] INFO Installed explorer list host subclass (host=000000000013236E)
[2025-11-27T14:35:20.381Z][pid 12764][tid 30300] INFO Installed explorer list host subclass (host=0000000000112374)
[2025-11-27T14:35:20.381Z][pid 12764][tid 30300] INFO Installed explorer list host subclass (host=000000000320243C)
[2025-11-27T14:35:20.382Z][pid 12764][tid 30300] INFO Installed explorer list host subclass (host=00000000004D21A2)
[2025-11-27T14:35:20.461Z][pid 12764][tid 36936] INFO Explorer status bar discovered (hwnd=0000000001BA0866)
[2025-11-27T14:35:20.475Z][pid 12764][tid 36936] INFO Status bar theme background updated (hwnd=0000000001BA0866 new=0x00D8D8D8)
[2025-11-27T14:35:20.475Z][pid 12764][tid 36936] INFO Status bar theme text color updated (hwnd=0000000001BA0866 new=0x00000000)
[2025-11-27T14:35:20.555Z][pid 12764][tid 38248] INFO Installed explorer list host subclass (host=000000000098249E)
[2025-11-27T14:35:20.556Z][pid 12764][tid 38248] INFO Installed explorer list host subclass (host=00000000001D27D8)
[2025-11-27T14:35:20.556Z][pid 12764][tid 38248] INFO Installed explorer list host subclass (host=0000000000152334)
[2025-11-27T14:35:20.557Z][pid 12764][tid 38248] INFO Installed explorer list host subclass (host=00000000003F2502)
[2025-11-27T14:35:20.557Z][pid 12764][tid 38248] INFO Installed explorer list host subclass (host=0000000000502598)
[2025-11-27T14:35:20.619Z][pid 12764][tid 36936] INFO Status bar theme background updated (hwnd=0000000001BA0866 new=0x00191919)
[2025-11-27T14:35:20.619Z][pid 12764][tid 36936] INFO Status bar theme text color updated (hwnd=0000000001BA0866 new=0x00FFFFFF)
[2025-11-27T14:35:20.745Z][pid 12764][tid 38248] INFO TabBand::UpdateTabsUI applying 1 items
[2025-11-27T14:35:20.748Z][pid 12764][tid 38248] INFO Breadcrumb QueryService(IShellBrowser) failed: 0x80004001
[2025-11-27T14:35:20.748Z][pid 12764][tid 38248] INFO Breadcrumb ribbon frame discovered via IShellBrowser (hwnd=00000000003F2502)
[2025-11-27T14:35:20.749Z][pid 12764][tid 38248] INFO Breadcrumb ribbon frame discovered via IWebBrowser2 (hwnd=00000000003F2502)
[2025-11-27T14:35:20.750Z][pid 12764][tid 38248] INFO Breadcrumb toolbar located via window enumeration (hwnd=0000000000A427CC)
[2025-11-27T14:35:20.752Z][pid 12764][tid 38248] INFO Explorer pane creation watch cleared (view=0000000000162350)
[2025-11-27T14:35:20.752Z][pid 12764][tid 38248] INFO Cleared Open In New Tab pending state
[2025-11-27T14:35:20.752Z][pid 12764][tid 38248] INFO Installed shell view window subclass (view=0000000000162350)
[2025-11-27T14:35:20.753Z][pid 12764][tid 38248] INFO Installed explorer frame subclass (frame=000000000098249E)
[2025-11-27T14:35:20.753Z][pid 12764][tid 38248] INFO Cleared Open In New Tab pending state
[2025-11-27T14:35:20.753Z][pid 12764][tid 38248] INFO Explorer view base subclass ready (view=0000000000162350 frame=000000000098249E)
[2025-11-27T14:35:20.753Z][pid 12764][tid 38248] VERBOSE DirectUI IUIElement unavailable (hr=0x80004001)
[2025-11-27T14:35:20.753Z][pid 12764][tid 38248] INFO Installed explorer DirectUI host subclass (direct=00000000001A0D9A)
[2025-11-27T14:35:20.754Z][pid 12764][tid 38248] INFO Installed explorer tree view subclass (tree=0000000000152332)
[2025-11-27T14:35:20.758Z][pid 12764][tid 38248] INFO Explorer pane creation watch armed (view=0000000000162350 list=1 tree=0)
[2025-11-27T14:35:20.758Z][pid 12764][tid 38248] INFO Explorer pane fallback timer armed (view=0000000000162350 delay=500)
[2025-11-27T14:35:20.759Z][pid 12764][tid 38248] INFO Explorer panes not ready: list view missing (view=0000000000162350)
[2025-11-27T14:35:20.759Z][pid 12764][tid 38248] INFO Explorer pane retry timer armed (view=0000000000162350 delay=500 attempts=1)
[2025-11-27T14:35:20.769Z][pid 12764][tid 38248] INFO Installed explorer list host subclass (host=000000000098249E)
[2025-11-27T14:35:20.770Z][pid 12764][tid 38248] INFO Installed explorer list host subclass (host=00000000001D27D8)
[2025-11-27T14:35:20.770Z][pid 12764][tid 38248] INFO Installed explorer list host subclass (host=0000000000152334)
[2025-11-27T14:35:20.770Z][pid 12764][tid 38248] INFO Installed explorer list host subclass (host=00000000003F2502)
[2025-11-27T14:35:20.771Z][pid 12764][tid 38248] INFO Installed explorer list host subclass (host=0000000000502598)
[2025-11-27T14:35:20.809Z][pid 12764][tid 30300] INFO Explorer status bar discovered (hwnd=00000000006E2488)
[2025-11-27T14:35:20.813Z][pid 12764][tid 30300] INFO Status bar theme background updated (hwnd=00000000006E2488 new=0x00191919)
[2025-11-27T14:35:20.814Z][pid 12764][tid 30300] INFO Status bar theme text color updated (hwnd=00000000006E2488 new=0x00FFFFFF)
[2025-11-27T14:35:21.057Z][pid 12764][tid 38248] INFO Explorer status bar discovered (hwnd=00000000011906E2)
[2025-11-27T14:35:21.072Z][pid 12764][tid 38248] INFO Status bar theme background updated (hwnd=00000000011906E2 new=0x00FFFFFF)
[2025-11-27T14:35:21.072Z][pid 12764][tid 38248] INFO Status bar theme text color updated (hwnd=00000000011906E2 new=0x00000000)
[2025-11-27T14:35:21.151Z][pid 12764][tid 38248] INFO Status bar theme background updated (hwnd=00000000011906E2 new=0x00191919)
[2025-11-27T14:35:21.151Z][pid 12764][tid 38248] INFO Status bar theme text color updated (hwnd=00000000011906E2 new=0x00FFFFFF)
[2025-11-27T14:35:21.278Z][pid 12764][tid 36936] INFO TabBand::DisconnectSite (this=000000002366FDF0)
[2025-11-27T14:35:21.282Z][pid 12764][tid 36936] INFO Breadcrumb CBT hook removed for thread 36936
[2025-11-27T14:35:21.282Z][pid 12764][tid 36936] INFO Explorer pane creation watch cleared (view=00000000001023DE)
[2025-11-27T14:35:21.283Z][pid 12764][tid 36936] INFO Status bar background reset (hwnd=0000000001BA0866 previous=0xFF000000)
[2025-11-27T14:35:21.283Z][pid 12764][tid 36936] INFO Cleared Open In New Tab pending state
[2025-11-27T14:35:21.312Z][pid 12764][tid 36936] INFO TabBand::SetSite begin (this=000000002366FDF0, site=0000000000000000)
[2025-11-27T14:35:21.312Z][pid 12764][tid 36936] INFO TabBand::SetSite site unchanged
[2025-11-27T14:35:21.313Z][pid 12764][tid 36936] INFO TabBand destroyed (this=000000002366FDF0)
[2025-11-27T14:35:21.313Z][pid 12764][tid 36936] INFO TabBand::DisconnectSite (this=000000002366FDF0)
[2025-11-27T14:35:21.313Z][pid 12764][tid 36936] INFO TabBand::EnsureSessionStore resolving storage (this=000000002366FDF0)
[2025-11-27T14:35:21.313Z][pid 12764][tid 36936] INFO TabBand::EnsureSessionStore window token unavailable; deferring initialization
[2025-11-27T14:35:21.419Z][pid 12764][tid 36936] INFO CExplorerBHO::SetSite detaching from site
[2025-11-27T14:35:21.419Z][pid 12764][tid 36936] INFO Cleared Open In New Tab pending state
[2025-11-27T14:35:21.420Z][pid 12764][tid 36936] INFO Cleared Open In New Tab pending state
[2025-11-27T14:35:21.847Z][pid 12764][tid 38248] INFO TabBand::DisconnectSite (this=0000000030222C90)
[2025-11-27T14:35:21.850Z][pid 12764][tid 38248] INFO Breadcrumb CBT hook removed for thread 38248
[2025-11-27T14:35:21.851Z][pid 12764][tid 38248] INFO Explorer pane creation watch cleared (view=0000000000162350)
[2025-11-27T14:35:21.851Z][pid 12764][tid 38248] INFO Status bar background reset (hwnd=00000000011906E2 previous=0xFF000000)
[2025-11-27T14:35:21.851Z][pid 12764][tid 38248] INFO Cleared Open In New Tab pending state
[2025-11-27T14:35:21.873Z][pid 12764][tid 38248] INFO TabBand::SetSite begin (this=0000000030222C90, site=0000000000000000)
[2025-11-27T14:35:21.873Z][pid 12764][tid 38248] INFO TabBand::SetSite site unchanged
[2025-11-27T14:35:21.874Z][pid 12764][tid 38248] INFO TabBand destroyed (this=0000000030222C90)
[2025-11-27T14:35:21.874Z][pid 12764][tid 38248] INFO TabBand::DisconnectSite (this=0000000030222C90)
[2025-11-27T14:35:21.874Z][pid 12764][tid 38248] INFO TabBand::EnsureSessionStore resolving storage (this=0000000030222C90)
[2025-11-27T14:35:21.874Z][pid 12764][tid 38248] INFO TabBand::EnsureSessionStore window token unavailable; deferring initialization
[2025-11-27T14:35:21.939Z][pid 12764][tid 38248] INFO CExplorerBHO::SetSite detaching from site
[2025-11-27T14:35:21.939Z][pid 12764][tid 38248] INFO Cleared Open In New Tab pending state
[2025-11-27T14:35:21.939Z][pid 12764][tid 38248] INFO Cleared Open In New Tab pending state
[2025-11-27T14:35:22.707Z][pid 12764][tid 32176] INFO Status bar theme background updated (hwnd=00000000009F2C9E new=0x00CCCCCC)
[2025-11-27T14:35:22.707Z][pid 12764][tid 32176] INFO Status bar theme text color updated (hwnd=00000000009F2C9E new=0x00000000)
[2025-11-27T14:35:22.769Z][pid 12764][tid 32176] INFO Status bar theme background updated (hwnd=00000000009F2C9E new=0x00191919)
[2025-11-27T14:35:22.769Z][pid 12764][tid 32176] INFO Status bar theme text color updated (hwnd=00000000009F2C9E new=0x00FFFFFF)
[2025-11-27T14:35:22.821Z][pid 12764][tid 32176] WARN Status bar custom draw timeout; skipping forced hooks to avoid instability (hwnd=00000000009F2C9E)
[2025-11-27T14:35:24.496Z][pid 12764][tid 32176] INFO TabBand::DisconnectSite (this=0000000023568B50)
[2025-11-27T14:35:24.501Z][pid 12764][tid 32176] INFO Breadcrumb CBT hook removed for thread 32176
[2025-11-27T14:35:24.502Z][pid 12764][tid 32176] INFO Explorer pane creation watch cleared (view=0000000000360730)
[2025-11-27T14:35:24.502Z][pid 12764][tid 32176] INFO Status bar background reset (hwnd=00000000009F2C9E previous=0xFF000000)
[2025-11-27T14:35:24.502Z][pid 12764][tid 32176] INFO Cleared Open In New Tab pending state
[2025-11-27T14:35:24.534Z][pid 12764][tid 32176] INFO TabBand::SetSite begin (this=0000000023568B50, site=0000000000000000)
[2025-11-27T14:35:24.534Z][pid 12764][tid 32176] INFO TabBand::SetSite site unchanged
[2025-11-27T14:35:24.534Z][pid 12764][tid 32176] INFO TabBand destroyed (this=0000000023568B50)
[2025-11-27T14:35:24.534Z][pid 12764][tid 32176] INFO TabBand::DisconnectSite (this=0000000023568B50)
[2025-11-27T14:35:24.534Z][pid 12764][tid 32176] INFO TabBand::EnsureSessionStore resolving storage (this=0000000023568B50)
[2025-11-27T14:35:24.534Z][pid 12764][tid 32176] INFO TabBand::EnsureSessionStore window token unavailable; deferring initialization
[2025-11-27T14:35:24.626Z][pid 12764][tid 32176] INFO CExplorerBHO::SetSite detaching from site
[2025-11-27T14:35:24.626Z][pid 12764][tid 32176] INFO Cleared Open In New Tab pending state
[2025-11-27T14:35:24.627Z][pid 12764][tid 32176] INFO Cleared Open In New Tab pending state
[2025-11-27T14:35:25.048Z][pid 12764][tid 30300] INFO TabBand::DisconnectSite (this=0000000030223FD0)
[2025-11-27T14:35:25.051Z][pid 12764][tid 30300] INFO Breadcrumb CBT hook removed for thread 30300
[2025-11-27T14:35:25.051Z][pid 12764][tid 30300] INFO Explorer pane creation watch cleared (view=000000000014236C)
[2025-11-27T14:35:25.051Z][pid 12764][tid 30300] INFO Status bar background reset (hwnd=00000000006E2488 previous=0xFF000000)
[2025-11-27T14:35:25.051Z][pid 12764][tid 30300] INFO Cleared Open In New Tab pending state
[2025-11-27T14:35:25.077Z][pid 12764][tid 30300] INFO TabBand::SetSite begin (this=0000000030223FD0, site=0000000000000000)
[2025-11-27T14:35:25.077Z][pid 12764][tid 30300] INFO TabBand::SetSite site unchanged
[2025-11-27T14:35:25.077Z][pid 12764][tid 30300] INFO TabBand destroyed (this=0000000030223FD0)
[2025-11-27T14:35:25.077Z][pid 12764][tid 30300] INFO TabBand::DisconnectSite (this=0000000030223FD0)
[2025-11-27T14:35:25.077Z][pid 12764][tid 30300] INFO TabBand::EnsureSessionStore resolving storage (this=0000000030223FD0)
[2025-11-27T14:35:25.077Z][pid 12764][tid 30300] INFO TabBand::EnsureSessionStore window token unavailable; deferring initialization
[2025-11-27T14:35:25.148Z][pid 12764][tid 30300] INFO CExplorerBHO::SetSite detaching from site
[2025-11-27T14:35:25.148Z][pid 12764][tid 30300] INFO Cleared Open In New Tab pending state
[2025-11-27T14:35:25.148Z][pid 12764][tid 30300] INFO Cleared Open In New Tab pending state
[2025-11-27T14:35:26.744Z][pid 12764][tid 34708] INFO TabBand::UpdateTabsUI applying 1 items
[2025-11-27T14:35:26.746Z][pid 12764][tid 34708] INFO Breadcrumb QueryService(IShellBrowser) failed: 0x80004001
[2025-11-27T14:35:26.746Z][pid 12764][tid 34708] INFO Breadcrumb ribbon frame discovered via IShellBrowser (hwnd=00000000023E2822)
[2025-11-27T14:35:26.746Z][pid 12764][tid 34708] INFO Breadcrumb ribbon frame discovered via IWebBrowser2 (hwnd=00000000023E2822)
[2025-11-27T14:35:26.746Z][pid 12764][tid 34708] INFO Breadcrumb toolbar located via window enumeration (hwnd=0000000005473434)
[2025-11-27T14:35:26.747Z][pid 12764][tid 34708] INFO Installed breadcrumb gradient subclass on hwnd=0000000005473434
[2025-11-27T14:35:26.747Z][pid 12764][tid 34708] INFO Installed progress gradient subclass on hwnd=0000000000CC2752
[2025-11-27T14:35:26.747Z][pid 12764][tid 34708] INFO Cleared Open In New Tab pending state
[2025-11-27T14:35:26.752Z][pid 12764][tid 34708] INFO CExplorerBHO::SetSite detaching from site
[2025-11-27T14:35:26.752Z][pid 12764][tid 34708] INFO Breadcrumb CBT hook removed for thread 34708
[2025-11-27T14:35:26.752Z][pid 12764][tid 34708] INFO Cleared Open In New Tab pending state
[2025-11-27T14:35:26.753Z][pid 12764][tid 34708] INFO Cleared Open In New Tab pending state
[2025-11-27T14:35:26.753Z][pid 12764][tid 34708] INFO TabBand::DisconnectSite (this=0000000023569E90)
[2025-11-27T14:35:26.767Z][pid 12764][tid 34708] INFO TabBand::SetSite begin (this=0000000023569E90, site=0000000000000000)
[2025-11-27T14:35:26.767Z][pid 12764][tid 34708] INFO TabBand::SetSite site unchanged
[2025-11-27T14:35:26.767Z][pid 12764][tid 34708] INFO TabBand destroyed (this=0000000023569E90)
[2025-11-27T14:35:26.767Z][pid 12764][tid 34708] INFO TabBand::DisconnectSite (this=0000000023569E90)
[2025-11-27T14:35:26.767Z][pid 12764][tid 34708] INFO TabBand::EnsureSessionStore resolving storage (this=0000000023569E90)
[2025-11-27T14:35:26.767Z][pid 12764][tid 34708] INFO TabBand::EnsureSessionStore window token unavailable; deferring initialization
[2025-11-27T14:35:27.902Z][pid 12764][tid 41760] INFO TabBand::DisconnectSite (this=00000000235647F0)
[2025-11-27T14:35:27.905Z][pid 12764][tid 41760] INFO Breadcrumb CBT hook removed for thread 41760
[2025-11-27T14:35:27.905Z][pid 12764][tid 41760] INFO Explorer pane creation watch cleared (view=0000000000F4203A)
[2025-11-27T14:35:27.905Z][pid 12764][tid 41760] INFO Status bar background reset (hwnd=0000000003312CF0 previous=0xFF000000)
[2025-11-27T14:35:27.905Z][pid 12764][tid 41760] INFO Cleared Open In New Tab pending state
[2025-11-27T14:35:27.930Z][pid 12764][tid 41760] INFO TabBand::SetSite begin (this=00000000235647F0, site=0000000000000000)
[2025-11-27T14:35:27.930Z][pid 12764][tid 41760] INFO TabBand::SetSite site unchanged
[2025-11-27T14:35:27.931Z][pid 12764][tid 41760] INFO TabBand destroyed (this=00000000235647F0)
[2025-11-27T14:35:27.931Z][pid 12764][tid 41760] INFO TabBand::DisconnectSite (this=00000000235647F0)
[2025-11-27T14:35:27.931Z][pid 12764][tid 41760] INFO TabBand::EnsureSessionStore resolving storage (this=00000000235647F0)
[2025-11-27T14:35:27.931Z][pid 12764][tid 41760] INFO TabBand::EnsureSessionStore window token unavailable; deferring initialization
[2025-11-27T14:35:27.996Z][pid 12764][tid 41760] INFO CExplorerBHO::SetSite detaching from site
[2025-11-27T14:35:27.996Z][pid 12764][tid 41760] INFO Cleared Open In New Tab pending state
[2025-11-27T14:35:27.996Z][pid 12764][tid 41760] INFO Cleared Open In New Tab pending state
[2025-11-27T14:35:28.449Z][pid 12764][tid 31500] INFO TabBand::DisconnectSite (this=0000000023560490)
[2025-11-27T14:35:28.455Z][pid 12764][tid 31500] INFO Breadcrumb CBT hook removed for thread 31500
[2025-11-27T14:35:28.455Z][pid 12764][tid 31500] INFO Explorer pane creation watch cleared (view=00000000002125CC)
[2025-11-27T14:35:28.455Z][pid 12764][tid 31500] INFO Status bar background reset (hwnd=00000000019B3240 previous=0xFF000000)
[2025-11-27T14:35:28.455Z][pid 12764][tid 31500] INFO Cleared Open In New Tab pending state
[2025-11-27T14:35:28.484Z][pid 12764][tid 31500] INFO TabBand::SetSite begin (this=0000000023560490, site=0000000000000000)
[2025-11-27T14:35:28.484Z][pid 12764][tid 31500] INFO TabBand::SetSite site unchanged
[2025-11-27T14:35:28.484Z][pid 12764][tid 31500] INFO TabBand destroyed (this=0000000023560490)
[2025-11-27T14:35:28.484Z][pid 12764][tid 31500] INFO TabBand::DisconnectSite (this=0000000023560490)
[2025-11-27T14:35:28.484Z][pid 12764][tid 31500] INFO TabBand::EnsureSessionStore resolving storage (this=0000000023560490)
[2025-11-27T14:35:28.484Z][pid 12764][tid 31500] INFO TabBand::EnsureSessionStore window token unavailable; deferring initialization
[2025-11-27T14:35:28.528Z][pid 12764][tid 31500] INFO CExplorerBHO::SetSite detaching from site
[2025-11-27T14:35:28.528Z][pid 12764][tid 31500] INFO Cleared Open In New Tab pending state
[2025-11-27T14:35:28.528Z][pid 12764][tid 31500] INFO Cleared Open In New Tab pending state
[2025-11-27T14:35:30.434Z][pid 12764][tid 36544] INFO TabBand::UpdateTabsUI applying 1 items
[2025-11-27T14:35:30.436Z][pid 12764][tid 36544] INFO Breadcrumb QueryService(IShellBrowser) failed: 0x80004001
[2025-11-27T14:35:30.437Z][pid 12764][tid 36544] INFO Breadcrumb ribbon frame discovered via IShellBrowser (hwnd=00000000021F2C04)
[2025-11-27T14:35:30.437Z][pid 12764][tid 36544] INFO Breadcrumb ribbon frame discovered via IWebBrowser2 (hwnd=00000000021F2C04)
[2025-11-27T14:35:30.437Z][pid 12764][tid 36544] INFO Breadcrumb toolbar located via window enumeration (hwnd=0000000001A404E0)
[2025-11-27T14:35:30.437Z][pid 12764][tid 36544] INFO Installed breadcrumb gradient subclass on hwnd=0000000001A404E0
[2025-11-27T14:35:30.437Z][pid 12764][tid 36544] INFO Installed progress gradient subclass on hwnd=0000000001C72764
[2025-11-27T14:35:30.438Z][pid 12764][tid 36544] INFO Cleared Open In New Tab pending state
[2025-11-27T14:35:30.447Z][pid 12764][tid 36544] INFO CExplorerBHO::SetSite detaching from site
[2025-11-27T14:35:30.447Z][pid 12764][tid 36544] INFO Breadcrumb CBT hook removed for thread 36544
[2025-11-27T14:35:30.447Z][pid 12764][tid 36544] INFO Cleared Open In New Tab pending state
[2025-11-27T14:35:30.447Z][pid 12764][tid 36544] INFO Cleared Open In New Tab pending state
[2025-11-27T14:35:30.450Z][pid 12764][tid 36544] INFO TabBand::DisconnectSite (this=00000000235681B0)
[2025-11-27T14:35:30.471Z][pid 12764][tid 36544] INFO TabBand::SetSite begin (this=00000000235681B0, site=0000000000000000)
[2025-11-27T14:35:30.471Z][pid 12764][tid 36544] INFO TabBand::SetSite site unchanged
[2025-11-27T14:35:30.471Z][pid 12764][tid 36544] INFO TabBand destroyed (this=00000000235681B0)
[2025-11-27T14:35:30.471Z][pid 12764][tid 36544] INFO TabBand::DisconnectSite (this=00000000235681B0)
[2025-11-27T14:35:30.471Z][pid 12764][tid 36544] INFO TabBand::EnsureSessionStore resolving storage (this=00000000235681B0)
[2025-11-27T14:35:30.472Z][pid 12764][tid 36544] INFO TabBand::EnsureSessionStore window token unavailable; deferring initialization
[2025-11-27T14:35:31.853Z][pid 12764][tid 32912] INFO TabBand::DisconnectSite (this=0000000023564320)
[2025-11-27T14:35:31.856Z][pid 12764][tid 32912] INFO Breadcrumb CBT hook removed for thread 32912
[2025-11-27T14:35:31.857Z][pid 12764][tid 32912] INFO Explorer pane creation watch cleared (view=00000000014E2886)
[2025-11-27T14:35:31.857Z][pid 12764][tid 32912] INFO Status bar background reset (hwnd=0000000000440AA4 previous=0xFF000000)
[2025-11-27T14:35:31.857Z][pid 12764][tid 32912] INFO Cleared Open In New Tab pending state
[2025-11-27T14:35:31.888Z][pid 12764][tid 32912] INFO TabBand::SetSite begin (this=0000000023564320, site=0000000000000000)
[2025-11-27T14:35:31.888Z][pid 12764][tid 32912] INFO TabBand::SetSite site unchanged
[2025-11-27T14:35:31.889Z][pid 12764][tid 32912] INFO TabBand destroyed (this=0000000023564320)
[2025-11-27T14:35:31.889Z][pid 12764][tid 32912] INFO TabBand::DisconnectSite (this=0000000023564320)
[2025-11-27T14:35:31.889Z][pid 12764][tid 32912] INFO TabBand::EnsureSessionStore resolving storage (this=0000000023564320)
[2025-11-27T14:35:31.889Z][pid 12764][tid 32912] INFO TabBand::EnsureSessionStore window token unavailable; deferring initialization
[2025-11-27T14:35:31.957Z][pid 12764][tid 32912] INFO CExplorerBHO::SetSite detaching from site
[2025-11-27T14:35:31.957Z][pid 12764][tid 32912] INFO Cleared Open In New Tab pending state
[2025-11-27T14:35:31.957Z][pid 12764][tid 32912] INFO Cleared Open In New Tab pending state
[2025-11-27T14:35:32.871Z][pid 12764][tid 30176] INFO TabBand::DisconnectSite (this=0000000023563980)
[2025-11-27T14:35:32.876Z][pid 12764][tid 30176] INFO Breadcrumb CBT hook removed for thread 30176
[2025-11-27T14:35:32.876Z][pid 12764][tid 30176] INFO Explorer pane creation watch cleared (view=00000000005F241E)
[2025-11-27T14:35:32.876Z][pid 12764][tid 30176] INFO Status bar background reset (hwnd=00000000028F2C6A previous=0xFF000000)
[2025-11-27T14:35:32.876Z][pid 12764][tid 30176] INFO Cleared Open In New Tab pending state
[2025-11-27T14:35:32.903Z][pid 12764][tid 30176] INFO TabBand::SetSite begin (this=0000000023563980, site=0000000000000000)
[2025-11-27T14:35:32.903Z][pid 12764][tid 30176] INFO TabBand::SetSite site unchanged
[2025-11-27T14:35:32.903Z][pid 12764][tid 30176] INFO TabBand destroyed (this=0000000023563980)
[2025-11-27T14:35:32.903Z][pid 12764][tid 30176] INFO TabBand::DisconnectSite (this=0000000023563980)
[2025-11-27T14:35:32.904Z][pid 12764][tid 30176] INFO TabBand::EnsureSessionStore resolving storage (this=0000000023563980)
[2025-11-27T14:35:32.904Z][pid 12764][tid 30176] INFO TabBand::EnsureSessionStore window token unavailable; deferring initialization
[2025-11-27T14:35:32.983Z][pid 12764][tid 30176] INFO CExplorerBHO::SetSite detaching from site
[2025-11-27T14:35:32.984Z][pid 12764][tid 30176] INFO Cleared Open In New Tab pending state
[2025-11-27T14:35:32.984Z][pid 12764][tid 30176] INFO Cleared Open In New Tab pending state
[2025-11-27T14:35:34.118Z][pid 12764][tid 20484] INFO TabBand::UpdateTabsUI applying 1 items
[2025-11-27T14:35:34.120Z][pid 12764][tid 20484] INFO Breadcrumb QueryService(IShellBrowser) failed: 0x80004001
[2025-11-27T14:35:34.120Z][pid 12764][tid 20484] INFO Breadcrumb ribbon frame discovered via IShellBrowser (hwnd=0000000000C606D0)
[2025-11-27T14:35:34.121Z][pid 12764][tid 20484] INFO Breadcrumb ribbon frame discovered via IWebBrowser2 (hwnd=0000000000C606D0)
[2025-11-27T14:35:34.121Z][pid 12764][tid 20484] INFO Breadcrumb toolbar located via window enumeration (hwnd=0000000000990A0E)
[2025-11-27T14:35:34.121Z][pid 12764][tid 20484] INFO Installed breadcrumb gradient subclass on hwnd=0000000000990A0E
[2025-11-27T14:35:34.121Z][pid 12764][tid 20484] INFO Installed progress gradient subclass on hwnd=0000000005A7278C
[2025-11-27T14:35:34.121Z][pid 12764][tid 20484] INFO Cleared Open In New Tab pending state
[2025-11-27T14:35:34.127Z][pid 12764][tid 20484] INFO CExplorerBHO::SetSite detaching from site
[2025-11-27T14:35:34.127Z][pid 12764][tid 20484] INFO Breadcrumb CBT hook removed for thread 20484
[2025-11-27T14:35:34.127Z][pid 12764][tid 20484] INFO Cleared Open In New Tab pending state
[2025-11-27T14:35:34.127Z][pid 12764][tid 20484] INFO Cleared Open In New Tab pending state
[2025-11-27T14:35:34.128Z][pid 12764][tid 20484] INFO TabBand::DisconnectSite (this=0000000023563E50)
[2025-11-27T14:35:34.141Z][pid 12764][tid 20484] INFO TabBand::SetSite begin (this=0000000023563E50, site=0000000000000000)
[2025-11-27T14:35:34.141Z][pid 12764][tid 20484] INFO TabBand::SetSite site unchanged
[2025-11-27T14:35:34.141Z][pid 12764][tid 20484] INFO TabBand destroyed (this=0000000023563E50)
[2025-11-27T14:35:34.141Z][pid 12764][tid 20484] INFO TabBand::DisconnectSite (this=0000000023563E50)
[2025-11-27T14:35:34.141Z][pid 12764][tid 20484] INFO TabBand::EnsureSessionStore resolving storage (this=0000000023563E50)
[2025-11-27T14:35:34.141Z][pid 12764][tid 20484] INFO TabBand::EnsureSessionStore window token unavailable; deferring initialization
[2025-11-27T14:35:36.193Z][pid 12764][tid 19680] WARN Status bar custom draw timeout; skipping forced hooks to avoid instability (hwnd=0000000002562818)
[2025-11-27T14:35:37.340Z][pid 12764][tid 19680] INFO TabBand::UpdateTabsUI applying 1 items
[2025-11-27T14:35:37.342Z][pid 12764][tid 19680] INFO Tab diff: +1 -1 move=0 update=0 rows=1 incremental=false
[2025-11-27T14:35:37.347Z][pid 12764][tid 19680] INFO Breadcrumb QueryService(IShellBrowser) failed: 0x80004001
[2025-11-27T14:35:37.347Z][pid 12764][tid 19680] INFO Breadcrumb ribbon frame discovered via IShellBrowser (hwnd=0000000002F10A6C)
[2025-11-27T14:35:37.347Z][pid 12764][tid 19680] INFO Breadcrumb ribbon frame discovered via IWebBrowser2 (hwnd=0000000002F10A6C)
[2025-11-27T14:35:37.347Z][pid 12764][tid 19680] INFO Breadcrumb toolbar located via window enumeration (hwnd=0000000000B92E88)
[2025-11-27T14:35:37.347Z][pid 12764][tid 19680] INFO Explorer pane creation watch cleared (view=0000000000000000)
[2025-11-27T14:35:37.347Z][pid 12764][tid 19680] INFO Status bar background reset (hwnd=0000000002562818 previous=0xFF000000)
[2025-11-27T14:35:37.347Z][pid 12764][tid 19680] INFO Cleared Open In New Tab pending state
[2025-11-27T14:35:37.347Z][pid 12764][tid 19680] INFO Installed shell view window subclass (view=0000000000EA1FFA)
[2025-11-27T14:35:37.348Z][pid 12764][tid 19680] INFO Installed explorer frame subclass (frame=0000000000B126BC)
[2025-11-27T14:35:37.348Z][pid 12764][tid 19680] INFO Cleared Open In New Tab pending state
[2025-11-27T14:35:37.348Z][pid 12764][tid 19680] INFO Explorer view base subclass ready (view=0000000000EA1FFA frame=0000000000B126BC)
[2025-11-27T14:35:37.348Z][pid 12764][tid 19680] VERBOSE DirectUI IUIElement unavailable (hr=0x80004001)
[2025-11-27T14:35:37.348Z][pid 12764][tid 19680] INFO Installed explorer DirectUI host subclass (direct=0000000000C0257A)
[2025-11-27T14:35:37.348Z][pid 12764][tid 19680] INFO Installed explorer tree view subclass (tree=00000000012321D2)
[2025-11-27T14:35:37.348Z][pid 12764][tid 19680] INFO Explorer status bar discovered (hwnd=0000000002562818)
[2025-11-27T14:35:37.349Z][pid 12764][tid 19680] INFO Status bar theme background updated (hwnd=0000000002562818 new=0x00191919)
[2025-11-27T14:35:37.349Z][pid 12764][tid 19680] INFO Status bar theme text color updated (hwnd=0000000002562818 new=0x00FFFFFF)
[2025-11-27T14:35:37.350Z][pid 12764][tid 19680] INFO Explorer pane creation watch armed (view=0000000000EA1FFA list=1 tree=0)
[2025-11-27T14:35:37.350Z][pid 12764][tid 19680] INFO Explorer pane fallback timer armed (view=0000000000EA1FFA delay=500)
[2025-11-27T14:35:37.350Z][pid 12764][tid 19680] INFO Explorer panes not ready: list view missing (view=0000000000EA1FFA)
[2025-11-27T14:35:37.350Z][pid 12764][tid 19680] INFO Explorer pane retry timer armed (view=0000000000EA1FFA delay=500 attempts=1)
[2025-11-27T14:35:37.350Z][pid 12764][tid 19680] INFO TabBand::UpdateTabsUI applying 1 items
[2025-11-27T14:35:37.351Z][pid 12764][tid 19680] INFO Breadcrumb QueryService(IShellBrowser) failed: 0x80004001
[2025-11-27T14:35:37.351Z][pid 12764][tid 19680] INFO Breadcrumb ribbon frame discovered via IShellBrowser (hwnd=0000000002F10A6C)
[2025-11-27T14:35:37.351Z][pid 12764][tid 19680] INFO Breadcrumb ribbon frame discovered via IWebBrowser2 (hwnd=0000000002F10A6C)
[2025-11-27T14:35:37.351Z][pid 12764][tid 19680] INFO Breadcrumb toolbar located via window enumeration (hwnd=0000000000B92E88)
[2025-11-27T14:35:37.352Z][pid 12764][tid 19680] INFO Explorer pane creation watch cleared (view=0000000000EA1FFA)
[2025-11-27T14:35:37.352Z][pid 12764][tid 19680] INFO Status bar background reset (hwnd=0000000002562818 previous=0xFF000000)
[2025-11-27T14:35:37.352Z][pid 12764][tid 19680] INFO Cleared Open In New Tab pending state
[2025-11-27T14:35:37.352Z][pid 12764][tid 19680] INFO Installed shell view window subclass (view=0000000000EA1FFA)
[2025-11-27T14:35:37.352Z][pid 12764][tid 19680] INFO Installed explorer frame subclass (frame=0000000000B126BC)
[2025-11-27T14:35:37.352Z][pid 12764][tid 19680] INFO Cleared Open In New Tab pending state
[2025-11-27T14:35:37.352Z][pid 12764][tid 19680] INFO Explorer view base subclass ready (view=0000000000EA1FFA frame=0000000000B126BC)
[2025-11-27T14:35:37.352Z][pid 12764][tid 19680] VERBOSE DirectUI IUIElement unavailable (hr=0x80004001)
[2025-11-27T14:35:37.352Z][pid 12764][tid 19680] INFO Installed explorer DirectUI host subclass (direct=0000000000C0257A)
[2025-11-27T14:35:37.353Z][pid 12764][tid 19680] INFO Installed explorer tree view subclass (tree=00000000012321D2)
[2025-11-27T14:35:37.353Z][pid 12764][tid 19680] INFO Explorer status bar discovered (hwnd=0000000002562818)
[2025-11-27T14:35:37.354Z][pid 12764][tid 19680] INFO Status bar theme background updated (hwnd=0000000002562818 new=0x00191919)
[2025-11-27T14:35:37.354Z][pid 12764][tid 19680] INFO Status bar theme text color updated (hwnd=0000000002562818 new=0x00FFFFFF)
[2025-11-27T14:35:37.354Z][pid 12764][tid 19680] INFO Explorer pane creation watch armed (view=0000000000EA1FFA list=1 tree=0)
[2025-11-27T14:35:37.354Z][pid 12764][tid 19680] INFO Explorer pane fallback timer armed (view=0000000000EA1FFA delay=500)
[2025-11-27T14:35:37.355Z][pid 12764][tid 19680] INFO Explorer panes not ready: list view missing (view=0000000000EA1FFA)
[2025-11-27T14:35:37.355Z][pid 12764][tid 19680] INFO Explorer pane retry timer armed (view=0000000000EA1FFA delay=500 attempts=1)
[2025-11-27T14:35:37.426Z][pid 12764][tid 19680] INFO TabBand::UpdateTabsUI applying 1 items
[2025-11-27T14:35:37.428Z][pid 12764][tid 19680] INFO Breadcrumb QueryService(IShellBrowser) failed: 0x80004001
[2025-11-27T14:35:37.428Z][pid 12764][tid 19680] INFO Breadcrumb ribbon frame discovered via IShellBrowser (hwnd=0000000002F10A6C)
[2025-11-27T14:35:37.428Z][pid 12764][tid 19680] INFO Breadcrumb ribbon frame discovered via IWebBrowser2 (hwnd=0000000002F10A6C)
[2025-11-27T14:35:37.428Z][pid 12764][tid 19680] INFO Breadcrumb toolbar located via window enumeration (hwnd=0000000000B92E88)
[2025-11-27T14:35:37.428Z][pid 12764][tid 19680] INFO Explorer pane creation watch cleared (view=0000000000EA1FFA)
[2025-11-27T14:35:37.429Z][pid 12764][tid 19680] INFO Status bar background reset (hwnd=0000000002562818 previous=0xFF000000)
[2025-11-27T14:35:37.429Z][pid 12764][tid 19680] INFO Cleared Open In New Tab pending state
[2025-11-27T14:35:37.429Z][pid 12764][tid 19680] INFO Installed shell view window subclass (view=0000000000EA1FFA)
[2025-11-27T14:35:37.429Z][pid 12764][tid 19680] INFO Installed explorer frame subclass (frame=0000000000B126BC)
[2025-11-27T14:35:37.429Z][pid 12764][tid 19680] INFO Cleared Open In New Tab pending state
[2025-11-27T14:35:37.429Z][pid 12764][tid 19680] INFO Explorer view base subclass ready (view=0000000000EA1FFA frame=0000000000B126BC)
[2025-11-27T14:35:37.429Z][pid 12764][tid 19680] VERBOSE DirectUI IUIElement unavailable (hr=0x80004001)
[2025-11-27T14:35:37.429Z][pid 12764][tid 19680] INFO Installed explorer DirectUI host subclass (direct=0000000000C0257A)
[2025-11-27T14:35:37.429Z][pid 12764][tid 19680] INFO Installed explorer tree view subclass (tree=00000000012321D2)
[2025-11-27T14:35:37.430Z][pid 12764][tid 19680] INFO Explorer status bar discovered (hwnd=0000000002562818)
[2025-11-27T14:35:37.431Z][pid 12764][tid 19680] INFO Status bar theme background updated (hwnd=0000000002562818 new=0x00191919)
[2025-11-27T14:35:37.431Z][pid 12764][tid 19680] INFO Status bar theme text color updated (hwnd=0000000002562818 new=0x00FFFFFF)
[2025-11-27T14:35:37.431Z][pid 12764][tid 19680] INFO Explorer pane creation watch armed (view=0000000000EA1FFA list=1 tree=0)
[2025-11-27T14:35:37.431Z][pid 12764][tid 19680] INFO Explorer pane fallback timer armed (view=0000000000EA1FFA delay=500)
[2025-11-27T14:35:37.431Z][pid 12764][tid 19680] INFO Explorer panes not ready: list view missing (view=0000000000EA1FFA)
[2025-11-27T14:35:37.431Z][pid 12764][tid 19680] INFO Explorer pane retry timer armed (view=0000000000EA1FFA delay=500 attempts=1)
[2025-11-27T14:35:37.486Z][pid 12764][tid 19680] INFO Installed explorer list host subclass (host=0000000000B126BC)
[2025-11-27T14:35:37.486Z][pid 12764][tid 19680] INFO Installed explorer list host subclass (host=00000000011409CA)
[2025-11-27T14:35:37.487Z][pid 12764][tid 19680] INFO Installed explorer list host subclass (host=000000000141024E)
[2025-11-27T14:35:37.487Z][pid 12764][tid 19680] INFO Installed explorer list host subclass (host=0000000002F10A6C)
[2025-11-27T14:35:37.487Z][pid 12764][tid 19680] INFO Installed explorer list host subclass (host=00000000016D281A)
[2025-11-27T14:35:39.711Z][pid 12764][tid 19680] WARN Status bar custom draw timeout; skipping forced hooks to avoid instability (hwnd=0000000002562818)
[2025-11-27T14:35:39.840Z][pid 12764][tid 19680] INFO TabBand::UpdateTabsUI applying 1 items
[2025-11-27T14:35:39.841Z][pid 12764][tid 19680] INFO Tab diff: +1 -1 move=0 update=0 rows=1 incremental=false
[2025-11-27T14:35:39.845Z][pid 12764][tid 19680] INFO Breadcrumb QueryService(IShellBrowser) failed: 0x80004001
[2025-11-27T14:35:39.846Z][pid 12764][tid 19680] INFO Breadcrumb ribbon frame discovered via IShellBrowser (hwnd=0000000002F10A6C)
[2025-11-27T14:35:39.846Z][pid 12764][tid 19680] INFO Breadcrumb ribbon frame discovered via IWebBrowser2 (hwnd=0000000002F10A6C)
[2025-11-27T14:35:39.846Z][pid 12764][tid 19680] INFO Breadcrumb toolbar located via window enumeration (hwnd=0000000000B92E88)
[2025-11-27T14:35:39.846Z][pid 12764][tid 19680] INFO Explorer pane creation watch cleared (view=0000000000000000)
[2025-11-27T14:35:39.846Z][pid 12764][tid 19680] INFO Status bar background reset (hwnd=0000000002562818 previous=0xFF000000)
[2025-11-27T14:35:39.846Z][pid 12764][tid 19680] INFO Cleared Open In New Tab pending state
[2025-11-27T14:35:39.846Z][pid 12764][tid 19680] INFO Installed shell view window subclass (view=0000000001D22842)
[2025-11-27T14:35:39.846Z][pid 12764][tid 19680] INFO Installed explorer frame subclass (frame=0000000000B126BC)
[2025-11-27T14:35:39.847Z][pid 12764][tid 19680] INFO Cleared Open In New Tab pending state
[2025-11-27T14:35:39.847Z][pid 12764][tid 19680] INFO Explorer view base subclass ready (view=0000000001D22842 frame=0000000000B126BC)
[2025-11-27T14:35:39.847Z][pid 12764][tid 19680] VERBOSE DirectUI IUIElement unavailable (hr=0x80004001)
[2025-11-27T14:35:39.847Z][pid 12764][tid 19680] INFO Installed explorer DirectUI host subclass (direct=00000000013E2882)
[2025-11-27T14:35:39.847Z][pid 12764][tid 19680] INFO Installed explorer tree view subclass (tree=00000000012321D2)
[2025-11-27T14:35:39.847Z][pid 12764][tid 19680] INFO Explorer status bar discovered (hwnd=0000000002562818)
[2025-11-27T14:35:39.848Z][pid 12764][tid 19680] INFO Status bar theme background updated (hwnd=0000000002562818 new=0x00191919)
[2025-11-27T14:35:39.848Z][pid 12764][tid 19680] INFO Status bar theme text color updated (hwnd=0000000002562818 new=0x00FFFFFF)
[2025-11-27T14:35:39.848Z][pid 12764][tid 19680] INFO Explorer pane creation watch armed (view=0000000001D22842 list=1 tree=0)
[2025-11-27T14:35:39.848Z][pid 12764][tid 19680] INFO Explorer pane fallback timer armed (view=0000000001D22842 delay=500)
[2025-11-27T14:35:39.848Z][pid 12764][tid 19680] INFO Explorer panes not ready: list view missing (view=0000000001D22842)
[2025-11-27T14:35:39.848Z][pid 12764][tid 19680] INFO Explorer pane retry timer armed (view=0000000001D22842 delay=500 attempts=1)
[2025-11-27T14:35:39.849Z][pid 12764][tid 19680] INFO TabBand::UpdateTabsUI applying 1 items
[2025-11-27T14:35:39.849Z][pid 12764][tid 19680] INFO Breadcrumb QueryService(IShellBrowser) failed: 0x80004001
[2025-11-27T14:35:39.849Z][pid 12764][tid 19680] INFO Breadcrumb ribbon frame discovered via IShellBrowser (hwnd=0000000002F10A6C)
[2025-11-27T14:35:39.849Z][pid 12764][tid 19680] INFO Breadcrumb ribbon frame discovered via IWebBrowser2 (hwnd=0000000002F10A6C)
[2025-11-27T14:35:39.849Z][pid 12764][tid 19680] INFO Breadcrumb toolbar located via window enumeration (hwnd=0000000000B92E88)
[2025-11-27T14:35:39.850Z][pid 12764][tid 19680] INFO Explorer pane creation watch cleared (view=0000000001D22842)
[2025-11-27T14:35:39.850Z][pid 12764][tid 19680] INFO Status bar background reset (hwnd=0000000002562818 previous=0xFF000000)
[2025-11-27T14:35:39.850Z][pid 12764][tid 19680] INFO Cleared Open In New Tab pending state
[2025-11-27T14:35:39.850Z][pid 12764][tid 19680] INFO Installed shell view window subclass (view=0000000001D22842)
[2025-11-27T14:35:39.850Z][pid 12764][tid 19680] INFO Installed explorer frame subclass (frame=0000000000B126BC)
[2025-11-27T14:35:39.850Z][pid 12764][tid 19680] INFO Cleared Open In New Tab pending state
[2025-11-27T14:35:39.850Z][pid 12764][tid 19680] INFO Explorer view base subclass ready (view=0000000001D22842 frame=0000000000B126BC)
[2025-11-27T14:35:39.850Z][pid 12764][tid 19680] VERBOSE DirectUI IUIElement unavailable (hr=0x80004001)
[2025-11-27T14:35:39.850Z][pid 12764][tid 19680] INFO Installed explorer DirectUI host subclass (direct=00000000013E2882)
[2025-11-27T14:35:39.851Z][pid 12764][tid 19680] INFO Installed explorer tree view subclass (tree=00000000012321D2)
[2025-11-27T14:35:39.851Z][pid 12764][tid 19680] INFO Explorer status bar discovered (hwnd=0000000002562818)
[2025-11-27T14:35:39.852Z][pid 12764][tid 19680] INFO Status bar theme background updated (hwnd=0000000002562818 new=0x00191919)
[2025-11-27T14:35:39.852Z][pid 12764][tid 19680] INFO Status bar theme text color updated (hwnd=0000000002562818 new=0x00FFFFFF)
[2025-11-27T14:35:39.852Z][pid 12764][tid 19680] INFO Explorer pane creation watch armed (view=0000000001D22842 list=1 tree=0)
[2025-11-27T14:35:39.852Z][pid 12764][tid 19680] INFO Explorer pane fallback timer armed (view=0000000001D22842 delay=500)
[2025-11-27T14:35:39.852Z][pid 12764][tid 19680] INFO Explorer panes not ready: list view missing (view=0000000001D22842)
[2025-11-27T14:35:39.852Z][pid 12764][tid 19680] INFO Explorer pane retry timer armed (view=0000000001D22842 delay=500 attempts=1)
[2025-11-27T14:35:39.906Z][pid 12764][tid 19680] INFO TabBand::UpdateTabsUI applying 1 items
[2025-11-27T14:35:39.908Z][pid 12764][tid 19680] INFO Breadcrumb QueryService(IShellBrowser) failed: 0x80004001
[2025-11-27T14:35:39.908Z][pid 12764][tid 19680] INFO Breadcrumb ribbon frame discovered via IShellBrowser (hwnd=0000000002F10A6C)
[2025-11-27T14:35:39.908Z][pid 12764][tid 19680] INFO Breadcrumb ribbon frame discovered via IWebBrowser2 (hwnd=0000000002F10A6C)
[2025-11-27T14:35:39.908Z][pid 12764][tid 19680] INFO Breadcrumb toolbar located via window enumeration (hwnd=0000000000B92E88)
[2025-11-27T14:35:39.908Z][pid 12764][tid 19680] INFO Explorer pane creation watch cleared (view=0000000001D22842)
[2025-11-27T14:35:39.908Z][pid 12764][tid 19680] INFO Status bar background reset (hwnd=0000000002562818 previous=0xFF000000)
[2025-11-27T14:35:39.908Z][pid 12764][tid 19680] INFO Cleared Open In New Tab pending state
[2025-11-27T14:35:39.909Z][pid 12764][tid 19680] INFO Installed shell view window subclass (view=0000000001D22842)
[2025-11-27T14:35:39.909Z][pid 12764][tid 19680] INFO Installed explorer frame subclass (frame=0000000000B126BC)
[2025-11-27T14:35:39.909Z][pid 12764][tid 19680] INFO Cleared Open In New Tab pending state
[2025-11-27T14:35:39.909Z][pid 12764][tid 19680] INFO Explorer view base subclass ready (view=0000000001D22842 frame=0000000000B126BC)
[2025-11-27T14:35:39.909Z][pid 12764][tid 19680] VERBOSE DirectUI IUIElement unavailable (hr=0x80004001)
[2025-11-27T14:35:39.909Z][pid 12764][tid 19680] INFO Installed explorer DirectUI host subclass (direct=00000000013E2882)
[2025-11-27T14:35:39.909Z][pid 12764][tid 19680] INFO Installed explorer tree view subclass (tree=00000000012321D2)
[2025-11-27T14:35:39.909Z][pid 12764][tid 19680] INFO Explorer status bar discovered (hwnd=0000000002562818)
[2025-11-27T14:35:39.910Z][pid 12764][tid 19680] INFO Status bar theme background updated (hwnd=0000000002562818 new=0x00191919)
[2025-11-27T14:35:39.910Z][pid 12764][tid 19680] INFO Status bar theme text color updated (hwnd=0000000002562818 new=0x00FFFFFF)
[2025-11-27T14:35:39.910Z][pid 12764][tid 19680] INFO Explorer pane creation watch armed (view=0000000001D22842 list=1 tree=0)
[2025-11-27T14:35:39.911Z][pid 12764][tid 19680] INFO Explorer pane fallback timer armed (view=0000000001D22842 delay=500)
[2025-11-27T14:35:39.911Z][pid 12764][tid 19680] INFO Explorer panes not ready: list view missing (view=0000000001D22842)
[2025-11-27T14:35:39.911Z][pid 12764][tid 19680] INFO Explorer pane retry timer armed (view=0000000001D22842 delay=500 attempts=1)
[2025-11-27T14:35:39.946Z][pid 12764][tid 19680] INFO Installed explorer list host subclass (host=0000000000B126BC)
[2025-11-27T14:35:39.946Z][pid 12764][tid 19680] INFO Installed explorer list host subclass (host=00000000011409CA)
[2025-11-27T14:35:39.947Z][pid 12764][tid 19680] INFO Installed explorer list host subclass (host=000000000141024E)
[2025-11-27T14:35:39.947Z][pid 12764][tid 19680] INFO Installed explorer list host subclass (host=0000000002F10A6C)
[2025-11-27T14:35:39.947Z][pid 12764][tid 19680] INFO Installed explorer list host subclass (host=00000000016D281A)
[2025-11-27T14:35:42.618Z][pid 12764][tid 19680] WARN Status bar custom draw timeout; skipping forced hooks to avoid instability (hwnd=0000000002562818)
[2025-11-27T14:35:43.973Z][pid 12764][tid 19680] INFO Registered glow surface edit (hwnd=000000000125275E)
[2025-11-27T14:35:48.628Z][pid 12764][tid 19680] INFO Explorer context menu init (menu=FFFFFFFF82A127AD source=0000000001D22842 inserted=0 tracking=0000000000000000)
[2025-11-27T14:35:48.628Z][pid 12764][tid 19680] INFO Cleared Open In New Tab pending state
[2025-11-27T14:35:48.628Z][pid 12764][tid 19680] INFO CollectContextMenuSelection resolved 1 item(s) from shell view
[2025-11-27T14:35:48.629Z][pid 12764][tid 19680] INFO Open In New Tab not inserted: selection contains no folders
[2025-11-27T14:35:48.629Z][pid 12764][tid 19680] INFO Context menu init completed without inserting custom entries
[2025-11-27T14:35:51.159Z][pid 12764][tid 19680] ERROR ShellTabs access violation [fault 1]: read at 00007FF9879A0BF8 (F:\development\steam\emulator_bot\shelltabs\build\bin\Release\ShellTabs.dll+0x60BF8) targeting 0000000039447400 on thread 19680
[2025-11-27T14:35:51.159Z][pid 12764][tid 19680] ERROR [fault 1] Exception record: code=0xC0000005 flags=0x00000000 address=00007FF9879A0BF8 (F:\development\steam\emulator_bot\shelltabs\build\bin\Release\ShellTabs.dll+0x60BF8) parameters=2
[2025-11-27T14:35:51.159Z][pid 12764][tid 19680] ERROR [fault 1] Exception parameters: 0x0000000000000000, 0x0000000000000003
[2025-11-27T14:35:51.159Z][pid 12764][tid 19680] ERROR [fault 1] Registers: RIP=00007FF9879A0BF8 RSP=000000000EECED00 RBP=000000000EECED30 RAX=000000002355F150 RBX=000000002355F1B8 RCX=0000000000002000 RDX=0000000030B42000
[2025-11-27T14:35:51.160Z][pid 12764][tid 19680] ERROR [fault 1] Registers (cont'd): RSI=0000000001230418 RDI=0000000000000003 R8=0000000000000003 R9=0000000000000000 R10=00000FFF30F34F0C R11=FFFFFFFFFFFFFFFF
[2025-11-27T14:35:51.160Z][pid 12764][tid 19680] ERROR [fault 1] Registers (cont'd): R12=0000000030B42000 R13=0000000000000003 R14=0000000023BE72C0 R15=000000000EECEF18 Flags=0x00010246
[2025-11-27T14:35:51.160Z][pid 12764][tid 19680] ERROR [fault 1] Stack trace (40 frames)
[2025-11-27T14:35:51.171Z][pid 12764][tid 19680] ERROR [fault 1]   #00 00007FF9F29A9B5C C:\Windows\SYSTEM32\ntdll.dll+0x79B5C | RtlDeleteAce+0x3CC
[2025-11-27T14:35:51.171Z][pid 12764][tid 19680] ERROR [fault 1]   #01 00007FF9F2982376 C:\Windows\SYSTEM32\ntdll.dll+0x52376 | RtlRaiseException+0x2A6
[2025-11-27T14:35:51.171Z][pid 12764][tid 19680] ERROR [fault 1]   #02 00007FF9F29D143E C:\Windows\SYSTEM32\ntdll.dll+0xA143E | KiUserExceptionDispatcher+0x2E
[2025-11-27T14:35:51.171Z][pid 12764][tid 19680] ERROR [fault 1]   #03 00007FF9879A0BF8 F:\development\steam\emulator_bot\shelltabs\build\bin\Release\ShellTabs.dll+0x60BF8 | DllUnregisterServer+0x57678
[2025-11-27T14:35:51.172Z][pid 12764][tid 19680] ERROR [fault 1]   #04 00007FF987993B55 F:\development\steam\emulator_bot\shelltabs\build\bin\Release\ShellTabs.dll+0x53B55 | DllUnregisterServer+0x4A5D5
[2025-11-27T14:35:51.172Z][pid 12764][tid 19680] ERROR [fault 1]   #05 00007FF98798D236 F:\development\steam\emulator_bot\shelltabs\build\bin\Release\ShellTabs.dll+0x4D236 | DllUnregisterServer+0x43CB6
[2025-11-27T14:35:51.172Z][pid 12764][tid 19680] ERROR [fault 1]   #06 00007FF9879A794F F:\development\steam\emulator_bot\shelltabs\build\bin\Release\ShellTabs.dll+0x6794F | DllUnregisterServer+0x5E3CF
[2025-11-27T14:35:51.173Z][pid 12764][tid 19680] ERROR [fault 1]   #07 00007FF9F244EF5C C:\Windows\System32\user32.dll+0xEF5C | CallWindowProcW+0x60C
[2025-11-27T14:35:51.173Z][pid 12764][tid 19680] ERROR [fault 1]   #08 00007FF9F244E8CC C:\Windows\System32\user32.dll+0xE8CC | DispatchMessageW+0x6EC
[2025-11-27T14:35:51.173Z][pid 12764][tid 19680] ERROR [fault 1]   #09 00007FF9F24610C3 C:\Windows\System32\user32.dll+0x210C3 | SendMessageTimeoutW+0x143
[2025-11-27T14:35:51.173Z][pid 12764][tid 19680] ERROR [fault 1]   #10 00007FF9F29D13E4 C:\Windows\SYSTEM32\ntdll.dll+0xA13E4 | KiUserCallbackDispatcher+0x24
[2025-11-27T14:35:51.174Z][pid 12764][tid 19680] ERROR [fault 1]   #11 00007FF9F04E1124 C:\Windows\System32\win32u.dll+0x1124 | NtUserMessageCall+0x14
[2025-11-27T14:35:51.174Z][pid 12764][tid 19680] ERROR [fault 1]   #12 00007FF9F244E0A2 C:\Windows\System32\user32.dll+0xE0A2 | SendMessageW+0xA12
[2025-11-27T14:35:51.175Z][pid 12764][tid 19680] ERROR [fault 1]   #13 00007FF9F244D814 C:\Windows\System32\user32.dll+0xD814 | SendMessageW+0x184
[2025-11-27T14:35:51.176Z][pid 12764][tid 19680] ERROR [fault 1]   #14 00007FF9F16698D0 C:\Windows\System32\SHELL32.dll+0x498D0 | PathCleanupSpec+0x8A0
[2025-11-27T14:35:51.176Z][pid 12764][tid 19680] ERROR [fault 1]   #15 00007FF9F244EF5C C:\Windows\System32\user32.dll+0xEF5C | CallWindowProcW+0x60C
[2025-11-27T14:35:51.176Z][pid 12764][tid 19680] ERROR [fault 1]   #16 00007FF9F244E8CC C:\Windows\System32\user32.dll+0xE8CC | DispatchMessageW+0x6EC
[2025-11-27T14:35:51.177Z][pid 12764][tid 19680] ERROR [fault 1]   #17 00007FF9F24610C3 C:\Windows\System32\user32.dll+0x210C3 | SendMessageTimeoutW+0x143
[2025-11-27T14:35:51.177Z][pid 12764][tid 19680] ERROR [fault 1]   #18 00007FF9F29D13E4 C:\Windows\SYSTEM32\ntdll.dll+0xA13E4 | KiUserCallbackDispatcher+0x24
[2025-11-27T14:35:51.177Z][pid 12764][tid 19680] ERROR [fault 1]   #19 00007FF9F04E2BE4 C:\Windows\System32\win32u.dll+0x2BE4 | NtUserRealInternalGetMessage+0x14
[2025-11-27T14:35:51.178Z][pid 12764][tid 19680] ERROR [fault 1]   #20 00007FF9BCFBD559 C:\Windows\system32\DUser.dll+0xD559 | GetMessageExA+0x369
[2025-11-27T14:35:51.178Z][pid 12764][tid 19680] ERROR [fault 1]   #21 00007FF9BCFBD348 C:\Windows\system32\DUser.dll+0xD348 | GetMessageExA+0x158
[2025-11-27T14:35:51.178Z][pid 12764][tid 19680] ERROR [fault 1]   #22 00007FF9F24640D4 C:\Windows\System32\user32.dll+0x240D4 | GetFocus+0xC4
[2025-11-27T14:35:51.178Z][pid 12764][tid 19680] ERROR [fault 1]   #23 00007FF9F29D13E4 C:\Windows\SYSTEM32\ntdll.dll+0xA13E4 | KiUserCallbackDispatcher+0x24
[2025-11-27T14:35:51.178Z][pid 12764][tid 19680] ERROR [fault 1]   #24 00007FF9F04E1064 C:\Windows\System32\win32u.dll+0x1064 | NtUserPeekMessage+0x14
[2025-11-27T14:35:51.178Z][pid 12764][tid 19680] ERROR [fault 1]   #25 00007FF9F244A333 C:\Windows\System32\user32.dll+0xA333 | PeekMessageW+0x1E3
[2025-11-27T14:35:51.178Z][pid 12764][tid 19680] ERROR [fault 1]   #26 00007FF9F244A293 C:\Windows\System32\user32.dll+0xA293 | PeekMessageW+0x143
[2025-11-27T14:35:51.179Z][pid 12764][tid 19680] ERROR [fault 1]   #27 00007FF9C5ACA16C C:\Windows\SYSTEM32\explorerframe.dll+0x1A16C | Ordinal129+0x1A16C
[2025-11-27T14:35:51.179Z][pid 12764][tid 19680] ERROR [fault 1]   #28 00007FF9C5ACA09E C:\Windows\SYSTEM32\explorerframe.dll+0x1A09E | Ordinal129+0x1A09E
[2025-11-27T14:35:51.179Z][pid 12764][tid 19680] ERROR [fault 1]   #29 00007FF9C5AC9FB4 C:\Windows\SYSTEM32\explorerframe.dll+0x19FB4 | Ordinal129+0x19FB4
[2025-11-27T14:35:51.179Z][pid 12764][tid 19680] ERROR [fault 1]   #30 00007FF9C5AC9F52 C:\Windows\SYSTEM32\explorerframe.dll+0x19F52 | Ordinal129+0x19F52
[2025-11-27T14:35:51.179Z][pid 12764][tid 19680] ERROR [fault 1]   #31 00007FF9C5AD5BA2 C:\Windows\SYSTEM32\explorerframe.dll+0x25BA2 | Ordinal129+0x25BA2
[2025-11-27T14:35:51.180Z][pid 12764][tid 19680] ERROR [fault 1]   #32 00007FF9EE155A7C C:\Windows\SYSTEM32\windows.storage.dll+0x135A7C | Ordinal830+0x21AC
[2025-11-27T14:35:51.181Z][pid 12764][tid 19680] ERROR [fault 1]   #33 00007FF9EE1556C1 C:\Windows\SYSTEM32\windows.storage.dll+0x1356C1 | Ordinal830+0x1DF1
[2025-11-27T14:35:51.181Z][pid 12764][tid 19680] ERROR [fault 1]   #34 00007FF9EE1B69D4 C:\Windows\SYSTEM32\windows.storage.dll+0x1969D4 | SHGetFolderPathAndSubDirW+0xC14
[2025-11-27T14:35:51.181Z][pid 12764][tid 19680] ERROR [fault 1]   #35 00007FF9F1F7BD19 C:\Windows\System32\shcore.dll+0x2BD19 | Ordinal172+0x1E9
[2025-11-27T14:35:51.182Z][pid 12764][tid 19680] ERROR [fault 1]   #36 00007FF9F10C7374 C:\Windows\System32\KERNEL32.DLL+0x17374 | BaseThreadInitThunk+0x14
[2025-11-27T14:35:51.182Z][pid 12764][tid 19680] ERROR [fault 1]   #37 00007FF9F297CC91 C:\Windows\SYSTEM32\ntdll.dll+0x4CC91 | RtlUserThreadStart+0x21
[2025-11-27T14:35:51.182Z][pid 12764][tid 19680] WARN [fault 1] Triggering ShellTabs fault mitigation (code=0xC0000005)
[2025-11-27T14:35:51.183Z][pid 12764][tid 19680] ERROR Unhandled exception 0xC0000005 at 00007FF9879A0BF8
[2025-11-27T14:35:51.183Z][pid 12764][tid 19680] ERROR [fault 2] Exception record: code=0xC0000005 flags=0x00000000 address=00007FF9879A0BF8 (F:\development\steam\emulator_bot\shelltabs\build\bin\Release\ShellTabs.dll+0x60BF8) parameters=2
[2025-11-27T14:35:51.183Z][pid 12764][tid 19680] ERROR [fault 2] Exception parameters: 0x0000000000000000, 0x0000000000000003
[2025-11-27T14:35:51.183Z][pid 12764][tid 19680] ERROR [fault 2] Registers: RIP=00007FF9879A0BF8 RSP=000000000EECED00 RBP=000000000EECED30 RAX=000000002355F150 RBX=000000002355F1B8 RCX=0000000000002000 RDX=0000000030B42000
[2025-11-27T14:35:51.183Z][pid 12764][tid 19680] ERROR [fault 2] Registers (cont'd): RSI=0000000001230418 RDI=0000000000000003 R8=0000000000000003 R9=0000000000000000 R10=00000FFF30F34F0C R11=FFFFFFFFFFFFFFFF
[2025-11-27T14:35:51.183Z][pid 12764][tid 19680] ERROR [fault 2] Registers (cont'd): R12=0000000030B42000 R13=0000000000000003 R14=0000000023BE72C0 R15=000000000EECEF18 Flags=0x00010246
